sent_id	token_id	upos	head	deprel	lang
train-s1	1	PRON	2	nsubj	en
train-s1	2	VERB	0	root	en
train-s1	3	NOUN	4	nsubj	hi
train-s1	4	ADJ	2	ccomp	en
train-s1	5	AUX	4	cop	hi
train-s1	6	PART	7	advmod	hi
train-s1	7	NOUN	2	advcl	en
train-s1	8	AUX	7	cop	hi
train-s2	1	PRON	6	nsubj	hi
train-s2	2	NOUN	6	obl	en
train-s2	3	ADP	4	case	en
train-s2	5	ADP	2	case	hi
train-s2	6	VERB	0	root	hi
train-s2	7	AUX	6	aux	hi
train-s2	8	AUX	6	aux	hi
train-s2	9	CCONJ	12	cc	en
train-s2	10	PRON	12	nsubj	en
train-s2	11	AUX	12	aux	en
train-s2	12	VERB	6	conj	en
train-s2	13	ADV	12	advmod	en
train-s2	14	ADP	16	case	en
train-s2	15	DET	16	det	en
train-s2	16	NOUN	12	obl	en
train-s3	2	DET	3	det	en
train-s3	3	NOUN	10	nsubj	en
train-s3	4	PRON	5	nsubj	en
train-s3	5	VERB	3	acl	en
train-s3	6	NOUN	7	compound	en
train-s3	7	NOUN	5	obj	en
train-s3	8	AUX	10	cop	en
train-s3	10	VERB	0	root	hi
train-s3	11	AUX	10	aux	hi
train-s3	12	NOUN	14	nmod	en
train-s3	13	ADP	12	case	hi
train-s3	14	NOUN	10	obj	hi
train-s3	15	ADV	17	advmod	hi
train-s3	16	NOUN	17	compound	en
train-s3	17	VERB	10	advcl	hi
train-s3	18	AUX	17	aux	hi
train-s4	2	NOUN	7	nmod	en
train-s4	3	ADP	2	case	hi
train-s4	5	ADP	4	case	hi
train-s4	6	PART	4	advmod	hi
train-s4	7	NOUN	0	root	hi
train-s4	8	AUX	7	cop	hi
train-s4	10	PART	11	advmod	en
train-s4	11	ADV	7	advmod	en
train-s5	1	PRON	2	nsubj	en
train-s5	2	VERB	0	root	en
train-s5	3	NOUN	2	obj	en
train-s5	4	PRON	7	obj	hi
train-s5	5	ADP	4	case	hi
train-s5	6	PRON	7	nsubj	en
train-s5	7	VERB	3	acl:relcl	en
train-s5	8	ADJ	9	amod	en
train-s5	9	NOUN	7	nmod	en
train-s5	10	CCONJ	12	cc	en
train-s5	11	PRON	12	nsubj	en
train-s5	12	VERB	7	conj	en
train-s5	13	ADP	15	case	en
train-s5	14	ADJ	15	amod	en
train-s5	15	NOUN	12	obl	en
train-s6	2	PRON	3	nsubj	en
train-s6	3	VERB	0	root	en
train-s6	4	VERB	3	xcomp	en
train-s6	5	SCONJ	7	mark	en
train-s6	7	VERB	3	advcl	hi
train-s6	8	AUX	7	aux	hi
train-s6	9	AUX	7	aux	hi
train-s6	11	ADV	12	advmod	en
train-s6	12	ADJ	3	parataxis	en
train-s7	2	NOUN	4	nmod	hi
train-s7	3	ADP	2	case	hi
train-s7	4	NOUN	6	nsubj	hi
train-s7	5	DET	6	det	en
train-s7	6	NOUN	0	root	en
train-s7	7	ADP	9	case	en
train-s7	8	DET	9	det	en
train-s7	9	NOUN	6	nmod	hi
train-s7	10	PART	11	mark	en
train-s7	11	VERB	6	advcl	en
train-s7	12	DET	13	det	en
train-s7	13	NOUN	11	obj	en
train-s8	2	PRON	3	nmod	en
train-s8	3	NOUN	6	nsubj	en
train-s8	4	AUX	6	cop	en
train-s8	5	ADP	6	case	en
train-s8	7	CCONJ	18	cc	hi
train-s8	8	PRON	9	nmod	hi
train-s8	9	NOUN	11	obj	hi
train-s8	10	VERB	11	compound	hi
train-s8	11	VERB	18	advcl	hi
train-s8	12	AUX	11	aux	hi
train-s8	13	NOUN	18	obl	hi
train-s8	14	ADP	13	case	hi
train-s8	16	INTJ	18	nsubj	hi
train-s8	18	VERB	6	conj	hi
train-s8	19	AUX	18	aux	hi
train-s8	20	AUX	18	aux	hi
train-s9	1	ADV	8	advmod	hi
train-s9	2	ADP	1	case	hi
train-s9	3	VERB	8	advcl	hi
train-s9	4	AUX	3	aux	hi
train-s9	5	NOUN	7	nmod	en
train-s9	6	ADP	5	case	hi
train-s9	7	NOUN	8	compound	en
train-s9	8	VERB	0	root	hi
train-s9	9	AUX	8	aux	hi
train-s9	10	AUX	8	aux	hi
train-s9	11	CCONJ	14	cc	en
train-s9	12	ADV	14	advmod	en
train-s9	13	PRON	14	nsubj	en
train-s9	14	VERB	8	conj	en
train-s9	15	SCONJ	19	mark	en
train-s9	16	PRON	19	nsubj	en
train-s9	17	AUX	19	cop	en
train-s9	18	DET	19	det	en
train-s9	19	NOUN	14	obj	en
train-s9	20	PRON	23	nsubj	en
train-s9	21	AUX	23	aux	en
train-s9	22	PART	23	advmod	en
train-s9	23	VERB	19	acl:relcl	en
train-s10	4	NOUN	6	nmod	hi
train-s10	5	ADP	4	case	hi
train-s10	6	NOUN	10	nsubj	hi
train-s10	8	ADP	7	case	hi
train-s10	9	NOUN	10	compound	en
train-s10	10	VERB	0	root	hi
train-s10	11	AUX	10	aux	hi
train-s10	12	AUX	10	aux	hi
train-s10	13	NOUN	10	obl	en
train-s10	14	ADP	13	case	hi
train-s11	2	PART	1	advmod	hi
train-s11	3	PRON	5	nmod	hi
train-s11	4	PART	5	advmod	en
train-s11	5	NOUN	0	root	en
train-s11	6	PART	5	advmod	hi
train-s11	7	AUX	5	cop	hi
train-s11	8	CCONJ	12	cc	hi
train-s11	10	PART	9	advmod	hi
train-s11	11	ADV	12	advmod	en
train-s11	12	NOUN	5	conj	en
train-s11	13	AUX	12	cop	hi
train-s12	1	ADV	2	advmod	hi
train-s12	2	VERB	0	root	hi
train-s12	3	PART	2	advmod	hi
train-s12	4	PART	2	advmod	hi
train-s12	5	AUX	2	aux	hi
train-s12	7	ADP	6	case	hi
train-s12	8	VERB	11	advcl	hi
train-s12	9	SCONJ	8	mark	hi
train-s12	10	NOUN	11	nsubj	en
train-s12	11	VERB	2	advcl	hi
train-s12	12	AUX	11	aux	hi
train-s12	13	NOUN	10	nmod	en
train-s12	14	ADP	13	case	hi
train-s13	1	NOUN	4	obj	en
train-s13	2	PART	1	advmod	hi
train-s13	3	ADV	4	advmod	hi
train-s13	4	VERB	0	root	hi
train-s13	5	AUX	4	aux	hi
train-s13	6	AUX	4	aux	hi
train-s13	7	ADV	11	advmod	hi
train-s13	8	PART	7	advmod	hi
train-s13	9	NOUN	10	compound	en
train-s13	10	NOUN	11	obj	en
train-s13	11	VERB	3	acl:relcl	hi
train-s13	12	AUX	11	aux	hi
train-s13	13	AUX	11	aux	hi
train-s14	1	ADP	4	case	en
train-s14	2	DET	4	det	en
train-s14	3	ADJ	4	amod	en
train-s14	4	NOUN	9	obl	en
train-s14	6	PRON	9	nsubj	hi
train-s14	7	NOUN	9	obj	hi
train-s14	8	PART	9	advmod	hi
train-s14	9	VERB	0	root	hi
train-s15	1	SCONJ	5	mark	en
train-s15	3	CCONJ	4	cc	en
train-s15	5	VERB	15	advcl	en
train-s15	6	PART	7	mark	en
train-s15	7	VERB	5	xcomp	en
train-s15	9	ADP	10	case	en
train-s15	11	SCONJ	15	mark	hi
train-s15	12	PRON	15	nsubj	hi
train-s15	13	NOUN	14	compound	en
train-s15	14	NOUN	15	compound	en
train-s15	15	VERB	0	root	hi
train-s15	16	AUX	15	aux	hi
train-s16	2	NOUN	3	nsubj	hi
train-s16	3	VERB	7	csubj	hi
train-s16	4	AUX	7	cop	en
train-s16	5	ADV	7	advmod	en
train-s16	6	ADV	7	advmod	en
train-s16	7	ADJ	0	root	en
train-s16	8	SCONJ	11	mark	en
train-s16	9	ADV	11	mark	en
train-s16	10	PRON	11	nsubj	en
train-s16	11	VERB	7	advcl	en
train-s16	12	NOUN	13	nsubj	hi
train-s16	13	VERB	17	advcl	hi
train-s16	14	ADV	17	advmod	hi
train-s16	15	PRON	17	nsubj	hi
train-s16	16	VERB	17	advcl	hi
train-s16	17	VERB	11	xcomp	hi
train-s16	18	PART	17	advmod	hi
train-s17	1	VERB	0	root	en
train-s17	2	PART	1	advmod	en
train-s17	3	ADP	6	case	en
train-s17	4	NOUN	6	nmod	hi
train-s17	5	ADP	4	case	hi
train-s17	6	NOUN	1	obj	hi
train-s17	7	NOUN	1	nmod	en
train-s17	8	ADV	11	advmod	en
train-s17	9	ADP	11	case	en
train-s17	10	DET	11	det	en
train-s17	11	NOUN	1	obl	en
train-s18	1	ADJ	2	amod	hi
train-s18	2	NOUN	9	nmod	hi
train-s18	4	ADP	3	case	hi
train-s18	5	NOUN	6	compound	en
train-s18	6	NOUN	8	nmod	en
train-s18	7	ADP	6	case	hi
train-s18	8	NOUN	9	nsubj	en
train-s18	9	VERB	0	root	hi
train-s18	10	AUX	9	aux	hi
train-s19	2	ADP	1	case	hi
train-s19	3	NOUN	5	nmod	en
train-s19	4	ADP	3	case	hi
train-s19	5	NOUN	8	nsubj	en
train-s19	6	AUX	8	cop	en
train-s19	7	ADV	8	advmod	en
train-s19	8	ADJ	0	root	en
train-s20	1	CCONJ	4	cc	en
train-s20	2	PRON	4	nsubj	en
train-s20	3	AUX	4	aux	en
train-s20	4	VERB	0	root	en
train-s20	5	ADV	7	advmod	hi
train-s20	6	ADJ	7	xcomp	hi
train-s20	7	VERB	4	xcomp	hi
train-s20	8	AUX	7	aux	hi
train-s20	9	ADV	11	advmod	hi
train-s20	10	ADJ	11	xcomp	hi
train-s20	11	VERB	7	conj	hi
train-s20	12	AUX	11	aux	hi
train-s21	2	NOUN	8	nmod	hi
train-s21	3	NOUN	8	nsubj	hi
train-s21	4	NOUN	6	obl	hi
train-s21	5	ADP	4	case	hi
train-s21	6	VERB	8	advcl	hi
train-s21	7	AUX	6	aux	hi
train-s21	8	VERB	0	root	hi
train-s21	10	AUX	13	aux	en
train-s21	11	PART	13	advmod	en
train-s21	12	PRON	13	nsubj	en
train-s21	13	VERB	8	xcomp	en
train-s21	14	PRON	13	expl	en
train-s22	1	ADJ	2	amod	en
train-s22	2	NOUN	8	obl	en
train-s22	3	ADP	2	case	hi
train-s22	4	PRON	5	nmod	en
train-s22	5	NOUN	8	obj	en
train-s22	6	PRON	7	nmod	en
train-s22	7	NOUN	5	conj	en
train-s22	8	VERB	16	csubj	hi
train-s22	9	SCONJ	8	mark	hi
train-s22	10	NOUN	16	obl	hi
train-s22	11	ADP	10	case	hi
train-s22	12	NOUN	15	nmod	hi
train-s22	13	ADP	12	case	hi
train-s22	14	VERB	15	acl	en
train-s22	15	NOUN	16	obj	hi
train-s22	16	VERB	0	root	hi
train-s22	17	AUX	16	aux	hi
train-s23	1	NUM	2	nummod	en
train-s23	2	NOUN	5	obl	en
train-s23	3	ADP	2	case	hi
train-s23	5	VERB	0	root	hi
train-s23	6	NOUN	9	nsubj	en
train-s23	7	AUX	9	cop	en
train-s23	8	PRON	9	nmod	en
train-s23	9	NOUN	5	ccomp	en
train-s24	1	VERB	0	root	en
train-s24	2	ADP	4	case	en
train-s24	3	DET	4	det	en
train-s24	4	NOUN	1	obl	en
train-s24	5	ADV	15	advmod	hi
train-s24	6	PRON	7	nmod	hi
train-s24	7	NOUN	15	nsubj	en
train-s24	8	PART	7	advmod	hi
train-s24	9	NOUN	14	nmod	hi
train-s24	10	ADP	9	case	hi
train-s24	11	ADJ	14	amod	hi
train-s24	12	NOUN	13	obj	hi
train-s24	13	VERB	14	acl	hi
train-s24	14	NOUN	15	obj	hi
train-s24	15	VERB	4	acl:relcl	hi
train-s25	1	PRON	4	nmod	hi
train-s25	2	NUM	4	nummod	hi
train-s25	3	ADJ	4	amod	en
train-s25	4	NOUN	6	nsubj	en
train-s25	5	ADP	4	case	hi
train-s25	6	NOUN	0	root	hi
train-s25	7	PART	6	advmod	hi
train-s25	8	PRON	9	nmod	hi
train-s25	9	NOUN	6	obj	en
train-s26	1	SCONJ	4	mark	hi
train-s26	2	NOUN	3	compound	en
train-s26	3	NOUN	4	nsubj	en
train-s26	4	ADP	11	advcl	en
train-s26	5	AUX	4	cop	hi
train-s26	6	SCONJ	11	mark	hi
train-s26	7	PRON	11	nsubj	hi
train-s26	10	ADP	8	case	hi
train-s26	11	VERB	0	root	hi
train-s27	1	DET	2	det	hi
train-s27	2	NOUN	5	nsubj	hi
train-s27	3	ADJ	4	amod	en
train-s27	4	NOUN	5	compound	en
train-s27	5	VERB	10	acl:relcl	hi
train-s27	6	AUX	5	aux	hi
train-s27	7	PART	5	advmod	hi
train-s27	8	PROPN	9	nsubj	hi
train-s27	9	VERB	0	root	hi
train-s27	10	PRON	11	nmod	hi
train-s27	11	NOUN	14	nsubj	hi
train-s27	12	PART	11	advmod	hi
train-s27	13	ADJ	14	xcomp	en
train-s27	14	VERB	9	ccomp	hi
train-s28	1	VERB	0	root	hi
train-s28	2	ADJ	3	xcomp	hi
train-s28	3	VERB	1	advcl	hi
train-s28	5	PROPN	7	nmod	en
train-s28	6	ADP	5	case	hi
train-s28	7	ADJ	8	amod	en
train-s28	8	NOUN	13	obl	en
train-s28	9	CCONJ	10	cc	hi
train-s28	10	NOUN	8	conj	en
train-s28	11	ADP	8	case	hi
train-s28	12	NOUN	13	compound	hi
train-s28	13	VERB	2	acl	hi
train-s28	14	AUX	13	aux	hi
train-s29	1	VERB	0	root	en
train-s29	2	ADP	4	case	en
train-s29	3	DET	4	det	en
train-s29	4	NOUN	1	obl	en
train-s29	5	ADP	6	case	en
train-s29	6	NOUN	1	obl	hi
train-s29	8	NOUN	1	conj	en
train-s29	9	ADP	10	case	en
train-s29	10	NOUN	8	nmod	en
train-s29	12	NOUN	14	nmod	hi
train-s29	13	ADP	12	case	hi
train-s29	14	NOUN	8	conj	hi
train-s29	15	CCONJ	18	cc	hi
train-s29	16	NUM	18	nummod	hi
train-s29	17	NOUN	18	compound	en
train-s29	18	NOUN	8	conj	en
train-s30	1	ADV	2	advmod	en
train-s30	2	VERB	0	root	en
train-s30	3	ADP	6	case	en
train-s30	4	DET	6	det	en
train-s30	5	NOUN	6	compound	en
train-s30	6	NOUN	2	obl	en
train-s30	10	ADP	9	case	hi
train-s30	11	NOUN	12	compound	hi
train-s30	12	NOUN	14	nsubj	en
train-s30	13	ADV	14	advmod	hi
train-s30	14	ADJ	2	ccomp	en
train-s30	15	AUX	14	cop	hi
train-s31	1	VERB	0	root	en
train-s31	2	ADP	3	case	en
train-s31	3	NOUN	1	obl	en
train-s31	4	VERB	7	xcomp	hi
train-s31	5	SCONJ	4	mark	hi
train-s31	6	PART	7	advmod	hi
train-s31	7	VERB	1	conj	hi
train-s32	1	PRON	2	nsubj	en
train-s32	2	VERB	0	root	en
train-s32	3	PRON	4	nmod	en
train-s32	4	NOUN	2	obj	en
train-s32	5	ADP	7	case	en
train-s32	6	PRON	7	nmod	en
train-s32	7	NOUN	2	obl	en
train-s32	8	CCONJ	16	cc	en
train-s32	9	VERB	2	conj	en
train-s32	11	NOUN	12	vocative	hi
train-s32	12	VERB	16	advcl	hi
train-s32	13	PRON	14	nmod	hi
train-s32	14	NOUN	16	nsubj	hi
train-s32	15	ADV	16	advmod	hi
train-s32	16	VERB	2	conj	hi
train-s33	1	ADV	4	advmod	hi
train-s33	2	ADV	4	advmod	hi
train-s33	3	NOUN	4	nsubj	en
train-s33	4	ADJ	0	root	en
train-s33	5	NOUN	4	nmod	en
train-s34	2	PRON	7	expl	en
train-s34	3	AUX	7	cop	en
train-s34	4	ADV	7	advmod	en
train-s34	5	DET	7	det	en
train-s34	6	ADJ	7	amod	en
train-s34	7	NOUN	0	root	en
train-s34	8	ADP	14	case	en
train-s34	10	PRON	14	nsubj	hi
train-s34	11	DET	12	det	hi
train-s34	12	NOUN	14	compound	hi
train-s34	13	PART	14	advmod	hi
train-s34	14	VERB	7	amod	hi
train-s35	1	DET	2	det	hi
train-s35	2	NOUN	5	nmod	hi
train-s35	3	ADP	2	case	hi
train-s35	4	ADJ	5	amod	en
train-s35	5	NOUN	0	root	en
train-s35	6	AUX	5	cop	hi
train-s35	7	NOUN	5	vocative	hi
train-s36	2	NOUN	4	nmod	en
train-s36	3	ADP	2	case	hi
train-s36	4	NOUN	0	root	hi
train-s36	5	AUX	4	cop	hi
train-s36	7	CCONJ	11	cc	en
train-s36	8	ADV	11	advmod	en
train-s36	9	DET	11	det	en
train-s36	10	ADJ	11	amod	en
train-s36	11	NOUN	4	conj	en
train-s37	2	ADP	1	case	hi
train-s37	3	NOUN	9	nmod	hi
train-s37	4	ADJ	5	amod	en
train-s37	5	NOUN	9	obj	en
train-s37	6	ADP	5	case	hi
train-s37	7	ADP	5	case	hi
train-s37	8	NOUN	9	compound	en
train-s37	9	VERB	0	root	hi
train-s37	10	AUX	9	aux	hi
train-s38	1	PRON	2	nsubj	en
train-s38	2	VERB	0	root	en
train-s38	3	VERB	10	csubj	en
train-s38	5	PROPN	4	flat	hi
train-s38	6	ADP	4	case	hi
train-s38	7	NOUN	3	obj	hi
train-s38	8	AUX	10	cop	en
train-s38	9	DET	10	det	en
train-s38	10	NOUN	2	xcomp	en
train-s38	11	ADP	12	case	en
train-s38	12	NOUN	10	nmod	en
train-s39	1	PRON	5	nsubj	hi
train-s39	2	DET	4	det	hi
train-s39	3	ADJ	4	amod	en
train-s39	4	NOUN	5	obj	en
train-s39	5	VERB	0	root	hi
train-s40	2	PRON	4	iobj	en
train-s40	3	AUX	4	aux	en
train-s40	4	VERB	0	root	en
train-s40	7	NOUN	9	nsubj	en
train-s40	8	ADV	9	advmod	hi
train-s40	9	ADJ	4	ccomp	hi
train-s40	10	AUX	9	cop	hi
train-s41	4	AUX	5	aux	en
train-s41	5	VERB	0	root	en
train-s41	6	DET	7	det	en
train-s41	7	NOUN	5	obj	en
train-s41	8	SCONJ	13	mark	en
train-s41	11	ADP	10	case	hi
train-s41	12	NOUN	13	compound	hi
train-s41	13	VERB	7	acl	hi
train-s41	14	CCONJ	17	cc	hi
train-s41	15	NOUN	17	obj	en
train-s41	16	NOUN	17	compound	hi
train-s41	17	VERB	13	conj	hi
train-s42	1	ADJ	2	amod	hi
train-s42	3	PART	2	advmod	hi
train-s42	4	ADP	5	case	en
train-s42	5	NOUN	6	xcomp	en
train-s42	6	VERB	0	root	hi
train-s42	7	AUX	6	aux	hi
train-s42	8	AUX	6	aux	hi
train-s43	1	DET	3	det	hi
train-s43	2	ADJ	3	amod	hi
train-s43	3	NOUN	5	nsubj	hi
train-s43	4	PRON	5	obj	hi
train-s43	5	VERB	0	root	hi
train-s43	6	ADJ	7	amod	en
train-s43	7	NOUN	10	nsubj	en
train-s43	8	AUX	10	cop	en
train-s43	9	ADV	10	advmod	en
train-s43	10	ADJ	5	advcl	en
train-s44	1	VERB	0	root	en
train-s44	2	NOUN	4	nmod	hi
train-s44	3	ADP	2	case	hi
train-s44	4	NOUN	6	nmod	hi
train-s44	5	ADP	4	case	hi
train-s44	6	NOUN	1	obj	en
train-s45	1	ADJ	2	amod	en
train-s45	2	NOUN	0	root	en
train-s45	3	CCONJ	2	cc	en
train-s45	5	ADP	4	case	hi
train-s45	6	NOUN	2	conj	hi
train-s45	7	ADP	9	case	en
train-s45	8	DET	9	det	en
train-s45	9	NOUN	6	nmod	en
train-s45	10	INTJ	2	discourse	en
train-s46	1	PRON	2	obj	hi
train-s46	2	VERB	0	root	hi
train-s46	3	PART	2	advmod	hi
train-s46	4	PART	2	advmod	hi
train-s46	5	AUX	2	aux	hi
train-s46	6	CCONJ	10	cc	hi
train-s46	7	NOUN	8	nmod	en
train-s46	8	NOUN	10	compound	en
train-s46	9	VERB	10	compound	hi
train-s46	10	VERB	2	conj	hi
train-s46	11	AUX	10	aux	hi
train-s47	1	SCONJ	4	mark	en
train-s47	2	PRON	4	nsubj	en
train-s47	3	AUX	4	cop	en
train-s47	4	ADJ	0	root	en
train-s47	5	SCONJ	9	mark	hi
train-s47	6	NOUN	9	nsubj	hi
train-s47	7	VERB	9	xcomp	hi
train-s47	8	PART	7	advmod	hi
train-s47	9	VERB	2	acl	hi
train-s47	10	AUX	9	aux	hi
train-s48	1	AUX	2	aux	en
train-s48	2	VERB	3	advcl	en
train-s48	3	PROPN	0	root	en
train-s48	4	AUX	3	cop	hi
train-s48	5	PART	3	advmod	hi
train-s49	3	CCONJ	4	cc	en
train-s49	5	ADP	2	case	hi
train-s49	6	ADJ	8	amod	en
train-s49	8	NOUN	11	obl	en
train-s49	9	ADP	8	case	hi
train-s49	10	NOUN	11	obj	en
train-s49	11	VERB	0	root	hi
train-s49	12	PRON	14	expl	en
train-s49	13	AUX	14	cop	en
train-s49	14	PRON	11	nmod	en
train-s50	2	PRON	5	nsubj	en
train-s50	3	AUX	5	aux	en
train-s50	4	PART	5	advmod	en
train-s50	5	VERB	0	root	en
train-s50	6	PRON	14	nsubj	hi
train-s50	7	ADV	14	advmod	hi
train-s50	9	NOUN	11	obj	en
train-s50	11	VERB	13	acl	hi
train-s50	12	SCONJ	11	mark	hi
train-s50	13	NOUN	14	compound	hi
train-s50	14	VERB	5	xcomp	hi
train-s50	15	CCONJ	17	cc	hi
train-s50	16	NOUN	17	nsubj	hi
train-s50	17	VERB	14	conj	hi
train-s51	1	ADV	6	advmod	en
train-s51	2	AUX	6	cop	en
train-s51	3	ADJ	4	amod	hi
train-s51	4	NOUN	6	nsubj	hi
train-s51	5	ADV	6	advmod	en
train-s51	6	ADJ	0	root	en
train-s52	2	NOUN	6	nmod	en
train-s52	3	ADP	2	case	hi
train-s52	4	ADV	8	advmod	hi
train-s52	5	PART	4	advmod	hi
train-s52	6	NOUN	8	obj	en
train-s52	7	ADV	8	compound	en
train-s52	8	VERB	0	root	hi
train-s52	9	AUX	8	aux	hi
train-s52	10	AUX	8	aux	hi
train-s52	12	PRON	13	nsubj	en
train-s52	13	VERB	8	advcl	en
train-s52	14	PART	15	mark	en
train-s52	15	VERB	13	xcomp	en
train-s52	16	PART	17	mark	en
train-s52	17	VERB	15	xcomp	en
train-s52	18	NOUN	17	obj	en
train-s52	19	ADJ	20	amod	en
train-s52	20	NOUN	17	nmod	en
train-s53	1	PRON	3	nmod	en
train-s53	2	ADJ	3	amod	en
train-s53	3	NOUN	4	nmod	en
train-s53	4	PRON	5	vocative	hi
train-s53	5	VERB	0	root	hi
train-s53	6	PART	5	advmod	hi
train-s53	7	AUX	5	aux	hi
train-s53	8	AUX	5	aux	hi
train-s53	9	CCONJ	10	cc	hi
train-s53	10	PART	5	conj	hi
train-s54	1	NOUN	3	advmod	hi
train-s54	2	ADP	1	case	hi
train-s54	3	VERB	7	csubj	hi
train-s54	4	AUX	7	cop	en
train-s54	5	DET	7	det	en
train-s54	6	DET	7	det	en
train-s54	7	NOUN	0	root	en
train-s55	1	NOUN	2	obj	en
train-s55	2	VERB	10	advcl	hi
train-s55	3	AUX	2	aux	hi
train-s55	4	PRON	10	obl	hi
train-s55	5	ADP	4	case	hi
train-s55	6	NOUN	8	nmod	hi
train-s55	7	ADP	6	case	hi
train-s55	8	NOUN	10	obj	en
train-s55	9	NOUN	10	compound	en
train-s55	10	VERB	0	root	hi
train-s56	1	NOUN	2	nsubj	en
train-s56	2	VERB	0	root	en
train-s56	3	PRON	2	obj	en
train-s56	4	SCONJ	5	mark	en
train-s56	5	VERB	2	advcl	en
train-s56	7	NOUN	13	vocative	hi
train-s56	8	PRON	13	nsubj	hi
train-s56	9	ADP	8	case	hi
train-s56	10	PART	8	advmod	hi
train-s56	11	ADV	13	advmod	hi
train-s56	12	ADJ	13	compound	en
train-s56	13	VERB	5	xcomp	hi
train-s56	14	AUX	13	aux	hi
train-s56	15	AUX	13	aux	hi
train-s56	16	NOUN	13	obj	en
train-s57	1	NOUN	4	obj	hi
train-s57	2	ADP	1	case	hi
train-s57	3	NOUN	4	compound	hi
train-s57	4	VERB	9	csubj	hi
train-s57	5	AUX	9	cop	en
train-s57	6	PART	7	advmod	en
train-s57	7	NOUN	9	nmod	en
train-s57	8	DET	9	det	en
train-s57	9	NOUN	0	root	hi
train-s57	11	NOUN	9	conj	hi
train-s57	12	ADP	14	case	en
train-s57	13	DET	14	det	en
train-s57	14	NOUN	9	nmod	en
train-s57	15	DET	16	det	en
train-s57	16	NOUN	9	nmod	en
train-s58	1	PRON	3	nsubj	hi
train-s58	2	DET	3	det	hi
train-s58	3	NOUN	0	root	en
train-s58	4	ADP	5	case	en
train-s58	5	NOUN	3	nmod	en
train-s58	6	AUX	3	cop	hi
train-s58	7	SCONJ	10	mark	hi
train-s58	8	NOUN	10	obl	hi
train-s58	9	ADP	8	case	hi
train-s58	10	VERB	3	acl	hi
train-s58	11	AUX	10	aux	hi
train-s59	1	DET	2	det	en
train-s59	2	NOUN	19	nsubj	en
train-s59	3	PRON	4	nsubj	en
train-s59	4	VERB	2	acl	en
train-s59	6	NOUN	7	obj	hi
train-s59	7	VERB	9	advcl	hi
train-s59	8	NOUN	9	obj	hi
train-s59	9	VERB	4	xcomp	hi
train-s59	12	VERB	13	advcl	hi
train-s59	13	VERB	9	conj	hi
train-s59	14	AUX	13	aux	hi
train-s59	16	AUX	19	cop	en
train-s59	17	ADV	19	advmod	en
train-s59	18	ADV	19	advmod	en
train-s59	19	ADJ	0	root	en
train-s60	2	PRON	3	nsubj	en
train-s60	3	VERB	0	root	en
train-s60	4	VERB	3	xcomp	en
train-s60	6	DET	7	det	hi
train-s60	7	NOUN	9	nmod	hi
train-s60	8	PART	7	advmod	hi
train-s60	9	ADJ	11	advcl	hi
train-s60	10	AUX	9	cop	hi
train-s60	11	VERB	4	xcomp	hi
train-s60	12	AUX	11	aux	hi
train-s61	3	ADP	4	case	en
train-s61	5	AUX	8	cop	en
train-s61	6	DET	8	det	en
train-s61	7	ADJ	8	amod	hi
train-s61	8	NOUN	0	root	hi
train-s62	2	PRON	3	nmod	hi
train-s62	3	NOUN	7	obj	en
train-s62	4	ADV	7	advmod	hi
train-s62	5	ADJ	7	acl	hi
train-s62	6	NOUN	7	compound	en
train-s62	7	VERB	0	root	hi
train-s62	8	AUX	7	aux	hi
train-s63	1	NOUN	3	nsubj	hi
train-s63	2	AUX	3	cop	en
train-s63	3	ADJ	0	root	en
train-s63	4	ADV	6	mark	en
train-s63	5	PRON	6	nsubj	en
train-s63	6	VERB	3	advcl	en
train-s63	7	PRON	10	nsubj	hi
train-s63	8	ADJ	10	xcomp	hi
train-s63	9	PART	8	advmod	hi
train-s63	10	VERB	6	xcomp	hi
train-s63	11	AUX	10	aux	hi
train-s64	2	PART	1	case	en
train-s64	4	AUX	6	cop	en
train-s64	5	DET	6	det	en
train-s64	6	ADJ	0	root	en
train-s64	7	CCONJ	16	cc	en
train-s64	8	NOUN	9	compound	en
train-s64	9	NOUN	16	obl	en
train-s64	10	ADP	9	case	hi
train-s64	11	ADV	12	advmod	hi
train-s64	12	DET	13	det	hi
train-s64	13	NOUN	16	nsubj	hi
train-s64	14	PRON	16	obl	hi
train-s64	15	ADP	14	case	hi
train-s64	16	VERB	6	conj	hi
train-s64	17	AUX	16	aux	hi
train-s64	18	AUX	16	aux	hi
train-s64	21	ADV	22	advmod	en
train-s64	22	PROPN	23	nsubj	en
train-s64	23	VERB	16	advcl	en
train-s65	2	PRON	20	vocative	en
train-s65	3	PRON	2	nmod	en
train-s65	4	AUX	5	aux	en
train-s65	5	VERB	1	acl:relcl	en
train-s65	6	PART	7	mark	en
train-s65	7	VERB	5	xcomp	en
train-s65	8	PRON	5	iobj	en
train-s65	10	ADV	12	nmod	hi
train-s65	11	ADP	10	case	hi
train-s65	12	ADJ	17	nmod	en
train-s65	13	CCONJ	16	cc	hi
train-s65	14	PRON	16	nmod	hi
train-s65	15	ADP	14	case	hi
train-s65	16	ADJ	12	conj	en
train-s65	17	VERB	20	advcl	hi
train-s65	18	NOUN	20	obl	hi
train-s65	19	ADP	18	case	hi
train-s65	20	VERB	0	root	hi
train-s66	1	ADJ	2	amod	en
train-s66	2	NOUN	6	nsubj	en
train-s66	3	ADV	6	advmod	hi
train-s66	4	ADP	3	case	hi
train-s66	5	NOUN	6	compound	hi
train-s66	6	VERB	9	advcl	hi
train-s66	7	SCONJ	9	mark	hi
train-s66	8	ADV	9	advmod	hi
train-s66	9	PRON	0	root	hi
train-s66	10	PART	9	advmod	hi
train-s66	11	AUX	9	cop	hi
train-s66	12	NOUN	9	nmod	en
train-s66	13	ADP	12	case	hi
train-s67	1	ADV	3	advmod	hi
train-s67	2	NOUN	3	nmod	hi
train-s67	3	VERB	0	root	hi
train-s67	4	AUX	3	aux	hi
train-s67	5	ADP	7	case	en
train-s67	7	NOUN	3	obl	en
train-s68	1	NOUN	5	nmod	hi
train-s68	2	PART	1	advmod	hi
train-s68	3	ADP	1	case	hi
train-s68	4	NOUN	5	compound	en
train-s68	5	NOUN	8	nmod	en
train-s68	6	ADP	5	case	hi
train-s68	7	NOUN	8	nsubj	en
train-s68	8	ADJ	0	root	hi
train-s69	1	INTJ	6	discourse	hi
train-s69	2	VERB	6	advcl	hi
train-s69	3	PRON	6	nsubj	hi
train-s69	4	ADJ	5	amod	en
train-s69	5	NOUN	6	xcomp	en
train-s69	6	VERB	0	root	hi
train-s69	7	AUX	6	aux	hi
train-s70	1	NOUN	2	compound	en
train-s70	2	NOUN	3	nsubj	en
train-s70	3	VERB	0	root	hi
train-s70	4	AUX	3	aux	hi
train-s70	5	AUX	3	aux	hi
train-s70	6	PRON	3	advmod	hi
train-s71	2	DET	3	det	en
train-s71	3	NOUN	5	nsubj	en
train-s71	4	AUX	5	aux	en
train-s71	5	VERB	0	root	en
train-s71	6	ADP	7	case	en
train-s71	7	PRON	5	obl	en
train-s71	8	SCONJ	12	mark	en
train-s71	9	DET	10	det	hi
train-s71	10	NOUN	12	nsubj	hi
train-s71	11	PART	12	advmod	hi
train-s71	12	VERB	5	advcl	hi
train-s72	1	CCONJ	6	cc	en
train-s72	2	ADV	6	advmod	en
train-s72	3	NOUN	6	nmod	en
train-s72	4	ADP	3	case	hi
train-s72	5	NOUN	6	nsubj	en
train-s72	6	ADJ	0	root	hi
train-s72	7	ADV	6	advmod	hi
train-s72	8	AUX	6	cop	hi
train-s72	9	AUX	6	aux	hi
train-s72	10	PART	6	advmod	hi
train-s73	3	ADP	1	case	hi
train-s73	4	NOUN	9	obl	hi
train-s73	5	ADP	4	case	hi
train-s73	6	NOUN	7	compound	en
train-s73	7	NOUN	9	nsubj	en
train-s73	8	PART	7	advmod	hi
train-s73	9	VERB	0	root	hi
train-s73	10	AUX	9	aux	hi
train-s74	3	VERB	0	root	en
train-s74	4	PRON	3	obj	en
train-s74	5	ADP	8	case	en
train-s74	7	ADP	6	case	hi
train-s74	8	NOUN	3	obl	hi
train-s75	2	PRON	3	nmod	en
train-s75	3	NOUN	14	nsubj	en
train-s75	4	ADP	9	case	en
train-s75	5	PRON	9	nmod	en
train-s75	8	ADV	9	advmod	hi
train-s75	9	VERB	14	advcl	hi
train-s75	10	AUX	9	aux	hi
train-s75	11	AUX	9	aux	hi
train-s75	13	AUX	14	cop	en
train-s75	14	ADJ	0	root	en
train-s75	15	SCONJ	18	mark	en
train-s75	17	NOUN	18	nsubj	en
train-s75	18	VERB	14	advcl	hi
train-s75	19	AUX	18	aux	hi
train-s75	20	PRON	18	advmod	hi
train-s76	1	VERB	0	root	en
train-s76	2	NOUN	5	obl	en
train-s76	3	ADP	2	case	hi
train-s76	4	ADP	2	case	hi
train-s76	5	VERB	7	amod	hi
train-s76	6	SCONJ	5	mark	hi
train-s76	7	NOUN	1	obj	en
train-s77	2	VERB	8	csubj	en
train-s77	3	PRON	2	obj	en
train-s77	5	AUX	8	cop	en
train-s77	6	DET	8	det	en
train-s77	7	ADJ	8	amod	en
train-s77	8	NOUN	0	root	en
train-s77	9	SCONJ	10	mark	en
train-s77	10	VERB	8	acl	en
train-s77	12	PRON	14	nsubj	hi
train-s77	13	PRON	14	advmod	hi
train-s77	14	NOUN	10	xcomp	hi
train-s78	1	ADV	4	advmod	en
train-s78	2	NOUN	4	nsubj	en
train-s78	3	AUX	4	aux	en
train-s78	4	VERB	0	root	en
train-s78	6	PART	5	advmod	hi
train-s78	7	NOUN	4	obj	hi
train-s78	8	AUX	7	cop	hi
train-s79	1	PRON	10	nsubj	hi
train-s79	2	PRON	10	obl	hi
train-s79	3	ADP	2	case	hi
train-s79	4	PART	2	advmod	hi
train-s79	5	PRON	10	obj	hi
train-s79	6	ADP	9	case	en
train-s79	7	ADP	9	case	en
train-s79	8	DET	9	det	en
train-s79	9	NOUN	10	obl	en
train-s79	10	VERB	0	root	hi
train-s79	11	AUX	10	aux	hi
train-s79	12	NOUN	13	obj	en
train-s79	13	VERB	10	advcl	hi
train-s79	14	AUX	13	aux	hi
train-s80	1	PRON	4	nsubj	en
train-s80	2	AUX	4	aux	en
train-s80	3	ADV	4	advmod	en
train-s80	4	VERB	0	root	en
train-s80	5	DET	6	det	en
train-s80	6	NOUN	4	obj	en
train-s80	7	ADJ	10	amod	en
train-s80	8	ADP	10	case	en
train-s80	9	DET	10	det	en
train-s80	10	NOUN	4	obl	en
train-s80	12	CCONJ	23	cc	en
train-s80	13	DET	15	det	en
train-s80	14	ADJ	15	amod	en
train-s80	15	NOUN	23	nsubj	en
train-s80	16	AUX	23	cop	en
train-s80	17	SCONJ	23	mark	hi
train-s80	18	NOUN	23	vocative	hi
train-s80	19	NOUN	23	obl	hi
train-s80	20	ADP	19	case	hi
train-s80	21	VERB	23	advcl	hi
train-s80	22	AUX	21	aux	hi
train-s80	23	VERB	4	conj	hi
train-s81	1	ADJ	2	amod	en
train-s81	2	NOUN	4	nmod	en
train-s81	3	ADP	2	case	hi
train-s81	4	NOUN	5	obj	hi
train-s81	5	VERB	0	root	hi
train-s81	6	ADV	9	mark	hi
train-s81	7	NOUN	9	nsubj	en
train-s81	8	DET	9	det	hi
train-s81	9	ADJ	5	advcl	hi
train-s81	10	AUX	9	cop	hi
train-s82	1	ADV	8	advmod	hi
train-s82	2	ADJ	3	amod	en
train-s82	3	NOUN	8	obl	en
train-s82	4	ADP	3	case	hi
train-s82	5	PART	3	advmod	hi
train-s82	6	NOUN	8	nsubj	hi
train-s82	7	VERB	8	compound	hi
train-s82	8	VERB	0	root	hi
train-s82	9	AUX	8	aux	hi
train-s83	1	NOUN	6	vocative	en
train-s83	2	PRON	3	nmod	en
train-s83	3	NOUN	6	nsubj	en
train-s83	4	AUX	6	cop	en
train-s83	5	PART	6	advmod	en
train-s83	6	NOUN	0	root	en
train-s83	7	PRON	10	nsubj	hi
train-s83	8	PRON	10	iobj	hi
train-s83	9	PART	8	advmod	hi
train-s83	10	VERB	3	acl:relcl	hi
train-s83	11	AUX	10	aux	hi
train-s83	12	AUX	10	aux	hi
train-s84	1	PRON	3	nsubj	hi
train-s84	2	PART	1	advmod	hi
train-s84	3	VERB	0	root	hi
train-s84	4	AUX	3	aux	hi
train-s84	6	AUX	10	cop	en
train-s84	7	DET	8	det	en
train-s84	8	PROPN	10	nmod	en
train-s84	9	NOUN	10	compound	en
train-s84	10	NOUN	3	obj	en
train-s85	1	VERB	0	root	en
train-s85	2	ADV	1	advmod	en
train-s85	3	DET	5	det	hi
train-s85	4	ADJ	5	amod	hi
train-s85	5	NOUN	1	obj	en
train-s86	1	ADV	3	advmod	en
train-s86	2	NOUN	3	compound	en
train-s86	3	VERB	11	vocative	hi
train-s86	4	SCONJ	3	mark	hi
train-s86	5	NOUN	9	obj	en
train-s86	6	PRON	11	advmod	hi
train-s86	7	NOUN	9	obl	hi
train-s86	8	ADP	7	case	hi
train-s86	9	VERB	11	advcl	hi
train-s86	10	AUX	9	aux	hi
train-s86	11	VERB	0	root	hi
train-s87	1	ADV	3	mark	en
train-s87	2	PRON	3	nsubj	en
train-s87	3	VERB	16	advcl	en
train-s87	4	DET	5	det	hi
train-s87	5	NOUN	3	obj	hi
train-s87	6	PART	5	advmod	hi
train-s87	7	AUX	5	cop	hi
train-s87	8	AUX	5	aux	hi
train-s87	10	NOUN	16	nmod	hi
train-s87	11	PRON	12	obj	hi
train-s87	12	VERB	16	advcl	hi
train-s87	13	AUX	12	aux	hi
train-s87	14	NOUN	16	obl	hi
train-s87	15	ADP	14	case	hi
train-s87	16	VERB	0	root	hi
train-s88	1	AUX	2	cop	en
train-s88	2	PRON	0	root	en
train-s88	3	DET	5	det	en
train-s88	4	ADJ	5	amod	en
train-s88	5	NOUN	2	nmod	en
train-s88	6	PRON	9	nsubj	en
train-s88	7	AUX	9	aux	en
train-s88	8	PART	9	advmod	en
train-s88	9	VERB	2	acl:relcl	en
train-s88	10	DET	11	det	en
train-s88	11	NOUN	9	obj	en
train-s88	12	SCONJ	15	mark	en
train-s88	14	DET	18	det	hi
train-s88	15	VERB	11	acl	hi
train-s88	16	AUX	15	aux	hi
train-s88	17	AUX	15	aux	hi
train-s88	18	NOUN	15	nsubj	en
train-s89	2	NOUN	3	nsubj	en
train-s89	3	VERB	0	root	en
train-s89	4	SCONJ	10	mark	en
train-s89	6	NOUN	8	obj	en
train-s89	7	PRON	6	amod	hi
train-s89	8	VERB	10	ccomp	hi
train-s89	9	NOUN	10	compound	en
train-s89	10	VERB	3	ccomp	hi
train-s89	11	AUX	10	aux	hi
train-s90	1	NOUN	5	nmod	hi
train-s90	2	ADP	1	case	hi
train-s90	3	ADP	1	case	hi
train-s90	4	DET	5	det	hi
train-s90	5	NOUN	0	root	hi
train-s90	6	ADV	5	advmod	hi
train-s90	7	AUX	5	cop	hi
train-s90	8	SCONJ	10	mark	hi
train-s90	9	PRON	10	nsubj	en
train-s90	10	VERB	5	acl	en
train-s90	11	DET	13	det	en
train-s90	12	DET	13	det	en
train-s90	13	NOUN	10	nmod	en
train-s90	14	ADP	15	case	en
train-s90	18	NOUN	10	nmod	en
train-s91	1	PRON	7	nsubj	en
train-s91	2	AUX	7	cop	en
train-s91	3	ADV	7	advmod	en
train-s91	4	CCONJ	7	cc	hi
train-s91	5	PRON	7	obj	hi
train-s91	6	NOUN	7	compound	hi
train-s91	7	VERB	0	root	hi
train-s91	8	AUX	7	aux	hi
train-s92	1	SCONJ	3	mark	en
train-s92	2	PRON	3	nsubj	en
train-s92	3	VERB	5	advcl	en
train-s92	4	SCONJ	5	mark	hi
train-s92	5	VERB	0	root	hi
train-s92	6	AUX	5	aux	hi
train-s93	1	DET	2	det	hi
train-s93	2	NOUN	3	obj	en
train-s93	3	VERB	0	root	hi
train-s93	4	ADV	3	advmod	hi
train-s93	5	NOUN	8	nsubj	en
train-s93	6	VERB	3	advcl	en
train-s93	7	PART	8	mark	en
train-s93	8	VERB	6	xcomp	en
train-s94	1	DET	2	det	hi
train-s94	2	NOUN	4	nsubj	hi
train-s94	3	ADJ	4	compound	hi
train-s94	4	VERB	10	advcl	hi
train-s94	5	AUX	4	aux	hi
train-s94	6	DET	8	det	hi
train-s94	7	ADJ	8	amod	hi
train-s94	8	NOUN	10	obj	en
train-s94	9	ADP	8	case	hi
train-s94	10	VERB	0	root	hi
train-s94	11	AUX	10	aux	hi
train-s94	12	AUX	10	aux	hi
train-s94	13	AUX	10	aux	hi
train-s94	14	ADP	15	case	en
train-s94	16	NOUN	10	nmod	en
train-s95	1	PRON	7	nsubj	en
train-s95	2	AUX	7	cop	en
train-s95	3	ADP	7	case	en
train-s95	4	DET	5	det	en
train-s95	5	NOUN	7	nmod	en
train-s95	6	ADP	5	case	en
train-s95	7	NOUN	0	root	en
train-s95	8	CCONJ	17	cc	hi
train-s95	9	NUM	11	nummod	hi
train-s95	10	ADJ	11	amod	en
train-s95	11	NOUN	13	nmod	hi
train-s95	12	ADP	11	case	hi
train-s95	13	NOUN	14	obj	en
train-s95	14	VERB	17	advcl	hi
train-s95	15	AUX	14	aux	hi
train-s95	16	NOUN	17	nsubj	hi
train-s95	17	VERB	7	conj	hi
train-s96	1	ADP	4	case	en
train-s96	2	NOUN	4	nmod	hi
train-s96	3	ADP	2	case	hi
train-s96	4	NOUN	6	obl	hi
train-s96	5	PRON	6	nsubj	en
train-s96	6	VERB	0	root	en
train-s96	8	SCONJ	13	mark	en
train-s96	9	ADP	11	case	en
train-s96	10	DET	11	det	en
train-s96	11	NOUN	13	obl	en
train-s96	12	PRON	13	nsubj	en
train-s96	13	VERB	6	advcl	en
train-s96	14	NOUN	13	obj	en
train-s96	15	ADP	18	case	en
train-s96	16	NOUN	18	nmod	hi
train-s96	17	ADP	16	case	hi
train-s96	18	NOUN	13	obl	hi
train-s97	1	PRON	4	nsubj	en
train-s97	2	AUX	4	aux	en
train-s97	3	PART	4	advmod	en
train-s97	4	VERB	0	root	en
train-s97	5	PART	6	mark	en
train-s97	6	VERB	4	xcomp	en
train-s97	7	VERB	6	xcomp	en
train-s97	9	CCONJ	19	cc	en
train-s97	10	PRON	12	nmod	hi
train-s97	11	ADP	10	case	hi
train-s97	12	NOUN	15	obl	hi
train-s97	13	ADP	12	case	hi
train-s97	14	NOUN	15	obj	hi
train-s97	15	VERB	18	acl	hi
train-s97	16	SCONJ	15	mark	hi
train-s97	17	DET	18	det	hi
train-s97	18	NOUN	19	compound	hi
train-s97	19	VERB	4	conj	hi
train-s97	20	AUX	19	aux	hi
train-s98	2	PRON	9	nmod	en
train-s98	4	PRON	5	nsubj	hi
train-s98	5	VERB	9	acl	hi
train-s98	6	AUX	5	aux	hi
train-s98	7	AUX	5	cop	hi
train-s98	9	NOUN	11	obj	en
train-s98	10	PRON	11	nsubj	en
train-s98	11	VERB	0	root	en
train-s98	12	SCONJ	13	mark	en
train-s98	13	VERB	11	advcl	en
train-s98	14	NOUN	13	obj	hi
train-s99	1	DET	2	det	en
train-s99	2	NOUN	3	iobj	en
train-s99	3	VERB	0	root	en
train-s99	4	PART	5	mark	en
train-s99	5	VERB	3	xcomp	en
train-s99	6	DET	7	det	en
train-s99	9	CCONJ	15	cc	hi
train-s99	10	NOUN	15	nsubj	en
train-s99	11	ADP	10	case	hi
train-s99	12	NOUN	15	obj	hi
train-s99	13	ADJ	15	compound	hi
train-s99	14	PART	15	advmod	hi
train-s99	15	VERB	3	conj	hi
train-s100	1	ADJ	2	amod	en
train-s100	2	NOUN	6	nsubj	en
train-s100	3	ADJ	6	xcomp	en
train-s100	4	PART	3	advmod	hi
train-s100	5	ADJ	3	nmod	en
train-s100	6	AUX	0	root	hi
train-s100	7	AUX	6	aux	hi
train-s100	8	AUX	6	aux	hi
train-s100	9	AUX	6	aux	hi
train-s101	1	NOUN	2	compound	en
train-s101	2	NOUN	5	nsubj	en
train-s101	3	NOUN	5	compound	en
train-s101	4	PART	5	advmod	hi
train-s101	5	VERB	0	root	hi
train-s101	6	AUX	5	aux	hi
train-s102	2	ADP	1	case	hi
train-s102	3	NOUN	9	nmod	en
train-s102	4	ADP	3	case	hi
train-s102	5	NOUN	9	nmod	en
train-s102	6	ADP	5	case	hi
train-s102	7	ADP	5	case	hi
train-s102	8	ADP	5	case	hi
train-s102	9	NOUN	0	root	en
train-s102	10	AUX	9	cop	hi
train-s102	11	CCONJ	9	cc	hi
train-s102	12	PRON	13	nmod	hi
train-s102	13	NOUN	9	conj	en
train-s102	14	SCONJ	9	mark	hi
train-s102	15	NOUN	17	obj	en
train-s102	16	NOUN	17	compound	en
train-s102	17	VERB	13	orphan	hi
train-s102	18	SCONJ	17	mark	hi
train-s102	19	SCONJ	17	mark	hi
train-s102	20	SCONJ	17	mark	hi
train-s103	1	NOUN	2	obj	en
train-s103	2	VERB	0	root	hi
train-s103	3	AUX	2	aux	hi
train-s103	5	CCONJ	7	cc	en
train-s103	6	ADV	7	advmod	en
train-s103	7	ADJ	2	conj	en
train-s103	8	PART	9	mark	en
train-s103	9	VERB	7	acl	en
train-s103	10	DET	11	det	en
train-s103	11	NOUN	9	obj	en
train-s104	3	NOUN	4	nsubj	en
train-s104	4	VERB	0	root	en
train-s104	5	DET	6	det	en
train-s104	6	NOUN	4	obj	en
train-s104	7	ADP	8	case	en
train-s104	8	PROPN	4	obl	en
train-s104	9	CCONJ	19	cc	en
train-s104	10	DET	19	det	en
train-s104	12	NOUN	17	nmod	hi
train-s104	13	PRON	17	iobj	hi
train-s104	15	DET	16	det	hi
train-s104	16	NOUN	17	nsubj	en
train-s104	17	VERB	6	acl	hi
train-s104	19	NOUN	8	conj	en
train-s105	1	PRON	3	expl	en
train-s105	2	AUX	3	cop	en
train-s105	3	PRON	0	root	en
train-s105	4	ADV	5	advmod	en
train-s105	5	VERB	3	advcl	en
train-s105	6	SCONJ	7	mark	en
train-s105	7	VERB	5	advcl	en
train-s105	8	ADJ	10	amod	en
train-s105	9	NUM	10	nummod	hi
train-s105	10	NOUN	7	obj	hi
train-s105	11	ADP	14	case	en
train-s105	12	DET	14	det	en
train-s105	13	ADJ	14	amod	hi
train-s105	14	NOUN	7	obl	en
train-s106	1	NOUN	3	nsubj	hi
train-s106	2	ADV	3	advmod	hi
train-s106	3	ADJ	0	root	hi
train-s106	4	AUX	3	cop	hi
train-s106	5	SCONJ	12	mark	hi
train-s106	7	NOUN	8	compound	en
train-s106	8	NOUN	11	nmod	en
train-s106	9	ADP	8	case	hi
train-s106	10	PART	8	advmod	hi
train-s106	11	NOUN	12	nsubj	en
train-s106	12	VERB	1	acl	hi
train-s106	13	AUX	12	aux	hi
train-s106	14	AUX	12	aux	hi
train-s107	1	AUX	3	aux	en
train-s107	2	PRON	3	nsubj	en
train-s107	3	VERB	0	root	en
train-s107	5	NOUN	6	nmod	hi
train-s107	6	PRON	3	obj	hi
train-s107	7	AUX	6	cop	hi
train-s108	2	VERB	0	root	en
train-s108	3	NOUN	5	nmod	hi
train-s108	4	ADP	3	case	hi
train-s108	5	NOUN	2	obj	hi
train-s108	6	ADP	9	case	en
train-s108	7	DET	9	det	en
train-s108	8	ADJ	9	amod	en
train-s108	9	NOUN	2	obl	en
train-s108	10	ADP	11	case	en
train-s108	11	NOUN	2	obl	en
train-s108	13	PRON	14	nsubj	en
train-s108	14	VERB	2	parataxis	en
train-s108	15	NOUN	14	obj	hi
train-s109	1	ADV	4	advmod	hi
train-s109	2	PART	1	advmod	hi
train-s109	3	NOUN	4	nsubj	hi
train-s109	4	VERB	0	root	hi
train-s109	5	AUX	4	aux	hi
train-s109	7	PRON	8	nsubj	en
train-s109	8	VERB	4	advcl	en
train-s109	9	PART	11	mark	en
train-s109	10	VERB	8	xcomp	en
train-s110	1	NOUN	2	nsubj	hi
train-s110	2	ADJ	0	root	en
train-s110	3	AUX	2	cop	hi
train-s110	4	CCONJ	6	cc	hi
train-s110	5	ADJ	6	amod	en
train-s110	6	ADJ	2	conj	en
train-s110	7	PART	6	advmod	hi
train-s110	8	AUX	6	cop	hi
train-s111	1	NOUN	4	nmod	hi
train-s111	2	NOUN	4	nmod	en
train-s111	3	ADP	2	case	hi
train-s111	4	NOUN	0	root	en
train-s111	5	AUX	4	cop	hi
train-s111	6	DET	7	det	hi
train-s111	7	NOUN	4	nmod	en
train-s111	8	ADP	7	case	hi
train-s112	1	DET	2	det	hi
train-s112	2	NOUN	11	compound	en
train-s112	3	ADP	6	case	en
train-s112	4	DET	6	det	en
train-s112	5	NOUN	6	compound	en
train-s112	6	NOUN	11	obl	en
train-s112	7	PART	6	advmod	hi
train-s112	8	NOUN	11	nsubj	en
train-s112	9	PART	8	advmod	hi
train-s112	10	PART	11	advmod	hi
train-s112	11	VERB	0	root	hi
train-s112	13	NOUN	14	compound	en
train-s112	14	NOUN	15	obj	en
train-s112	15	VERB	16	amod	hi
train-s112	16	NOUN	11	nmod	hi
train-s113	1	NOUN	3	nmod	en
train-s113	2	ADP	1	case	hi
train-s113	3	NOUN	4	obj	hi
train-s113	4	VERB	0	root	hi
train-s113	6	ADV	10	mark	en
train-s113	7	NOUN	8	compound	en
train-s113	8	NOUN	10	nsubj	en
train-s113	9	AUX	10	cop	en
train-s113	10	ADJ	4	advcl	en
train-s114	1	ADJ	2	amod	hi
train-s114	2	NOUN	5	nsubj	en
train-s114	3	ADP	4	case	en
train-s114	4	ADJ	5	amod	en
train-s114	5	ADJ	0	root	en
train-s114	6	AUX	5	cop	hi
train-s115	2	AUX	5	aux	en
train-s115	3	AUX	5	aux	en
train-s115	5	VERB	0	root	en
train-s115	7	SCONJ	11	mark	en
train-s115	8	NOUN	11	nmod	hi
train-s115	9	ADP	8	case	hi
train-s115	10	ADP	8	case	hi
train-s115	11	NOUN	5	nmod	hi
train-s115	12	AUX	11	cop	hi
train-s115	14	CCONJ	18	cc	hi
train-s115	15	NOUN	18	nmod	hi
train-s115	16	ADP	15	case	hi
train-s115	17	ADP	15	case	hi
train-s115	18	NOUN	11	conj	hi
train-s115	19	AUX	18	cop	hi
train-s116	1	NOUN	3	nmod	en
train-s116	2	PRON	3	nsubj	en
train-s116	3	VERB	0	root	en
train-s116	4	DET	6	det	en
train-s116	5	ADJ	6	amod	en
train-s116	6	NOUN	3	obj	en
train-s116	8	PRON	9	nsubj	hi
train-s116	9	NOUN	13	acl:relcl	hi
train-s116	10	AUX	9	cop	hi
train-s116	11	PROPN	9	nmod	hi
train-s116	12	ADP	11	case	hi
train-s116	13	PRON	14	nsubj	hi
train-s116	14	ADV	6	acl	hi
train-s116	15	AUX	14	cop	hi
train-s117	1	ADV	6	advmod	hi
train-s117	2	DET	3	det	hi
train-s117	3	NOUN	6	nsubj	en
train-s117	4	NOUN	6	compound	en
train-s117	5	PART	6	advmod	hi
train-s117	6	VERB	0	root	hi
train-s117	7	AUX	6	aux	hi
train-s118	1	PRON	4	nsubj	en
train-s118	2	ADP	3	case	en
train-s118	3	PRON	1	nmod	en
train-s118	4	VERB	0	root	en
train-s118	5	DET	7	det	en
train-s118	6	NUM	7	nummod	en
train-s118	7	NOUN	4	obj	en
train-s118	8	PRON	18	nsubj	hi
train-s118	9	NOUN	12	obl	en
train-s118	10	ADP	9	case	hi
train-s118	11	NOUN	12	obj	hi
train-s118	12	VERB	18	advcl	hi
train-s118	13	ADJ	14	amod	hi
train-s118	14	NOUN	15	nmod	en
train-s118	15	VERB	18	advcl	hi
train-s118	16	AUX	15	aux	hi
train-s118	17	NOUN	18	obj	hi
train-s118	18	VERB	7	acl:relcl	hi
train-s118	19	AUX	18	aux	hi
train-s118	20	AUX	18	aux	hi
train-s119	2	DET	3	det	en
train-s119	3	NOUN	6	nsubj	en
train-s119	4	ADP	5	case	en
train-s119	6	VERB	0	root	en
train-s119	7	SCONJ	14	mark	en
train-s119	8	ADV	9	advmod	hi
train-s119	9	VERB	14	advcl	hi
train-s119	10	AUX	9	aux	hi
train-s119	11	PRON	14	obj	hi
train-s119	12	ADP	11	case	hi
train-s119	13	PART	11	advmod	hi
train-s119	14	VERB	6	advcl	hi
train-s119	15	AUX	14	aux	hi
train-s119	16	PRON	17	nsubj	hi
train-s119	17	VERB	11	acl:relcl	hi
train-s119	18	AUX	17	aux	hi
train-s120	2	ADV	7	advmod	en
train-s120	3	ADP	5	case	en
train-s120	4	DET	5	det	en
train-s120	5	NOUN	7	obl	en
train-s120	6	PRON	7	nsubj	en
train-s120	7	VERB	0	root	en
train-s120	9	NOUN	14	vocative	en
train-s120	11	PRON	14	nsubj	hi
train-s120	12	ADV	13	advmod	hi
train-s120	13	ADJ	14	compound	en
train-s120	14	VERB	7	xcomp	hi
train-s120	15	AUX	14	aux	hi
train-s120	16	AUX	14	aux	hi
train-s121	2	NOUN	4	nmod	hi
train-s121	3	ADP	2	case	hi
train-s121	4	NOUN	0	root	en
train-s121	5	CCONJ	10	cc	hi
train-s121	6	PRON	10	nsubj	en
train-s121	7	AUX	10	aux	en
train-s121	8	PART	10	advmod	en
train-s121	9	ADV	10	advmod	en
train-s121	10	VERB	4	conj	en
train-s122	2	VERB	0	root	en
train-s122	3	ADP	6	case	en
train-s122	4	NOUN	6	nmod	en
train-s122	5	PART	4	case	en
train-s122	6	NOUN	2	obl	en
train-s122	7	SCONJ	16	mark	en
train-s122	8	ADV	16	advmod	hi
train-s122	9	NOUN	13	obl	hi
train-s122	10	ADP	9	case	hi
train-s122	11	PART	9	advmod	hi
train-s122	13	VERB	16	advcl	hi
train-s122	14	AUX	13	aux	hi
train-s122	15	ADV	16	advmod	hi
train-s122	16	VERB	2	advcl	hi
train-s123	2	ADV	7	advmod	en
train-s123	3	ADP	4	case	en
train-s123	4	NOUN	7	obl	en
train-s123	5	PRON	7	nsubj	en
train-s123	6	AUX	7	aux	en
train-s123	7	VERB	0	root	en
train-s123	9	PRON	10	obj	hi
train-s123	10	VERB	12	advcl	hi
train-s123	11	AUX	10	aux	hi
train-s123	12	VERB	14	xcomp	hi
train-s123	14	PRON	15	nsubj	en
train-s123	15	VERB	7	conj	en
train-s123	17	NOUN	18	nsubj	en
train-s123	18	PRON	15	xcomp	hi
train-s123	19	AUX	18	cop	hi
train-s124	2	PRON	3	nmod	en
train-s124	3	NOUN	15	nsubj	en
train-s124	4	ADP	6	case	en
train-s124	5	DET	6	det	en
train-s124	6	NOUN	3	nmod	en
train-s124	7	PRON	8	nsubj	en
train-s124	8	VERB	6	acl	en
train-s124	9	ADP	11	case	en
train-s124	10	DET	11	det	en
train-s124	11	NOUN	8	obl	en
train-s124	12	AUX	15	cop	en
train-s124	14	NOUN	15	obj	en
train-s124	15	VERB	0	root	hi
train-s124	16	NOUN	18	compound	hi
train-s124	17	PART	18	advmod	hi
train-s124	18	VERB	15	conj	hi
train-s125	2	PRON	3	nsubj	hi
train-s125	3	VERB	5	acl:relcl	hi
train-s125	4	AUX	3	aux	hi
train-s125	5	PRON	6	nsubj	hi
train-s125	6	VERB	9	csubj	hi
train-s125	7	AUX	6	aux	hi
train-s125	9	VERB	0	root	en
train-s125	10	PART	14	mark	en
train-s125	11	AUX	14	cop	en
train-s125	12	PRON	14	nmod	en
train-s125	13	ADJ	14	amod	en
train-s125	14	NOUN	9	xcomp	en
train-s125	15	ADP	16	case	en
train-s125	16	NOUN	14	xcomp	en
train-s126	3	ADP	1	case	hi
train-s126	4	NOUN	7	nsubj	hi
train-s126	5	AUX	7	aux	en
train-s126	6	ADV	7	advmod	en
train-s126	7	VERB	0	root	en
train-s126	8	PRON	7	iobj	en
train-s126	9	NOUN	7	compound	en
train-s127	1	DET	3	det	en
train-s127	2	ADJ	3	amod	en
train-s127	3	NOUN	0	root	en
train-s127	4	ADV	7	mark	en
train-s127	5	PRON	7	nsubj	en
train-s127	6	AUX	7	aux	en
train-s127	7	VERB	3	acl	en
train-s127	8	DET	9	det	en
train-s127	9	NOUN	7	obj	en
train-s127	10	CCONJ	12	cc	en
train-s127	11	NOUN	12	nsubj	en
train-s127	12	VERB	7	conj	hi
train-s127	13	AUX	12	aux	hi
train-s127	14	AUX	12	aux	hi
train-s128	2	NOUN	3	nmod	hi
train-s128	3	VERB	0	root	hi
train-s128	4	CCONJ	5	cc	hi
train-s128	5	NOUN	3	conj	hi
train-s128	6	NOUN	9	obj	en
train-s128	7	NOUN	9	compound	en
train-s128	8	PART	7	advmod	hi
train-s128	9	VERB	3	parataxis	hi
train-s128	10	PART	9	advmod	hi
train-s128	11	AUX	9	aux	hi
train-s129	1	CCONJ	7	cc	hi
train-s129	2	PART	1	advmod	hi
train-s129	4	ADP	3	case	hi
train-s129	5	NOUN	7	nsubj	en
train-s129	6	PART	5	advmod	hi
train-s129	7	PRON	0	root	hi
train-s129	8	AUX	7	cop	hi
train-s129	9	SCONJ	12	mark	hi
train-s129	10	NOUN	12	obj	en
train-s129	11	NOUN	12	compound	en
train-s129	12	VERB	7	acl	hi
train-s130	2	ADP	1	case	hi
train-s130	3	NOUN	10	vocative	hi
train-s130	4	PRON	10	nsubj	en
train-s130	5	AUX	10	cop	en
train-s130	6	PART	10	advmod	en
train-s130	7	DET	10	det	en
train-s130	9	NOUN	10	compound	en
train-s130	10	NOUN	0	root	en
train-s131	1	PRON	2	nsubj	en
train-s131	2	VERB	0	root	en
train-s131	3	NOUN	2	obj	hi
train-s131	5	NOUN	9	nsubj	hi
train-s131	6	ADP	5	case	hi
train-s131	7	ADP	5	case	hi
train-s131	8	NOUN	9	compound	en
train-s131	9	VERB	2	advcl	hi
train-s131	10	AUX	9	aux	hi
train-s131	11	AUX	9	aux	hi
train-s132	1	PRON	7	nsubj	hi
train-s132	2	ADV	7	advmod	hi
train-s132	3	PART	2	advmod	hi
train-s132	4	ADJ	5	amod	en
train-s132	5	NOUN	7	obj	en
train-s132	6	NOUN	7	compound	en
train-s132	7	VERB	0	root	hi
train-s132	8	AUX	7	aux	hi
train-s132	9	AUX	7	aux	hi
train-s133	1	PRON	5	nsubj	en
train-s133	2	AUX	5	cop	en
train-s133	3	ADP	5	case	en
train-s133	4	DET	5	det	en
train-s133	5	NOUN	0	root	en
train-s133	6	ADP	7	case	en
train-s133	7	NOUN	5	nmod	en
train-s133	8	ADV	13	mark	hi
train-s133	9	NOUN	13	obl	hi
train-s133	10	ADP	9	case	hi
train-s133	11	PART	9	advmod	hi
train-s133	12	NOUN	13	nsubj	hi
train-s133	13	VERB	5	acl:relcl	hi
train-s133	14	AUX	13	aux	hi
train-s133	15	AUX	13	aux	hi
train-s134	1	ADV	2	advmod	en
train-s134	2	VERB	0	root	en
train-s134	3	NUM	4	nummod	en
train-s134	4	NOUN	2	obj	en
train-s134	5	VERB	4	acl	en
train-s134	6	NOUN	5	obj	en
train-s134	7	PART	8	advmod	en
train-s134	8	NOUN	5	conj	en
train-s134	9	SCONJ	15	mark	en
train-s134	10	NOUN	15	nsubj	en
train-s134	11	PART	10	advmod	hi
train-s134	12	ADJ	15	obl	en
train-s134	13	ADP	12	case	hi
train-s134	14	PART	12	advmod	hi
train-s134	15	VERB	2	advcl	hi
train-s134	16	AUX	15	aux	hi
train-s134	17	AUX	15	aux	hi
train-s135	2	AUX	3	aux	en
train-s135	3	VERB	0	root	en
train-s135	4	ADP	6	case	en
train-s135	5	DET	6	det	en
train-s135	6	NOUN	3	acl	en
train-s135	7	ADP	10	case	en
train-s135	8	PRON	10	nmod	en
train-s135	9	NOUN	10	nmod	hi
train-s135	11	PRON	15	obj	hi
train-s135	12	PART	13	advmod	hi
train-s135	13	NOUN	14	compound	en
train-s135	14	VERB	15	advcl	hi
train-s135	15	VERB	6	acl:relcl	hi
train-s135	16	AUX	15	aux	hi
train-s135	17	AUX	15	aux	hi
train-s136	1	DET	2	det	hi
train-s136	2	PROPN	8	nsubj	en
train-s136	6	ADP	5	case	hi
train-s136	7	ADJ	8	amod	en
train-s136	8	NOUN	0	root	en
train-s136	9	AUX	8	cop	hi
train-s136	10	AUX	8	aux	hi
train-s137	1	INTJ	6	discourse	hi
train-s137	2	PART	6	discourse	en
train-s137	4	NOUN	6	nsubj	hi
train-s137	5	ADV	6	advmod	hi
train-s137	6	VERB	0	root	hi
train-s137	7	AUX	6	aux	hi
train-s137	9	PRON	10	nsubj	en
train-s137	10	VERB	6	conj	en
train-s137	12	NOUN	14	obl	en
train-s137	13	ADP	12	case	hi
train-s137	14	VERB	10	xcomp	hi
train-s137	15	AUX	14	aux	hi
train-s137	16	AUX	14	aux	hi
train-s138	1	NOUN	17	nsubj	en
train-s138	2	PRON	3	nsubj	en
train-s138	3	VERB	1	acl	en
train-s138	4	NOUN	3	obj	en
train-s138	5	ADP	8	case	en
train-s138	6	PRON	8	nmod	en
train-s138	7	PART	6	case	en
train-s138	8	NOUN	4	nmod	en
train-s138	9	AUX	17	cop	en
train-s138	10	ADV	17	advmod	en
train-s138	11	ADV	10	flat	en
train-s138	12	ADV	10	flat	en
train-s138	13	VERB	15	acl	hi
train-s138	14	AUX	13	aux	hi
train-s138	15	NOUN	17	nmod	en
train-s138	16	ADP	15	case	hi
train-s138	17	NOUN	0	root	hi
train-s139	2	ADJ	3	amod	en
train-s139	3	NOUN	0	root	en
train-s139	4	ADP	5	case	en
train-s139	5	NOUN	3	nmod	en
train-s139	6	ADJ	7	amod	hi
train-s139	7	NOUN	9	compound	hi
train-s139	8	PART	9	advmod	hi
train-s139	9	VERB	3	ccomp	hi
train-s139	10	PART	9	advmod	hi
train-s140	1	VERB	0	root	en
train-s140	2	PART	3	mark	en
train-s140	3	VERB	1	xcomp	en
train-s140	4	NUM	6	nummod	hi
train-s140	5	ADJ	6	amod	hi
train-s140	6	NOUN	8	nmod	hi
train-s140	7	ADP	6	case	hi
train-s140	8	NOUN	3	obj	hi
train-s141	1	VERB	0	root	en
train-s141	2	PRON	4	nsubj	en
train-s141	3	AUX	4	aux	en
train-s141	4	VERB	1	xcomp	en
train-s141	5	ADP	4	case	en
train-s141	6	PRON	4	obj	hi
train-s141	7	PRON	9	nmod	hi
train-s141	8	AUX	6	cop	hi
train-s141	9	PRON	6	nmod	hi
train-s142	2	DET	4	det	en
train-s142	3	ADJ	4	amod	en
train-s142	4	NOUN	0	root	en
train-s142	5	ADV	7	mark	en
train-s142	6	PRON	7	nsubj	en
train-s142	7	VERB	4	advcl	en
train-s142	9	PRON	11	obl	hi
train-s142	10	ADP	9	case	hi
train-s142	11	VERB	14	advcl	hi
train-s142	12	AUX	11	aux	hi
train-s142	13	SCONJ	14	mark	hi
train-s142	14	VERB	7	xcomp	hi
train-s142	16	ADP	18	case	en
train-s142	17	DET	18	det	en
train-s142	18	NOUN	4	orphan	en
train-s143	1	NOUN	5	nsubj	hi
train-s143	2	NOUN	5	obj	en
train-s143	3	PART	2	advmod	hi
train-s143	4	PRON	5	advmod	hi
train-s143	5	VERB	0	root	hi
train-s143	6	AUX	5	aux	hi
train-s143	7	PRON	11	advmod	hi
train-s143	8	PRON	11	nsubj	hi
train-s143	9	PRON	10	nmod	hi
train-s143	10	NOUN	11	obj	hi
train-s143	11	VERB	4	acl:relcl	hi
train-s143	12	AUX	11	aux	hi
train-s143	13	AUX	11	aux	hi
train-s143	14	CCONJ	19	cc	hi
train-s143	15	ADV	19	advmod	hi
train-s143	16	ADP	15	case	hi
train-s143	17	DET	18	det	en
train-s143	18	NOUN	19	nsubj	en
train-s143	19	VERB	11	conj	en
train-s143	20	DET	21	det	en
train-s143	21	NOUN	19	nmod	en
train-s144	1	DET	2	det	hi
train-s144	2	NOUN	5	obl	hi
train-s144	3	ADP	2	case	hi
train-s144	4	ADP	2	case	hi
train-s144	5	VERB	7	acl:relcl	hi
train-s144	6	ADJ	7	amod	hi
train-s144	7	PRON	8	nsubj	en
train-s144	8	VERB	0	root	en
train-s144	9	ADV	8	advmod	en
train-s145	1	NOUN	2	nsubj	en
train-s145	2	VERB	0	root	en
train-s145	3	CCONJ	4	cc	en
train-s145	4	VERB	2	conj	en
train-s145	5	PRON	9	nsubj	hi
train-s145	6	ADJ	7	amod	hi
train-s145	7	NOUN	9	nmod	en
train-s145	8	ADP	7	case	hi
train-s145	9	NOUN	4	obj	hi
train-s145	10	AUX	9	cop	hi
train-s146	3	ADV	10	advmod	en
train-s146	4	PRON	10	obj	hi
train-s146	5	NOUN	6	compound	hi
train-s146	6	VERB	8	acl	hi
train-s146	7	SCONJ	6	mark	hi
train-s146	8	NOUN	10	compound	hi
train-s146	9	PART	10	advmod	hi
train-s146	10	VERB	0	root	hi
train-s146	11	SCONJ	13	mark	en
train-s146	12	PRON	13	nsubj	en
train-s146	13	VERB	10	advcl	en
train-s146	14	PRON	13	obj	en
train-s147	1	INTJ	4	discourse	en
train-s147	2	NOUN	3	compound	en
train-s147	3	NOUN	4	nsubj	en
train-s147	4	VERB	0	root	hi
train-s147	5	AUX	4	aux	hi
train-s147	6	AUX	4	aux	hi
train-s148	2	DET	4	det	en
train-s148	3	ADJ	4	amod	en
train-s148	4	NOUN	10	nsubj	en
train-s148	5	ADP	7	case	en
train-s148	6	PRON	7	nsubj	en
train-s148	7	VERB	4	acl	en
train-s148	8	DET	9	det	en
train-s148	9	NOUN	7	obj	hi
train-s148	10	VERB	0	root	en
train-s148	11	ADV	13	advmod	en
train-s148	12	PRON	13	nsubj	en
train-s148	13	VERB	10	ccomp	en
train-s148	15	NOUN	16	nmod	hi
train-s148	16	VERB	13	xcomp	hi
train-s148	17	AUX	16	aux	hi
train-s148	18	AUX	16	aux	hi
train-s148	20	ADP	21	case	en
train-s148	21	PRON	13	obl	en
train-s149	1	ADP	2	case	en
train-s149	2	NOUN	6	nmod	en
train-s149	3	NOUN	6	nmod	hi
train-s149	4	ADP	3	case	hi
train-s149	5	PRON	6	nmod	hi
train-s149	6	NOUN	0	root	hi
train-s149	7	AUX	6	cop	hi
train-s150	1	NOUN	3	vocative	en
train-s150	2	PRON	3	nsubj	en
train-s150	3	VERB	0	root	en
train-s150	5	ADP	4	case	hi
train-s150	6	DET	8	det	hi
train-s150	7	ADJ	8	amod	en
train-s150	8	NOUN	3	obj	en
train-s151	2	CCONJ	6	cc	en
train-s151	3	ADP	4	case	en
train-s151	4	PRON	6	obl	en
train-s151	5	PRON	6	nsubj	en
train-s151	6	VERB	0	root	en
train-s151	7	SCONJ	9	mark	en
train-s151	9	VERB	5	acl	hi
train-s151	10	NOUN	9	vocative	en
train-s151	12	PRON	14	obj	hi
train-s151	13	PART	14	advmod	hi
train-s151	14	VERB	9	conj	hi
train-s152	2	VERB	0	root	en
train-s152	3	SCONJ	2	mark	en
train-s152	5	PART	6	mark	en
train-s152	6	VERB	2	advcl	en
train-s152	9	NOUN	17	vocative	hi
train-s152	11	NOUN	17	nmod	hi
train-s152	12	ADP	11	case	hi
train-s152	14	NOUN	16	nmod	en
train-s152	15	ADP	14	case	hi
train-s152	16	NOUN	17	nsubj	en
train-s152	17	ADJ	6	ccomp	hi
train-s153	1	PART	2	advmod	hi
train-s153	2	ADJ	3	amod	en
train-s153	3	NOUN	7	obl	en
train-s153	4	ADP	3	case	hi
train-s153	6	ADP	5	case	hi
train-s153	7	VERB	0	root	hi
train-s153	8	AUX	7	aux	hi
train-s154	1	NOUN	2	nsubj	hi
train-s154	2	VERB	0	root	hi
train-s154	3	AUX	2	aux	hi
train-s154	4	ADJ	5	amod	en
train-s154	5	NOUN	6	nsubj	en
train-s154	6	VERB	2	xcomp	en
train-s154	7	ADP	8	case	en
train-s154	8	NOUN	6	obl	hi
train-s155	2	ADJ	3	amod	en
train-s155	3	NOUN	8	nsubj	en
train-s155	4	PRON	3	nmod	hi
train-s155	5	NUM	8	obl	hi
train-s155	6	ADP	5	case	hi
train-s155	7	PART	5	advmod	hi
train-s155	8	VERB	0	root	hi
train-s155	9	AUX	8	aux	hi
train-s155	10	PRON	8	nsubj	hi
train-s156	1	ADV	6	advmod	hi
train-s156	2	PART	1	advmod	hi
train-s156	3	ADV	6	advmod	hi
train-s156	4	NOUN	5	compound	en
train-s156	5	NOUN	6	compound	en
train-s156	6	VERB	0	root	hi
train-s156	7	AUX	6	aux	hi
train-s157	1	DET	2	det	hi
train-s157	2	NOUN	8	nsubj	hi
train-s157	3	PRON	5	nmod	hi
train-s157	5	NOUN	6	nmod	en
train-s157	6	NOUN	8	compound	en
train-s157	7	ADV	8	advmod	hi
train-s157	8	VERB	0	root	hi
train-s157	9	AUX	8	aux	hi
train-s157	10	AUX	8	aux	hi
train-s158	3	VERB	4	amod	en
train-s158	4	NOUN	10	compound	en
train-s158	5	PART	6	advmod	hi
train-s158	6	NOUN	10	vocative	hi
train-s158	7	NOUN	10	obl	en
train-s158	8	ADP	7	case	hi
train-s158	9	PART	7	advmod	hi
train-s158	10	VERB	0	root	hi
train-s158	11	AUX	10	aux	hi
train-s158	12	AUX	10	aux	hi
train-s159	1	PRON	2	nsubj	en
train-s159	2	VERB	0	root	en
train-s159	3	NOUN	2	vocative	en
train-s159	5	ADP	4	case	hi
train-s159	6	NOUN	7	obj	en
train-s159	7	VERB	9	acl	hi
train-s159	8	SCONJ	7	mark	hi
train-s159	9	NOUN	2	obj	en
train-s159	10	PART	9	advmod	hi
train-s159	11	AUX	9	cop	hi
train-s160	2	NOUN	3	compound	en
train-s160	3	NOUN	4	nsubj	en
train-s160	4	VERB	0	root	en
train-s160	5	SCONJ	10	mark	en
train-s160	6	NOUN	7	obj	en
train-s160	7	VERB	10	advcl	hi
train-s160	8	AUX	7	aux	hi
train-s160	9	SCONJ	10	mark	hi
train-s160	10	VERB	4	ccomp	hi
train-s160	11	AUX	10	aux	hi
train-s160	12	PART	13	advmod	hi
train-s160	13	SCONJ	14	mark	hi
train-s160	14	VERB	10	advcl	hi
train-s160	15	AUX	14	aux	hi
train-s161	1	ADJ	2	amod	en
train-s161	2	NOUN	4	compound	hi
train-s161	3	PART	4	advmod	hi
train-s161	4	VERB	0	root	hi
train-s161	5	AUX	4	aux	hi
train-s161	6	PRON	7	nsubj	en
train-s161	7	VERB	4	advcl	en
train-s161	8	ADP	11	case	en
train-s161	9	DET	11	det	en
train-s161	10	ADJ	11	amod	en
train-s161	11	NOUN	7	obl	en
train-s162	1	PRON	4	nsubj	hi
train-s162	2	PRON	4	nsubj	hi
train-s162	3	ADV	4	advmod	hi
train-s162	4	VERB	0	root	hi
train-s162	5	AUX	4	aux	hi
train-s162	6	AUX	4	aux	hi
train-s162	7	SCONJ	10	mark	hi
train-s162	8	NOUN	9	nmod	en
train-s162	10	VERB	2	acl	hi
train-s162	12	ADP	13	case	en
train-s163	2	ADP	1	case	hi
train-s163	3	NOUN	4	obj	hi
train-s163	4	VERB	9	advcl	hi
train-s163	5	AUX	4	aux	hi
train-s163	6	NOUN	7	compound	en
train-s163	7	NOUN	9	obj	en
train-s163	8	ADJ	9	compound	hi
train-s163	9	VERB	0	root	hi
train-s163	10	AUX	9	aux	hi
train-s164	1	CCONJ	3	cc	en
train-s164	2	PRON	3	expl	en
train-s164	3	VERB	0	root	en
train-s164	4	AUX	5	aux	en
train-s164	5	VERB	3	advcl	en
train-s164	6	ADV	5	advmod	en
train-s164	7	CCONJ	12	cc	en
train-s164	8	ADJ	9	amod	en
train-s164	9	NOUN	12	nsubj	en
train-s164	10	AUX	12	cop	en
train-s164	11	SCONJ	12	mark	hi
train-s164	12	VERB	3	conj	hi
train-s164	13	AUX	12	aux	hi
train-s165	1	NOUN	8	obl	en
train-s165	2	ADP	1	case	hi
train-s165	3	ADP	1	case	hi
train-s165	4	NOUN	8	obl	en
train-s165	5	ADP	4	case	hi
train-s165	6	ADP	4	case	hi
train-s165	7	NOUN	8	compound	en
train-s165	8	VERB	10	acl	hi
train-s165	9	SCONJ	8	mark	hi
train-s165	10	NOUN	0	root	en
train-s166	1	DET	3	det	en
train-s166	2	ADJ	3	amod	en
train-s166	3	NOUN	7	nmod	en
train-s166	4	ADV	7	mark	en
train-s166	7	VERB	0	root	en
train-s166	8	ADP	9	case	en
train-s166	9	NOUN	7	obl	en
train-s166	10	SCONJ	14	mark	en
train-s166	12	PART	11	advmod	hi
train-s166	14	VERB	7	xcomp	hi
train-s166	15	AUX	14	aux	hi
train-s167	1	ADP	4	case	en
train-s167	2	DET	4	det	en
train-s167	3	ADJ	4	amod	en
train-s167	4	NOUN	5	obl	en
train-s167	5	VERB	0	root	en
train-s167	8	ADP	7	case	hi
train-s167	9	NOUN	11	nmod	hi
train-s167	10	ADP	9	case	hi
train-s167	11	NOUN	5	obj	hi
train-s167	13	CCONJ	17	cc	en
train-s167	15	NOUN	17	nmod	hi
train-s167	16	ADP	15	case	hi
train-s167	17	NOUN	11	conj	hi
train-s167	19	DET	20	det	en
train-s168	1	PART	4	mark	en
train-s168	2	AUX	4	cop	en
train-s168	3	ADV	4	advmod	en
train-s168	4	ADJ	0	root	en
train-s168	5	PRON	10	nsubj	hi
train-s168	6	PRON	7	nmod	hi
train-s168	7	NOUN	10	obl	en
train-s168	8	ADP	7	case	hi
train-s168	9	NOUN	10	nsubj	hi
train-s168	10	VERB	12	advcl	hi
train-s168	11	NOUN	12	compound	en
train-s168	12	VERB	4	acl	hi
train-s168	13	CCONJ	17	cc	en
train-s168	14	NUM	16	nummod	hi
train-s168	15	DET	16	det	hi
train-s168	16	NOUN	17	nmod	hi
train-s168	17	VERB	4	conj	en
train-s168	18	PRON	19	nmod	en
train-s168	19	NOUN	17	obj	en
train-s168	20	VERB	17	acl	en
train-s169	1	NOUN	3	compound	en
train-s169	2	NOUN	3	compound	en
train-s169	3	NOUN	6	obj	en
train-s169	4	AUX	6	aux	en
train-s169	5	AUX	6	aux	en
train-s169	6	VERB	0	root	en
train-s169	7	ADP	10	case	en
train-s169	8	NOUN	10	nmod	hi
train-s169	9	ADP	8	case	hi
train-s169	10	NOUN	6	nsubj	en
train-s170	1	SCONJ	4	mark	en
train-s170	2	DET	3	det	en
train-s170	3	NOUN	4	nsubj	en
train-s170	4	VERB	12	advcl	en
train-s170	5	ADP	6	case	en
train-s170	6	NOUN	4	obl	en
train-s170	8	PRON	12	nmod	hi
train-s170	9	ADP	8	case	hi
train-s170	10	NOUN	12	nmod	hi
train-s170	11	ADP	10	case	hi
train-s170	12	NOUN	0	root	hi
train-s170	13	AUX	12	cop	hi
train-s171	1	ADV	3	advmod	hi
train-s171	2	ADP	1	case	hi
train-s171	3	ADJ	5	amod	hi
train-s171	4	ADJ	5	amod	hi
train-s171	5	NOUN	8	nsubj	en
train-s171	6	ADJ	8	amod	en
train-s171	7	NOUN	8	compound	en
train-s171	8	NOUN	0	root	en
train-s171	9	ADP	8	case	hi
train-s171	10	AUX	8	cop	hi
train-s172	2	ADP	1	case	hi
train-s172	3	NOUN	5	nsubj	en
train-s172	4	ADJ	5	amod	hi
train-s172	5	NOUN	0	root	hi
train-s172	6	AUX	5	cop	hi
train-s173	1	NOUN	2	compound	en
train-s173	2	NOUN	4	nmod	en
train-s173	3	ADP	2	case	hi
train-s173	4	NOUN	7	nmod	en
train-s173	5	ADP	4	case	hi
train-s173	6	ADP	4	case	hi
train-s173	7	NOUN	0	root	hi
train-s174	1	PRON	3	nmod	hi
train-s174	2	NOUN	3	compound	en
train-s174	3	NOUN	6	nmod	en
train-s174	4	ADP	3	case	hi
train-s174	5	DET	6	det	hi
train-s174	6	NOUN	0	root	hi
train-s174	7	AUX	6	cop	hi
train-s175	1	ADJ	2	amod	en
train-s175	2	NOUN	4	nmod	en
train-s175	3	ADP	2	case	hi
train-s175	4	NOUN	8	obj	en
train-s175	5	DET	6	det	hi
train-s175	6	NOUN	8	nsubj	hi
train-s175	7	ADP	6	case	hi
train-s175	8	VERB	0	root	hi
train-s175	9	AUX	8	aux	hi
train-s176	1	PRON	2	nmod	hi
train-s176	2	NOUN	8	nmod	hi
train-s176	3	ADP	2	case	hi
train-s176	4	ADJ	5	amod	en
train-s176	5	NOUN	8	nmod	en
train-s176	6	ADP	5	case	hi
train-s176	7	DET	8	det	hi
train-s176	8	NOUN	0	root	en
train-s176	9	PART	8	advmod	hi
train-s176	10	AUX	8	cop	hi
train-s177	2	DET	4	det	en
train-s177	3	ADJ	4	amod	en
train-s177	4	NOUN	11	nsubj	en
train-s177	5	ADP	7	case	en
train-s177	6	DET	7	det	en
train-s177	7	NOUN	4	nmod	en
train-s177	8	AUX	11	cop	en
train-s177	10	PRON	11	nmod	hi
train-s177	11	NOUN	0	root	hi
train-s178	1	NUM	3	nummod	hi
train-s178	2	ADJ	3	amod	hi
train-s178	3	NOUN	5	nmod	hi
train-s178	4	ADP	3	case	hi
train-s178	5	NOUN	6	nsubj	hi
train-s178	6	VERB	0	root	en
train-s178	7	PRON	6	obj	en
train-s179	1	ADV	8	advmod	hi
train-s179	2	DET	4	det	hi
train-s179	3	ADJ	4	amod	en
train-s179	4	NOUN	6	nmod	en
train-s179	5	ADP	4	case	hi
train-s179	6	NOUN	8	nsubj	en
train-s179	7	PART	6	advmod	hi
train-s179	8	ADJ	0	root	hi
train-s179	9	PART	8	advmod	hi
train-s180	2	PART	3	advmod	hi
train-s180	3	SCONJ	8	mark	hi
train-s180	4	PART	3	advmod	hi
train-s180	6	PRON	8	nsubj	en
train-s180	7	AUX	8	cop	en
train-s180	8	ADJ	0	root	en
train-s180	10	CCONJ	14	cc	en
train-s180	12	AUX	14	aux	en
train-s180	13	PART	14	advmod	en
train-s180	14	VERB	8	conj	en
train-s180	15	VERB	14	xcomp	en
train-s180	16	ADP	15	compound	en
train-s180	18	SCONJ	8	mark	hi
train-s180	19	NOUN	22	obl	en
train-s180	20	ADP	19	case	hi
train-s180	21	PART	19	advmod	hi
train-s180	22	VERB	8	advcl	hi
train-s180	23	AUX	22	aux	hi
train-s181	2	NOUN	9	vocative	en
train-s181	3	ADV	9	advmod	en
train-s181	4	NOUN	9	iobj	hi
train-s181	5	ADP	4	case	hi
train-s181	6	PRON	7	nmod	hi
train-s181	7	NOUN	9	obj	en
train-s181	8	PART	9	advmod	hi
train-s181	9	VERB	0	root	hi
train-s181	10	AUX	9	aux	hi
train-s182	1	PRON	4	nsubj	en
train-s182	2	AUX	4	cop	en
train-s182	3	ADV	4	advmod	en
train-s182	4	ADJ	0	root	en
train-s182	5	ADP	9	case	en
train-s182	6	DET	9	det	en
train-s182	7	ADV	8	advmod	en
train-s182	8	ADJ	9	amod	en
train-s182	9	NOUN	4	nmod	en
train-s182	10	SCONJ	16	mark	en
train-s182	11	VERB	16	csubj	hi
train-s182	12	CCONJ	14	cc	hi
train-s182	13	PART	14	advmod	hi
train-s182	14	VERB	11	conj	hi
train-s182	15	AUX	16	cop	en
train-s182	16	ADJ	4	advcl	hi
train-s183	1	ADJ	0	root	en
train-s183	2	VERB	1	cop	hi
train-s183	3	AUX	1	aux	hi
train-s183	4	SCONJ	6	mark	hi
train-s183	5	PRON	6	nsubj	hi
train-s183	6	ADJ	1	advcl	en
train-s183	7	VERB	6	cop	hi
train-s183	8	AUX	6	aux	hi
train-s184	2	DET	4	det	en
train-s184	3	ADJ	4	amod	en
train-s184	4	NOUN	0	root	en
train-s184	5	NOUN	4	nmod	en
train-s184	7	ADV	9	advmod	hi
train-s184	8	ADJ	9	compound	hi
train-s184	9	VERB	4	acl	hi
train-s184	10	CCONJ	11	cc	hi
train-s185	2	ADJ	4	amod	en
train-s185	4	NOUN	6	vocative	en
train-s185	6	NOUN	0	root	en
train-s185	7	ADJ	6	orphan	hi
train-s185	8	CCONJ	11	cc	hi
train-s185	9	NOUN	11	obj	en
train-s185	10	ADJ	11	acl	hi
train-s185	11	VERB	6	conj	hi
train-s186	1	INTJ	6	discourse	en
train-s186	3	SCONJ	6	mark	en
train-s186	4	PRON	6	expl	en
train-s186	5	AUX	6	cop	en
train-s186	6	ADJ	0	root	en
train-s186	7	PART	8	mark	en
train-s186	8	VERB	6	advcl	en
train-s186	9	CCONJ	14	cc	en
train-s186	11	DET	12	det	hi
train-s186	12	NOUN	14	nmod	hi
train-s186	13	NOUN	14	compound	hi
train-s186	14	VERB	6	conj	hi
train-s186	15	AUX	14	aux	hi
train-s186	16	AUX	14	aux	hi
train-s187	2	ADP	1	case	hi
train-s187	3	VERB	0	root	en
train-s187	4	PART	3	advmod	hi
train-s187	5	NOUN	6	obj	en
train-s187	6	VERB	3	conj	hi
train-s188	1	NOUN	4	nmod	en
train-s188	2	PART	1	case	en
train-s188	3	ADJ	4	amod	en
train-s188	4	NOUN	6	nmod	en
train-s188	5	ADP	4	case	hi
train-s188	6	NOUN	8	nsubj	en
train-s188	7	ADV	8	advmod	en
train-s188	8	PRON	0	root	hi
train-s188	9	AUX	8	cop	hi
train-s189	1	PRON	3	nsubj	hi
train-s189	2	NOUN	3	nsubj	hi
train-s189	3	VERB	10	csubj	hi
train-s189	4	AUX	3	aux	hi
train-s189	5	ADP	6	case	en
train-s189	6	NOUN	3	obl	en
train-s189	7	ADP	8	case	en
train-s189	8	NOUN	6	nmod	en
train-s189	9	AUX	10	cop	en
train-s189	10	ADJ	0	root	en
train-s189	11	PART	10	advmod	en
train-s189	12	VERB	10	advcl	en
train-s189	13	PRON	14	nmod	en
train-s189	14	NOUN	12	obj	en
train-s189	15	ADV	12	advmod	en
train-s190	1	NOUN	2	nmod	en
train-s190	2	VERB	3	acl	en
train-s190	3	NOUN	5	nmod	hi
train-s190	4	ADP	3	case	hi
train-s190	5	NOUN	0	root	hi
train-s191	2	ADP	1	case	hi
train-s191	3	ADV	4	advmod	hi
train-s191	4	DET	5	det	hi
train-s191	5	NOUN	0	root	hi
train-s191	6	PRON	8	nmod	en
train-s191	7	ADJ	8	amod	en
train-s191	8	NOUN	5	iobj	en
train-s191	9	CCONJ	10	cc	en
train-s191	10	NOUN	8	conj	en
train-s192	1	ADV	7	advmod	hi
train-s192	2	PART	1	advmod	hi
train-s192	3	NOUN	4	compound	en
train-s192	4	VERB	7	csubj	hi
train-s192	5	AUX	7	cop	en
train-s192	6	ADV	7	advmod	en
train-s192	7	ADJ	0	root	en
train-s192	8	CCONJ	11	cc	en
train-s192	9	ADV	11	advmod	hi
train-s192	10	DET	11	det	hi
train-s192	11	NOUN	7	conj	hi
train-s192	12	CCONJ	13	cc	hi
train-s192	13	NOUN	11	conj	hi
train-s192	14	PART	11	advmod	hi
train-s192	15	AUX	11	cop	hi
train-s193	2	NOUN	6	nmod	hi
train-s193	3	ADP	2	case	hi
train-s193	4	NOUN	5	compound	en
train-s193	5	NOUN	6	nsubj	en
train-s193	6	ADJ	12	acl	hi
train-s193	7	AUX	6	cop	hi
train-s193	9	PRON	12	nsubj	en
train-s193	10	AUX	12	cop	en
train-s193	11	DET	12	det	en
train-s193	12	NOUN	0	root	en
train-s194	1	VERB	0	root	en
train-s194	2	DET	3	det	en
train-s194	3	NOUN	1	obj	en
train-s194	4	PRON	5	nsubj	en
train-s194	5	VERB	3	acl:relcl	en
train-s194	6	ADV	5	advmod	en
train-s194	7	ADP	9	case	en
train-s194	8	DET	9	det	en
train-s194	9	NOUN	5	obl	en
train-s194	10	CCONJ	11	cc	en
train-s194	11	VERB	5	conj	en
train-s194	12	SCONJ	17	mark	hi
train-s194	13	PRON	17	obj	hi
train-s194	14	NOUN	17	obl	en
train-s194	15	ADP	14	case	hi
train-s194	16	NOUN	17	acl	en
train-s194	17	VERB	11	xcomp	hi
train-s194	18	AUX	17	aux	hi
train-s195	1	PRON	2	nmod	hi
train-s195	2	NOUN	10	nsubj	en
train-s195	3	ADP	5	case	en
train-s195	4	DET	5	det	en
train-s195	5	NOUN	2	nmod	en
train-s195	6	ADJ	8	amod	hi
train-s195	7	NUM	8	nummod	hi
train-s195	8	NOUN	10	nmod	hi
train-s195	9	ADP	8	case	hi
train-s195	10	ADJ	0	root	en
train-s195	11	PART	10	advmod	hi
train-s195	12	AUX	10	cop	hi
train-s196	3	VERB	0	root	en
train-s196	4	SCONJ	15	mark	en
train-s196	6	NOUN	15	obl	en
train-s196	7	ADP	6	case	hi
train-s196	8	ADP	6	case	hi
train-s196	9	ADP	6	case	hi
train-s196	12	ADP	10	case	hi
train-s196	13	DET	14	det	hi
train-s196	14	NOUN	15	nsubj	en
train-s196	15	VERB	3	xcomp	hi
train-s196	16	AUX	15	aux	hi
train-s196	17	AUX	15	aux	hi
train-s196	18	AUX	15	aux	hi
train-s197	1	PRON	2	nsubj	en
train-s197	2	VERB	0	root	en
train-s197	4	ADJ	5	amod	hi
train-s197	5	NOUN	6	nsubj	hi
train-s197	6	VERB	2	xcomp	hi
train-s197	7	AUX	6	aux	hi
train-s197	8	AUX	6	aux	hi
train-s197	11	ADV	17	advmod	en
train-s197	12	PART	17	advmod	en
train-s197	15	AUX	17	aux	en
train-s197	16	AUX	17	aux	en
train-s197	17	VERB	2	advcl	en
train-s197	18	ADV	17	advmod	en
train-s198	1	PRON	2	nmod	en
train-s198	2	NOUN	5	nsubj	hi
train-s198	3	AUX	5	cop	en
train-s198	4	ADV	5	advmod	en
train-s198	5	ADJ	0	root	en
train-s198	6	SCONJ	8	mark	hi
train-s198	7	PRON	8	nsubj	hi
train-s198	8	VERB	5	acl	hi
train-s198	9	SCONJ	13	mark	hi
train-s198	10	PRON	11	nmod	hi
train-s198	11	NOUN	13	nsubj	hi
train-s198	12	ADV	13	compound	hi
train-s198	13	VERB	8	xcomp	hi
train-s198	14	AUX	13	aux	hi
train-s198	15	AUX	13	aux	hi
train-s199	1	PRON	2	nmod	hi
train-s199	2	NOUN	7	obj	en
train-s199	3	NUM	4	nummod	hi
train-s199	4	NOUN	5	advmod	hi
train-s199	5	ADJ	6	amod	hi
train-s199	6	NOUN	7	compound	en
train-s199	7	VERB	0	root	hi
train-s199	8	AUX	7	aux	hi
train-s199	9	SCONJ	12	mark	en
train-s199	10	PRON	12	nsubj	en
train-s199	11	AUX	12	cop	en
train-s199	12	ADP	7	advcl	en
train-s199	13	NOUN	12	nmod	en
train-s199	14	NOUN	21	nmod	hi
train-s199	15	DET	16	det	hi
train-s199	16	NOUN	21	obl	en
train-s199	17	ADP	16	case	hi
train-s199	18	NOUN	20	nmod	en
train-s199	19	ADP	18	case	hi
train-s199	20	NOUN	21	compound	en
train-s199	21	VERB	7	advcl	hi
train-s200	1	PRON	2	nmod	en
train-s200	2	NOUN	5	nsubj	en
train-s200	3	AUX	5	aux	en
train-s200	4	AUX	5	aux	en
train-s200	5	VERB	0	root	en
train-s200	6	VERB	5	xcomp	hi
train-s200	7	AUX	6	aux	hi
train-s200	8	NOUN	6	nsubj	hi
train-s200	9	ADJ	6	compound	hi
train-s201	1	ADJ	2	amod	en
train-s201	2	NOUN	8	nmod	en
train-s201	3	ADP	2	case	hi
train-s201	4	NOUN	6	nmod	hi
train-s201	5	ADP	4	case	hi
train-s201	7	AUX	8	cop	en
train-s201	8	NOUN	0	root	en
train-s202	1	NOUN	3	obl	en
train-s202	2	ADP	1	case	hi
train-s202	3	VERB	10	advcl	hi
train-s202	4	AUX	3	aux	hi
train-s202	5	NOUN	7	obl	en
train-s202	6	ADP	5	case	hi
train-s202	7	VERB	3	conj	hi
train-s202	8	AUX	7	aux	hi
train-s202	9	PRON	10	nsubj	en
train-s202	10	VERB	0	root	en
train-s202	11	ADJ	10	xcomp	en
train-s202	12	SCONJ	14	mark	en
train-s202	13	SCONJ	14	mark	en
train-s202	14	VERB	10	advcl	en
train-s202	15	ADV	14	advmod	en
train-s202	16	CCONJ	17	cc	en
train-s202	17	VERB	14	conj	en
train-s202	18	PART	17	advmod	en
train-s202	19	ADV	17	advmod	en
train-s203	1	ADV	3	advmod	en
train-s203	2	PRON	3	nsubj	en
train-s203	3	VERB	10	advcl	en
train-s203	4	CCONJ	5	cc	en
train-s203	6	PRON	7	nmod	en
train-s203	7	NOUN	5	obj	en
train-s203	9	PRON	10	nsubj	en
train-s203	10	VERB	0	root	en
train-s203	11	PRON	12	nmod	en
train-s203	12	NOUN	10	obj	en
train-s203	13	PART	14	mark	en
train-s203	14	VERB	10	advcl	en
train-s203	15	PRON	14	obj	hi
train-s203	16	AUX	15	cop	hi
train-s203	17	ADJ	18	amod	hi
train-s203	18	NOUN	15	nsubj	hi
train-s204	1	NOUN	2	compound	en
train-s204	2	NOUN	9	iobj	en
train-s204	3	ADP	2	case	hi
train-s204	4	PART	5	advmod	en
train-s204	5	VERB	8	acl	hi
train-s204	6	SCONJ	5	mark	hi
train-s204	7	ADJ	8	amod	hi
train-s204	8	NOUN	9	nsubj	hi
train-s204	9	VERB	0	root	hi
train-s204	10	AUX	9	aux	hi
train-s204	11	NOUN	9	nmod	hi
train-s205	1	PRON	5	nsubj	en
train-s205	2	AUX	5	cop	en
train-s205	3	ADJ	5	amod	en
train-s205	4	DET	5	det	en
train-s205	5	NOUN	0	root	en
train-s205	6	SCONJ	19	mark	en
train-s205	7	ADV	9	mark	en
train-s205	8	NOUN	9	nsubj	en
train-s205	9	VERB	19	advcl	en
train-s205	10	ADP	13	case	en
train-s205	11	DET	13	det	en
train-s205	12	NOUN	13	compound	en
train-s205	13	NOUN	9	obl	en
train-s205	14	ADP	15	case	en
train-s205	17	NOUN	18	compound	en
train-s205	18	NOUN	19	nsubj	en
train-s205	19	VERB	1	acl	hi
train-s205	20	AUX	19	aux	hi
train-s205	21	AUX	19	aux	hi
train-s205	22	AUX	19	aux	hi
train-s206	1	NOUN	0	root	hi
train-s206	2	PART	1	advmod	hi
train-s206	3	NOUN	8	nmod	hi
train-s206	4	NOUN	8	obl	en
train-s206	5	ADP	4	case	hi
train-s206	6	NOUN	8	compound	en
train-s206	7	ADV	8	advmod	hi
train-s206	8	VERB	1	xcomp	hi
train-s206	9	AUX	8	aux	hi
train-s206	10	AUX	8	aux	hi
train-s207	1	NOUN	2	compound	en
train-s207	2	NOUN	4	nsubj	en
train-s207	3	AUX	4	cop	en
train-s207	4	ADJ	0	root	en
train-s207	5	ADP	7	case	en
train-s207	6	ADJ	7	amod	en
train-s207	7	NOUN	4	nmod	en
train-s207	9	NOUN	11	nmod	en
train-s207	10	ADP	9	case	hi
train-s207	11	NOUN	13	nmod	hi
train-s207	12	ADP	11	case	hi
train-s207	13	NOUN	7	nmod	hi
train-s207	15	NOUN	13	conj	hi
train-s207	16	CCONJ	17	cc	hi
train-s207	17	NOUN	13	conj	hi
train-s208	1	PRON	7	nsubj	hi
train-s208	2	NOUN	7	nmod	hi
train-s208	3	NOUN	7	iobj	hi
train-s208	4	ADP	3	case	hi
train-s208	5	VERB	7	xcomp	en
train-s208	6	ADV	5	advmod	en
train-s208	7	VERB	0	root	hi
train-s209	1	ADV	6	mark	hi
train-s209	2	ADJ	3	amod	hi
train-s209	3	NOUN	6	nsubj	hi
train-s209	4	PART	3	advmod	hi
train-s209	5	ADJ	6	amod	en
train-s209	6	NOUN	9	nmod	en
train-s209	7	ADP	6	case	hi
train-s209	8	AUX	6	cop	hi
train-s209	9	PRON	14	nmod	hi
train-s209	10	NOUN	11	compound	en
train-s209	11	NOUN	14	nmod	en
train-s209	12	ADP	11	case	hi
train-s209	13	PRON	14	advmod	hi
train-s209	14	NOUN	0	root	hi
train-s210	2	NOUN	7	nmod	hi
train-s210	3	ADP	2	case	hi
train-s210	4	ADJ	5	amod	en
train-s210	5	NOUN	7	nmod	en
train-s210	6	ADP	5	case	hi
train-s210	7	NOUN	0	root	en
train-s210	8	AUX	7	cop	hi
train-s210	9	NOUN	7	nmod	hi
train-s211	1	NOUN	5	nsubj	hi
train-s211	2	ADV	5	advmod	hi
train-s211	3	ADP	2	case	hi
train-s211	4	PART	5	advmod	hi
train-s211	5	VERB	0	root	hi
train-s211	6	ADV	13	advmod	hi
train-s211	7	ADP	6	case	hi
train-s211	8	ADJ	11	amod	en
train-s211	9	CCONJ	10	cc	en
train-s211	10	ADJ	8	conj	en
train-s211	11	NOUN	13	compound	en
train-s211	12	PART	13	advmod	hi
train-s211	13	VERB	2	acl:relcl	hi
train-s212	1	PRON	3	nmod	hi
train-s212	2	ADP	1	case	hi
train-s212	3	NOUN	7	nsubj	en
train-s212	4	PART	3	advmod	hi
train-s212	5	NOUN	7	obl	en
train-s212	6	ADP	5	case	hi
train-s212	7	VERB	0	root	hi
train-s212	8	AUX	7	aux	hi
train-s212	9	AUX	7	aux	hi
train-s213	2	PRON	5	nsubj	en
train-s213	3	AUX	5	aux	en
train-s213	4	ADV	5	advmod	en
train-s213	5	VERB	0	root	en
train-s213	7	DET	8	det	hi
train-s213	8	NOUN	15	obl	hi
train-s213	9	ADP	8	case	hi
train-s213	10	ADP	8	case	hi
train-s213	12	ADP	11	case	hi
train-s213	13	NOUN	15	nsubj	hi
train-s213	14	ADV	15	advmod	hi
train-s213	15	VERB	5	xcomp	hi
train-s213	16	AUX	15	aux	hi
train-s213	17	AUX	15	aux	hi
train-s213	18	NOUN	15	nmod	hi
train-s214	1	PRON	3	nmod	en
train-s214	2	PRON	3	iobj	en
train-s214	3	VERB	0	root	en
train-s214	4	ADJ	3	obj	en
train-s214	6	NOUN	11	nsubj	en
train-s214	7	DET	8	det	hi
train-s214	8	NOUN	11	nmod	hi
train-s214	9	ADJ	11	xcomp	hi
train-s214	10	PART	11	advmod	hi
train-s214	11	VERB	3	advcl	hi
train-s215	1	ADJ	2	amod	en
train-s215	2	NOUN	5	nmod	en
train-s215	3	ADP	2	case	hi
train-s215	4	ADJ	5	amod	en
train-s215	5	NOUN	6	nsubj	en
train-s215	6	PRON	0	root	hi
train-s215	7	AUX	6	cop	hi
train-s216	2	SCONJ	5	mark	en
train-s216	4	AUX	5	aux	en
train-s216	5	VERB	10	advcl	en
train-s216	6	DET	7	det	en
train-s216	7	NOUN	5	obj	en
train-s216	9	PRON	10	nsubj	en
train-s216	10	VERB	0	root	en
train-s216	11	SCONJ	14	mark	en
train-s216	12	PRON	14	nsubj	en
train-s216	13	AUX	14	aux	en
train-s216	14	VERB	10	xcomp	en
train-s216	16	ADV	19	advmod	hi
train-s216	17	NOUN	19	nmod	hi
train-s216	18	ADP	17	case	hi
train-s216	19	NOUN	14	xcomp	en
train-s216	20	AUX	19	cop	hi
train-s217	3	ADP	2	case	hi
train-s217	4	NOUN	5	compound	hi
train-s217	5	NOUN	6	nsubj	hi
train-s217	6	VERB	0	root	en
train-s217	7	ADJ	6	compound	en
train-s217	8	ADP	10	case	en
train-s218	1	ADJ	2	amod	en
train-s218	2	NOUN	5	obj	en
train-s218	3	ADV	5	advmod	hi
train-s218	4	ADP	3	case	hi
train-s218	5	VERB	0	root	hi
train-s218	6	AUX	5	aux	hi
train-s218	7	AUX	5	aux	hi
train-s218	8	NOUN	5	nsubj	hi
train-s219	1	NOUN	3	nmod	hi
train-s219	2	ADP	1	case	hi
train-s219	3	NOUN	8	obl	hi
train-s219	4	ADP	3	case	hi
train-s219	5	PRON	8	nsubj	hi
train-s219	6	PRON	8	obj	hi
train-s219	7	NOUN	8	nmod	hi
train-s219	8	VERB	0	root	hi
train-s219	9	AUX	8	aux	hi
train-s219	10	CCONJ	15	cc	en
train-s219	11	DET	12	det	en
train-s219	12	NOUN	15	nsubj	hi
train-s219	13	AUX	15	cop	en
train-s219	14	ADV	15	advmod	en
train-s219	15	ADJ	8	conj	en
train-s219	16	SCONJ	18	mark	hi
train-s219	17	PRON	18	nsubj	hi
train-s219	18	VERB	15	acl	hi
train-s219	19	PART	18	advmod	hi
train-s219	20	AUX	18	aux	hi
train-s220	2	AUX	5	aux	en
train-s220	3	AUX	5	aux	en
train-s220	4	ADV	5	advmod	en
train-s220	5	VERB	0	root	en
train-s220	6	PRON	5	obj	en
train-s220	7	ADP	17	case	en
train-s220	9	PRON	10	nsubj	hi
train-s220	10	VERB	17	amod	hi
train-s220	11	AUX	10	aux	hi
train-s220	12	PRON	13	nmod	hi
train-s220	13	NOUN	14	nsubj	hi
train-s220	14	PRON	10	obj	hi
train-s220	15	AUX	14	cop	hi
train-s220	17	NOUN	5	acl	hi
train-s220	18	PART	5	advmod	en
train-s221	1	DET	4	det	hi
train-s221	2	ADV	3	advmod	en
train-s221	3	ADJ	4	amod	en
train-s221	4	NOUN	10	nsubj	en
train-s221	6	ADP	5	case	hi
train-s221	7	DET	8	det	hi
train-s221	8	ADJ	10	xcomp	hi
train-s221	9	PART	10	advmod	hi
train-s221	10	VERB	0	root	hi
train-s221	11	AUX	10	aux	hi
train-s221	12	NOUN	10	nmod	hi
train-s222	1	ADP	2	case	en
train-s222	4	SCONJ	7	mark	en
train-s222	5	PRON	7	nsubj	en
train-s222	6	AUX	7	aux	en
train-s222	7	VERB	18	advcl	en
train-s222	8	DET	9	det	en
train-s222	9	NOUN	7	obj	en
train-s222	10	ADV	7	advmod	en
train-s222	12	NOUN	18	nsubj	en
train-s222	13	AUX	18	cop	en
train-s222	14	NOUN	18	nsubj	en
train-s222	15	ADP	14	case	hi
train-s222	16	NOUN	18	obj	hi
train-s222	17	ADJ	18	acl	hi
train-s222	18	VERB	0	root	hi
train-s222	19	AUX	18	aux	hi
train-s223	2	NOUN	0	root	hi
train-s223	3	PART	2	advmod	hi
train-s223	4	CCONJ	8	cc	en
train-s223	5	PRON	6	nmod	hi
train-s223	6	NOUN	8	nsubj	en
train-s223	8	NOUN	2	conj	en
train-s223	9	PART	8	advmod	hi
train-s223	10	AUX	8	cop	hi
train-s223	11	ADJ	8	amod	en
train-s224	2	INTJ	16	discourse	en
train-s224	3	NOUN	16	vocative	en
train-s224	4	CCONJ	7	cc	en
train-s224	5	PRON	7	nmod	en
train-s224	6	ADJ	7	amod	en
train-s224	7	NOUN	3	conj	en
train-s224	8	PRON	11	obj	hi
train-s224	9	ADP	8	case	hi
train-s224	10	NOUN	11	compound	hi
train-s224	11	VERB	16	advcl	hi
train-s224	12	AUX	11	aux	hi
train-s224	13	ADV	15	advmod	hi
train-s224	14	ADV	13	compound	hi
train-s224	15	ADJ	16	compound	hi
train-s224	16	VERB	0	root	hi
train-s225	1	ADV	5	advmod	en
train-s225	2	PRON	3	nmod	en
train-s225	3	NOUN	5	nsubj	en
train-s225	4	AUX	5	aux	en
train-s225	5	VERB	0	root	en
train-s225	6	ADV	7	advmod	en
train-s225	7	ADJ	5	xcomp	en
train-s225	8	SCONJ	10	mark	en
train-s225	9	PRON	10	nsubj	en
train-s225	10	VERB	7	acl	en
train-s225	11	DET	12	det	en
train-s225	12	NOUN	10	obj	en
train-s225	13	SCONJ	17	mark	hi
train-s225	14	ADV	17	advmod	hi
train-s225	15	DET	16	det	hi
train-s225	16	ADJ	17	compound	hi
train-s225	17	VERB	12	acl	hi
train-s225	18	AUX	17	aux	hi
train-s225	19	AUX	17	aux	hi
train-s226	1	NOUN	2	compound	en
train-s226	2	NOUN	3	nsubj	en
train-s226	3	VERB	0	root	en
train-s226	4	VERB	10	advcl	hi
train-s226	6	ADP	5	case	hi
train-s226	7	ADJ	9	amod	hi
train-s226	8	PART	7	advmod	hi
train-s226	9	NOUN	10	obj	en
train-s226	10	VERB	3	xcomp	hi
train-s226	11	CCONJ	13	cc	hi
train-s226	12	ADJ	13	compound	hi
train-s226	13	VERB	10	conj	hi
train-s227	1	DET	4	det	hi
train-s227	2	ADJ	4	amod	en
train-s227	3	NOUN	4	compound	en
train-s227	4	NOUN	6	acl	en
train-s227	5	PRON	6	obj	hi
train-s227	6	VERB	0	root	hi
train-s227	7	AUX	6	aux	hi
train-s228	1	PART	2	advmod	en
train-s228	2	NOUN	5	nmod	en
train-s228	3	PRON	5	obj	en
train-s228	4	NOUN	5	nsubj	en
train-s228	5	VERB	0	root	en
train-s228	7	DET	8	det	hi
train-s228	8	NOUN	5	conj	en
train-s228	9	NOUN	8	nmod	hi
train-s228	10	ADP	9	case	hi
train-s228	11	PART	9	advmod	hi
train-s228	12	AUX	8	cop	hi
train-s229	1	PRON	3	nsubj	en
train-s229	2	AUX	3	aux	en
train-s229	3	VERB	0	root	en
train-s229	4	PRON	3	obj	en
train-s229	5	SCONJ	9	mark	en
train-s229	6	DET	7	det	hi
train-s229	7	NOUN	9	nsubj	hi
train-s229	8	PART	7	advmod	hi
train-s229	9	VERB	3	advcl	hi
train-s229	10	PART	9	advmod	hi
train-s230	1	VERB	0	root	en
train-s230	2	PROPN	7	nsubj	hi
train-s230	4	AUX	7	cop	en
train-s230	5	DET	7	det	en
train-s230	6	ADJ	7	amod	en
train-s230	7	NOUN	1	obj	en
train-s230	8	SCONJ	13	mark	en
train-s230	9	NOUN	11	nmod	hi
train-s230	10	ADP	9	case	hi
train-s230	11	NOUN	13	nmod	hi
train-s230	12	ADP	11	case	hi
train-s230	13	ADJ	7	acl	hi
train-s230	14	AUX	13	cop	hi
train-s231	1	ADJ	4	amod	en
train-s231	2	ADJ	1	fixed	en
train-s231	3	NOUN	4	compound	en
train-s231	4	NOUN	7	obj	en
train-s231	5	ADP	4	case	hi
train-s231	6	NOUN	7	compound	hi
train-s231	7	VERB	0	root	hi
train-s231	8	NOUN	9	obj	hi
train-s231	9	VERB	7	parataxis	hi
train-s232	1	DET	2	det	en
train-s232	2	NOUN	4	nmod	en
train-s232	3	PRON	4	nsubj	en
train-s232	4	VERB	7	advcl	en
train-s232	5	ADP	4	compound	en
train-s232	6	PRON	7	nsubj	en
train-s232	7	VERB	0	root	en
train-s232	8	PRON	9	obj	hi
train-s232	9	VERB	11	advcl	hi
train-s232	10	AUX	9	aux	hi
train-s232	11	VERB	7	xcomp	hi
train-s233	1	ADV	5	advmod	hi
train-s233	2	NOUN	5	obj	hi
train-s233	3	NOUN	5	compound	en
train-s233	4	PART	5	advmod	hi
train-s233	5	VERB	0	root	hi
train-s233	6	CCONJ	11	cc	hi
train-s233	7	NOUN	11	nsubj	en
train-s233	8	NOUN	10	nmod	en
train-s233	9	ADP	8	case	hi
train-s233	10	NOUN	11	compound	hi
train-s233	11	VERB	5	conj	hi
train-s233	12	AUX	11	aux	hi
train-s234	2	CCONJ	3	cc	en
train-s234	4	AUX	7	cop	en
train-s234	5	DET	7	det	en
train-s234	6	ADJ	7	amod	en
train-s234	7	NOUN	0	root	en
train-s234	8	PRON	14	obj	hi
train-s234	10	ADJ	15	xcomp	hi
train-s234	11	PRON	12	nmod	hi
train-s234	12	NOUN	14	obl	hi
train-s234	13	ADP	12	case	hi
train-s234	14	VERB	15	advcl	hi
train-s234	15	VERB	7	acl:relcl	hi
train-s234	16	AUX	15	aux	hi
train-s234	17	AUX	15	aux	hi
train-s235	3	INTJ	7	discourse	en
train-s235	4	PRON	7	nsubj	hi
train-s235	5	PART	4	advmod	hi
train-s235	6	NOUN	7	compound	en
train-s235	7	VERB	0	root	hi
train-s235	8	ADJ	9	amod	hi
train-s235	9	NOUN	7	obj	en
train-s236	1	ADP	2	case	hi
train-s236	2	PROPN	11	obl	hi
train-s236	3	NOUN	4	compound	en
train-s236	4	NOUN	5	obj	en
train-s236	5	VERB	11	advcl	hi
train-s236	6	SCONJ	5	mark	hi
train-s236	7	ADJ	8	amod	en
train-s236	8	NOUN	11	nsubj	en
train-s236	9	NOUN	11	compound	hi
train-s236	10	PART	11	advmod	hi
train-s236	11	VERB	0	root	hi
train-s236	12	PRON	11	nsubj	hi
train-s237	1	NOUN	5	nsubj	en
train-s237	2	AUX	5	cop	en
train-s237	3	NOUN	4	nmod	en
train-s237	4	VERB	5	amod	en
train-s237	5	NOUN	0	root	en
train-s237	6	ADP	5	case	hi
train-s237	7	ADJ	8	amod	hi
train-s237	8	NOUN	5	orphan	hi
train-s238	1	PRON	4	nsubj	en
train-s238	2	ADV	3	advmod	en
train-s238	3	ADV	4	advmod	en
train-s238	4	VERB	0	root	en
train-s238	5	SCONJ	12	mark	en
train-s238	6	NOUN	11	obj	en
train-s238	7	NUM	6	nmod	hi
train-s238	8	ADP	7	case	hi
train-s238	9	NOUN	10	compound	hi
train-s238	10	NOUN	11	compound	hi
train-s238	11	VERB	12	advcl	hi
train-s238	12	VERB	4	ccomp	hi
train-s239	1	PRON	2	nmod	en
train-s239	2	NOUN	4	nsubj	en
train-s239	3	AUX	4	aux	en
train-s239	4	VERB	0	root	en
train-s239	5	NOUN	7	obl	hi
train-s239	6	ADP	5	case	hi
train-s239	7	VERB	4	advcl	hi
train-s239	8	VERB	7	compound	hi
train-s239	9	AUX	7	aux	hi
train-s240	2	ADP	5	case	en
train-s240	3	ADP	2	compound	en
train-s240	4	PRON	5	nmod	en
train-s240	5	NOUN	14	obl	en
train-s240	7	NOUN	14	vocative	hi
train-s240	8	NOUN	14	nsubj	en
train-s240	9	ADP	8	case	hi
train-s240	10	PRON	14	iobj	hi
train-s240	11	NOUN	12	obj	hi
train-s240	12	VERB	14	advcl	hi
train-s240	13	PART	14	advmod	hi
train-s240	14	VERB	0	root	hi
train-s241	1	VERB	4	advcl	hi
train-s241	2	PRON	4	advmod	hi
train-s241	3	NOUN	4	nsubj	hi
train-s241	4	VERB	0	root	hi
train-s241	5	AUX	4	aux	hi
train-s241	6	PRON	7	nsubj	hi
train-s241	7	VERB	13	advcl	hi
train-s241	8	SCONJ	13	mark	hi
train-s241	9	PRON	13	nsubj	en
train-s241	10	AUX	13	aux	en
train-s241	11	AUX	13	cop	en
train-s241	12	DET	13	det	en
train-s241	13	ADJ	4	ccomp	en
train-s242	1	NOUN	4	vocative	hi
train-s242	2	ADJ	3	amod	hi
train-s242	3	NOUN	4	nmod	en
train-s242	4	NOUN	0	root	en
train-s242	5	AUX	4	cop	hi
train-s242	7	ADP	6	case	hi
train-s242	8	ADJ	9	amod	en
train-s242	9	NOUN	4	nmod	en
train-s243	1	PRON	3	nsubj	en
train-s243	2	AUX	3	cop	en
train-s243	3	ADJ	0	root	en
train-s243	4	ADV	16	advmod	en
train-s243	9	NOUN	11	nmod	en
train-s243	10	ADV	11	compound	hi
train-s243	11	ADV	16	nsubj	hi
train-s243	13	AUX	16	cop	en
train-s243	14	ADV	16	advmod	en
train-s243	15	ADJ	16	amod	en
train-s243	16	ADV	3	advmod	hi
train-s243	18	CCONJ	22	cc	en
train-s243	19	ADV	20	advmod	en
train-s243	20	ADV	22	advmod	en
train-s243	21	ADV	22	advmod	en
train-s243	22	ADV	16	conj	hi
train-s244	2	NOUN	4	nmod	en
train-s244	3	ADP	2	case	hi
train-s244	4	NOUN	11	obl	hi
train-s244	5	ADP	4	case	hi
train-s244	7	NOUN	9	nmod	hi
train-s244	8	NOUN	9	obj	hi
train-s244	9	VERB	11	csubj	hi
train-s244	10	NOUN	11	compound	en
train-s244	11	VERB	0	root	hi
train-s245	1	ADV	8	advmod	en
train-s245	2	PRON	3	nmod	hi
train-s245	3	NOUN	8	obl	hi
train-s245	4	ADP	3	case	hi
train-s245	6	NOUN	8	compound	en
train-s245	7	PART	8	advmod	hi
train-s245	8	VERB	0	root	hi
train-s245	9	AUX	8	aux	hi
train-s245	10	AUX	8	aux	hi
train-s246	2	ADV	3	advmod	en
train-s246	3	ADJ	0	root	en
train-s246	4	SCONJ	5	mark	en
train-s246	5	VERB	3	advcl	en
train-s246	7	NOUN	10	obl	hi
train-s246	8	ADP	7	case	hi
train-s246	9	NOUN	10	compound	hi
train-s246	10	VERB	5	xcomp	hi
train-s247	2	VERB	0	root	en
train-s247	3	PRON	4	nmod	en
train-s247	4	NOUN	2	obj	en
train-s247	5	ADP	8	case	en
train-s247	7	ADV	8	advmod	hi
train-s247	8	VERB	2	advcl	hi
train-s247	9	AUX	8	aux	hi
train-s247	10	PRON	8	nsubj	hi
train-s247	11	NOUN	8	vocative	hi
train-s247	13	ADV	14	advmod	hi
train-s247	14	VERB	8	parataxis	hi
train-s248	1	ADJ	2	amod	en
train-s248	2	NOUN	5	nmod	en
train-s248	3	ADP	2	case	hi
train-s248	4	NUM	5	nummod	hi
train-s248	5	NOUN	6	obj	en
train-s248	6	VERB	12	advcl	hi
train-s248	7	SCONJ	12	mark	hi
train-s248	8	DET	9	det	hi
train-s248	9	NOUN	12	nsubj	hi
train-s248	10	ADV	11	advmod	hi
train-s248	11	ADJ	12	xcomp	hi
train-s248	12	VERB	0	root	hi
train-s248	13	AUX	12	aux	hi
train-s249	1	PRON	5	nsubj	en
train-s249	2	AUX	5	cop	en
train-s249	3	DET	5	det	en
train-s249	4	ADJ	5	amod	hi
train-s249	5	NOUN	0	root	hi
train-s249	6	ADP	8	case	en
train-s249	7	DET	8	det	en
train-s249	8	NOUN	5	nmod	hi
train-s250	1	PROPN	3	nmod	hi
train-s250	2	NOUN	3	compound	hi
train-s250	3	NOUN	10	nsubj	hi
train-s250	4	AUX	10	cop	en
train-s250	5	DET	10	det	en
train-s250	6	ADV	7	advmod	en
train-s250	7	ADJ	10	amod	en
train-s250	8	CCONJ	9	cc	en
train-s250	9	ADJ	7	conj	en
train-s250	10	NOUN	0	root	en
train-s250	11	ADP	12	case	en
train-s250	12	NOUN	10	nmod	en
train-s251	1	NOUN	2	nsubj	en
train-s251	2	VERB	0	root	en
train-s251	4	ADP	3	case	hi
train-s251	5	NOUN	11	obj	en
train-s251	6	PART	5	advmod	hi
train-s251	7	DET	9	det	hi
train-s251	8	PART	9	advmod	hi
train-s251	9	NOUN	11	obl	en
train-s251	10	ADP	9	case	hi
train-s251	11	VERB	2	xcomp	hi
train-s252	1	VERB	0	root	hi
train-s252	2	NOUN	1	vocative	hi
train-s252	5	ADP	3	case	hi
train-s252	6	VERB	8	amod	en
train-s252	7	PART	6	advmod	en
train-s252	8	NOUN	9	nsubj	en
train-s252	9	NOUN	1	nmod	hi
train-s253	1	ADP	2	case	en
train-s253	2	NOUN	4	obl	en
train-s253	3	PRON	4	nsubj	en
train-s253	4	VERB	0	root	en
train-s253	5	ADP	6	case	en
train-s253	6	PRON	4	obj	en
train-s253	7	SCONJ	15	mark	en
train-s253	8	PRON	9	nmod	hi
train-s253	9	NOUN	15	obl	hi
train-s253	10	ADP	9	case	hi
train-s253	11	PART	9	advmod	hi
train-s253	12	PRON	14	nmod	hi
train-s253	13	PART	12	advmod	hi
train-s253	14	NOUN	15	compound	hi
train-s253	15	VERB	4	advcl	hi
train-s254	1	DET	2	det	en
train-s254	2	NOUN	15	nsubj	en
train-s254	3	PRON	6	nsubj	en
train-s254	4	AUX	6	aux	en
train-s254	5	PART	6	advmod	en
train-s254	6	VERB	2	acl:relcl	en
train-s254	7	VERB	6	xcomp	en
train-s254	8	PRON	9	nmod	en
train-s254	9	NOUN	7	obj	en
train-s254	10	ADP	11	case	en
train-s254	11	PRON	7	iobj	en
train-s254	13	NOUN	15	nmod	hi
train-s254	14	ADP	13	case	hi
train-s254	15	NOUN	0	root	hi
train-s254	16	AUX	15	cop	hi
train-s255	1	ADV	6	advmod	hi
train-s255	2	ADP	1	case	hi
train-s255	3	CCONJ	4	cc	hi
train-s255	4	ADV	1	conj	hi
train-s255	5	NOUN	6	obj	en
train-s255	6	VERB	0	root	hi
train-s255	7	NOUN	6	vocative	en
train-s256	1	DET	2	det	en
train-s256	2	NOUN	20	nsubj	en
train-s256	3	SCONJ	4	mark	en
train-s256	4	VERB	2	acl	en
train-s256	5	ADP	8	case	en
train-s256	8	NOUN	17	obl	en
train-s256	10	ADP	17	case	en
train-s256	12	NOUN	17	vocative	hi
train-s256	14	NOUN	17	nsubj	hi
train-s256	15	ADV	17	mark	hi
train-s256	16	ADJ	17	compound	hi
train-s256	17	VERB	20	advcl	hi
train-s256	19	AUX	20	cop	en
train-s256	20	ADJ	0	root	en
train-s257	1	NOUN	3	obj	en
train-s257	2	NOUN	3	compound	en
train-s257	3	VERB	0	root	hi
train-s257	4	AUX	3	aux	hi
train-s257	5	AUX	3	aux	hi
train-s258	1	PRON	2	nsubj	en
train-s258	2	VERB	0	root	en
train-s258	3	ADP	4	case	en
train-s258	4	VERB	2	advcl	hi
train-s258	5	PRON	4	obj	hi
train-s258	6	ADP	5	case	hi
train-s258	7	CCONJ	8	cc	en
train-s258	8	VERB	4	conj	hi
train-s258	9	PRON	8	obj	hi
train-s259	1	ADV	7	advmod	hi
train-s259	2	PART	1	advmod	hi
train-s259	4	PART	3	advmod	hi
train-s259	5	NOUN	7	compound	en
train-s259	6	PART	7	advmod	hi
train-s259	7	VERB	0	root	hi
train-s259	8	PRON	7	nsubj	hi
train-s259	9	ADP	8	case	hi
train-s259	10	CCONJ	11	cc	en
train-s259	11	ADJ	7	conj	en
train-s259	12	ADP	13	case	en
train-s259	13	PRON	11	advmod	en
train-s259	14	PART	16	advmod	en
train-s259	15	PART	16	mark	en
train-s259	16	VERB	11	advcl	en
train-s260	1	NOUN	5	nmod	en
train-s260	2	ADP	1	case	hi
train-s260	3	ADV	4	advmod	hi
train-s260	4	ADJ	5	amod	hi
train-s260	5	NOUN	0	root	en
train-s260	6	AUX	5	cop	hi
train-s260	7	CCONJ	9	cc	en
train-s260	8	PRON	9	nsubj	en
train-s260	9	VERB	5	conj	en
train-s260	10	AUX	12	aux	en
train-s260	11	PART	12	advmod	en
train-s260	12	VERB	9	xcomp	en
train-s260	13	ADP	16	case	en
train-s260	14	ADJ	16	amod	en
train-s260	16	NOUN	12	obl	en
train-s261	1	ADV	7	advmod	en
train-s261	3	NOUN	5	nmod	hi
train-s261	4	ADP	3	case	hi
train-s261	5	NOUN	6	nmod	hi
train-s261	6	NOUN	7	nsubj	en
train-s261	7	VERB	0	root	en
train-s261	8	DET	9	det	en
train-s261	9	NOUN	7	xcomp	en
train-s261	10	ADV	7	advmod	en
train-s262	1	NOUN	4	nsubj	hi
train-s262	2	ADV	4	advmod	hi
train-s262	3	PART	2	advmod	hi
train-s262	4	VERB	0	root	hi
train-s262	5	PART	4	advmod	hi
train-s262	6	AUX	4	aux	hi
train-s262	7	ADV	8	mark	hi
train-s262	8	VERB	11	acl:relcl	hi
train-s262	9	AUX	8	aux	hi
train-s262	10	AUX	8	aux	hi
train-s262	11	PRON	17	nmod	hi
train-s262	12	ADJ	14	amod	en
train-s262	13	PART	12	advmod	en
train-s262	14	NOUN	17	nsubj	en
train-s262	15	AUX	17	aux	en
train-s262	16	PART	17	advmod	en
train-s262	17	VERB	4	advcl	en
train-s262	18	PRON	19	nsubj	en
train-s262	19	VERB	17	ccomp	en
train-s262	20	ADP	21	case	en
train-s262	21	ADV	19	obl	en
train-s263	1	PRON	3	nsubj	en
train-s263	2	ADV	3	advmod	en
train-s263	3	VERB	0	root	en
train-s263	5	VERB	3	xcomp	hi
train-s264	1	NOUN	2	compound	en
train-s264	2	NOUN	5	nmod	en
train-s264	3	ADP	2	case	hi
train-s264	4	DET	5	det	hi
train-s264	5	NOUN	9	obj	en
train-s264	6	ADJ	7	amod	hi
train-s264	8	ADP	7	case	hi
train-s264	9	VERB	0	root	hi
train-s264	10	AUX	9	aux	hi
train-s264	11	AUX	9	aux	hi
train-s264	13	ADV	9	parataxis	hi
train-s264	14	PART	13	advmod	hi
train-s264	15	NOUN	13	orphan	en
train-s265	1	PRON	2	nmod	en
train-s265	2	NOUN	3	nsubj	en
train-s265	3	VERB	0	root	en
train-s265	4	PRON	3	iobj	en
train-s265	5	DET	8	det	en
train-s265	7	NOUN	8	compound	en
train-s265	8	NOUN	3	obj	en
train-s265	9	PART	10	mark	en
train-s265	10	VERB	8	acl	en
train-s265	11	ADP	12	case	en
train-s265	14	PART	17	advmod	hi
train-s265	15	DET	16	det	hi
train-s265	16	PROPN	17	nsubj	hi
train-s265	17	VERB	3	parataxis	hi
train-s265	18	AUX	17	aux	hi
train-s265	19	CCONJ	23	cc	hi
train-s265	20	PART	23	advmod	hi
train-s265	21	PART	20	advmod	hi
train-s265	22	DET	23	det	hi
train-s266	1	PRON	3	nsubj	en
train-s266	2	INTJ	3	discourse	en
train-s266	3	VERB	0	root	en
train-s266	4	PRON	3	iobj	en
train-s266	5	NOUN	9	nsubj	en
train-s266	6	PRON	5	nmod	hi
train-s266	7	ADP	6	case	hi
train-s266	8	ADV	9	compound	en
train-s266	9	VERB	3	xcomp	hi
train-s266	10	AUX	9	aux	hi
train-s266	11	NOUN	9	nmod	hi
train-s267	2	NUM	4	nummod	hi
train-s267	3	DET	4	det	hi
train-s267	4	NOUN	6	nsubj	hi
train-s267	5	PART	4	advmod	hi
train-s267	6	VERB	0	root	hi
train-s267	7	NOUN	11	nsubj	hi
train-s267	8	NOUN	9	compound	en
train-s267	9	VERB	11	advcl	hi
train-s267	10	AUX	9	aux	hi
train-s267	11	VERB	4	acl:relcl	hi
train-s267	13	PRON	16	nsubj	en
train-s267	14	AUX	16	aux	en
train-s267	15	ADV	16	advmod	en
train-s267	16	VERB	11	xcomp	en
train-s268	2	ADP	6	case	en
train-s268	3	DET	6	det	en
train-s268	4	ADJ	6	amod	en
train-s268	6	NOUN	17	obl	en
train-s268	7	PRON	17	expl	en
train-s268	8	AUX	17	cop	en
train-s268	9	DET	17	det	en
train-s268	11	SCONJ	13	mark	hi
train-s268	12	PRON	13	nsubj	hi
train-s268	13	VERB	17	advcl	hi
train-s268	14	AUX	13	aux	hi
train-s268	16	NOUN	17	obj	hi
train-s268	17	VERB	0	root	hi
train-s268	18	AUX	17	aux	hi
train-s268	19	PRON	17	nsubj	hi
train-s269	1	DET	2	det	hi
train-s269	2	NOUN	5	obj	en
train-s269	3	PART	2	advmod	hi
train-s269	4	NOUN	5	compound	en
train-s269	5	VERB	0	root	hi
train-s269	6	AUX	5	aux	hi
train-s269	7	AUX	5	aux	hi
train-s270	1	PRON	2	nsubj	en
train-s270	2	VERB	0	root	en
train-s270	3	PRON	5	nsubj	hi
train-s270	4	ADJ	5	xcomp	hi
train-s270	5	VERB	2	xcomp	hi
train-s270	6	AUX	5	aux	hi
train-s270	7	AUX	5	aux	hi
train-s271	2	VERB	0	root	hi
train-s271	3	AUX	2	aux	hi
train-s271	4	PROPN	6	nsubj	en
train-s271	5	AUX	6	aux	en
train-s271	6	VERB	2	xcomp	en
train-s271	7	PRON	6	obj	en
train-s271	8	ADP	9	case	en
train-s272	1	PRON	2	nsubj	en
train-s272	2	VERB	0	root	en
train-s272	3	ADJ	4	amod	hi
train-s272	4	NOUN	6	nmod	hi
train-s272	5	ADP	4	case	hi
train-s272	6	NOUN	2	obj	hi
train-s272	7	PRON	12	obj	hi
train-s272	8	PRON	12	nsubj	hi
train-s272	9	PRON	12	obl	hi
train-s272	10	ADP	9	case	hi
train-s272	11	ADP	9	case	hi
train-s272	12	VERB	6	acl:relcl	hi
train-s272	13	AUX	12	aux	hi
train-s273	2	SCONJ	4	mark	en
train-s273	3	PRON	4	iobj	en
train-s273	4	VERB	1	advcl	en
train-s273	5	NOUN	8	nmod	hi
train-s273	6	ADP	5	case	hi
train-s273	7	ADP	5	case	hi
train-s273	8	PRON	4	obj	hi
train-s273	9	AUX	8	cop	hi
train-s274	2	NOUN	6	nsubj	en
train-s274	3	AUX	6	cop	en
train-s274	4	DET	6	det	en
train-s274	5	ADJ	6	amod	hi
train-s274	6	NOUN	0	root	hi
train-s274	7	ADV	8	advmod	en
train-s274	8	ADP	10	case	en
train-s274	9	DET	10	det	en
train-s274	10	NOUN	6	nmod	en
train-s275	2	NOUN	18	nsubj	en
train-s275	3	ADP	4	case	en
train-s275	4	NOUN	2	nmod	en
train-s275	5	VERB	2	acl	en
train-s275	6	PRON	7	nmod	en
train-s275	7	NOUN	5	obj	en
train-s275	9	PROPN	12	nsubj	hi
train-s275	10	PART	9	advmod	hi
train-s275	11	ADV	12	advmod	hi
train-s275	12	ADJ	7	acl	en
train-s275	13	AUX	12	cop	hi
train-s275	15	AUX	18	cop	en
train-s275	16	ADV	18	advmod	en
train-s275	17	ADV	18	advmod	en
train-s275	18	ADJ	0	root	en
train-s275	19	ADV	20	advmod	en
train-s275	20	ADV	18	advmod	en
train-s276	1	NOUN	4	vocative	hi
train-s276	2	NOUN	4	obj	en
train-s276	3	NOUN	4	compound	en
train-s276	4	VERB	0	root	hi
train-s276	5	ADV	4	advmod	hi
train-s277	1	INTJ	7	discourse	hi
train-s277	2	NOUN	7	nmod	hi
train-s277	3	ADJ	4	amod	en
train-s277	4	NOUN	7	nsubj	en
train-s277	5	ADV	6	advmod	hi
train-s277	6	ADJ	7	xcomp	hi
train-s277	7	VERB	0	root	hi
train-s277	8	AUX	7	aux	hi
train-s277	9	AUX	7	aux	hi
train-s278	2	ADJ	3	amod	en
train-s278	5	VERB	10	advcl	hi
train-s278	6	AUX	5	aux	hi
train-s278	7	SCONJ	5	mark	hi
train-s278	8	PRON	10	nsubj	en
train-s278	9	AUX	10	aux	en
train-s278	10	VERB	0	root	en
train-s278	11	VERB	10	xcomp	en
train-s278	12	PRON	11	obj	en
train-s279	2	DET	3	det	en
train-s279	3	NOUN	4	nsubj	en
train-s279	4	VERB	0	root	en
train-s279	5	SCONJ	11	mark	en
train-s279	7	DET	8	det	hi
train-s279	8	NOUN	11	obj	hi
train-s279	9	PRON	11	nsubj	hi
train-s279	10	PART	11	advmod	hi
train-s279	11	VERB	4	advcl	hi
train-s279	13	VERB	11	conj	en
train-s279	14	SCONJ	19	mark	en
train-s279	16	NOUN	19	nsubj	hi
train-s279	17	NOUN	19	xcomp	hi
train-s279	18	PART	19	advmod	hi
train-s279	19	VERB	13	advcl	hi
train-s280	4	AUX	5	aux	en
train-s280	5	VERB	0	root	en
train-s280	8	VERB	5	xcomp	en
train-s280	10	NOUN	17	vocative	hi
train-s280	11	DET	13	det	hi
train-s280	12	ADJ	13	amod	hi
train-s280	13	NOUN	17	obj	en
train-s280	14	NOUN	17	compound	en
train-s280	15	ADV	17	advmod	hi
train-s280	16	PART	17	advmod	hi
train-s280	17	VERB	8	xcomp	hi
train-s281	2	AUX	3	aux	en
train-s281	3	VERB	0	root	en
train-s281	4	ADJ	6	compound	hi
train-s281	5	PART	6	advmod	hi
train-s281	6	VERB	7	advcl	hi
train-s281	8	AUX	7	cop	hi
train-s281	9	ADP	14	case	en
train-s281	10	NOUN	14	vocative	en
train-s281	11	PRON	14	nsubj	hi
train-s281	12	PRON	14	iobj	hi
train-s281	13	ADP	12	case	hi
train-s281	14	VERB	3	acl	hi
train-s281	15	PRON	14	nsubj	hi
train-s281	16	AUX	14	aux	hi
train-s282	1	DET	4	det	hi
train-s282	2	PART	1	advmod	hi
train-s282	3	DET	4	det	hi
train-s282	4	NOUN	0	root	en
train-s282	5	SCONJ	14	mark	hi
train-s282	6	NOUN	14	nsubj	hi
train-s282	7	NOUN	8	compound	en
train-s282	8	NOUN	10	nmod	en
train-s282	9	ADP	8	case	hi
train-s282	10	NOUN	13	compound	en
train-s282	11	PART	10	advmod	hi
train-s282	12	PART	13	advmod	hi
train-s282	13	VERB	14	xcomp	hi
train-s282	14	VERB	4	acl	hi
train-s283	2	ADP	1	case	hi
train-s283	3	NOUN	5	nmod	en
train-s283	4	ADP	3	case	hi
train-s283	5	NOUN	8	nmod	en
train-s283	6	ADP	5	case	hi
train-s283	8	NOUN	10	nsubj	en
train-s283	10	ADJ	0	root	en
train-s283	11	AUX	10	cop	hi
train-s283	12	AUX	10	aux	hi
train-s284	1	NOUN	9	nsubj	hi
train-s284	2	NOUN	1	orphan	hi
train-s284	3	ADP	2	case	hi
train-s284	4	CCONJ	5	cc	hi
train-s284	5	NOUN	1	conj	hi
train-s284	6	NOUN	5	orphan	hi
train-s284	7	ADP	6	case	hi
train-s284	8	AUX	9	aux	en
train-s284	9	VERB	0	root	en
train-s284	10	PRON	11	nmod	en
train-s284	11	NOUN	9	obj	en
train-s284	12	SCONJ	13	mark	en
train-s284	13	VERB	9	advcl	en
train-s284	14	NOUN	13	obj	en
train-s285	2	VERB	0	root	en
train-s285	3	PRON	4	nmod	en
train-s285	4	NOUN	2	iobj	en
train-s285	5	PRON	6	nsubj	en
train-s285	6	VERB	2	conj	en
train-s285	8	SCONJ	12	mark	hi
train-s285	9	PRON	12	nsubj	hi
train-s285	10	ADJ	11	amod	hi
train-s285	11	NOUN	12	obj	hi
train-s285	12	VERB	17	advcl	hi
train-s285	13	AUX	12	aux	hi
train-s285	14	SCONJ	17	mark	hi
train-s285	15	NOUN	17	compound	hi
train-s285	16	PART	15	advmod	hi
train-s285	17	VERB	6	xcomp	hi
train-s285	18	AUX	17	aux	hi
train-s286	2	PRON	4	nsubj	en
train-s286	3	ADV	4	advmod	en
train-s286	4	VERB	0	root	en
train-s286	5	PART	6	mark	en
train-s286	6	VERB	4	xcomp	en
train-s286	7	ADJ	6	obj	en
train-s286	8	PART	10	mark	en
train-s286	9	PART	10	advmod	en
train-s286	10	VERB	6	xcomp	en
train-s286	11	DET	12	det	en
train-s286	12	NOUN	10	obj	en
train-s286	14	PRON	17	nmod	hi
train-s286	15	DET	16	det	hi
train-s286	16	NOUN	17	nsubj	en
train-s286	17	VERB	12	acl	hi
train-s286	18	AUX	17	aux	hi
train-s287	2	ADV	4	advmod	en
train-s287	3	DET	4	det	en
train-s287	4	NOUN	0	root	en
train-s287	5	PRON	6	nsubj	en
train-s287	6	VERB	4	acl:relcl	en
train-s287	7	DET	10	det	en
train-s287	8	ADJ	10	amod	en
train-s287	9	NOUN	10	compound	en
train-s287	10	NOUN	6	obj	en
train-s287	12	NOUN	15	vocative	hi
train-s287	13	PRON	15	nsubj	hi
train-s287	14	PRON	15	obj	hi
train-s287	15	VERB	4	acl	hi
train-s287	16	AUX	15	aux	hi
train-s287	17	AUX	15	aux	hi
train-s288	2	DET	3	det	en
train-s288	3	NOUN	6	nmod	en
train-s288	6	VERB	0	root	en
train-s288	7	DET	8	det	en
train-s288	9	ADP	11	case	en
train-s288	10	DET	11	det	en
train-s288	11	NOUN	6	obl	en
train-s288	13	ADV	14	advmod	hi
train-s288	14	PRON	6	parataxis	hi
train-s288	15	AUX	14	cop	hi
train-s288	17	PART	18	advmod	hi
train-s288	19	VERB	14	acl	hi
train-s288	20	AUX	19	aux	hi
train-s288	21	NOUN	19	compound	hi
train-s289	2	CCONJ	3	cc	hi
train-s289	4	ADP	1	case	hi
train-s289	5	ADJ	6	amod	hi
train-s289	6	NOUN	9	nsubj	hi
train-s289	7	NOUN	9	compound	en
train-s289	8	NOUN	9	compound	en
train-s289	9	NOUN	0	root	en
train-s289	10	AUX	9	cop	hi
train-s290	2	NOUN	11	vocative	en
train-s290	3	PART	2	advmod	hi
train-s290	4	PRON	11	nsubj	hi
train-s290	5	PRON	7	nmod	hi
train-s290	6	NOUN	7	compound	en
train-s290	7	NOUN	11	obl	en
train-s290	8	ADP	7	case	hi
train-s290	9	ADP	7	case	hi
train-s290	10	NOUN	11	compound	en
train-s290	11	VERB	0	root	hi
train-s290	12	AUX	11	aux	hi
train-s290	13	PART	12	advmod	hi
train-s291	2	PRON	13	nsubj	en
train-s291	3	AUX	13	cop	en
train-s291	4	DET	13	det	en
train-s291	6	NUM	7	compound	hi
train-s291	7	NUM	8	nummod	hi
train-s291	8	NOUN	11	obl	en
train-s291	9	ADP	8	case	hi
train-s291	10	ADP	8	case	hi
train-s291	11	VERB	13	amod	hi
train-s291	12	SCONJ	11	mark	hi
train-s291	13	NOUN	0	root	en
train-s291	15	PRON	16	nsubj	en
train-s291	16	VERB	13	acl:relcl	en
train-s291	17	PRON	16	iobj	en
train-s291	18	VERB	16	xcomp	en
train-s291	19	PART	20	mark	en
train-s291	20	VERB	18	xcomp	en
train-s291	21	NOUN	20	obj	en
train-s292	1	ADJ	2	amod	en
train-s292	2	NOUN	4	obj	hi
train-s292	3	ADP	2	case	hi
train-s292	4	VERB	10	csubj	en
train-s292	5	AUX	4	aux	hi
train-s292	6	AUX	10	cop	en
train-s292	7	DET	10	det	en
train-s292	8	ADV	9	advmod	en
train-s292	9	ADJ	10	amod	en
train-s292	10	NOUN	0	root	en
train-s293	1	NOUN	8	vocative	hi
train-s293	3	ADP	2	case	hi
train-s293	5	ADP	4	case	hi
train-s293	6	NOUN	7	obj	en
train-s293	7	VERB	8	advcl	hi
train-s293	8	VERB	0	root	hi
train-s293	9	AUX	8	aux	hi
train-s293	10	SCONJ	17	mark	hi
train-s293	11	NOUN	12	compound	en
train-s293	12	VERB	15	advcl	hi
train-s293	13	NOUN	17	nmod	hi
train-s293	14	ADP	13	case	hi
train-s293	15	VERB	17	csubj	hi
train-s293	16	AUX	17	cop	en
train-s293	17	ADJ	8	ccomp	en
train-s294	1	NOUN	6	vocative	hi
train-s294	2	PRON	6	nsubj	hi
train-s294	3	ADV	4	advmod	hi
train-s294	4	ADV	5	advmod	hi
train-s294	5	ADJ	6	xcomp	hi
train-s294	6	VERB	0	root	hi
train-s294	7	AUX	6	aux	hi
train-s294	8	ADP	10	case	en
train-s294	9	DET	10	det	en
train-s294	10	NOUN	11	nmod	en
train-s295	2	PRON	4	nsubj	en
train-s295	3	AUX	4	aux	en
train-s295	4	VERB	0	root	en
train-s295	5	DET	7	det	en
train-s295	6	NOUN	7	compound	en
train-s295	7	NOUN	4	obj	en
train-s295	8	CCONJ	13	cc	en
train-s295	9	PART	13	advmod	en
train-s295	10	NOUN	13	nmod	en
train-s295	11	PART	10	case	en
train-s295	13	VERB	4	conj	hi
train-s295	14	PRON	15	nmod	hi
train-s295	15	NOUN	13	compound	hi
train-s296	1	ADV	2	advmod	en
train-s296	2	VERB	0	root	en
train-s296	3	NOUN	2	nsubj	en
train-s296	4	PRON	5	nsubj	en
train-s296	5	VERB	3	acl:relcl	en
train-s296	6	NOUN	8	obj	en
train-s296	7	PART	8	advmod	hi
train-s296	8	VERB	5	xcomp	hi
train-s296	9	CCONJ	11	cc	hi
train-s296	10	NOUN	11	obj	en
train-s296	11	VERB	8	conj	hi
train-s296	12	AUX	11	aux	hi
train-s296	13	AUX	11	aux	hi
train-s297	1	NOUN	14	vocative	hi
train-s297	2	ADV	14	advmod	hi
train-s297	3	DET	8	det	hi
train-s297	4	ADJ	6	amod	en
train-s297	5	ADP	6	case	en
train-s297	6	PRON	8	appos	en
train-s297	7	PROPN	14	obj	en
train-s297	9	ADP	7	case	hi
train-s297	10	ADJ	11	amod	en
train-s297	11	NOUN	14	obl	en
train-s297	12	ADP	11	case	hi
train-s297	13	ADJ	14	compound	hi
train-s297	14	VERB	0	root	hi
train-s298	1	NOUN	0	root	en
train-s298	2	NOUN	1	nmod	en
train-s298	3	CCONJ	4	cc	en
train-s298	4	VERB	1	conj	en
train-s298	5	ADJ	4	xcomp	en
train-s298	6	ADP	8	case	en
train-s298	7	DET	8	det	en
train-s298	8	NOUN	5	nmod	en
train-s298	9	PRON	12	nmod	hi
train-s298	10	ADP	9	case	hi
train-s298	11	PRON	12	nsubj	hi
train-s298	12	NOUN	14	acl:relcl	en
train-s298	13	AUX	12	cop	hi
train-s298	14	PRON	17	nsubj	hi
train-s298	15	PART	14	advmod	hi
train-s298	16	NOUN	17	compound	en
train-s298	17	VERB	8	acl	hi
train-s298	18	AUX	17	aux	hi
train-s298	19	AUX	17	aux	hi
train-s299	1	AUX	4	aux	en
train-s299	2	PRON	4	nsubj	en
train-s299	3	ADV	4	advmod	en
train-s299	4	VERB	0	root	en
train-s299	5	DET	10	det	en
train-s299	6	PRON	10	acl	hi
train-s299	7	PRON	9	nmod	hi
train-s299	8	AUX	6	cop	hi
train-s299	9	PRON	6	nsubj	hi
train-s299	10	NOUN	4	obj	en
train-s300	1	ADV	2	advmod	hi
train-s300	2	NOUN	3	obj	en
train-s300	3	VERB	0	root	hi
train-s300	4	AUX	3	aux	hi
train-s300	5	AUX	3	aux	hi
train-s300	6	NOUN	8	nmod	hi
train-s300	7	ADP	6	case	hi
train-s300	8	NOUN	10	obj	en
train-s300	9	NOUN	10	compound	en
train-s300	10	VERB	3	advcl	hi
train-s300	11	SCONJ	10	mark	hi
train-s301	2	PRON	4	nsubj	en
train-s301	3	PART	4	advmod	en
train-s301	4	VERB	0	root	en
train-s301	6	NOUN	7	compound	hi
train-s301	7	VERB	4	xcomp	hi
train-s301	8	AUX	7	aux	hi
train-s301	9	AUX	7	aux	hi
train-s301	11	CCONJ	13	cc	en
train-s301	12	AUX	13	aux	en
train-s301	13	VERB	7	conj	en
train-s301	14	NOUN	13	obl	en
train-s301	15	ADP	14	case	en
train-s302	2	NOUN	4	nsubj	en
train-s302	3	PART	2	advmod	hi
train-s302	4	VERB	0	root	hi
train-s302	5	PART	4	advmod	hi
train-s302	6	AUX	4	aux	hi
train-s302	7	AUX	4	aux	hi
train-s302	10	PROPN	11	nmod	en
train-s302	11	NOUN	13	nmod	en
train-s303	1	DET	3	det	en
train-s303	2	NUM	3	nummod	en
train-s303	3	NOUN	4	nmod	en
train-s303	4	PRON	10	nmod	hi
train-s303	5	NUM	6	nummod	hi
train-s303	6	NOUN	10	nmod	hi
train-s303	7	PART	6	advmod	hi
train-s303	8	NOUN	10	compound	hi
train-s303	9	PART	10	advmod	hi
train-s303	10	VERB	16	advcl	hi
train-s303	11	SCONJ	16	mark	hi
train-s303	12	NOUN	16	nsubj	en
train-s303	13	ADV	16	advmod	en
train-s303	14	PART	13	advmod	hi
train-s303	15	PART	13	advmod	hi
train-s303	16	VERB	0	root	hi
train-s303	17	AUX	16	aux	hi
train-s303	18	DET	19	det	hi
train-s303	19	NOUN	16	nmod	hi
train-s304	1	NOUN	6	vocative	hi
train-s304	2	PRON	6	nsubj	hi
train-s304	3	PART	2	advmod	hi
train-s304	4	NOUN	6	compound	en
train-s304	5	PART	6	advmod	hi
train-s304	6	VERB	0	root	hi
train-s304	7	AUX	6	aux	hi
train-s304	8	SCONJ	9	mark	en
train-s304	9	VERB	6	advcl	en
train-s304	12	NOUN	9	obj	en
train-s305	1	PRON	2	nmod	en
train-s305	2	NOUN	5	nsubj	en
train-s305	3	AUX	5	cop	en
train-s305	4	ADV	5	advmod	en
train-s305	5	ADJ	0	root	en
train-s305	6	VERB	5	advcl	en
train-s305	7	ADP	9	case	en
train-s305	8	PRON	9	nmod	en
train-s305	9	NOUN	6	obl	en
train-s305	10	PRON	16	nmod	hi
train-s305	11	PRON	16	nsubj	hi
train-s305	12	NOUN	13	obj	en
train-s305	13	VERB	16	advcl	hi
train-s305	14	AUX	13	aux	hi
train-s305	15	PART	16	advmod	hi
train-s305	16	VERB	5	advcl	hi
train-s305	17	AUX	16	aux	hi
train-s306	1	ADJ	2	amod	en
train-s306	4	ADV	5	advmod	en
train-s306	5	SCONJ	10	mark	en
train-s306	6	PRON	8	nmod	en
train-s306	7	NOUN	8	compound	en
train-s306	8	NOUN	10	nsubj	en
train-s306	9	AUX	10	cop	en
train-s306	10	ADJ	15	advcl	en
train-s306	12	PRON	15	obj	hi
train-s306	13	PART	12	advmod	hi
train-s306	14	NOUN	15	compound	hi
train-s306	15	VERB	0	root	hi
train-s306	16	PRON	15	nsubj	hi
train-s306	17	ADP	16	case	hi
train-s307	1	ADV	8	advmod	en
train-s307	2	PRON	4	nmod	en
train-s307	3	NOUN	4	compound	en
train-s307	4	NOUN	8	xcomp	en
train-s307	5	AUX	8	cop	en
train-s307	7	NOUN	8	compound	hi
train-s307	8	VERB	0	root	hi
train-s307	9	AUX	8	aux	hi
train-s307	10	AUX	8	aux	hi
train-s308	1	ADJ	2	amod	en
train-s308	2	NOUN	6	nmod	en
train-s308	3	ADP	6	case	en
train-s308	4	ADJ	6	amod	en
train-s308	5	PRON	6	nmod	en
train-s308	6	NOUN	0	root	en
train-s308	7	CCONJ	11	cc	en
train-s308	9	ADP	8	case	hi
train-s308	10	ADJ	11	amod	hi
train-s308	11	NOUN	6	conj	hi
train-s309	1	NOUN	3	nmod	en
train-s309	2	ADP	1	case	hi
train-s309	3	NOUN	9	obl	en
train-s309	4	ADP	3	case	hi
train-s309	5	ADP	3	case	hi
train-s309	6	PART	5	advmod	hi
train-s309	7	NOUN	9	nsubj	en
train-s309	8	PART	7	advmod	hi
train-s309	9	VERB	0	root	en
train-s309	10	INTJ	9	discourse	en
train-s310	2	PRON	1	obj	en
train-s310	3	PART	4	mark	en
train-s310	4	VERB	1	advcl	en
train-s310	5	ADP	7	case	en
train-s310	6	ADJ	7	amod	hi
train-s310	7	NOUN	4	obl	hi
train-s310	8	ADP	9	case	en
train-s310	10	PROPN	9	flat	hi
train-s311	1	DET	4	det	en
train-s311	2	NOUN	4	nmod	hi
train-s311	3	ADP	2	case	hi
train-s311	4	NOUN	0	root	en
train-s311	5	ADP	7	case	en
train-s311	6	DET	7	det	en
train-s311	7	NOUN	4	nmod	en
train-s312	2	ADV	3	advmod	en
train-s312	3	ADJ	4	amod	en
train-s312	4	NOUN	6	nmod	en
train-s312	7	PRON	8	nsubj	hi
train-s312	8	VERB	0	root	hi
train-s312	9	AUX	8	aux	hi
train-s312	10	AUX	8	aux	hi
train-s312	11	NOUN	8	vocative	hi
train-s313	1	ADJ	2	amod	en
train-s313	2	NOUN	4	nmod	en
train-s313	3	NOUN	4	obj	hi
train-s313	4	VERB	9	csubj	hi
train-s313	6	NOUN	8	nmod	hi
train-s313	7	ADP	6	case	hi
train-s313	8	NOUN	9	obj	hi
train-s313	9	VERB	0	root	hi
train-s313	10	AUX	9	aux	hi
train-s313	11	AUX	9	aux	hi
train-s314	4	PRON	6	nsubj	en
train-s314	5	AUX	6	cop	en
train-s314	6	NOUN	0	root	en
train-s314	7	CCONJ	13	cc	en
train-s314	8	PRON	13	obj	hi
train-s314	9	NOUN	10	obj	hi
train-s314	10	VERB	13	advcl	hi
train-s314	11	SCONJ	10	mark	hi
train-s314	12	PRON	13	nsubj	hi
train-s314	13	VERB	6	conj	hi
train-s314	14	PART	13	advmod	hi
train-s314	15	AUX	13	aux	hi
train-s315	2	ADP	1	case	hi
train-s315	3	ADJ	4	amod	en
train-s315	4	NOUN	0	root	en
train-s315	5	AUX	4	cop	hi
train-s315	6	CCONJ	10	cc	hi
train-s315	7	DET	10	det	en
train-s315	8	NOUN	10	compound	en
train-s315	9	NOUN	10	compound	en
train-s315	10	NOUN	4	conj	en
train-s315	11	PRON	12	nsubj	en
train-s315	12	VERB	10	amod	en
train-s315	13	PART	12	advmod	en
train-s315	14	ADP	16	case	en
train-s315	15	DET	16	det	en
train-s315	16	NOUN	12	obl	en
train-s316	1	NOUN	10	vocative	hi
train-s316	2	ADV	10	advmod	hi
train-s316	3	PART	2	advmod	hi
train-s316	4	INTJ	10	discourse	en
train-s316	5	NOUN	7	nmod	en
train-s316	6	PART	5	advmod	en
train-s316	7	NOUN	9	nmod	en
train-s316	8	ADP	7	case	hi
train-s316	9	NOUN	10	compound	hi
train-s316	10	VERB	0	root	hi
train-s316	11	AUX	10	aux	hi
train-s317	1	NOUN	2	nsubj	en
train-s317	2	NOUN	0	root	en
train-s317	3	CCONJ	7	cc	en
train-s317	4	VERB	7	acl	hi
train-s317	5	ADP	4	case	hi
train-s317	6	PART	7	advmod	en
train-s317	7	NOUN	2	conj	en
train-s318	1	ADV	5	mark	hi
train-s318	2	ADP	1	case	hi
train-s318	3	NOUN	5	nsubj	en
train-s318	4	NOUN	5	compound	en
train-s318	5	VERB	7	acl:relcl	hi
train-s318	6	AUX	5	aux	hi
train-s318	7	PRON	11	nmod	hi
train-s318	8	NOUN	11	nsubj	en
train-s318	9	DET	10	det	hi
train-s318	10	NOUN	11	compound	en
train-s318	11	VERB	0	root	hi
train-s318	12	AUX	11	aux	hi
train-s318	13	AUX	11	aux	hi
train-s319	1	ADJ	2	amod	hi
train-s319	2	NOUN	7	obl	en
train-s319	3	ADP	2	case	hi
train-s319	4	PART	2	advmod	hi
train-s319	5	ADJ	6	amod	en
train-s319	6	NOUN	7	nsubj	en
train-s319	7	VERB	0	root	hi
train-s319	8	AUX	7	aux	hi
train-s320	1	NOUN	5	nsubj	hi
train-s320	2	NOUN	5	obl	hi
train-s320	3	ADP	2	case	hi
train-s320	4	PART	5	advmod	hi
train-s320	5	VERB	0	root	hi
train-s320	6	CCONJ	10	cc	hi
train-s320	7	PRON	8	advmod	en
train-s320	8	ADJ	9	amod	en
train-s320	9	NOUN	10	nsubj	en
train-s320	10	VERB	5	conj	hi
train-s321	1	PART	2	advmod	en
train-s321	2	ADV	6	advmod	en
train-s321	3	NOUN	6	vocative	hi
train-s321	5	NOUN	6	obj	hi
train-s321	6	VERB	0	root	hi
train-s321	7	INTJ	6	discourse	en
train-s322	2	NOUN	3	compound	en
train-s322	3	VERB	5	advcl	hi
train-s322	4	SCONJ	3	mark	hi
train-s322	5	VERB	0	root	hi
train-s322	6	PART	5	advmod	hi
train-s322	7	AUX	5	aux	hi
train-s322	8	SCONJ	13	mark	hi
train-s322	11	NOUN	13	nsubj	en
train-s322	12	ADJ	13	xcomp	en
train-s322	13	VERB	5	advcl	hi
train-s322	14	AUX	13	aux	hi
train-s322	15	AUX	13	aux	hi
train-s323	1	VERB	0	root	en
train-s323	2	ADP	7	case	en
train-s323	3	PRON	5	nmod	en
train-s323	4	PRON	5	nmod	en
train-s323	5	NOUN	7	nmod	hi
train-s323	6	ADP	5	case	hi
train-s323	7	NOUN	1	obj	hi
train-s324	1	ADV	5	advmod	en
train-s324	2	DET	4	det	hi
train-s324	3	PART	2	advmod	hi
train-s324	4	NOUN	5	nsubj	en
train-s324	5	VERB	0	root	hi
train-s324	6	AUX	5	aux	hi
train-s324	7	AUX	5	aux	hi
train-s325	2	ADJ	3	amod	en
train-s325	3	ADJ	0	root	en
train-s325	4	AUX	3	cop	hi
train-s325	5	AUX	3	aux	hi
train-s326	1	SCONJ	7	mark	en
train-s326	2	PRON	7	nsubj	en
train-s326	4	PRON	5	nmod	en
train-s326	5	NOUN	2	nmod	hi
train-s326	7	VERB	16	advcl	en
train-s326	8	ADP	9	case	en
train-s326	10	ADP	11	case	en
train-s326	11	NOUN	7	obl	en
train-s326	12	SCONJ	16	mark	en
train-s326	13	PRON	16	nmod	hi
train-s326	14	PART	13	advmod	hi
train-s326	15	NOUN	16	nmod	hi
train-s326	16	NOUN	0	root	hi
train-s327	2	ADP	1	case	hi
train-s327	3	ADJ	4	amod	hi
train-s327	4	NOUN	6	nsubj	hi
train-s327	5	AUX	6	cop	en
train-s327	6	ADJ	0	root	en
train-s327	7	CCONJ	10	cc	en
train-s327	8	ADJ	9	amod	hi
train-s327	9	NOUN	10	nsubj	hi
train-s327	10	VERB	6	conj	en
train-s327	11	PART	10	advmod	en
train-s328	2	ADV	4	advmod	en
train-s328	3	PRON	4	nsubj	en
train-s328	4	VERB	0	root	en
train-s328	6	PRON	9	iobj	hi
train-s328	7	ADP	6	case	hi
train-s328	8	NOUN	9	nsubj	hi
train-s328	9	VERB	3	acl	hi
train-s328	10	AUX	9	aux	hi
train-s328	11	AUX	9	aux	hi
train-s328	12	CCONJ	15	cc	hi
train-s328	13	PRON	14	nmod	hi
train-s328	14	NOUN	15	nsubj	hi
train-s328	15	VERB	9	conj	hi
train-s328	16	AUX	15	aux	hi
train-s328	17	AUX	15	aux	hi
train-s329	2	PRON	6	nsubj	en
train-s329	3	AUX	6	cop	en
train-s329	4	ADV	5	advmod	en
train-s329	5	ADJ	6	amod	en
train-s329	6	NOUN	0	root	en
train-s329	8	PRON	9	nsubj	en
train-s329	9	VERB	6	advcl	en
train-s329	10	ADJ	11	amod	en
train-s329	11	NOUN	9	obj	en
train-s329	12	ADP	13	case	en
train-s329	13	NOUN	9	obl	en
train-s329	15	VERB	9	advcl	en
train-s329	17	PRON	19	nsubj	hi
train-s329	18	NOUN	19	nmod	hi
train-s329	19	VERB	15	xcomp	hi
train-s329	20	ADV	19	advmod	hi
train-s329	21	ADP	20	case	hi
train-s330	2	NOUN	3	nmod	en
train-s330	5	ADV	6	advmod	hi
train-s330	6	ADV	8	advmod	hi
train-s330	7	ADV	8	advmod	hi
train-s330	8	VERB	0	root	hi
train-s330	9	PRON	8	nsubj	hi
train-s331	1	NOUN	2	nsubj	en
train-s331	2	VERB	0	root	en
train-s331	3	PRON	5	nsubj	en
train-s331	4	AUX	5	cop	en
train-s331	5	ADJ	2	ccomp	en
train-s331	6	ADP	10	case	en
train-s331	7	PRON	10	nmod	en
train-s331	9	ADJ	10	amod	hi
train-s331	10	NOUN	5	nmod	hi
train-s332	2	NOUN	4	nmod	hi
train-s332	3	ADP	2	case	hi
train-s332	4	NOUN	5	compound	hi
train-s332	5	VERB	6	xcomp	hi
train-s332	6	VERB	11	csubj	hi
train-s332	8	AUX	11	cop	en
train-s332	9	DET	11	det	en
train-s332	10	ADJ	11	amod	en
train-s332	11	NOUN	0	root	en
train-s332	12	ADP	16	case	en
train-s332	14	PRON	16	nsubj	en
train-s332	15	AUX	16	cop	en
train-s332	16	ADJ	11	acl	en
train-s332	17	ADP	18	case	en
train-s332	18	PRON	16	nmod	en
train-s333	3	PRON	4	nsubj	en
train-s333	4	VERB	0	root	en
train-s333	5	PRON	6	compound	hi
train-s333	6	PRON	7	obj	hi
train-s333	7	VERB	4	xcomp	hi
train-s333	8	AUX	7	aux	hi
train-s333	9	AUX	7	aux	hi
train-s333	10	NOUN	7	obl	hi
train-s333	11	ADP	10	case	hi
train-s333	12	ADP	10	case	hi
train-s334	1	VERB	0	root	en
train-s334	3	ADP	2	case	hi
train-s334	4	NOUN	6	nsubj	hi
train-s334	5	VERB	1	ccomp	en
train-s334	6	VERB	5	xcomp	en
train-s334	7	ADP	8	case	en
train-s334	8	PRON	6	obl	en
train-s334	9	ADV	6	advmod	en
train-s335	1	ADP	3	case	en
train-s335	2	DET	3	det	en
train-s335	3	NOUN	4	nmod	en
train-s335	6	NOUN	7	nsubj	en
train-s335	7	VERB	4	parataxis	hi
train-s335	8	PART	7	advmod	hi
train-s335	9	VERB	7	conj	hi
train-s335	10	AUX	9	aux	hi
train-s335	11	AUX	9	aux	hi
train-s336	1	ADV	6	advmod	hi
train-s336	2	ADV	6	advmod	hi
train-s336	3	DET	5	det	hi
train-s336	4	PART	3	advmod	hi
train-s336	5	NOUN	6	compound	en
train-s336	6	VERB	0	root	hi
train-s336	7	AUX	6	aux	hi
train-s336	9	PRON	11	nsubj	en
train-s336	10	AUX	11	aux	en
train-s336	11	VERB	6	parataxis	en
train-s336	12	ADV	11	advmod	en
train-s337	1	PRON	3	nmod	hi
train-s337	2	DET	3	det	hi
train-s337	3	NOUN	6	nsubj	en
train-s337	5	ADP	4	case	hi
train-s337	6	ADJ	0	root	en
train-s337	7	AUX	6	cop	hi
train-s338	1	ADJ	2	amod	en
train-s338	2	NOUN	7	obl	en
train-s338	3	ADP	2	case	hi
train-s338	4	PART	2	advmod	hi
train-s338	5	NOUN	7	xcomp	en
train-s338	6	PART	7	advmod	hi
train-s338	7	VERB	0	root	hi
train-s338	8	AUX	7	aux	hi
train-s339	1	PRON	2	nsubj	en
train-s339	2	VERB	0	root	en
train-s339	3	PRON	2	obj	en
train-s339	4	ADV	2	advmod	en
train-s339	5	SCONJ	7	mark	en
train-s339	6	PRON	7	nsubj	en
train-s339	7	VERB	4	advcl	en
train-s339	8	NOUN	10	nmod	en
train-s339	9	ADP	8	case	hi
train-s339	10	NOUN	7	obj	hi
train-s340	1	ADJ	0	root	en
train-s340	2	PART	3	mark	en
train-s340	3	VERB	1	xcomp	en
train-s340	4	DET	6	det	en
train-s340	5	ADJ	6	amod	hi
train-s340	6	NOUN	7	nsubj	hi
train-s340	7	VERB	3	ccomp	en
train-s340	8	ADP	10	case	en
train-s340	9	DET	10	det	en
train-s340	10	NOUN	7	obl	en
train-s341	1	VERB	10	advcl	hi
train-s341	2	ADV	10	advmod	hi
train-s341	3	PRON	10	nsubj	hi
train-s341	4	PRON	5	compound	hi
train-s341	5	PRON	7	nmod	hi
train-s341	6	ADJ	7	amod	en
train-s341	7	NOUN	10	obj	en
train-s341	8	ADP	7	case	hi
train-s341	9	NOUN	10	compound	en
train-s341	10	VERB	0	root	hi
train-s341	11	AUX	10	aux	hi
train-s342	1	SCONJ	3	mark	hi
train-s342	2	PRON	3	nsubj	hi
train-s342	3	VERB	10	advcl	hi
train-s342	4	PART	3	advmod	hi
train-s342	5	AUX	3	aux	hi
train-s342	7	PRON	10	nsubj	en
train-s342	8	AUX	10	aux	en
train-s342	9	PART	10	advmod	en
train-s342	10	VERB	0	root	en
train-s342	11	SCONJ	13	mark	hi
train-s342	12	PRON	13	nsubj	hi
train-s342	13	VERB	7	acl	hi
train-s342	14	AUX	13	aux	hi
train-s342	15	PART	13	advmod	hi
train-s342	16	AUX	13	aux	hi
train-s343	1	NUM	2	nummod	en
train-s343	2	NOUN	3	compound	en
train-s343	3	VERB	12	advcl	hi
train-s343	4	PART	3	advmod	hi
train-s343	5	AUX	3	aux	hi
train-s343	6	SCONJ	12	mark	hi
train-s343	7	PRON	8	nmod	hi
train-s343	8	NOUN	12	obj	en
train-s343	9	CCONJ	10	cc	en
train-s343	10	NOUN	8	conj	en
train-s343	11	ADP	8	case	hi
train-s343	12	VERB	0	root	hi
train-s344	1	INTJ	10	discourse	hi
train-s344	2	PRON	6	nmod	hi
train-s344	3	ADJ	6	amod	en
train-s344	5	ADJ	3	conj	en
train-s344	6	NOUN	7	compound	en
train-s344	7	VERB	10	csubj	hi
train-s344	8	NOUN	9	obj	en
train-s344	9	VERB	10	ccomp	en
train-s344	10	VERB	0	root	hi
train-s344	11	AUX	10	aux	hi
train-s345	1	PRON	14	advmod	hi
train-s345	2	PRON	14	nsubj	hi
train-s345	3	DET	4	det	hi
train-s345	4	NOUN	14	obl	hi
train-s345	5	ADP	4	case	hi
train-s345	6	PRON	7	nsubj	en
train-s345	7	VERB	14	xcomp	en
train-s345	8	PRON	10	nmod	en
train-s345	9	NOUN	10	compound	en
train-s345	10	NOUN	7	obj	en
train-s345	11	VERB	14	advcl	hi
train-s345	12	AUX	11	aux	hi
train-s345	13	ADJ	14	compound	hi
train-s345	14	VERB	0	root	hi
train-s346	1	ADV	4	advmod	en
train-s346	2	PRON	4	expl	en
train-s346	3	AUX	4	cop	en
train-s346	4	NOUN	0	root	en
train-s346	6	NUM	8	nummod	hi
train-s346	7	ADJ	8	amod	hi
train-s346	8	NOUN	10	nmod	hi
train-s346	9	ADP	8	case	hi
train-s346	10	NOUN	4	nmod	hi
train-s347	1	ADJ	2	amod	en
train-s347	2	NOUN	4	nmod	en
train-s347	3	ADP	2	case	hi
train-s347	4	NOUN	5	nsubj	hi
train-s347	5	NOUN	0	root	hi
train-s348	1	DET	2	det	hi
train-s348	3	ADJ	4	amod	en
train-s348	4	NOUN	9	obl	en
train-s348	5	ADP	4	case	hi
train-s348	6	ADV	9	advmod	hi
train-s348	7	ADJ	9	compound	hi
train-s348	8	PART	9	advmod	hi
train-s348	9	VERB	0	root	hi
train-s348	10	AUX	9	aux	hi
train-s349	2	NOUN	14	obl	en
train-s349	3	ADP	2	case	hi
train-s349	4	ADP	2	case	hi
train-s349	6	PRON	8	nsubj	en
train-s349	7	AUX	8	aux	en
train-s349	8	VERB	13	acl	en
train-s349	10	ADV	8	advmod	en
train-s349	12	ADP	8	case	hi
train-s349	13	NOUN	14	compound	en
train-s349	14	VERB	0	root	hi
train-s349	15	AUX	14	aux	hi
train-s350	1	NUM	3	nummod	en
train-s350	2	ADJ	3	amod	en
train-s350	3	NOUN	7	nmod	en
train-s350	4	ADV	7	advmod	en
train-s350	5	PRON	7	nsubj	en
train-s350	6	AUX	7	aux	en
train-s350	7	VERB	0	root	en
train-s350	9	NOUN	7	obl	hi
train-s350	10	ADP	9	case	hi
train-s350	11	ADV	7	advmod	hi
train-s350	12	NOUN	7	obj	en
train-s351	2	VERB	0	root	en
train-s351	3	SCONJ	5	mark	en
train-s351	4	PRON	5	nsubj	en
train-s351	5	VERB	2	advcl	en
train-s351	9	ADJ	5	ccomp	hi
train-s351	10	AUX	9	cop	hi
train-s351	12	ADP	14	case	en
train-s351	13	PRON	14	nmod	en
train-s351	14	NOUN	5	obl	en
train-s352	2	DET	3	det	hi
train-s352	3	NOUN	6	nsubj	hi
train-s352	4	ADP	3	case	hi
train-s352	5	NOUN	6	compound	hi
train-s352	6	VERB	0	root	hi
train-s352	7	AUX	6	aux	hi
train-s352	8	ADV	6	advmod	en
train-s352	9	CCONJ	10	cc	en
train-s352	10	ADV	8	conj	en
train-s352	11	NOUN	12	compound	en
train-s352	12	NOUN	5	nmod	en
train-s352	13	ADP	12	case	hi
train-s353	1	INTJ	3	discourse	en
train-s353	2	PRON	3	nsubj	en
train-s353	3	VERB	0	root	en
train-s353	4	PRON	3	iobj	en
train-s353	5	SCONJ	16	mark	hi
train-s353	6	SCONJ	12	mark	hi
train-s353	7	NOUN	8	compound	en
train-s353	8	NOUN	12	obj	en
train-s353	9	NUM	10	nummod	hi
train-s353	10	NOUN	12	obl	en
train-s353	11	ADP	10	case	hi
train-s353	12	VERB	16	advcl	hi
train-s353	13	SCONJ	16	mark	hi
train-s353	14	ADV	16	advmod	en
train-s353	15	DET	16	det	hi
train-s353	16	NOUN	3	obj	en
train-s353	17	ADP	16	case	hi
train-s353	18	AUX	16	cop	hi
train-s353	19	AUX	16	aux	hi
train-s354	2	NOUN	7	obl	hi
train-s354	3	ADP	2	case	hi
train-s354	4	ADV	7	advmod	en
train-s354	5	NOUN	7	nsubj	en
train-s354	6	AUX	7	aux	en
train-s354	7	VERB	0	root	en
train-s354	8	DET	9	det	en
train-s354	9	NOUN	7	obj	en
train-s354	10	ADP	12	case	en
train-s354	11	DET	12	det	en
train-s355	1	INTJ	5	discourse	en
train-s355	3	DET	4	det	hi
train-s355	4	NOUN	5	obj	en
train-s355	5	VERB	0	root	hi
train-s355	6	AUX	5	aux	hi
train-s355	7	ADV	9	advmod	en
train-s355	8	PRON	9	nsubj	en
train-s355	9	VERB	5	advcl	en
train-s355	10	NUM	12	nummod	en
train-s355	11	ADJ	12	amod	en
train-s355	12	NOUN	9	obj	en
train-s356	1	NOUN	7	nsubj	hi
train-s356	2	NOUN	5	nmod	en
train-s356	3	ADP	2	case	hi
train-s356	4	PART	2	advmod	hi
train-s356	5	NOUN	7	obj	en
train-s356	6	NOUN	7	compound	en
train-s356	7	VERB	0	root	hi
train-s356	8	AUX	7	aux	hi
train-s356	9	AUX	7	aux	hi
train-s357	1	NOUN	0	root	hi
train-s357	2	ADJ	1	orphan	en
train-s357	3	CCONJ	5	cc	hi
train-s357	4	NOUN	5	nsubj	en
train-s357	5	VERB	1	conj	en
train-s357	6	AUX	5	aux	hi
train-s357	7	AUX	5	aux	hi
train-s357	8	AUX	5	aux	hi
train-s358	1	PRON	2	nsubj	en
train-s358	2	VERB	0	root	en
train-s358	3	PRON	6	nmod	en
train-s358	4	NOUN	6	nmod	hi
train-s358	5	ADP	4	case	hi
train-s359	1	VERB	0	root	en
train-s359	2	PRON	1	obj	en
train-s359	3	ADP	4	case	en
train-s359	4	NOUN	1	obl	en
train-s359	5	ADP	9	case	en
train-s359	6	PRON	7	nmod	en
train-s359	7	NOUN	9	nmod	en
train-s359	8	ADP	7	case	hi
train-s359	9	NOUN	4	nmod	hi
train-s359	10	ADP	12	case	en
train-s359	11	PRON	12	nmod	en
train-s359	12	NOUN	9	nmod	hi
train-s360	3	AUX	4	aux	en
train-s360	4	VERB	0	root	en
train-s360	5	DET	7	det	en
train-s360	6	ADJ	7	amod	hi
train-s360	7	NOUN	4	obj	hi
train-s360	8	ADJ	4	acl	en
train-s360	9	ADP	10	case	en
train-s360	10	NOUN	4	obl	en
train-s360	11	ADV	4	advmod	en
train-s361	2	NOUN	5	nsubj	en
train-s361	3	AUX	5	cop	en
train-s361	4	ADV	5	advmod	en
train-s361	5	ADJ	0	root	en
train-s361	6	ADV	9	mark	en
train-s361	7	DET	8	det	en
train-s361	9	VERB	5	advcl	en
train-s361	11	PART	12	advmod	hi
train-s361	12	VERB	9	xcomp	hi
train-s361	13	PRON	14	nsubj	hi
train-s361	14	VERB	12	advcl	hi
train-s361	15	AUX	14	aux	hi
train-s362	1	DET	3	det	en
train-s362	2	NOUN	3	compound	en
train-s362	3	NOUN	8	nsubj	en
train-s362	4	AUX	8	cop	en
train-s362	5	ADP	7	case	en
train-s362	6	PART	7	advmod	hi
train-s362	7	PROPN	8	nmod	hi
train-s362	8	NOUN	0	root	hi
train-s363	1	ADJ	2	amod	en
train-s363	2	NOUN	7	nmod	en
train-s363	5	ADV	7	mark	hi
train-s363	6	NOUN	7	compound	en
train-s363	7	VERB	12	advcl	hi
train-s363	8	AUX	7	aux	hi
train-s363	9	PRON	12	nsubj	hi
train-s363	10	PART	9	advmod	hi
train-s363	11	PART	9	advmod	hi
train-s363	12	NOUN	0	root	hi
train-s364	1	NOUN	2	nsubj	en
train-s364	2	VERB	0	root	en
train-s364	3	SCONJ	5	mark	hi
train-s364	4	PRON	5	nsubj	hi
train-s364	5	VERB	2	xcomp	en
train-s364	6	AUX	5	aux	hi
train-s364	7	AUX	5	aux	hi
train-s364	8	AUX	5	aux	hi
train-s365	1	DET	2	det	hi
train-s365	2	NOUN	4	nsubj	en
train-s365	3	ADJ	4	amod	en
train-s365	4	NOUN	0	root	en
train-s365	5	ADP	4	case	hi
train-s365	6	AUX	4	cop	hi
train-s365	7	NOUN	8	compound	en
train-s365	8	NOUN	11	nsubj	en
train-s365	9	NOUN	11	xcomp	hi
train-s365	10	NOUN	11	compound	en
train-s365	11	VERB	4	advcl	hi
train-s365	12	AUX	11	aux	hi
train-s365	13	AUX	11	aux	hi
train-s366	1	NOUN	8	vocative	hi
train-s366	2	DET	3	det	hi
train-s366	5	ADJ	6	amod	en
train-s366	6	NOUN	8	obj	en
train-s366	7	ADV	8	advmod	hi
train-s366	8	VERB	0	root	hi
train-s366	9	AUX	8	aux	hi
train-s367	1	ADJ	2	amod	hi
train-s367	2	NOUN	4	nsubj	hi
train-s367	3	AUX	4	aux	en
train-s367	4	VERB	0	root	en
train-s367	5	ADP	6	case	en
train-s367	7	ADP	11	case	en
train-s367	10	PART	8	case	en
train-s367	11	NOUN	4	obl	en
train-s368	1	DET	2	det	hi
train-s368	2	NOUN	4	nmod	hi
train-s368	3	ADP	2	case	hi
train-s368	4	NOUN	7	nsubj	en
train-s368	5	PART	4	advmod	hi
train-s368	6	ADJ	7	xcomp	en
train-s368	7	VERB	0	root	hi
train-s368	8	AUX	7	aux	hi
train-s368	9	AUX	7	aux	hi
train-s369	1	NOUN	0	root	en
train-s369	2	ADP	4	case	en
train-s369	3	ADJ	4	amod	en
train-s369	4	NOUN	1	nmod	hi
train-s369	5	CCONJ	8	cc	en
train-s369	6	NOUN	8	nmod	hi
train-s369	7	ADP	6	case	hi
train-s369	8	NOUN	4	conj	hi
train-s370	1	ADV	7	advmod	en
train-s370	3	ADP	2	case	hi
train-s370	4	NOUN	5	compound	en
train-s370	5	NOUN	7	nsubj	en
train-s370	6	ADJ	7	xcomp	hi
train-s370	7	VERB	0	root	hi
train-s371	1	PRON	2	nsubj	en
train-s371	2	VERB	0	root	en
train-s371	3	PRON	2	obj	en
train-s371	4	DET	5	det	hi
train-s371	5	NOUN	7	nmod	hi
train-s371	6	ADP	5	case	hi
train-s371	7	NOUN	8	compound	hi
train-s371	8	VERB	3	acl	hi
train-s371	9	AUX	8	aux	hi
train-s372	1	ADV	3	mark	en
train-s372	2	PRON	3	nsubj	en
train-s372	3	VERB	0	root	en
train-s372	4	PART	5	mark	en
train-s372	5	VERB	3	xcomp	en
train-s372	6	PROPN	8	nmod	hi
train-s372	7	ADP	6	case	hi
train-s372	8	NOUN	5	obj	hi
train-s372	9	ADP	12	case	en
train-s372	10	PRON	12	nmod	en
train-s372	11	NOUN	12	compound	en
train-s372	12	NOUN	5	obl	en
train-s373	1	NOUN	3	nmod	en
train-s373	2	ADP	3	case	en
train-s373	3	NOUN	5	nmod	en
train-s373	4	ADP	3	case	hi
train-s373	5	NOUN	6	compound	hi
train-s373	6	VERB	10	xcomp	hi
train-s373	7	SCONJ	6	mark	hi
train-s373	8	SCONJ	6	mark	hi
train-s373	9	PRON	10	obj	hi
train-s373	10	VERB	14	advcl	hi
train-s373	11	AUX	10	aux	hi
train-s373	12	SCONJ	14	mark	hi
train-s373	13	NOUN	14	compound	en
train-s373	14	VERB	0	root	hi
train-s373	15	AUX	14	aux	hi
train-s373	16	AUX	14	aux	hi
train-s374	1	ADP	5	case	en
train-s374	2	ADP	5	case	en
train-s374	3	DET	5	det	en
train-s374	4	NOUN	5	compound	en
train-s374	5	NOUN	16	nmod	en
train-s374	9	ADP	8	case	hi
train-s374	11	ADP	10	case	hi
train-s374	12	ADJ	13	amod	hi
train-s374	13	NOUN	14	nsubj	hi
train-s374	14	VERB	16	acl	hi
train-s374	15	SCONJ	14	mark	hi
train-s374	16	NOUN	0	root	hi
train-s375	1	NOUN	2	compound	en
train-s375	2	NOUN	7	nsubj	en
train-s375	3	ADP	2	case	hi
train-s375	4	NUM	6	nummod	hi
train-s375	5	PART	4	advmod	hi
train-s375	6	NOUN	7	nmod	hi
train-s375	7	VERB	0	root	hi
train-s375	8	AUX	7	aux	hi
train-s375	9	AUX	7	aux	hi
train-s375	10	ADJ	11	amod	hi
train-s375	11	NOUN	12	nsubj	en
train-s375	12	VERB	7	advcl	hi
train-s376	2	PRON	4	nmod	hi
train-s376	3	ADP	2	case	hi
train-s376	4	NOUN	7	obl	hi
train-s376	5	ADP	4	case	hi
train-s376	6	NOUN	7	nsubj	en
train-s376	7	VERB	11	csubj	hi
train-s376	8	AUX	7	aux	hi
train-s376	9	AUX	11	cop	en
train-s376	10	ADJ	11	amod	en
train-s376	11	NOUN	0	root	en
train-s376	12	SCONJ	13	mark	en
train-s376	13	VERB	11	acl	en
train-s376	14	NOUN	13	obj	hi
train-s377	1	ADV	2	advmod	en
train-s377	2	VERB	0	root	en
train-s377	3	PRON	4	nmod	hi
train-s377	4	NOUN	7	nmod	en
train-s377	5	ADP	4	case	hi
train-s377	6	NUM	7	nummod	hi
train-s377	7	NOUN	11	nsubj	en
train-s377	8	ADP	7	case	hi
train-s377	9	PRON	11	obj	hi
train-s377	10	NOUN	11	compound	en
train-s377	11	VERB	2	xcomp	hi
train-s377	12	AUX	11	aux	hi
train-s377	13	AUX	11	aux	hi
train-s377	15	ADP	14	case	hi
train-s378	1	PRON	16	nsubj	en
train-s378	2	AUX	16	cop	en
train-s378	4	ADV	13	advmod	hi
train-s378	5	PRON	12	nmod	hi
train-s378	6	NOUN	7	nsubj	hi
train-s378	7	VERB	13	acl	hi
train-s378	8	SCONJ	7	mark	hi
train-s378	9	PART	7	advmod	hi
train-s378	10	VERB	7	conj	hi
train-s378	11	SCONJ	10	mark	hi
train-s378	12	NOUN	13	nsubj	hi
train-s378	13	VERB	16	acl	hi
train-s378	15	NOUN	16	advmod	en
train-s378	16	ADJ	0	root	en
train-s379	2	NUM	3	nummod	en
train-s379	3	NOUN	0	root	en
train-s379	4	ADP	5	case	en
train-s379	5	PRON	3	nmod	en
train-s379	7	PRON	11	nsubj	hi
train-s379	8	NOUN	10	nmod	hi
train-s379	9	ADP	8	case	hi
train-s379	10	NOUN	11	obj	hi
train-s379	11	VERB	5	acl:relcl	hi
train-s379	12	AUX	11	aux	hi
train-s379	13	AUX	11	aux	hi
train-s379	14	AUX	11	aux	hi
train-s380	1	NOUN	3	nmod	hi
train-s380	2	ADP	1	case	hi
train-s380	3	NOUN	6	nsubj	hi
train-s380	4	AUX	6	cop	en
train-s380	5	DET	6	det	en
train-s380	6	NOUN	0	root	en
train-s380	8	ADV	11	advmod	en
train-s380	9	PRON	11	nsubj	en
train-s380	10	AUX	11	aux	en
train-s380	11	VERB	6	advcl	en
train-s380	12	NOUN	11	nmod	en
train-s381	2	ADP	1	case	hi
train-s381	3	PART	1	advmod	hi
train-s381	4	NOUN	5	compound	en
train-s381	5	NOUN	8	nmod	en
train-s381	7	DET	8	det	hi
train-s381	8	NOUN	0	root	en
train-s381	9	AUX	8	cop	hi
train-s381	10	AUX	8	aux	hi
train-s381	11	AUX	8	aux	hi
train-s382	3	AUX	5	cop	en
train-s382	4	ADV	5	advmod	en
train-s382	5	VERB	0	root	en
train-s382	6	ADP	7	case	en
train-s382	8	ADP	10	case	en
train-s382	9	ADJ	10	amod	hi
train-s382	10	NOUN	5	obl	hi
train-s383	1	INTJ	10	discourse	en
train-s383	2	NOUN	10	obl	en
train-s383	3	ADP	2	case	hi
train-s383	4	ADP	2	case	hi
train-s383	5	PRON	10	nsubj	hi
train-s383	6	NOUN	10	obl	en
train-s383	7	ADP	6	case	hi
train-s383	9	PART	10	advmod	hi
train-s383	10	VERB	0	root	hi
train-s384	1	PRON	2	nsubj	en
train-s384	2	VERB	0	root	en
train-s384	3	SCONJ	8	mark	en
train-s384	4	DET	6	det	en
train-s384	5	ADJ	6	amod	en
train-s384	6	NOUN	8	nsubj	en
train-s384	7	AUX	8	aux	en
train-s384	8	VERB	2	advcl	en
train-s384	9	CCONJ	10	cc	en
train-s384	10	VERB	8	conj	en
train-s384	11	NOUN	15	nmod	hi
train-s384	12	ADP	11	case	hi
train-s384	13	ADJ	15	amod	hi
train-s384	14	PART	13	advmod	hi
train-s384	15	NOUN	8	parataxis	hi
train-s384	16	AUX	15	cop	hi
train-s384	17	NOUN	15	nmod	hi
train-s384	18	ADP	17	case	hi
train-s385	1	PRON	3	nmod	hi
train-s385	2	VERB	3	acl	hi
train-s385	3	NOUN	5	obj	hi
train-s385	4	ADP	3	case	hi
train-s385	5	VERB	0	root	en
train-s385	6	AUX	5	aux	en
train-s385	7	AUX	5	aux	hi
train-s385	8	AUX	5	aux	hi
train-s386	1	VERB	0	root	en
train-s386	2	ADV	3	advmod	en
train-s386	3	ADV	5	advmod	en
train-s386	4	NOUN	5	nsubj	en
train-s386	5	VERB	1	xcomp	en
train-s386	6	ADP	9	case	en
train-s386	7	NOUN	9	nmod	en
train-s386	9	NOUN	5	obl	en
train-s386	11	PRON	16	nsubj	en
train-s386	12	AUX	16	aux	en
train-s386	13	AUX	16	cop	en
train-s386	14	VERB	16	advcl	hi
train-s386	15	SCONJ	16	mark	hi
train-s386	16	VERB	1	advcl	hi
train-s387	1	NOUN	5	nmod	hi
train-s387	2	PRON	4	nmod	hi
train-s387	3	ADJ	4	amod	en
train-s387	4	NOUN	5	nsubj	en
train-s387	5	NOUN	0	root	en
train-s387	6	ADP	5	case	hi
train-s387	7	AUX	5	cop	hi
train-s388	1	VERB	0	root	en
train-s388	2	ADV	4	advmod	en
train-s388	3	PRON	4	nsubj	en
train-s388	4	VERB	1	xcomp	en
train-s388	5	NOUN	6	nsubj	hi
train-s388	6	VERB	10	csubj	hi
train-s388	7	AUX	6	aux	hi
train-s388	8	AUX	10	cop	en
train-s388	9	ADJ	10	amod	en
train-s388	11	ADV	10	advmod	en
train-s389	2	ADP	1	case	hi
train-s389	3	NOUN	6	obj	en
train-s389	4	PRON	6	nsubj	hi
train-s389	5	NOUN	6	compound	en
train-s389	6	VERB	0	root	hi
train-s389	7	AUX	6	aux	hi
train-s390	1	ADP	2	case	en
train-s390	4	ADP	5	case	en
train-s390	7	NOUN	3	nmod	en
train-s390	11	ADP	9	case	hi
train-s390	12	PRON	13	nmod	hi
train-s390	13	NOUN	17	obl	hi
train-s390	14	ADP	13	case	hi
train-s390	15	PRON	17	obj	hi
train-s390	16	PART	15	advmod	hi
train-s390	17	VERB	0	root	hi
train-s390	18	AUX	17	aux	hi
train-s390	19	AUX	17	aux	hi
train-s391	1	DET	3	det	hi
train-s391	2	ADJ	3	amod	en
train-s391	3	NOUN	7	obl	en
train-s391	4	ADP	3	case	hi
train-s391	5	ADJ	6	amod	en
train-s391	6	NOUN	7	compound	en
train-s391	7	VERB	0	root	hi
train-s391	8	AUX	7	aux	hi
train-s391	9	PRON	7	advmod	hi
train-s392	1	VERB	0	root	en
train-s392	2	NOUN	1	obj	en
train-s392	4	NOUN	10	compound	hi
train-s392	5	PART	4	advmod	hi
train-s392	6	ADV	10	advmod	hi
train-s392	7	PART	6	advmod	hi
train-s392	8	PRON	10	nsubj	hi
train-s392	9	PART	10	advmod	hi
train-s392	10	VERB	1	advcl	hi
train-s393	1	VERB	0	root	en
train-s393	2	ADJ	5	amod	hi
train-s393	3	ADJ	2	compound	hi
train-s393	4	NOUN	5	compound	hi
train-s393	5	NOUN	1	obj	hi
train-s393	6	CCONJ	9	cc	en
train-s393	7	NOUN	9	nmod	hi
train-s393	8	ADP	7	case	hi
train-s393	9	NOUN	5	conj	hi
train-s394	2	NOUN	5	vocative	hi
train-s394	3	DET	4	det	hi
train-s394	4	ADJ	5	compound	hi
train-s394	5	VERB	10	csubj	hi
train-s394	7	AUX	10	cop	en
train-s394	8	DET	10	det	en
train-s394	9	ADJ	10	amod	en
train-s394	10	NOUN	0	root	en
train-s394	11	VERB	10	acl	en
train-s394	12	ADP	15	case	en
train-s394	13	DET	15	det	en
train-s394	14	DET	15	det	en
train-s394	15	NOUN	11	obl	en
train-s394	16	ADP	17	case	en
train-s395	1	NOUN	8	obl	en
train-s395	2	ADP	3	case	en
train-s395	3	NOUN	1	nmod	en
train-s395	4	ADP	1	case	hi
train-s395	5	NOUN	8	obj	hi
train-s395	6	ADP	7	case	en
train-s395	7	NOUN	5	nmod	en
train-s395	8	VERB	0	root	hi
train-s395	9	AUX	8	aux	hi
train-s396	2	ADP	1	case	hi
train-s396	3	DET	4	det	hi
train-s396	4	NOUN	6	nsubj	hi
train-s396	5	NOUN	6	xcomp	en
train-s396	6	VERB	0	root	hi
train-s396	7	AUX	6	aux	hi
train-s396	9	VERB	6	advcl	en
train-s396	10	PRON	9	iobj	en
train-s397	1	NOUN	2	compound	hi
train-s397	2	NOUN	0	root	hi
train-s397	3	ADP	2	case	en
train-s397	4	DET	5	det	en
train-s397	5	NOUN	2	nmod	en
train-s397	6	CCONJ	13	cc	en
train-s397	7	ADV	13	advmod	hi
train-s397	8	ADP	7	case	hi
train-s397	9	ADJ	10	amod	en
train-s397	10	NOUN	13	nsubj	en
train-s397	11	PART	10	advmod	hi
train-s397	12	PART	13	advmod	hi
train-s397	13	VERB	2	conj	hi
train-s397	14	AUX	13	aux	hi
train-s398	2	ADJ	3	amod	en
train-s398	3	NOUN	5	obj	en
train-s398	4	ADJ	5	compound	hi
train-s398	5	VERB	8	advcl	hi
train-s398	6	SCONJ	5	mark	hi
train-s398	7	NOUN	8	nsubj	hi
train-s398	8	VERB	0	root	hi
train-s399	1	PRON	5	nsubj	hi
train-s399	3	NOUN	5	nsubj	en
train-s399	4	NOUN	5	compound	hi
train-s399	5	VERB	0	root	hi
train-s399	6	PRON	12	nsubj	hi
train-s399	10	NOUN	12	obl	en
train-s399	11	ADP	10	case	hi
train-s399	12	VERB	3	acl:relcl	hi
train-s399	13	AUX	12	aux	hi
train-s399	14	AUX	12	aux	hi
train-s399	15	ADP	17	case	en
train-s399	16	ADJ	17	amod	en
train-s399	17	NOUN	12	obl	en
train-s400	1	NOUN	7	iobj	hi
train-s400	2	ADP	1	case	hi
train-s400	3	ADV	7	advmod	hi
train-s400	4	PART	3	advmod	hi
train-s400	5	NOUN	7	nsubj	en
train-s400	6	PART	7	advmod	hi
train-s400	7	VERB	0	root	hi
train-s400	8	AUX	7	aux	hi
train-s400	9	CCONJ	12	cc	en
train-s400	10	NOUN	12	nmod	en
train-s400	11	NOUN	12	nsubj	en
train-s400	12	VERB	7	conj	en
train-s400	13	PRON	12	iobj	en
train-s400	16	NOUN	12	obj	en
train-s400	17	ADP	21	case	en
train-s400	18	DET	21	det	en
train-s400	19	ADV	20	advmod	en
train-s400	20	ADJ	21	amod	en
train-s400	21	NOUN	12	obl	en
train-s401	2	AUX	3	cop	en
train-s401	3	PRON	0	root	en
train-s401	4	DET	6	det	en
train-s401	5	ADJ	6	amod	en
train-s401	6	NOUN	3	nmod	en
train-s401	7	NOUN	9	obj	en
train-s401	8	ADJ	9	acl	hi
train-s401	9	VERB	6	acl	hi
train-s401	10	AUX	9	aux	hi
train-s401	11	AUX	9	aux	hi
train-s401	12	CCONJ	15	cc	hi
train-s401	13	NOUN	15	iobj	hi
train-s401	14	ADP	13	case	hi
train-s401	15	VERB	9	conj	hi
train-s401	16	PART	15	advmod	hi
train-s401	17	PART	15	advmod	hi
train-s401	18	AUX	15	aux	hi
train-s401	19	DET	20	det	hi
train-s401	20	NOUN	21	nsubj	hi
train-s401	21	VERB	3	parataxis	hi
train-s401	22	NOUN	21	advmod	hi
train-s402	1	NOUN	2	nsubj	en
train-s402	2	VERB	0	root	en
train-s402	3	ADV	7	mark	en
train-s402	4	DET	6	det	en
train-s402	6	NOUN	7	nsubj	en
train-s402	7	VERB	2	advcl	en
train-s402	8	PRON	7	obj	en
train-s402	9	DET	10	det	hi
train-s402	10	NOUN	7	acl	hi
train-s402	11	NOUN	10	nmod	hi
train-s402	12	PART	11	advmod	hi
train-s402	13	PART	11	advmod	hi
train-s403	1	PRON	17	advmod	en
train-s403	2	ADP	17	case	en
train-s403	4	NOUN	6	obl	en
train-s403	5	ADP	4	case	hi
train-s403	6	VERB	17	advcl	hi
train-s403	7	AUX	6	aux	hi
train-s403	9	CCONJ	12	cc	en
train-s403	11	NOUN	12	nmod	en
train-s403	12	VERB	6	conj	hi
train-s403	13	AUX	6	aux	hi
train-s403	15	DET	16	det	en
train-s403	16	PRON	17	nsubj	en
train-s403	17	VERB	0	root	en
train-s403	18	PART	17	advmod	en
train-s404	1	PRON	4	nsubj	hi
train-s404	2	PRON	4	obj	hi
train-s404	3	NOUN	4	compound	hi
train-s404	4	VERB	0	root	hi
train-s404	5	CCONJ	8	cc	en
train-s404	6	PRON	7	nmod	en
train-s404	7	NOUN	8	nsubj	en
train-s404	8	VERB	4	conj	en
train-s404	9	SCONJ	12	mark	en
train-s404	10	NOUN	12	nsubj	en
train-s404	11	ADV	10	advmod	en
train-s404	12	VERB	8	advcl	en
train-s405	2	PRON	3	nsubj	en
train-s405	3	VERB	0	root	en
train-s405	4	PRON	6	nmod	en
train-s405	6	NOUN	3	obj	en
train-s405	8	SCONJ	13	mark	hi
train-s405	9	NOUN	11	nmod	hi
train-s405	10	ADP	9	case	hi
train-s405	11	NOUN	13	obl	en
train-s405	12	ADP	11	case	hi
train-s405	13	VERB	16	advcl	hi
train-s405	14	AUX	13	aux	hi
train-s405	15	SCONJ	16	mark	hi
train-s405	16	VERB	6	acl	en
train-s405	17	ADP	18	case	en
train-s406	1	NUM	3	nummod	en
train-s406	2	NOUN	3	compound	en
train-s406	3	NOUN	10	nsubj	en
train-s406	4	AUX	10	cop	en
train-s406	5	PRON	6	nmod	en
train-s406	6	NOUN	10	nmod	en
train-s406	7	PART	6	case	en
train-s406	9	NOUN	10	compound	hi
train-s406	10	VERB	0	root	hi
train-s406	11	AUX	10	aux	hi
train-s406	12	AUX	10	aux	hi
train-s406	13	PRON	10	obj	hi
train-s406	14	PRON	10	nsubj	hi
train-s407	1	DET	2	det	hi
train-s407	2	NOUN	3	nsubj	hi
train-s407	3	VERB	10	acl:relcl	hi
train-s407	4	AUX	3	aux	hi
train-s407	5	SCONJ	6	mark	hi
train-s407	6	VERB	3	xcomp	en
train-s407	7	PART	6	advmod	en
train-s407	8	ADP	9	case	en
train-s407	9	NOUN	6	obl	en
train-s407	10	PRON	14	nsubj	hi
train-s407	11	ADV	12	advmod	hi
train-s407	12	DET	13	det	hi
train-s407	13	NOUN	14	compound	en
train-s407	14	VERB	0	root	hi
train-s407	15	AUX	14	aux	hi
train-s408	2	ADJ	3	amod	en
train-s408	3	NOUN	8	vocative	en
train-s408	5	ADV	8	advmod	en
train-s408	6	AUX	8	aux	en
train-s408	7	PRON	8	nsubj	en
train-s408	8	VERB	0	root	en
train-s408	9	SCONJ	12	mark	en
train-s408	10	DET	11	det	en
train-s408	11	NOUN	12	nsubj	en
train-s408	12	VERB	8	advcl	en
train-s408	14	NOUN	19	vocative	hi
train-s408	15	PRON	18	nmod	hi
train-s408	16	PRON	18	nmod	hi
train-s408	17	ADP	16	case	hi
train-s408	18	NOUN	19	obj	en
train-s408	20	AUX	19	aux	hi
train-s409	1	VERB	6	advcl	hi
train-s409	2	NOUN	4	nmod	en
train-s409	3	ADP	2	case	hi
train-s409	4	NOUN	6	nsubj	en
train-s409	5	PART	4	advmod	hi
train-s409	6	VERB	0	root	hi
train-s409	7	AUX	6	aux	hi
train-s409	8	DET	9	det	hi
train-s409	9	NOUN	4	nmod	hi
train-s409	10	ADP	9	case	hi
train-s410	3	ADP	2	case	hi
train-s410	4	NOUN	6	nsubj	en
train-s410	5	AUX	6	cop	hi
train-s410	6	ADJ	0	root	en
train-s410	8	ADP	7	case	hi
train-s410	9	NOUN	10	compound	hi
train-s410	10	VERB	12	csubj	hi
train-s410	11	AUX	12	cop	en
train-s410	12	ADJ	6	conj	en
train-s411	2	DET	5	det	en
train-s411	3	DET	5	det	en
train-s411	4	ADJ	5	amod	en
train-s411	5	NOUN	6	nsubj	en
train-s411	6	VERB	0	root	en
train-s411	7	SCONJ	11	mark	en
train-s411	9	NOUN	11	nmod	en
train-s411	10	PART	9	case	en
train-s411	11	NOUN	6	ccomp	hi
train-s411	12	ADV	16	advmod	hi
train-s411	13	NOUN	15	nmod	en
train-s411	14	ADP	13	case	hi
train-s411	15	NOUN	16	nsubj	en
train-s411	16	VERB	11	acl	hi
train-s411	17	AUX	16	aux	hi
train-s412	3	VERB	0	root	en
train-s412	4	PRON	3	obj	en
train-s412	6	CCONJ	9	cc	en
train-s412	7	PRON	9	nsubj	hi
train-s412	8	PART	7	advmod	hi
train-s412	9	VERB	3	conj	hi
train-s412	10	ADJ	9	xcomp	hi
train-s412	12	PRON	17	nsubj	hi
train-s412	13	PRON	17	obj	hi
train-s412	14	PART	13	advmod	hi
train-s412	15	PRON	16	nmod	hi
train-s412	16	NOUN	17	acl	en
train-s412	17	VERB	9	advcl	hi
train-s412	18	AUX	17	aux	hi
train-s413	3	NOUN	5	compound	en
train-s413	4	NOUN	5	compound	en
train-s413	5	NOUN	8	obj	en
train-s413	6	ADV	8	advmod	hi
train-s413	7	NOUN	8	compound	en
train-s413	8	VERB	0	root	hi
train-s414	1	DET	3	det	en
train-s414	3	NOUN	4	nsubj	en
train-s414	4	VERB	0	root	en
train-s414	5	ADV	6	advmod	en
train-s414	6	VERB	4	xcomp	en
train-s414	7	ADP	10	case	en
train-s414	8	DET	10	det	en
train-s414	9	ADJ	10	amod	en
train-s414	10	NOUN	6	obl	en
train-s414	11	ADP	12	case	en
train-s414	12	VERB	10	acl	hi
train-s414	13	PART	12	advmod	hi
train-s414	14	AUX	12	aux	hi
train-s414	15	NOUN	12	vocative	hi
train-s415	3	PRON	5	nmod	hi
train-s415	4	NOUN	5	obj	en
train-s415	5	VERB	0	root	hi
train-s415	6	AUX	5	aux	hi
train-s415	7	AUX	5	aux	hi
train-s415	8	SCONJ	15	mark	hi
train-s415	9	PRON	10	nmod	hi
train-s415	10	NOUN	15	nsubj	en
train-s415	12	NOUN	15	obl	en
train-s415	13	ADP	12	case	hi
train-s415	14	NOUN	15	compound	en
train-s415	15	VERB	3	acl	hi
train-s415	16	AUX	15	aux	hi
train-s416	1	NOUN	2	compound	en
train-s416	2	NOUN	4	nsubj	en
train-s416	3	DET	4	det	hi
train-s416	4	ADJ	0	root	hi
train-s416	5	AUX	4	cop	hi
train-s416	6	NOUN	7	nsubj	en
train-s416	7	PRON	4	conj	hi
train-s416	8	PART	7	advmod	hi
train-s416	9	AUX	7	cop	hi
train-s417	1	ADV	3	advmod	en
train-s417	2	PRON	3	nsubj	en
train-s417	3	VERB	0	root	en
train-s417	4	SCONJ	8	mark	en
train-s417	5	PRON	8	nsubj	en
train-s417	6	AUX	8	aux	en
train-s417	7	PART	8	advmod	en
train-s417	8	VERB	3	xcomp	en
train-s417	9	PRON	10	nmod	en
train-s417	10	NOUN	12	nmod	hi
train-s417	11	ADP	10	case	hi
train-s417	12	NOUN	8	nmod	hi
train-s418	1	PRON	3	nsubj	en
train-s418	2	AUX	3	aux	en
train-s418	3	VERB	0	root	en
train-s418	4	ADP	5	case	en
train-s418	6	DET	8	det	en
train-s418	7	ADJ	8	amod	en
train-s418	8	NOUN	3	nmod	en
train-s418	9	ADP	12	case	en
train-s418	10	NOUN	12	nmod	hi
train-s418	11	ADP	10	case	hi
train-s418	12	NOUN	3	obl	hi
train-s419	2	VERB	0	root	en
train-s419	3	DET	5	det	en
train-s419	4	ADJ	5	amod	en
train-s419	5	NOUN	2	obj	en
train-s419	6	ADP	9	case	en
train-s419	8	PART	7	case	en
train-s419	9	NOUN	2	obl	en
train-s419	10	ADV	18	advmod	hi
train-s419	11	PART	10	advmod	hi
train-s419	13	ADP	12	case	hi
train-s419	14	NOUN	16	nmod	hi
train-s419	15	ADP	14	case	hi
train-s419	16	NOUN	18	acl	hi
train-s419	17	ADV	18	advmod	hi
train-s419	18	VERB	2	advcl	hi
train-s419	19	AUX	18	aux	hi
train-s420	1	VERB	3	acl	hi
train-s420	2	AUX	1	aux	hi
train-s420	4	AUX	7	cop	en
train-s420	5	DET	7	det	en
train-s420	6	ADJ	7	amod	en
train-s420	7	NOUN	0	root	en
train-s420	8	ADV	7	advmod	en
train-s421	2	PRON	4	nsubj	en
train-s421	3	AUX	4	cop	en
train-s421	4	ADJ	0	root	en
train-s421	5	CCONJ	7	cc	en
train-s421	6	NOUN	7	nsubj	hi
train-s421	7	NOUN	4	conj	hi
train-s421	8	AUX	7	cop	hi
train-s421	9	AUX	7	aux	hi
train-s421	10	NOUN	7	vocative	hi
train-s422	1	NOUN	0	root	en
train-s422	2	ADP	3	case	en
train-s422	3	NOUN	1	nmod	en
train-s422	4	NOUN	15	nsubj	en
train-s422	5	PART	6	advmod	en
train-s422	6	ADJ	4	acl:relcl	en
train-s422	7	PART	8	mark	en
train-s422	8	VERB	6	xcomp	en
train-s422	10	PROPN	12	nmod	hi
train-s422	11	ADP	10	case	hi
train-s422	12	NOUN	8	obj	hi
train-s422	13	AUX	15	aux	en
train-s422	14	ADV	15	advmod	en
train-s422	15	VERB	3	acl	en
train-s422	16	ADV	15	advmod	en
train-s423	1	AUX	2	aux	en
train-s423	2	VERB	0	root	en
train-s423	3	ADP	2	compound	en
train-s423	4	DET	5	det	en
train-s423	5	NOUN	2	obj	en
train-s423	6	NOUN	7	compound	hi
train-s423	7	VERB	12	advcl	hi
train-s423	8	SCONJ	12	mark	hi
train-s423	9	NOUN	12	nsubj	hi
train-s423	10	PRON	12	advmod	hi
train-s423	11	PART	12	advmod	hi
train-s423	12	VERB	5	acl	hi
train-s424	2	ADP	1	case	hi
train-s424	3	VERB	7	advcl	hi
train-s424	4	AUX	3	aux	hi
train-s424	5	NOUN	7	nsubj	en
train-s424	6	NOUN	7	compound	en
train-s424	7	VERB	0	root	hi
train-s424	8	AUX	7	aux	hi
train-s425	1	PRON	2	nmod	hi
train-s425	2	PRON	4	nsubj	hi
train-s425	3	PART	4	advmod	hi
train-s425	4	VERB	5	acl:relcl	hi
train-s425	5	PRON	7	nmod	hi
train-s425	6	ADJ	7	amod	en
train-s425	7	NOUN	8	nsubj	en
train-s425	8	VERB	0	root	hi
train-s425	9	AUX	8	aux	hi
train-s426	1	CCONJ	4	cc	en
train-s426	2	ADV	4	mark	en
train-s426	3	PRON	4	nsubj	en
train-s426	4	VERB	0	root	en
train-s426	5	SCONJ	13	mark	en
train-s426	7	ADP	6	case	hi
train-s426	8	NOUN	9	compound	hi
train-s426	9	VERB	13	csubj	hi
train-s426	10	AUX	13	cop	en
train-s426	11	ADV	13	advmod	en
train-s426	12	DET	13	det	en
train-s426	13	NOUN	4	xcomp	en
train-s426	14	PRON	15	nsubj	en
train-s426	15	VERB	13	parataxis	en
train-s427	1	VERB	0	root	en
train-s427	2	SCONJ	3	mark	en
train-s427	3	VERB	1	advcl	en
train-s427	4	DET	5	det	en
train-s427	5	NOUN	3	obj	en
train-s427	6	CCONJ	9	cc	en
train-s427	7	ADV	9	advmod	en
train-s427	8	PRON	9	nsubj	en
train-s427	9	VERB	1	conj	en
train-s427	10	PRON	14	obj	hi
train-s427	11	NOUN	14	compound	hi
train-s427	12	PART	14	advmod	hi
train-s427	13	PRON	14	nsubj	hi
train-s427	14	VERB	9	ccomp	hi
train-s427	15	CCONJ	20	cc	en
train-s427	16	ADV	20	advmod	en
train-s427	17	PRON	20	nsubj	en
train-s427	18	AUX	20	aux	en
train-s427	19	PART	20	advmod	en
train-s427	20	VERB	9	conj	en
train-s428	1	NOUN	5	obl	en
train-s428	2	ADP	1	case	hi
train-s428	3	NOUN	5	nsubj	en
train-s428	4	ADP	3	case	hi
train-s428	5	VERB	0	root	hi
train-s428	6	SCONJ	14	mark	hi
train-s428	7	NOUN	12	obl	en
train-s428	8	ADP	7	case	hi
train-s428	9	ADP	7	case	hi
train-s428	10	NOUN	12	obj	en
train-s428	11	PART	10	advmod	hi
train-s428	12	VERB	14	advcl	hi
train-s428	13	AUX	12	aux	hi
train-s428	14	VERB	5	xcomp	hi
train-s429	2	ADV	5	mark	en
train-s429	4	AUX	5	aux	en
train-s429	5	VERB	8	advcl	en
train-s429	7	NOUN	8	nsubj	en
train-s429	8	VERB	0	root	en
train-s429	10	NOUN	11	nsubj	en
train-s429	11	VERB	8	xcomp	hi
train-s429	12	AUX	11	aux	hi
train-s430	2	ADV	3	advmod	en
train-s430	3	ADJ	4	amod	en
train-s430	4	NOUN	6	nmod	en
train-s430	7	NOUN	8	compound	hi
train-s430	8	VERB	0	root	hi
train-s430	9	AUX	8	aux	hi
train-s430	10	AUX	8	aux	hi
train-s431	2	PRON	4	nsubj	en
train-s431	3	AUX	4	aux	en
train-s431	4	VERB	0	root	en
train-s431	5	DET	7	det	en
train-s431	6	ADJ	7	amod	en
train-s431	7	NOUN	4	obj	en
train-s431	8	PRON	10	obj	en
train-s431	9	PRON	10	nsubj	en
train-s431	10	VERB	4	advcl	en
train-s431	11	VERB	15	advcl	hi
train-s431	12	NOUN	13	vocative	hi
train-s431	13	VERB	11	advcl	hi
train-s431	15	VERB	8	acl	hi
train-s432	1	NOUN	2	compound	hi
train-s432	2	NOUN	6	nmod	hi
train-s432	3	NOUN	5	nmod	hi
train-s432	4	ADP	3	case	hi
train-s432	5	NOUN	6	nsubj	hi
train-s432	6	VERB	0	root	en
train-s432	7	PRON	8	nmod	en
train-s432	8	NOUN	6	obj	en
train-s433	2	VERB	0	root	en
train-s433	3	PRON	2	nsubj	en
train-s433	4	ADP	21	case	en
train-s433	6	NOUN	7	nsubj	hi
train-s433	7	VERB	21	acl	hi
train-s433	8	AUX	7	aux	hi
train-s433	9	CCONJ	14	cc	hi
train-s433	10	PRON	14	nsubj	hi
train-s433	11	PART	10	advmod	hi
train-s433	12	NOUN	14	obl	hi
train-s433	13	ADP	12	case	hi
train-s433	14	VERB	7	conj	hi
train-s433	15	PART	14	advmod	hi
train-s433	16	PART	14	advmod	hi
train-s433	18	NOUN	21	nmod	en
train-s433	19	PART	18	advmod	en
train-s433	20	ADJ	21	amod	en
train-s433	21	NOUN	2	obl	en
train-s434	1	VERB	0	root	en
train-s434	2	ADV	4	advmod	en
train-s434	3	PART	4	mark	en
train-s434	4	VERB	1	xcomp	en
train-s434	5	ADV	12	mark	en
train-s434	6	ADV	12	advmod	en
train-s434	7	AUX	12	aux	en
train-s434	8	PRON	11	nmod	en
train-s434	9	ADJ	11	amod	en
train-s434	10	ADJ	11	amod	en
train-s434	11	NOUN	12	nsubj	en
train-s434	12	VERB	4	advcl	en
train-s434	13	CCONJ	18	cc	en
train-s434	14	NOUN	18	vocative	hi
train-s434	15	DET	17	det	hi
train-s434	16	PART	15	advmod	hi
train-s434	17	PRON	18	nsubj	hi
train-s434	18	VERB	1	conj	hi
train-s434	19	AUX	18	aux	hi
train-s435	1	DET	2	det	en
train-s435	2	NOUN	3	nsubj	en
train-s435	3	VERB	0	root	en
train-s435	4	ADP	3	compound	en
train-s435	5	SCONJ	10	mark	en
train-s435	6	DET	8	det	en
train-s435	7	DET	8	det	en
train-s435	8	NOUN	10	obj	en
train-s435	9	PRON	10	nsubj	en
train-s435	10	VERB	11	csubj	en
train-s435	11	VERB	3	xcomp	en
train-s435	12	ADP	13	case	en
train-s435	13	NOUN	11	obl	en
train-s435	15	PRON	19	obl	hi
train-s435	16	ADP	15	case	hi
train-s435	17	PRON	19	nsubj	hi
train-s435	18	ADJ	19	compound	hi
train-s435	19	VERB	3	advcl	hi
train-s436	1	INTJ	8	discourse	hi
train-s436	2	ADV	6	advmod	hi
train-s436	3	ADV	2	compound	hi
train-s436	4	PRON	6	obj	en
train-s436	5	PRON	6	nsubj	en
train-s436	6	VERB	8	csubj	en
train-s436	7	AUX	8	cop	en
train-s436	8	NOUN	0	root	en
train-s436	9	PART	10	mark	en
train-s436	10	VERB	8	advcl	en
train-s436	11	NOUN	10	obj	en
train-s437	1	NOUN	6	nmod	en
train-s437	2	ADP	4	case	en
train-s437	3	DET	4	det	en
train-s437	4	NOUN	1	nmod	en
train-s437	5	ADP	4	case	hi
train-s437	6	NOUN	9	nsubj	hi
train-s437	8	ADP	7	case	hi
train-s437	9	VERB	0	root	hi
train-s438	1	VERB	3	acl	hi
train-s438	2	AUX	1	aux	hi
train-s438	3	NOUN	5	nsubj	hi
train-s438	4	AUX	5	cop	en
train-s438	5	NOUN	0	root	en
train-s438	6	ADJ	5	amod	en
train-s438	7	ADP	8	case	en
train-s438	8	PRON	6	advmod	en
train-s439	2	VERB	0	root	en
train-s439	4	NOUN	2	obj	hi
train-s439	5	PART	4	advmod	hi
train-s439	7	ADP	8	case	en
train-s439	8	PRON	4	nmod	en
train-s439	9	ADV	13	mark	en
train-s439	10	ADP	13	case	en
train-s439	11	DET	13	det	en
train-s439	12	ADJ	13	amod	en
train-s439	13	NOUN	2	advcl	en
train-s440	1	ADV	5	advmod	en
train-s440	2	ADJ	5	amod	en
train-s440	4	ADP	3	case	hi
train-s440	5	NOUN	0	root	hi
train-s440	6	NOUN	5	nmod	en
train-s441	2	ADP	5	case	en
train-s441	3	DET	5	det	en
train-s441	4	ADJ	5	amod	en
train-s441	5	NOUN	0	root	en
train-s441	6	ADP	7	case	en
train-s441	10	PRON	13	nsubj	hi
train-s441	11	PRON	13	nmod	hi
train-s441	12	ADJ	13	amod	hi
train-s441	13	NOUN	5	nmod	hi
train-s441	14	AUX	13	cop	hi
train-s441	16	PRON	19	iobj	hi
train-s441	17	NOUN	19	obj	hi
train-s441	18	PART	19	advmod	hi
train-s441	19	VERB	13	advcl	hi
train-s442	1	PRON	2	nmod	hi
train-s442	2	NOUN	4	nmod	en
train-s442	3	ADP	2	case	hi
train-s442	4	NOUN	11	nsubj	en
train-s442	5	PART	6	advmod	hi
train-s442	6	VERB	11	advcl	hi
train-s442	7	DET	8	det	hi
train-s442	8	NOUN	0	root	hi
train-s442	9	ADP	8	case	hi
train-s442	10	AUX	8	cop	hi
train-s443	1	ADV	4	advmod	en
train-s443	4	VERB	0	root	en
train-s443	6	PRON	9	expl	en
train-s443	7	AUX	9	cop	en
train-s443	8	ADJ	9	amod	hi
train-s443	9	NOUN	4	obj	hi
train-s443	11	ADJ	12	amod	hi
train-s443	12	NOUN	9	nmod	hi
train-s444	1	NOUN	2	compound	en
train-s444	2	VERB	4	advcl	hi
train-s444	3	NOUN	4	compound	en
train-s444	4	VERB	0	root	hi
train-s444	6	NOUN	7	obj	en
train-s444	7	VERB	10	advcl	hi
train-s444	8	NOUN	10	compound	en
train-s444	9	ADV	10	advmod	hi
train-s444	10	VERB	4	parataxis	hi
train-s444	11	AUX	10	aux	hi
train-s445	1	NOUN	4	vocative	hi
train-s445	2	ADV	4	advmod	hi
train-s445	3	PART	2	advmod	hi
train-s445	4	VERB	0	root	hi
train-s445	5	AUX	4	aux	hi
train-s445	7	CCONJ	10	cc	en
train-s445	8	PRON	10	nsubj	en
train-s445	9	AUX	10	cop	en
train-s445	11	ADV	10	advmod	en
train-s446	1	ADV	2	advmod	hi
train-s446	2	ADJ	0	root	en
train-s446	3	AUX	2	cop	hi
train-s446	4	AUX	2	aux	hi
train-s446	5	AUX	2	aux	hi
train-s446	6	AUX	2	aux	hi
train-s446	7	VERB	2	advcl	en
train-s446	8	PART	9	mark	en
train-s446	9	VERB	7	xcomp	en
train-s446	10	DET	11	det	en
train-s446	11	NOUN	9	obj	en
train-s447	2	CCONJ	3	cc	hi
train-s447	4	ADJ	6	amod	en
train-s447	5	NOUN	6	compound	en
train-s447	6	NOUN	8	obj	hi
train-s447	7	NOUN	8	compound	en
train-s447	8	VERB	0	root	hi
train-s447	9	AUX	8	aux	hi
train-s447	10	AUX	8	aux	hi
train-s448	2	NOUN	13	nmod	hi
train-s448	3	VERB	9	csubj	en
train-s448	4	DET	6	det	en
train-s448	5	ADJ	6	amod	en
train-s448	6	NOUN	3	obj	en
train-s448	7	ADP	6	case	hi
train-s448	8	ADP	6	case	hi
train-s448	9	VERB	13	advcl	en
train-s448	10	DET	12	det	en
train-s448	11	ADJ	12	amod	en
train-s448	12	NOUN	9	nsubj	en
train-s448	13	VERB	0	root	hi
train-s448	14	AUX	13	aux	hi
train-s448	15	AUX	13	aux	hi
train-s449	1	NOUN	2	obj	en
train-s449	2	VERB	0	root	hi
train-s449	3	AUX	2	aux	hi
train-s449	5	CCONJ	8	cc	hi
train-s449	6	PRON	8	nsubj	en
train-s449	7	AUX	8	cop	en
train-s449	8	ADV	2	conj	en
train-s449	9	ADJ	8	amod	en
train-s450	1	DET	5	det	hi
train-s450	2	PART	1	advmod	hi
train-s450	3	VERB	5	acl	hi
train-s450	4	SCONJ	3	mark	hi
train-s450	5	NOUN	6	obj	hi
train-s450	6	VERB	9	advcl	hi
train-s450	7	AUX	6	aux	hi
train-s450	8	PRON	9	nsubj	en
train-s450	9	VERB	0	root	en
train-s450	10	PRON	9	iobj	en
train-s450	12	VERB	9	xcomp	en
train-s450	14	NOUN	12	advcl	hi
train-s450	15	AUX	14	cop	hi
train-s450	17	SCONJ	22	mark	en
train-s450	18	PRON	19	nsubj	en
train-s450	19	VERB	9	advcl	en
train-s450	20	SCONJ	22	mark	en
train-s450	23	AUX	22	cop	hi
train-s450	24	NOUN	22	vocative	hi
train-s451	1	PRON	2	nsubj	en
train-s451	2	VERB	0	root	en
train-s451	5	SCONJ	8	mark	en
train-s451	6	ADJ	7	amod	hi
train-s451	7	NOUN	8	nsubj	hi
train-s451	8	VERB	2	advcl	hi
train-s451	9	PART	8	advmod	hi
train-s452	1	VERB	0	root	en
train-s452	2	ADJ	1	compound	en
train-s452	3	ADP	16	case	en
train-s452	4	ADJ	5	amod	en
train-s452	5	NOUN	14	nmod	hi
train-s452	7	ADJ	8	amod	en
train-s452	8	NOUN	14	nsubj	en
train-s452	9	NOUN	14	obl	hi
train-s452	10	ADP	9	case	hi
train-s452	11	ADJ	13	amod	hi
train-s452	12	ADJ	11	compound	hi
train-s452	13	NOUN	14	obj	hi
train-s452	14	VERB	1	advcl	hi
train-s452	16	NOUN	1	obj	en
train-s453	2	NUM	3	nummod	en
train-s453	3	NOUN	10	nmod	en
train-s453	4	PART	3	case	en
train-s453	6	NOUN	7	compound	hi
train-s453	7	NOUN	10	nmod	hi
train-s453	8	PART	9	advmod	hi
train-s453	9	ADJ	10	compound	en
train-s453	10	VERB	20	csubj	hi
train-s453	11	AUX	10	aux	hi
train-s453	13	AUX	20	cop	en
train-s453	14	ADJ	15	amod	en
train-s453	15	NOUN	20	nmod	en
train-s453	16	PART	15	case	en
train-s453	18	INTJ	19	discourse	hi
train-s453	19	NOUN	20	vocative	hi
train-s453	20	VERB	0	root	hi
train-s453	21	ADV	20	obl	hi
train-s453	22	ADP	21	case	hi
train-s454	1	ADV	4	mark	en
train-s454	3	AUX	4	aux	en
train-s454	4	VERB	6	advcl	en
train-s454	6	NOUN	7	nsubj	en
train-s454	7	VERB	0	root	en
train-s454	8	ADJ	9	compound	hi
train-s454	9	VERB	7	xcomp	hi
train-s454	10	NOUN	11	nsubj	hi
train-s454	11	VERB	9	advcl	hi
train-s454	12	AUX	11	aux	hi
train-s455	1	DET	2	det	hi
train-s455	2	NOUN	4	nsubj	en
train-s455	3	PART	2	advmod	hi
train-s455	4	PRON	0	root	hi
train-s455	5	PRON	8	nmod	hi
train-s455	6	ADP	5	case	hi
train-s455	7	NOUN	8	nmod	en
train-s455	8	NOUN	2	acl:relcl	en
train-s455	9	PART	8	advmod	hi
train-s455	10	AUX	8	cop	hi
train-s456	2	AUX	4	aux	en
train-s456	3	AUX	4	aux	en
train-s456	4	VERB	0	root	en
train-s456	5	ADP	9	case	en
train-s456	7	NOUN	9	nmod	en
train-s456	8	ADP	7	case	hi
train-s456	9	NOUN	4	obj	hi
train-s457	1	ADV	3	advmod	hi
train-s457	3	ADJ	0	root	hi
train-s457	4	ADV	6	mark	en
train-s457	5	PRON	6	nsubj	en
train-s457	6	VERB	1	advcl	en
train-s457	7	PRON	8	nmod	hi
train-s457	8	NOUN	10	nmod	hi
train-s457	9	ADP	8	case	hi
train-s457	10	NOUN	11	obj	hi
train-s457	11	VERB	6	advcl	hi
train-s457	12	AUX	11	aux	hi
train-s458	1	ADJ	2	amod	en
train-s458	2	NOUN	9	obl	en
train-s458	3	ADP	2	case	hi
train-s458	4	NOUN	9	nsubj	hi
train-s458	5	NOUN	9	compound	hi
train-s458	6	PART	5	advmod	hi
train-s458	7	ADV	9	advmod	en
train-s458	8	PART	7	advmod	hi
train-s458	9	VERB	0	root	hi
train-s458	10	AUX	9	aux	hi
train-s459	2	ADP	1	case	hi
train-s459	3	NOUN	5	obj	en
train-s459	4	NOUN	5	compound	en
train-s459	5	VERB	8	csubj	hi
train-s459	6	AUX	5	aux	hi
train-s459	7	AUX	8	aux	en
train-s459	8	VERB	0	root	en
train-s459	9	ADJ	11	amod	en
train-s459	10	ADP	11	case	en
train-s460	1	PRON	2	nsubj	en
train-s460	2	VERB	0	root	en
train-s460	3	SCONJ	8	mark	en
train-s460	4	PRON	8	nsubj	en
train-s460	5	ADV	8	advmod	hi
train-s460	6	NOUN	7	obj	hi
train-s460	7	VERB	8	advcl	hi
train-s460	8	VERB	2	advcl	hi
train-s460	9	AUX	8	aux	hi
train-s461	1	ADJ	2	amod	hi
train-s461	2	NOUN	0	root	en
train-s461	3	AUX	2	cop	hi
train-s461	4	ADP	8	case	en
train-s461	7	PART	5	case	en
train-s461	8	NOUN	2	nmod	en
train-s462	1	PRON	2	nsubj	en
train-s462	2	VERB	0	root	en
train-s462	3	PRON	7	nsubj	hi
train-s462	4	PRON	5	nmod	hi
train-s462	5	NOUN	7	obj	en
train-s462	6	NOUN	7	compound	en
train-s462	7	VERB	8	acl:relcl	hi
train-s462	8	PRON	11	iobj	hi
train-s462	9	PART	8	advmod	hi
train-s462	10	PRON	11	nsubj	hi
train-s462	11	VERB	2	xcomp	hi
train-s463	1	VERB	3	acl	en
train-s463	2	DET	3	det	en
train-s463	3	NOUN	7	obj	en
train-s463	4	ADP	6	case	en
train-s463	5	ADJ	6	amod	en
train-s463	6	NOUN	3	nmod	en
train-s463	7	VERB	19	advcl	en
train-s463	8	ADP	10	case	en
train-s463	9	DET	10	det	en
train-s463	11	ADJ	12	amod	en
train-s463	12	NOUN	7	nsubj	en
train-s463	14	PRON	19	expl	en
train-s463	15	AUX	19	aux	en
train-s463	16	AUX	19	cop	en
train-s463	17	ADV	19	nmod	hi
train-s463	18	ADP	17	case	hi
train-s463	19	NOUN	0	root	hi
train-s463	20	NOUN	21	compound	hi
train-s463	21	NOUN	19	obj	hi
train-s464	3	NOUN	10	nsubj	hi
train-s464	4	ADP	3	case	hi
train-s464	6	NOUN	10	iobj	hi
train-s464	7	ADP	6	case	hi
train-s464	8	PRON	10	obj	hi
train-s464	9	PART	8	advmod	hi
train-s464	10	VERB	11	acl:relcl	hi
train-s464	11	PRON	22	nsubj	hi
train-s464	13	PRON	14	nsubj	en
train-s464	14	VERB	22	acl	en
train-s464	15	PRON	14	obj	en
train-s464	16	CCONJ	19	cc	en
train-s464	17	ADP	19	case	en
train-s464	18	DET	19	det	en
train-s464	19	NOUN	14	conj	en
train-s464	21	ADP	19	case	hi
train-s464	22	NOUN	0	root	hi
train-s464	23	AUX	22	cop	hi
train-s465	1	ADV	3	advmod	en
train-s465	3	VERB	0	root	en
train-s465	5	ADJ	6	amod	hi
train-s465	6	PROPN	7	nmod	hi
train-s465	7	NOUN	3	xcomp	en
train-s466	1	NOUN	2	compound	en
train-s466	2	NOUN	3	orphan	en
train-s466	3	ADJ	0	root	hi
train-s466	4	NOUN	5	compound	hi
train-s466	5	NOUN	7	nsubj	hi
train-s466	6	ADJ	7	xcomp	hi
train-s466	7	VERB	3	conj	hi
train-s466	8	AUX	7	aux	hi
train-s467	1	ADJ	2	amod	en
train-s467	2	NOUN	3	nsubj	en
train-s467	3	VERB	0	root	en
train-s467	4	PRON	5	nmod	hi
train-s467	5	NOUN	8	obl	hi
train-s467	6	ADP	5	case	hi
train-s467	7	NOUN	8	obj	hi
train-s467	8	VERB	3	xcomp	hi
train-s468	2	DET	4	det	en
train-s468	3	ADJ	4	amod	en
train-s468	4	NOUN	0	root	en
train-s468	5	ADP	6	case	en
train-s468	6	NOUN	4	nmod	en
train-s468	7	ADV	10	mark	en
train-s468	8	PRON	9	nmod	en
train-s468	9	NOUN	10	nsubj	en
train-s468	10	VERB	4	advcl	en
train-s468	12	PRON	14	nsubj	hi
train-s468	13	PART	12	advmod	hi
train-s468	14	NOUN	10	obj	hi
train-s468	15	AUX	14	cop	hi
train-s468	16	PRON	14	nmod	hi
train-s469	1	VERB	3	acl	hi
train-s469	2	AUX	1	aux	hi
train-s469	4	AUX	6	cop	en
train-s469	5	ADV	6	advmod	en
train-s469	6	ADJ	0	root	en
train-s470	2	ADP	5	case	en
train-s470	3	ADP	2	compound	en
train-s470	4	ADJ	5	amod	hi
train-s470	5	NOUN	9	obl	en
train-s470	7	SCONJ	9	mark	en
train-s470	8	PRON	9	nsubj	en
train-s470	9	VERB	18	advcl	en
train-s470	10	ADP	11	case	en
train-s470	11	NOUN	9	obj	en
train-s470	12	SCONJ	18	mark	en
train-s470	13	PRON	18	nsubj	en
train-s470	14	AUX	18	cop	en
train-s470	16	ADJ	17	compound	hi
train-s470	17	VERB	18	acl	hi
train-s470	18	NOUN	0	root	hi
train-s471	1	ADV	4	advmod	en
train-s471	2	ADP	4	case	en
train-s471	3	DET	4	det	en
train-s471	4	NOUN	9	obl	en
train-s471	6	DET	7	det	hi
train-s471	7	NOUN	9	nsubj	en
train-s471	8	NOUN	9	obj	hi
train-s471	9	VERB	11	acl:relcl	hi
train-s471	10	AUX	9	aux	hi
train-s471	11	PRON	14	nsubj	hi
train-s471	12	ADV	13	advmod	hi
train-s471	13	ADJ	14	xcomp	hi
train-s471	14	VERB	0	root	hi
train-s471	15	AUX	14	aux	hi
train-s471	16	AUX	14	aux	hi
train-s472	1	VERB	0	root	en
train-s472	2	DET	3	det	en
train-s472	4	ADP	3	case	hi
train-s472	5	NOUN	6	compound	hi
train-s472	6	NOUN	1	obj	hi
train-s472	7	ADP	8	case	en
train-s472	8	NOUN	1	obl	en
train-s473	3	ADP	1	case	hi
train-s473	4	ADP	1	case	hi
train-s473	5	ADP	7	case	en
train-s473	6	DET	7	det	en
train-s473	7	NOUN	10	obl	en
train-s473	8	NUM	9	nummod	hi
train-s473	9	NOUN	10	obj	en
train-s473	10	VERB	0	root	hi
train-s473	11	AUX	10	aux	hi
train-s473	12	PART	11	advmod	hi
train-s474	1	PRON	2	nmod	hi
train-s474	2	NOUN	4	nmod	en
train-s474	3	ADP	2	case	hi
train-s474	4	NOUN	6	nsubj	en
train-s474	5	ADJ	6	xcomp	en
train-s474	6	VERB	0	root	hi
train-s474	7	AUX	6	aux	hi
train-s474	8	AUX	6	aux	hi
train-s475	3	ADP	1	case	hi
train-s475	4	NOUN	5	obj	en
train-s475	5	VERB	10	advcl	hi
train-s475	6	AUX	5	aux	hi
train-s475	7	PRON	10	nsubj	en
train-s475	8	AUX	10	cop	en
train-s475	9	ADP	10	case	en
train-s476	1	NOUN	3	obj	en
train-s476	2	ADJ	3	compound	hi
train-s476	3	VERB	0	root	hi
train-s476	4	AUX	3	aux	hi
train-s476	5	CCONJ	7	cc	en
train-s476	6	ADJ	7	amod	en
train-s476	7	NOUN	3	conj	en
train-s476	8	ADV	7	advmod	en
train-s477	1	PRON	2	nsubj	hi
train-s477	2	NOUN	0	root	hi
train-s477	3	AUX	2	cop	hi
train-s477	4	DET	5	det	hi
train-s477	5	NOUN	2	nmod	hi
train-s477	6	ADP	5	case	hi
train-s477	7	PRON	13	iobj	hi
train-s477	9	ADJ	10	amod	en
train-s477	10	NOUN	11	nmod	en
train-s477	11	NOUN	13	obj	en
train-s477	13	VERB	2	parataxis	hi
train-s477	14	DET	15	det	hi
train-s477	15	NOUN	13	nsubj	hi
train-s477	16	AUX	13	aux	hi
train-s478	1	DET	2	det	hi
train-s478	2	NOUN	8	advcl	hi
train-s478	3	PART	2	advmod	hi
train-s478	4	NOUN	2	vocative	en
train-s478	5	ADJ	6	amod	en
train-s478	6	NOUN	8	nsubj	en
train-s478	7	ADV	8	advmod	hi
train-s478	8	ADJ	0	root	hi
train-s478	9	AUX	8	cop	hi
train-s479	1	INTJ	2	discourse	en
train-s479	2	ADV	9	vocative	en
train-s479	4	VERB	0	root	en
train-s479	5	ADV	4	advmod	en
train-s479	6	PRON	9	nmod	hi
train-s479	7	ADV	9	nmod	hi
train-s479	8	ADP	7	case	hi
train-s479	9	NOUN	10	nsubj	hi
train-s479	10	ADP	4	advcl	hi
train-s479	11	AUX	10	cop	hi
train-s480	1	VERB	0	root	en
train-s480	3	ADP	2	case	hi
train-s480	4	NOUN	1	obj	hi
train-s480	6	PRON	11	expl	en
train-s480	7	AUX	11	cop	en
train-s480	8	DET	9	det	en
train-s480	10	ADP	9	case	hi
train-s480	11	NOUN	1	parataxis	hi
train-s480	12	PRON	13	nsubj	en
train-s480	13	VERB	11	acl:relcl	en
train-s480	14	DET	15	det	en
train-s480	15	NOUN	13	obj	en
train-s480	16	ADJ	13	acl	en
train-s481	1	ADV	2	advmod	hi
train-s481	2	ADJ	3	amod	en
train-s481	3	NOUN	4	nsubj	en
train-s481	4	VERB	0	root	hi
train-s481	5	AUX	4	aux	hi
train-s481	6	SCONJ	13	mark	hi
train-s481	7	NOUN	9	nmod	hi
train-s481	8	ADP	7	case	hi
train-s481	9	NOUN	13	obl	en
train-s481	10	ADP	9	case	hi
train-s481	12	NOUN	13	compound	hi
train-s481	13	VERB	3	acl	hi
train-s481	14	AUX	13	aux	hi
train-s481	15	AUX	13	aux	hi
train-s481	16	AUX	13	aux	hi
train-s482	2	INTJ	4	discourse	en
train-s482	3	PRON	4	nsubj	en
train-s482	4	VERB	0	root	en
train-s482	6	ADP	5	case	hi
train-s482	7	NOUN	4	obj	hi
train-s482	9	ADP	8	case	hi
train-s482	10	ADV	11	advmod	hi
train-s482	11	ADP	4	advcl	hi
train-s482	12	AUX	7	cop	hi
train-s483	1	DET	2	det	hi
train-s483	2	NOUN	7	obl	en
train-s483	3	ADP	2	case	hi
train-s483	6	ADV	7	compound	hi
train-s483	7	VERB	11	acl:relcl	hi
train-s483	8	AUX	7	aux	hi
train-s483	9	AUX	7	aux	hi
train-s483	11	PRON	15	obj	en
train-s483	12	AUX	15	aux	en
train-s483	13	AUX	15	aux	en
train-s483	14	AUX	15	aux	en
train-s483	15	VERB	0	root	en
train-s484	1	PRON	7	nmod	en
train-s484	4	ADV	5	advmod	hi
train-s484	5	ADJ	6	amod	hi
train-s484	6	NOUN	7	compound	en
train-s484	7	VERB	0	root	hi
train-s484	8	NOUN	9	compound	en
train-s484	9	NOUN	7	obl	en
train-s484	10	ADP	9	case	hi
train-s485	1	PROPN	3	obj	hi
train-s485	2	PART	1	advmod	hi
train-s485	3	VERB	0	root	hi
train-s485	4	AUX	3	aux	hi
train-s485	5	AUX	3	aux	hi
train-s485	6	NOUN	3	vocative	en
train-s485	7	CCONJ	8	cc	en
train-s485	8	NOUN	6	conj	en
train-s486	1	NOUN	2	nsubj	en
train-s486	2	VERB	0	root	en
train-s486	3	ADP	4	case	en
train-s486	5	CCONJ	11	cc	en
train-s486	7	ADP	6	case	hi
train-s486	8	ADP	6	case	hi
train-s486	9	NOUN	11	nsubj	en
train-s486	10	PART	11	advmod	hi
train-s486	11	VERB	2	conj	hi
train-s486	12	ADV	11	obl	hi
train-s486	13	ADP	12	case	hi
train-s486	14	ADP	17	case	en
train-s486	15	ADP	14	fixed	en
train-s486	16	PART	17	advmod	en
train-s487	1	PRON	3	nsubj	en
train-s487	2	AUX	3	cop	en
train-s487	3	PRON	0	root	en
train-s487	4	ADP	6	case	en
train-s487	5	DET	6	det	en
train-s487	6	NOUN	3	nmod	en
train-s487	8	ADJ	9	amod	hi
train-s487	9	PRON	10	nsubj	hi
train-s487	10	NOUN	3	parataxis	hi
train-s487	11	AUX	10	cop	hi
train-s488	1	NOUN	2	obj	en
train-s488	2	VERB	0	root	en
train-s488	3	INTJ	6	discourse	hi
train-s488	5	PART	4	advmod	hi
train-s488	6	VERB	2	advcl	hi
train-s489	1	CCONJ	7	cc	hi
train-s489	2	NOUN	7	vocative	en
train-s489	4	PRON	6	nmod	hi
train-s489	5	PART	4	advmod	hi
train-s489	6	NOUN	7	compound	en
train-s489	7	VERB	0	root	hi
train-s489	8	AUX	7	aux	hi
train-s490	1	CCONJ	4	cc	en
train-s490	2	PRON	4	nsubj	en
train-s490	3	AUX	4	cop	en
train-s490	4	ADJ	0	root	en
train-s490	5	SCONJ	8	mark	en
train-s490	6	PROPN	8	nsubj	hi
train-s490	7	ADP	6	case	hi
train-s490	8	VERB	4	advcl	hi
train-s490	9	AUX	8	aux	hi
train-s491	1	DET	3	det	en
train-s491	2	ADJ	3	amod	hi
train-s491	3	NOUN	5	nmod	hi
train-s491	4	ADP	3	case	hi
train-s491	5	NOUN	10	nsubj	hi
train-s491	6	ADV	7	advmod	en
train-s491	7	ADV	10	advmod	en
train-s491	8	AUX	10	aux	en
train-s491	9	AUX	10	cop	en
train-s491	10	ADJ	0	root	en
train-s492	1	VERB	0	root	en
train-s492	2	ADV	1	advmod	en
train-s492	3	PRON	5	nmod	en
train-s492	4	ADJ	5	amod	en
train-s492	5	NOUN	8	nmod	en
train-s492	6	PART	5	case	en
train-s492	8	NOUN	1	obj	en
train-s492	9	CCONJ	10	cc	en
train-s492	10	VERB	1	conj	en
train-s492	11	PRON	17	nsubj	hi
train-s492	12	PART	11	advmod	hi
train-s492	13	PRON	16	advmod	hi
train-s492	14	ADP	13	case	hi
train-s492	15	PART	13	advmod	hi
train-s492	16	ADJ	17	xcomp	hi
train-s492	17	VERB	10	xcomp	hi
train-s493	1	NOUN	2	compound	en
train-s493	2	NOUN	0	root	en
train-s493	3	PART	2	advmod	hi
train-s493	4	AUX	2	cop	hi
train-s493	5	CCONJ	6	cc	hi
train-s493	6	NOUN	2	conj	hi
train-s493	7	PART	6	advmod	hi
train-s493	8	AUX	6	cop	hi
train-s494	1	PRON	4	nsubj	en
train-s494	2	AUX	4	aux	en
train-s494	3	ADV	4	advmod	en
train-s494	4	VERB	0	root	en
train-s494	5	ADP	7	case	en
train-s494	6	DET	7	det	en
train-s494	7	NOUN	4	obl	en
train-s494	8	CCONJ	15	cc	hi
train-s494	9	NOUN	15	nmod	hi
train-s494	10	ADV	12	obl	hi
train-s494	11	ADP	10	case	hi
train-s494	12	VERB	15	advcl	hi
train-s494	13	AUX	12	aux	hi
train-s494	14	NOUN	15	nmod	en
train-s494	15	VERB	4	conj	hi
train-s494	16	AUX	15	aux	hi
train-s494	17	AUX	15	aux	hi
train-s495	1	NOUN	2	compound	en
train-s495	2	NOUN	4	nsubj	en
train-s495	3	PART	2	advmod	hi
train-s495	4	ADJ	0	root	en
train-s495	5	AUX	4	cop	hi
train-s495	6	AUX	4	aux	hi
train-s496	1	NOUN	3	nsubj	hi
train-s496	2	ADV	3	advmod	hi
train-s496	3	ADJ	0	root	hi
train-s496	4	AUX	3	cop	hi
train-s496	5	AUX	3	aux	hi
train-s496	6	CCONJ	9	cc	hi
train-s496	7	PRON	8	nmod	hi
train-s496	8	NOUN	9	nsubj	en
train-s496	9	VERB	3	conj	en
train-s496	10	ADV	11	advmod	en
train-s496	11	ADJ	9	compound	en
train-s497	1	SCONJ	4	mark	en
train-s497	3	ADV	4	advmod	en
train-s497	4	VERB	0	root	en
train-s497	5	PRON	4	obj	en
train-s497	7	ADJ	8	amod	en
train-s497	8	NOUN	15	nmod	en
train-s497	9	CCONJ	10	cc	en
train-s497	10	NOUN	8	conj	en
train-s497	11	ADP	8	case	hi
train-s497	12	NOUN	15	nmod	hi
train-s497	13	PART	12	advmod	hi
train-s497	14	ADP	12	case	hi
train-s497	15	NOUN	5	nmod	hi
train-s497	16	AUX	15	cop	hi
train-s497	17	AUX	15	aux	hi
train-s498	1	VERB	0	root	en
train-s498	2	PART	1	advmod	en
train-s498	3	NOUN	5	nmod	hi
train-s498	4	ADP	3	case	hi
train-s498	5	NOUN	1	nmod	hi
train-s498	6	ADV	8	advmod	en
train-s498	7	ADP	8	case	en
train-s498	8	ADV	1	advmod	en
train-s499	1	NOUN	2	compound	en
train-s499	2	NOUN	6	nmod	en
train-s499	3	AUX	2	cop	hi
train-s499	4	SCONJ	5	mark	hi
train-s499	7	ADP	5	case	hi
train-s500	1	NOUN	6	nmod	hi
train-s500	2	ADP	1	case	hi
train-s500	3	NOUN	6	nmod	hi
train-s500	4	ADP	3	case	hi
train-s500	5	ADJ	6	amod	hi
train-s500	6	NOUN	0	root	en
train-s500	7	AUX	6	cop	hi
train-s500	9	CCONJ	13	cc	en
train-s500	10	PRON	13	nsubj	en
train-s500	11	AUX	13	cop	en
train-s500	12	ADJ	13	amod	en
train-s500	13	NOUN	6	conj	en
train-s500	14	PART	15	mark	en
train-s500	15	VERB	13	advcl	en
train-s500	16	NOUN	15	obj	en
train-s501	1	ADV	12	advmod	en
train-s501	2	NOUN	12	nsubj	en
train-s501	3	PRON	4	nmod	en
train-s501	4	NOUN	6	nmod	en
train-s501	7	CCONJ	8	cc	en
train-s501	9	NOUN	12	iobj	hi
train-s501	10	ADP	9	case	hi
train-s501	11	NOUN	12	compound	hi
train-s501	12	VERB	0	root	hi
train-s501	13	AUX	12	aux	hi
train-s501	14	AUX	12	aux	hi
train-s502	3	SCONJ	7	mark	en
train-s502	5	PRON	7	nsubj	hi
train-s502	6	DET	7	det	hi
train-s502	7	NOUN	19	nmod	hi
train-s502	8	PART	7	advmod	hi
train-s502	9	ADV	13	advmod	hi
train-s502	10	PART	9	advmod	hi
train-s502	11	PRON	13	nsubj	hi
train-s502	12	NOUN	13	compound	hi
train-s502	13	VERB	7	advcl	hi
train-s502	15	AUX	19	cop	en
train-s502	16	PART	19	advmod	en
train-s502	17	DET	19	det	en
train-s502	18	ADJ	19	amod	en
train-s502	19	NOUN	0	root	en
train-s503	2	ADJ	3	amod	en
train-s503	3	NOUN	0	root	en
train-s503	4	DET	5	det	en
train-s503	5	NOUN	3	nmod	en
train-s503	6	SCONJ	8	mark	en
train-s503	7	PRON	8	nsubj	en
train-s503	8	VERB	3	acl	en
train-s503	9	PART	10	mark	en
train-s503	10	VERB	8	xcomp	en
train-s503	11	CCONJ	12	cc	en
train-s503	12	VERB	8	conj	en
train-s503	14	NOUN	12	iobj	hi
train-s503	16	ADV	17	advmod	hi
train-s503	17	ADV	18	advmod	hi
train-s503	18	VERB	12	xcomp	hi
train-s503	19	INTJ	18	discourse	en
train-s504	2	ADP	1	case	hi
train-s504	3	NOUN	7	obj	en
train-s504	4	ADV	5	advmod	hi
train-s504	5	ADV	7	advmod	hi
train-s504	6	NOUN	7	compound	en
train-s504	7	VERB	0	root	hi
train-s505	2	ADV	8	advmod	en
train-s505	3	DET	4	det	en
train-s505	4	NOUN	8	nsubj	en
train-s505	5	ADP	7	case	en
train-s505	6	DET	7	det	en
train-s505	7	NOUN	8	obl	en
train-s505	8	VERB	0	root	en
train-s505	9	PRON	8	iobj	en
train-s505	11	NOUN	13	nsubj	en
train-s505	12	ADV	13	advmod	hi
train-s505	13	ADJ	8	ccomp	hi
train-s505	14	AUX	13	cop	hi
train-s505	15	PRON	11	nmod	hi
train-s505	17	INTJ	13	discourse	en
train-s506	2	PRON	15	nsubj	en
train-s506	3	AUX	15	cop	en
train-s506	5	NOUN	11	vocative	hi
train-s506	6	ADV	11	advmod	hi
train-s506	7	NOUN	8	obj	hi
train-s506	8	VERB	11	advcl	hi
train-s506	9	AUX	8	aux	hi
train-s506	10	PART	9	advmod	hi
train-s506	11	VERB	15	amod	hi
train-s506	12	AUX	11	aux	hi
train-s506	13	AUX	11	aux	hi
train-s506	15	NOUN	0	root	en
train-s506	16	ADJ	15	amod	en
train-s507	1	ADP	2	case	en
train-s507	2	NOUN	13	nmod	en
train-s507	4	DET	6	det	en
train-s507	5	ADJ	6	amod	en
train-s507	6	NOUN	13	nsubj	en
train-s507	7	SCONJ	8	mark	en
train-s507	8	VERB	6	amod	en
train-s507	9	DET	10	det	en
train-s507	10	NOUN	8	obj	en
train-s507	11	AUX	13	cop	en
train-s507	12	PART	13	advmod	en
train-s507	13	ADJ	0	root	en
train-s507	14	ADP	17	case	en
train-s507	15	NOUN	17	nmod	hi
train-s507	16	ADP	15	case	hi
train-s507	17	NOUN	13	advmod	hi
train-s508	1	NOUN	3	nmod	hi
train-s508	2	ADP	1	case	hi
train-s508	3	NOUN	4	obj	hi
train-s508	4	VERB	5	acl	hi
train-s508	5	NOUN	9	nsubj	hi
train-s508	6	ADP	5	case	hi
train-s508	7	PRON	9	obj	hi
train-s508	8	NOUN	9	compound	hi
train-s508	9	VERB	0	root	hi
train-s508	10	AUX	9	aux	hi
train-s508	11	SCONJ	15	mark	hi
train-s508	12	NUM	13	nummod	en
train-s508	13	NOUN	15	nsubj	en
train-s508	14	AUX	15	aux	en
train-s508	15	VERB	7	acl	en
train-s508	16	PRON	15	obj	en
train-s509	2	NOUN	3	compound	en
train-s509	3	NOUN	4	nmod	en
train-s509	4	NOUN	6	obj	en
train-s509	5	PRON	8	advmod	hi
train-s509	6	VERB	8	advcl	hi
train-s509	7	AUX	6	aux	hi
train-s509	8	VERB	0	root	hi
train-s509	9	AUX	8	aux	hi
train-s510	1	ADV	3	advmod	en
train-s510	2	NOUN	3	nsubj	en
train-s510	3	VERB	0	root	hi
train-s510	4	AUX	3	aux	hi
train-s510	5	AUX	3	aux	hi
train-s510	6	AUX	3	aux	hi
train-s511	1	ADV	2	advmod	en
train-s511	2	ADJ	4	amod	en
train-s511	3	NOUN	4	compound	en
train-s511	4	NOUN	5	nsubj	en
train-s511	5	VERB	0	root	hi
train-s511	6	AUX	5	aux	hi
train-s511	7	AUX	5	aux	hi
train-s511	8	NOUN	5	vocative	hi
train-s512	2	NOUN	6	obl	en
train-s512	3	ADP	2	case	hi
train-s512	4	ADJ	5	amod	en
train-s512	5	NOUN	6	nsubj	en
train-s512	6	VERB	0	root	hi
train-s512	7	AUX	6	aux	hi
train-s512	8	AUX	6	aux	hi
train-s512	9	AUX	6	aux	hi
train-s513	1	VERB	8	advcl	hi
train-s513	3	ADP	2	case	hi
train-s513	4	NOUN	8	nmod	en
train-s513	5	ADP	4	case	hi
train-s513	6	PART	4	advmod	hi
train-s513	7	PRON	8	nsubj	hi
train-s513	8	ADJ	0	root	en
train-s513	9	AUX	8	cop	hi
train-s513	10	PART	8	advmod	hi
train-s514	2	VERB	0	root	en
train-s514	3	PRON	2	obj	en
train-s514	4	PRON	5	nsubj	en
train-s514	5	VERB	3	acl	en
train-s514	6	NOUN	5	iobj	en
train-s514	7	PART	8	mark	en
train-s514	8	VERB	5	xcomp	en
train-s514	10	PRON	13	nmod	hi
train-s514	11	PRON	12	nmod	hi
train-s514	12	NOUN	13	nsubj	hi
train-s514	13	ADJ	8	advcl	hi
train-s514	14	AUX	13	cop	hi
train-s515	2	PRON	10	advmod	en
train-s515	3	ADP	13	case	en
train-s515	5	NOUN	10	vocative	hi
train-s515	6	INTJ	10	discourse	en
train-s515	7	NOUN	10	iobj	hi
train-s515	8	ADP	7	case	hi
train-s515	9	PART	10	advmod	hi
train-s515	10	VERB	13	advcl	hi
train-s515	12	PRON	13	nsubj	en
train-s515	13	VERB	0	root	en
train-s515	14	ADV	13	advmod	en
train-s516	2	PRON	3	nmod	en
train-s516	3	NOUN	4	nsubj	hi
train-s516	4	VERB	0	root	en
train-s516	5	VERB	4	xcomp	en
train-s516	6	CCONJ	7	cc	en
train-s516	7	VERB	5	conj	en
train-s516	8	SCONJ	14	mark	en
train-s516	11	PRON	12	nmod	hi
train-s516	12	NOUN	14	nsubj	hi
train-s516	13	ADJ	14	compound	hi
train-s516	14	VERB	7	xcomp	hi
train-s516	15	AUX	14	aux	hi
train-s516	16	AUX	14	aux	hi
train-s516	18	ADP	20	case	en
train-s516	19	DET	20	det	en
train-s516	20	NOUN	7	obl	en
train-s517	1	NOUN	3	nmod	en
train-s517	2	ADP	1	case	hi
train-s517	3	NOUN	4	nsubj	hi
train-s517	4	VERB	0	root	en
train-s517	5	ADV	4	advmod	en
train-s517	6	ADP	8	case	en
train-s517	7	NUM	8	nummod	en
train-s517	8	PROPN	9	nmod	en
train-s517	9	NOUN	4	nmod	en
train-s518	1	SCONJ	6	mark	en
train-s518	2	ADV	6	advmod	en
train-s518	3	PRON	4	nmod	en
train-s518	4	NOUN	6	nsubj	en
train-s518	5	AUX	6	aux	en
train-s518	6	VERB	0	root	en
train-s518	7	DET	9	det	hi
train-s518	8	VERB	6	xcomp	hi
train-s518	9	NOUN	8	obj	hi
train-s518	10	VERB	8	parataxis	hi
train-s518	11	NOUN	14	obj	en
train-s518	12	CCONJ	13	cc	hi
train-s518	13	NOUN	11	conj	en
train-s518	14	VERB	10	parataxis	hi
train-s518	15	AUX	14	aux	hi
train-s518	16	ADJ	11	amod	hi
train-s519	1	NOUN	5	vocative	hi
train-s519	2	DET	5	det	hi
train-s519	3	PART	2	advmod	hi
train-s519	4	ADJ	5	amod	en
train-s519	5	NOUN	0	root	en
train-s519	6	PART	5	advmod	hi
train-s519	7	AUX	5	cop	hi
train-s519	8	SCONJ	13	mark	hi
train-s519	9	DET	10	det	hi
train-s519	10	NOUN	13	nmod	hi
train-s519	11	NOUN	13	nsubj	hi
train-s519	12	ADJ	13	compound	en
train-s519	13	VERB	5	acl	hi
train-s519	14	AUX	13	aux	hi
train-s520	1	ADV	3	advmod	en
train-s520	2	PRON	3	nsubj	en
train-s520	3	VERB	0	root	en
train-s520	4	SCONJ	9	mark	en
train-s520	5	NOUN	6	compound	en
train-s520	6	NOUN	9	vocative	en
train-s520	7	PRON	8	nmod	hi
train-s520	8	NOUN	9	compound	hi
train-s520	9	VERB	3	advcl	hi
train-s520	10	AUX	9	aux	hi
train-s520	12	NOUN	13	compound	hi
train-s520	13	NOUN	15	nmod	hi
train-s520	14	ADP	13	case	hi
train-s520	15	NOUN	16	nsubj	hi
train-s520	16	VERB	9	advcl	hi
train-s520	17	AUX	16	aux	hi
train-s520	18	AUX	16	aux	hi
train-s521	2	PRON	4	obj	en
train-s521	3	PRON	4	nsubj	en
train-s521	4	VERB	0	root	en
train-s521	6	ADJ	7	amod	hi
train-s521	7	NOUN	12	obl	hi
train-s521	8	ADP	7	case	hi
train-s521	9	ADP	7	case	hi
train-s521	10	ADJ	12	compound	hi
train-s521	11	PART	10	advmod	hi
train-s521	12	VERB	4	xcomp	hi
train-s521	13	AUX	12	aux	hi
train-s522	1	NUM	3	nummod	hi
train-s522	2	NOUN	3	compound	en
train-s522	3	NOUN	6	nsubj	en
train-s522	4	NOUN	6	compound	en
train-s522	5	PART	6	advmod	hi
train-s522	6	VERB	0	root	hi
train-s522	7	AUX	6	aux	hi
train-s522	8	PRON	6	nmod	hi
train-s523	1	ADV	2	advmod	en
train-s523	2	ADJ	9	xcomp	en
train-s523	3	AUX	9	aux	en
train-s523	4	PRON	9	nsubj	en
train-s523	5	AUX	9	cop	en
train-s523	6	SCONJ	9	mark	en
train-s523	7	PRON	9	nsubj	en
train-s523	8	AUX	9	aux	en
train-s523	9	VERB	0	root	en
train-s523	10	PRON	11	nmod	en
train-s523	11	NOUN	9	iobj	en
train-s523	14	PRON	17	nmod	hi
train-s523	15	NOUN	17	nmod	hi
train-s523	16	DET	17	det	hi
train-s523	17	NOUN	9	obj	en
train-s523	18	AUX	17	cop	hi
train-s524	1	NOUN	2	compound	en
train-s524	2	NOUN	0	root	en
train-s524	3	AUX	2	cop	hi
train-s524	4	NOUN	6	compound	en
train-s524	5	PART	4	advmod	hi
train-s524	6	VERB	2	advcl	hi
train-s525	1	PRON	2	nsubj	en
train-s525	2	VERB	0	root	en
train-s525	3	DET	6	det	en
train-s525	4	ADJ	6	amod	en
train-s525	6	NOUN	2	obj	en
train-s525	7	SCONJ	10	mark	en
train-s525	8	PRON	10	nsubj	en
train-s525	9	AUX	10	aux	en
train-s525	10	VERB	2	advcl	en
train-s525	11	PRON	10	obj	en
train-s525	12	CCONJ	16	cc	hi
train-s525	13	PRON	16	obl	hi
train-s525	14	ADP	13	case	hi
train-s525	15	NOUN	16	nsubj	hi
train-s525	16	VERB	10	conj	hi
train-s525	17	AUX	16	aux	hi
train-s525	18	AUX	16	aux	hi
train-s526	1	PRON	4	nsubj	hi
train-s526	2	NOUN	4	nmod	hi
train-s526	3	NOUN	4	compound	hi
train-s526	4	VERB	0	root	hi
train-s526	5	AUX	4	aux	hi
train-s526	6	SCONJ	10	mark	hi
train-s526	7	PRON	10	nsubj	hi
train-s526	8	NUM	10	nummod	hi
train-s526	9	ADJ	10	amod	en
train-s526	10	NOUN	4	obj	hi
train-s526	11	AUX	10	cop	hi
train-s526	12	ADP	15	case	en
train-s526	13	ADP	15	case	en
train-s526	14	DET	15	det	en
train-s526	15	NOUN	10	nmod	en
train-s527	1	PRON	5	nsubj	hi
train-s527	2	ADJ	3	amod	hi
train-s527	3	NOUN	5	nmod	hi
train-s527	4	ADP	3	case	hi
train-s527	5	NOUN	0	root	hi
train-s527	6	PART	5	advmod	hi
train-s527	7	ADP	5	case	hi
train-s527	8	AUX	5	cop	hi
train-s527	9	CCONJ	13	cc	en
train-s527	10	PRON	13	nsubj	en
train-s527	11	AUX	13	cop	en
train-s527	12	ADV	13	advmod	en
train-s527	13	ADJ	5	conj	en
train-s527	14	VERB	13	acl	en
train-s527	15	PRON	14	obj	en
train-s527	16	VERB	14	advcl	en
train-s527	17	ADP	18	case	en
train-s527	18	PRON	16	obl	en
train-s528	1	NOUN	2	nmod	en
train-s528	2	VERB	0	root	hi
train-s528	3	PART	2	advmod	hi
train-s528	4	AUX	2	aux	hi
train-s528	5	CCONJ	8	cc	en
train-s528	6	PRON	13	expl	en
train-s528	7	AUX	8	aux	en
train-s528	8	VERB	2	conj	en
train-s528	9	PART	13	mark	en
train-s528	10	AUX	13	cop	en
train-s528	11	DET	13	det	en
train-s528	12	ADJ	13	amod	en
train-s528	13	NOUN	8	obj	en
train-s529	1	ADJ	2	amod	en
train-s529	2	NOUN	0	root	en
train-s529	3	ADJ	4	amod	en
train-s529	4	NOUN	2	nmod	en
train-s529	5	CCONJ	10	cc	en
train-s529	6	INTJ	9	discourse	en
train-s529	7	PROPN	9	nmod	hi
train-s529	8	ADP	7	case	hi
train-s529	9	NOUN	2	conj	hi
train-s529	10	VERB	9	advcl	en
train-s529	11	PRON	10	obj	en
train-s529	12	ADP	14	case	en
train-s529	13	ADJ	14	amod	en
train-s529	14	NOUN	10	advmod	en
train-s530	1	INTJ	11	discourse	hi
train-s530	2	NOUN	11	vocative	hi
train-s530	3	PRON	11	iobj	hi
train-s530	4	NUM	5	nummod	hi
train-s530	5	NOUN	11	obl	en
train-s530	6	ADP	5	case	hi
train-s530	7	DET	8	det	hi
train-s530	8	NOUN	11	obj	en
train-s530	9	ADP	8	case	hi
train-s530	10	NOUN	11	compound	en
train-s530	11	VERB	0	root	hi
train-s531	1	AUX	7	aux	en
train-s531	3	NOUN	5	nmod	hi
train-s531	4	ADP	3	case	hi
train-s531	5	NOUN	7	nsubj	hi
train-s531	7	VERB	0	root	en
train-s531	8	ADP	9	case	en
train-s531	10	ADP	11	case	en
train-s531	12	PRON	18	obj	en
train-s531	14	NOUN	16	nmod	hi
train-s531	15	ADP	14	case	hi
train-s531	16	NOUN	18	nsubj	hi
train-s531	18	VERB	7	advcl	en
train-s531	19	ADP	20	case	en
train-s531	21	ADP	22	case	en
train-s532	1	ADJ	2	amod	en
train-s532	2	NOUN	3	nmod	en
train-s532	3	VERB	0	root	hi
train-s532	4	AUX	3	aux	hi
train-s532	5	PRON	3	nsubj	hi
train-s532	7	CCONJ	8	cc	en
train-s532	9	ADP	8	case	hi
train-s532	10	NOUN	3	xcomp	hi
train-s533	1	PRON	2	nmod	hi
train-s533	2	NOUN	4	advmod	en
train-s533	3	ADP	2	case	hi
train-s533	4	ADJ	6	amod	hi
train-s533	5	PRON	6	nmod	hi
train-s533	6	NOUN	0	root	en
train-s533	7	AUX	6	cop	hi
train-s534	3	NOUN	4	compound	en
train-s534	4	NOUN	6	obj	en
train-s534	5	ADP	4	case	hi
train-s534	6	VERB	11	advcl	hi
train-s534	7	AUX	6	aux	hi
train-s534	8	DET	10	det	hi
train-s534	9	PART	8	advmod	hi
train-s534	10	NOUN	11	obj	hi
train-s534	11	VERB	0	root	hi
train-s535	1	SCONJ	3	mark	hi
train-s535	2	NOUN	3	nsubj	hi
train-s535	3	ADP	9	advcl	hi
train-s535	4	PART	3	advmod	hi
train-s535	5	AUX	3	cop	hi
train-s535	6	SCONJ	9	mark	hi
train-s535	7	NOUN	9	obj	hi
train-s535	8	ADJ	9	compound	hi
train-s535	9	VERB	0	root	hi
train-s535	10	AUX	9	aux	hi
train-s535	11	AUX	9	aux	hi
train-s535	12	SCONJ	16	mark	en
train-s535	13	SCONJ	12	fixed	en
train-s535	14	NOUN	16	nsubj	en
train-s535	15	AUX	16	aux	en
train-s535	16	VERB	9	advcl	en
train-s535	17	PRON	16	obj	en
train-s536	1	ADJ	2	amod	en
train-s536	2	NOUN	4	nsubj	en
train-s536	4	NOUN	0	root	en
train-s536	5	ADP	4	case	hi
train-s536	6	AUX	4	cop	hi
train-s536	7	AUX	4	aux	hi
train-s537	1	VERB	0	root	en
train-s537	2	ADP	3	case	en
train-s537	3	VERB	1	advcl	hi
train-s537	4	AUX	3	aux	hi
train-s537	6	CCONJ	7	cc	hi
train-s537	7	VERB	3	conj	hi
train-s537	8	AUX	7	aux	hi
train-s538	2	AUX	4	aux	en
train-s538	3	PRON	4	nsubj	en
train-s538	4	VERB	0	root	en
train-s538	5	DET	6	det	en
train-s538	6	NOUN	4	obj	en
train-s538	7	PRON	9	nsubj	en
train-s538	8	ADV	9	advmod	en
train-s538	9	VERB	6	acl:relcl	en
train-s538	11	NOUN	15	vocative	hi
train-s538	13	NOUN	15	obj	hi
train-s538	14	ADJ	15	compound	hi
train-s538	15	VERB	9	xcomp	hi
train-s538	16	AUX	15	aux	hi
train-s538	18	NOUN	15	obl	hi
train-s538	19	ADP	18	case	hi
train-s538	20	ADP	18	case	hi
train-s539	1	PRON	3	nmod	hi
train-s539	2	ADJ	3	amod	en
train-s539	3	NOUN	7	nsubj	en
train-s539	4	ADP	5	case	en
train-s539	5	PRON	3	nmod	en
train-s539	6	PRON	7	nmod	hi
train-s539	7	VERB	0	root	hi
train-s539	8	AUX	7	aux	hi
train-s540	2	NOUN	8	obl	en
train-s540	3	ADP	2	case	hi
train-s540	4	PART	2	advmod	hi
train-s540	5	NOUN	8	compound	en
train-s540	6	PART	5	advmod	hi
train-s540	7	PART	8	advmod	hi
train-s540	8	VERB	0	root	hi
train-s540	9	CCONJ	13	cc	en
train-s540	11	NOUN	13	obj	en
train-s540	12	NOUN	13	compound	en
train-s540	13	VERB	8	conj	hi
train-s540	14	AUX	13	aux	hi
train-s540	15	AUX	13	aux	hi
train-s541	2	PART	1	case	en
train-s541	3	NOUN	8	nsubj	en
train-s541	4	ADP	5	case	en
train-s541	5	PROPN	3	nmod	en
train-s541	6	ADP	7	case	en
train-s541	7	NOUN	3	nmod	en
train-s541	8	VERB	0	root	en
train-s541	9	SCONJ	13	mark	en
train-s541	10	NOUN	13	obl	en
train-s541	11	ADP	10	case	hi
train-s541	12	NOUN	13	nsubj	hi
train-s541	13	VERB	8	advcl	hi
train-s541	14	PRON	17	nsubj	hi
train-s541	15	ADP	14	case	hi
train-s541	16	PART	17	advmod	hi
train-s541	17	VERB	13	conj	hi
train-s542	1	PRON	2	obj	en
train-s542	2	VERB	0	root	en
train-s542	3	DET	4	det	en
train-s542	4	NOUN	2	nsubj	hi
train-s542	5	ADP	4	case	hi
train-s542	6	ADP	8	case	en
train-s542	7	NOUN	8	compound	en
train-s542	8	NOUN	2	obl	en
train-s542	9	PART	8	advmod	en
train-s543	1	ADV	2	advmod	en
train-s543	2	VERB	0	root	en
train-s543	3	NOUN	5	nmod	hi
train-s543	4	ADP	3	case	hi
train-s543	5	NOUN	2	vocative	hi
train-s543	7	PRON	9	nsubj	en
train-s543	8	ADV	9	advmod	en
train-s543	9	VERB	2	parataxis	en
train-s543	10	DET	11	det	en
train-s543	12	ADJ	9	acl	en
train-s544	1	NOUN	7	nmod	hi
train-s544	2	NOUN	4	nmod	hi
train-s544	3	ADP	2	case	hi
train-s544	4	NOUN	7	nsubj	en
train-s544	5	AUX	7	cop	en
train-s544	6	ADV	7	advmod	en
train-s544	7	ADJ	0	root	en
train-s545	1	PRON	3	expl	en
train-s545	2	AUX	3	cop	en
train-s545	3	ADJ	0	root	en
train-s545	4	NOUN	3	vocative	en
train-s545	7	PART	6	advmod	hi
train-s545	8	PRON	3	advcl	hi
train-s545	9	PART	8	advmod	hi
train-s545	10	AUX	8	cop	hi
train-s546	1	ADV	4	advmod	en
train-s546	2	PRON	4	nsubj	hi
train-s546	3	PART	2	advmod	hi
train-s546	4	VERB	8	advcl	hi
train-s546	5	NOUN	6	compound	en
train-s546	6	NOUN	8	obl	en
train-s546	7	ADP	6	case	hi
train-s546	8	VERB	0	root	hi
train-s546	9	ADV	8	advmod	hi
train-s547	1	NOUN	4	obl	en
train-s547	2	ADP	1	case	hi
train-s547	3	NOUN	4	obj	en
train-s547	4	VERB	0	root	hi
train-s547	5	AUX	4	aux	hi
train-s547	6	AUX	4	aux	hi
train-s548	1	PRON	3	nsubj	en
train-s548	2	AUX	3	aux	en
train-s548	3	VERB	0	root	en
train-s548	4	NOUN	3	obj	en
train-s548	5	ADP	8	case	en
train-s548	6	DET	8	det	en
train-s548	7	ADJ	8	amod	en
train-s548	8	NOUN	3	obl	en
train-s548	9	ADP	11	case	en
train-s548	10	DET	11	det	en
train-s548	13	ADJ	14	amod	en
train-s548	14	NOUN	16	nmod	hi
train-s548	15	ADP	14	case	hi
train-s548	16	NOUN	17	compound	en
train-s548	17	VERB	3	advcl	hi
train-s548	18	SCONJ	17	mark	hi
train-s548	19	SCONJ	17	mark	hi
train-s549	1	NOUN	2	compound	hi
train-s549	2	VERB	12	advcl	hi
train-s549	3	SCONJ	2	mark	hi
train-s549	4	SCONJ	2	mark	hi
train-s549	5	NOUN	7	nmod	en
train-s549	6	ADP	5	case	hi
train-s549	7	NOUN	8	compound	en
train-s549	8	VERB	11	acl	hi
train-s549	9	SCONJ	8	mark	hi
train-s549	10	ADV	12	advmod	hi
train-s549	11	NOUN	12	compound	en
train-s549	12	VERB	0	root	hi
train-s549	13	AUX	12	aux	hi
train-s549	14	NOUN	12	nsubj	hi
train-s550	2	PART	3	mark	en
train-s550	3	VERB	0	root	en
train-s550	4	ADP	7	case	en
train-s550	6	NOUN	7	compound	en
train-s550	7	NOUN	3	obl	en
train-s550	8	PART	9	mark	en
train-s550	9	VERB	3	advcl	en
train-s550	10	ADJ	11	amod	hi
train-s550	11	NOUN	9	obj	hi
train-s551	1	PRON	2	nmod	en
train-s551	2	NOUN	5	nsubj	en
train-s551	3	VERB	0	root	en
train-s551	4	PART	5	mark	en
train-s551	5	VERB	3	xcomp	en
train-s551	6	PRON	5	iobj	en
train-s551	8	NOUN	14	vocative	hi
train-s551	9	NOUN	12	nsubj	hi
train-s551	10	ADV	12	obl	hi
train-s551	11	ADP	10	case	hi
train-s551	12	VERB	13	advcl	hi
train-s551	13	VERB	5	xcomp	hi
train-s551	14	AUX	13	aux	hi
train-s552	1	ADV	3	advmod	en
train-s552	2	NOUN	3	nsubj	en
train-s552	3	VERB	0	root	en
train-s552	4	PART	5	mark	en
train-s552	5	VERB	3	xcomp	en
train-s552	6	NOUN	8	nmod	hi
train-s552	7	ADP	6	case	hi
train-s552	8	NOUN	5	obj	hi
train-s552	9	ADP	13	case	en
train-s552	10	ADP	13	case	en
train-s552	11	PRON	13	nmod	en
train-s552	12	ADJ	13	amod	en
train-s552	13	NOUN	3	obl	en
train-s553	2	ADV	8	mark	en
train-s553	3	DET	6	det	en
train-s553	4	ADP	6	case	en
train-s553	5	DET	6	det	en
train-s553	6	NOUN	8	advmod	en
train-s553	7	PRON	8	nsubj	en
train-s553	8	VERB	12	advcl	en
train-s553	9	VERB	8	xcomp	en
train-s553	10	PRON	12	nsubj	en
train-s553	11	ADV	12	advmod	en
train-s553	12	VERB	0	root	en
train-s553	14	NOUN	17	compound	en
train-s553	15	VERB	12	xcomp	hi
train-s553	16	CCONJ	17	cc	hi
train-s553	17	VERB	15	conj	hi
train-s553	18	AUX	17	aux	hi
train-s554	1	NOUN	11	obl	en
train-s554	2	ADP	1	case	hi
train-s554	3	PRON	11	nsubj	hi
train-s554	4	PRON	5	nmod	hi
train-s554	5	NOUN	11	obj	en
train-s554	6	ADP	5	case	hi
train-s554	7	NOUN	10	nmod	en
train-s554	8	ADP	7	case	hi
train-s554	9	ADJ	10	amod	en
train-s554	10	NOUN	11	nmod	en
train-s554	11	VERB	0	root	hi
train-s554	12	AUX	11	aux	hi
train-s554	13	AUX	11	aux	hi
train-s555	1	ADV	3	advmod	hi
train-s555	2	ADV	3	advmod	en
train-s555	3	VERB	5	amod	en
train-s555	4	ADJ	5	amod	hi
train-s555	6	ADP	5	case	hi
train-s555	7	ADV	11	advmod	hi
train-s555	8	PART	7	advmod	hi
train-s555	9	ADJ	11	compound	hi
train-s555	10	PRON	11	nsubj	hi
train-s555	11	VERB	0	root	hi
train-s556	1	PRON	4	nsubj	en
train-s556	2	AUX	4	aux	en
train-s556	3	PART	4	advmod	en
train-s556	4	VERB	0	root	en
train-s556	5	PRON	7	nsubj	hi
train-s556	6	PRON	7	obj	hi
train-s556	7	VERB	4	xcomp	hi
train-s556	8	AUX	7	aux	hi
train-s556	9	AUX	7	aux	hi
train-s557	2	NOUN	8	nsubj	en
train-s557	3	AUX	8	cop	en
train-s557	4	PART	8	advmod	en
train-s557	5	ADP	8	case	en
train-s557	7	PRON	8	nsubj	en
train-s557	8	VERB	0	root	en
train-s557	9	PRON	8	obj	en
train-s557	11	PRON	17	nsubj	en
train-s557	12	AUX	17	cop	en
train-s557	13	ADP	17	case	en
train-s557	14	ADP	17	case	en
train-s557	16	ADV	17	advmod	hi
train-s557	17	VERB	8	conj	hi
train-s557	18	AUX	17	aux	hi
train-s557	19	AUX	17	aux	hi
train-s557	20	DET	21	det	hi
train-s557	21	NOUN	17	nmod	hi
train-s558	1	DET	2	det	hi
train-s558	2	NOUN	0	root	en
train-s558	3	AUX	2	cop	hi
train-s558	4	AUX	2	aux	hi
train-s558	6	PRON	8	expl	en
train-s558	7	AUX	8	cop	en
train-s558	8	NOUN	2	advcl	en
train-s558	9	PRON	10	nsubj	en
train-s558	10	VERB	8	advcl	en
train-s558	11	ADV	10	advmod	en
train-s559	1	NOUN	2	compound	en
train-s559	2	NOUN	4	nmod	en
train-s559	3	ADP	2	case	hi
train-s559	4	NOUN	7	nsubj	hi
train-s559	5	PRON	7	iobj	hi
train-s559	6	ADP	5	case	hi
train-s559	7	VERB	0	root	hi
train-s559	8	AUX	7	aux	hi
train-s559	9	NOUN	7	vocative	hi
train-s560	1	NOUN	4	obl	hi
train-s560	2	ADP	1	case	hi
train-s560	3	NOUN	4	compound	hi
train-s560	4	VERB	0	root	hi
train-s560	5	ADV	7	mark	en
train-s560	6	PRON	7	nsubj	en
train-s560	7	VERB	4	advcl	en
train-s561	1	NOUN	6	advmod	hi
train-s561	2	ADP	1	case	hi
train-s561	4	NOUN	5	compound	hi
train-s561	5	NOUN	6	compound	hi
train-s561	6	VERB	0	root	hi
train-s561	7	AUX	6	aux	hi
train-s561	8	SCONJ	9	mark	en
train-s561	9	VERB	6	advcl	en
train-s561	10	ADV	9	advmod	en
train-s561	11	DET	12	det	en
train-s561	12	NOUN	9	nmod	en
train-s562	1	PRON	3	nsubj	en
train-s562	2	INTJ	3	discourse	en
train-s562	3	VERB	0	root	en
train-s562	4	ADV	3	advmod	en
train-s562	5	DET	6	det	en
train-s562	6	NOUN	3	obj	en
train-s562	8	DET	9	det	hi
train-s562	9	NOUN	3	nmod	hi
train-s562	10	AUX	9	cop	hi
train-s562	11	AUX	9	aux	hi
train-s562	12	AUX	9	aux	hi
train-s563	1	ADV	3	mark	en
train-s563	2	PRON	3	nsubj	en
train-s563	3	VERB	8	advcl	en
train-s563	4	ADP	5	case	en
train-s563	5	PRON	3	obl	en
train-s563	6	PRON	8	nsubj	hi
train-s563	7	PRON	6	compound	hi
train-s563	8	VERB	0	root	hi
train-s563	9	AUX	8	aux	hi
train-s564	2	ADV	6	mark	en
train-s564	5	AUX	6	aux	en
train-s564	6	VERB	8	advcl	en
train-s564	7	NOUN	8	nsubj	en
train-s564	8	VERB	0	root	en
train-s564	11	NOUN	12	compound	hi
train-s564	12	VERB	8	xcomp	hi
train-s564	13	NOUN	14	compound	hi
train-s564	14	VERB	12	advcl	hi
train-s564	15	AUX	14	aux	hi
train-s564	16	PRON	14	obl	hi
train-s564	17	ADP	16	case	hi
train-s565	2	PRON	4	nsubj	hi
train-s565	3	PART	2	advmod	hi
train-s565	4	ADJ	0	root	en
train-s565	5	AUX	4	cop	hi
train-s565	7	PRON	9	nmod	hi
train-s565	8	PART	7	advmod	hi
train-s565	9	NOUN	11	nsubj	en
train-s565	10	PART	9	advmod	hi
train-s565	11	ADJ	4	parataxis	en
train-s565	12	AUX	11	cop	hi
train-s566	1	INTJ	3	discourse	en
train-s566	2	NOUN	3	vocative	en
train-s566	3	VERB	0	root	en
train-s566	4	VERB	3	xcomp	en
train-s566	5	NOUN	4	obj	en
train-s566	6	ADP	10	case	en
train-s566	7	DET	10	det	en
train-s566	8	NOUN	10	nmod	hi
train-s566	9	ADP	8	case	hi
train-s566	10	NOUN	5	nmod	hi
train-s567	2	AUX	12	cop	en
train-s567	3	PART	12	advmod	en
train-s567	4	ADV	12	advmod	en
train-s567	5	CCONJ	12	cc	en
train-s567	7	DET	8	det	hi
train-s567	8	NOUN	12	nmod	hi
train-s567	9	ADJ	10	amod	hi
train-s567	10	NOUN	12	nsubj	hi
train-s567	11	ADV	12	advmod	hi
train-s567	12	VERB	0	root	hi
train-s568	2	NOUN	3	compound	en
train-s568	3	NOUN	6	nsubj	en
train-s568	4	ADP	5	case	en
train-s568	6	VERB	0	root	en
train-s568	7	ADP	9	case	en
train-s568	9	NOUN	11	nmod	hi
train-s568	10	PART	9	advmod	hi
train-s568	11	NOUN	15	nmod	hi
train-s568	13	SCONJ	15	mark	en
train-s568	15	ADJ	6	advcl	hi
train-s568	16	AUX	15	cop	hi
train-s568	17	NOUN	15	vocative	hi
train-s568	18	ADJ	15	advcl	hi
train-s568	19	AUX	18	cop	hi
train-s568	21	ADP	23	case	en
train-s568	23	NOUN	6	obl	en
train-s569	3	VERB	0	root	en
train-s569	5	CCONJ	6	cc	en
train-s569	6	VERB	3	conj	en
train-s569	7	NOUN	8	compound	hi
train-s569	8	NOUN	14	vocative	hi
train-s569	9	DET	10	det	hi
train-s569	10	NOUN	13	nmod	hi
train-s569	11	ADP	10	case	hi
train-s569	12	ADP	10	case	hi
train-s569	13	NOUN	14	obj	hi
train-s569	14	VERB	6	xcomp	hi
train-s569	15	AUX	14	aux	hi
train-s570	1	NOUN	6	obl	en
train-s570	2	ADP	1	case	hi
train-s570	3	PART	1	advmod	hi
train-s570	4	NOUN	5	compound	en
train-s570	5	NOUN	6	obj	en
train-s570	6	VERB	0	root	hi
train-s570	7	AUX	6	aux	hi
train-s570	8	AUX	6	aux	hi
train-s570	9	AUX	6	aux	hi
train-s571	1	ADJ	2	amod	hi
train-s571	2	NOUN	13	obl	en
train-s571	3	ADP	2	case	hi
train-s571	4	ADP	2	case	hi
train-s571	6	ADP	5	case	en
train-s571	8	ADP	7	case	hi
train-s571	9	NOUN	13	obj	en
train-s571	10	PART	9	advmod	hi
train-s571	11	NOUN	13	compound	en
train-s571	12	PART	13	advmod	hi
train-s571	13	VERB	0	root	hi
train-s571	14	AUX	13	aux	hi
train-s572	1	NOUN	8	nmod	hi
train-s572	3	NOUN	4	compound	en
train-s572	4	NOUN	8	obl	en
train-s572	5	ADP	4	case	hi
train-s572	6	NOUN	8	obj	hi
train-s572	7	PRON	8	nsubj	hi
train-s572	8	VERB	0	root	hi
train-s572	9	AUX	8	aux	hi
train-s573	1	PRON	9	nsubj	hi
train-s573	2	NOUN	7	obl	en
train-s573	3	ADP	2	case	hi
train-s573	5	ADP	4	case	hi
train-s573	6	NOUN	9	obj	hi
train-s573	7	VERB	9	advcl	hi
train-s573	8	AUX	7	aux	hi
train-s573	9	VERB	0	root	hi
train-s573	10	AUX	9	aux	hi
train-s573	11	AUX	9	aux	hi
train-s573	12	CCONJ	14	cc	en
train-s573	13	PRON	14	nsubj	en
train-s573	14	VERB	9	conj	en
train-s573	15	PRON	17	nsubj	en
train-s573	16	PART	17	mark	en
train-s573	17	VERB	14	xcomp	en
train-s573	18	NOUN	19	compound	en
train-s573	19	NOUN	17	obj	en
train-s574	1	ADV	4	advmod	en
train-s574	2	AUX	4	aux	en
train-s574	3	PRON	4	iobj	en
train-s574	4	VERB	0	root	en
train-s574	6	ADP	5	case	hi
train-s574	8	ADP	9	case	en
train-s575	1	PART	2	advmod	en
train-s575	2	PRON	5	advmod	en
train-s575	3	SCONJ	5	mark	en
train-s575	4	PRON	5	obj	en
train-s575	5	VERB	0	root	hi
train-s575	7	NOUN	9	advmod	hi
train-s575	8	PART	7	advmod	hi
train-s575	9	ADJ	5	acl	hi
train-s576	1	DET	2	det	hi
train-s576	2	NOUN	0	root	hi
train-s576	3	AUX	2	cop	hi
train-s576	4	CCONJ	9	cc	en
train-s576	5	ADV	9	advmod	en
train-s576	6	NOUN	9	nsubj	en
train-s576	7	AUX	9	cop	en
train-s576	8	ADV	9	advmod	en
train-s576	9	ADJ	2	conj	en
train-s576	10	INTJ	2	discourse	en
train-s577	1	VERB	0	root	en
train-s577	2	PRON	1	iobj	en
train-s577	3	NOUN	1	obj	en
train-s577	4	PRON	5	nmod	hi
train-s577	5	NOUN	1	vocative	hi
train-s578	2	DET	3	det	en
train-s578	3	PRON	4	nsubj	en
train-s578	4	VERB	0	root	en
train-s578	5	DET	7	det	en
train-s578	6	NUM	7	nummod	en
train-s578	7	NOUN	4	obj	en
train-s578	8	ADP	9	case	en
train-s578	9	NOUN	4	obl	en
train-s578	10	PRON	11	nmod	hi
train-s578	11	NOUN	22	obj	hi
train-s578	12	PART	22	advmod	hi
train-s578	15	ADP	14	case	hi
train-s578	16	NOUN	20	obj	en
train-s578	17	ADP	16	case	hi
train-s578	19	ADP	18	case	hi
train-s578	20	VERB	22	advcl	hi
train-s578	21	SCONJ	20	mark	hi
train-s578	22	VERB	7	acl:relcl	hi
train-s578	23	AUX	22	aux	hi
train-s579	2	ADP	1	case	hi
train-s579	3	PART	1	advmod	hi
train-s579	4	PRON	6	nsubj	en
train-s579	5	AUX	6	cop	en
train-s579	6	PRON	8	nmod	en
train-s579	7	ADP	6	case	hi
train-s579	8	NOUN	9	nsubj	en
train-s579	9	VERB	0	root	hi
train-s579	10	AUX	9	aux	hi
train-s580	1	NOUN	2	obj	en
train-s580	2	VERB	0	root	hi
train-s580	3	AUX	2	aux	hi
train-s580	5	NOUN	7	obj	en
train-s580	6	PROPN	7	nsubj	hi
train-s580	7	VERB	2	conj	hi
train-s581	2	PRON	4	nmod	en
train-s581	3	ADJ	4	amod	en
train-s581	4	NOUN	11	nsubj	en
train-s581	5	ADP	7	case	en
train-s581	6	ADJ	7	amod	en
train-s581	7	NOUN	11	obl	en
train-s581	8	AUX	11	cop	en
train-s581	10	NOUN	11	vocative	hi
train-s581	11	VERB	0	root	hi
train-s581	12	AUX	11	aux	hi
train-s581	13	DET	14	det	hi
train-s581	14	NOUN	11	nmod	hi
train-s582	1	VERB	0	root	en
train-s582	3	ADP	2	case	hi
train-s582	4	NOUN	1	obj	hi
train-s582	5	ADP	8	case	en
train-s582	6	DET	8	det	en
train-s582	7	ADJ	8	amod	en
train-s582	8	NOUN	1	obl	en
train-s583	1	PRON	2	nsubj	en
train-s583	2	VERB	0	root	en
train-s583	3	PRON	9	nsubj	hi
train-s583	4	PART	3	advmod	hi
train-s583	5	ADV	6	advmod	hi
train-s583	6	ADJ	9	amod	hi
train-s583	7	PART	6	advmod	hi
train-s583	8	ADJ	9	amod	hi
train-s583	9	NOUN	2	obj	hi
train-s583	10	AUX	9	cop	hi
train-s584	1	NOUN	4	obj	en
train-s584	2	ADP	1	case	hi
train-s584	3	ADJ	4	acl	en
train-s584	4	VERB	0	root	hi
train-s584	6	SCONJ	9	mark	en
train-s584	7	PRON	9	nsubj	en
train-s584	8	AUX	9	aux	en
train-s584	9	VERB	4	advcl	en
train-s585	2	ADV	8	advmod	hi
train-s585	3	ADJ	4	amod	en
train-s585	4	NOUN	8	obl	en
train-s585	5	ADP	4	case	hi
train-s585	6	NOUN	8	compound	en
train-s585	7	PART	8	advmod	hi
train-s585	8	VERB	0	root	hi
train-s586	2	NOUN	3	nmod	hi
train-s586	3	VERB	7	advcl	hi
train-s586	4	AUX	3	aux	hi
train-s586	5	NOUN	7	compound	en
train-s586	6	VERB	11	csubj	hi
train-s586	7	VERB	6	compound	hi
train-s586	9	AUX	11	aux	en
train-s586	10	ADV	11	advmod	en
train-s586	11	VERB	0	root	en
train-s586	12	PART	13	mark	en
train-s586	13	VERB	11	xcomp	en
train-s586	14	ADJ	13	xcomp	en
train-s587	1	AUX	3	aux	en
train-s587	2	PART	3	advmod	en
train-s587	3	VERB	0	root	en
train-s587	4	ADP	5	case	en
train-s587	7	CCONJ	13	cc	en
train-s587	8	PRON	13	nmod	hi
train-s587	10	ADP	9	case	hi
train-s587	11	ADV	12	advmod	hi
train-s587	12	ADJ	13	amod	hi
train-s587	13	NOUN	3	conj	en
train-s587	14	AUX	13	cop	hi
train-s587	15	AUX	13	aux	hi
train-s587	16	PRON	20	obj	hi
train-s587	17	NOUN	20	compound	en
train-s587	18	PART	17	advmod	hi
train-s587	19	PART	20	advmod	hi
train-s587	20	VERB	13	acl:relcl	hi
train-s587	21	AUX	20	aux	hi
train-s587	22	AUX	20	aux	hi
train-s588	1	NOUN	13	vocative	en
train-s588	2	PRON	5	nsubj	en
train-s588	3	AUX	5	aux	en
train-s588	4	PART	5	advmod	en
train-s588	5	VERB	1	acl:relcl	en
train-s588	6	NOUN	8	nmod	hi
train-s588	7	ADP	6	case	hi
train-s588	8	NOUN	5	obj	hi
train-s588	10	AUX	13	cop	en
train-s588	11	PRON	13	nsubj	en
train-s588	12	ADV	13	advmod	en
train-s588	13	NOUN	0	root	en
train-s589	1	DET	2	det	hi
train-s589	2	NOUN	10	obj	en
train-s589	3	PRON	10	nsubj	hi
train-s589	6	ADP	5	case	hi
train-s589	7	NOUN	10	obl	en
train-s589	8	ADP	7	case	hi
train-s589	9	NOUN	10	compound	en
train-s589	10	VERB	14	advcl	hi
train-s589	11	AUX	10	aux	hi
train-s589	12	SCONJ	14	mark	hi
train-s589	13	ADV	14	advmod	hi
train-s589	14	VERB	0	root	hi
train-s589	15	AUX	14	aux	hi
train-s590	1	DET	2	det	en
train-s590	2	NOUN	4	nsubj	en
train-s590	3	AUX	4	aux	en
train-s590	4	VERB	0	root	en
train-s590	5	DET	7	det	en
train-s590	6	ADJ	7	amod	en
train-s590	7	NOUN	4	obj	en
train-s590	8	SCONJ	10	mark	en
train-s590	9	PRON	10	nsubj	en
train-s590	10	VERB	4	advcl	en
train-s590	11	PRON	10	iobj	en
train-s590	13	PRON	14	nmod	hi
train-s590	14	NOUN	15	obj	en
train-s590	15	VERB	10	xcomp	hi
train-s590	16	AUX	15	aux	hi
train-s591	1	NOUN	8	nmod	en
train-s591	2	ADP	3	case	en
train-s591	3	NOUN	1	nmod	en
train-s591	4	ADP	3	case	hi
train-s591	5	PRON	8	iobj	hi
train-s591	6	ADP	5	case	hi
train-s591	7	NOUN	8	compound	hi
train-s591	8	VERB	0	root	hi
train-s591	9	AUX	8	aux	hi
train-s591	10	AUX	8	aux	hi
train-s591	11	AUX	8	aux	hi
train-s592	1	NUM	2	nummod	en
train-s592	2	NOUN	12	nsubj	en
train-s592	3	SCONJ	7	mark	en
train-s592	4	PRON	7	nsubj	en
train-s592	5	AUX	7	cop	en
train-s592	6	ADV	7	advmod	en
train-s592	7	ADJ	2	acl	en
train-s592	8	ADP	2	case	en
train-s592	9	ADP	11	case	en
train-s592	10	DET	11	det	en
train-s592	11	NOUN	7	nmod	en
train-s592	12	VERB	0	root	en
train-s592	13	SCONJ	17	mark	en
train-s592	14	NOUN	17	nsubj	hi
train-s592	15	NOUN	17	nmod	hi
train-s592	16	ADP	15	case	hi
train-s592	17	NOUN	12	ccomp	hi
train-s592	18	PART	17	advmod	hi
train-s592	19	AUX	17	cop	hi
train-s593	1	AUX	3	aux	en
train-s593	2	PART	3	advmod	en
train-s593	3	VERB	0	root	en
train-s593	4	ADP	6	case	en
train-s593	5	DET	6	det	en
train-s593	6	NOUN	3	obj	en
train-s593	8	DET	9	det	hi
train-s593	9	NOUN	13	advmod	hi
train-s593	10	PART	9	advmod	hi
train-s593	11	NOUN	13	compound	en
train-s593	12	PART	13	advmod	hi
train-s593	13	VERB	6	acl	hi
train-s593	14	AUX	13	aux	hi
train-s594	2	ADJ	5	amod	en
train-s594	3	NOUN	5	nmod	en
train-s594	4	PART	3	case	en
train-s594	5	NOUN	0	root	en
train-s594	6	ADP	10	case	en
train-s594	7	DET	10	det	en
train-s594	8	DET	10	det	en
train-s594	9	ADJ	10	amod	hi
train-s594	10	NOUN	5	nmod	hi
train-s594	11	PRON	12	nsubj	hi
train-s594	12	VERB	10	acl:relcl	hi
train-s594	13	AUX	12	aux	hi
train-s594	16	DET	17	det	hi
train-s594	17	NOUN	20	obl	hi
train-s594	18	ADP	17	case	hi
train-s594	19	ADP	17	case	hi
train-s594	20	VERB	12	xcomp	hi
train-s594	21	AUX	20	aux	hi
train-s594	22	AUX	20	aux	hi
train-s595	1	ADJ	4	advcl	en
train-s595	2	AUX	1	cop	hi
train-s595	3	SCONJ	4	mark	hi
train-s595	4	VERB	0	root	hi
train-s595	6	CCONJ	7	cc	hi
train-s595	7	ADJ	4	conj	en
train-s595	8	PART	7	advmod	hi
train-s595	9	AUX	7	cop	hi
train-s595	10	AUX	7	aux	hi
train-s595	11	PART	10	advmod	hi
train-s596	1	ADV	3	advmod	en
train-s596	2	PRON	3	nsubj	en
train-s596	3	VERB	11	advcl	en
train-s596	4	NOUN	6	obj	en
train-s596	6	VERB	3	advcl	hi
train-s596	7	AUX	6	aux	hi
train-s596	10	PRON	11	nsubj	en
train-s596	11	VERB	0	root	en
train-s596	12	PRON	11	obj	en
train-s597	3	ADP	1	case	hi
train-s597	4	ADJ	5	amod	en
train-s597	5	ADJ	6	amod	en
train-s597	6	NOUN	9	nsubj	hi
train-s597	7	ADP	6	case	hi
train-s597	8	PRON	9	obj	hi
train-s597	9	VERB	0	root	hi
train-s598	1	PRON	2	nsubj	en
train-s598	2	VERB	0	root	en
train-s598	3	VERB	2	xcomp	en
train-s598	4	NOUN	5	compound	en
train-s598	5	NOUN	3	obj	en
train-s598	6	ADP	7	case	en
train-s598	7	NOUN	5	nmod	en
train-s598	8	CCONJ	11	cc	hi
train-s598	9	NUM	11	nsubj	hi
train-s598	10	PART	9	advmod	hi
train-s598	11	VERB	2	conj	hi
train-s598	12	PART	11	advmod	hi
train-s599	1	NUM	2	nummod	hi
train-s599	2	NOUN	0	root	hi
train-s599	3	AUX	2	cop	hi
train-s599	5	ADP	4	case	hi
train-s599	6	NOUN	2	acl:relcl	en
train-s599	7	AUX	6	cop	hi
train-s599	8	AUX	6	aux	hi
train-s599	9	CCONJ	12	cc	en
train-s599	10	ADV	12	advmod	en
train-s599	11	ADV	12	advmod	en
train-s599	12	NOUN	2	conj	en
train-s599	13	NOUN	12	conj	en
train-s599	14	PART	15	advmod	en
train-s599	16	PART	17	advmod	en
train-s599	17	NOUN	12	conj	en
train-s600	2	NOUN	4	nsubj	en
train-s600	3	AUX	4	cop	en
train-s600	4	ADJ	0	root	en
train-s600	6	NOUN	8	nmod	hi
train-s600	7	ADP	6	case	hi
train-s600	8	NOUN	10	nsubj	hi
train-s600	9	AUX	10	cop	en
train-s600	10	ADJ	4	conj	en
train-s601	1	PRON	3	obj	en
train-s601	2	AUX	3	aux	en
train-s601	3	VERB	0	root	en
train-s601	4	NOUN	3	acl	en
train-s601	5	SCONJ	10	mark	en
train-s601	6	PRON	10	obl	hi
train-s601	7	ADP	6	case	hi
train-s601	8	ADP	7	case	hi
train-s601	9	NOUN	10	nsubj	hi
train-s601	10	VERB	3	advcl	hi
train-s601	11	AUX	10	aux	hi
train-s602	1	ADV	2	compound	hi
train-s602	2	ADV	4	advmod	hi
train-s602	3	NOUN	4	nsubj	hi
train-s602	4	VERB	0	root	hi
train-s602	5	AUX	4	aux	hi
train-s602	6	PRON	7	nmod	hi
train-s602	7	NOUN	9	nmod	hi
train-s602	8	ADP	7	case	hi
train-s602	9	PRON	11	nsubj	hi
train-s602	10	PART	11	advmod	hi
train-s602	11	VERB	4	xcomp	hi
train-s602	12	AUX	11	aux	hi
train-s602	13	ADV	21	advmod	hi
train-s602	14	PART	13	advmod	hi
train-s602	15	PRON	16	nmod	en
train-s602	16	PRON	21	iobj	en
train-s602	17	NOUN	21	nsubj	en
train-s602	18	AUX	21	cop	en
train-s602	19	DET	21	det	en
train-s602	20	ADJ	21	amod	en
train-s602	21	NOUN	11	nmod	en
train-s602	22	CCONJ	23	cc	en
train-s602	23	NOUN	21	conj	hi
train-s603	1	SCONJ	3	mark	en
train-s603	2	PRON	3	nsubj	en
train-s603	3	VERB	16	advcl	en
train-s603	4	SCONJ	8	mark	en
train-s603	6	ADV	8	advmod	hi
train-s603	7	NOUN	8	obj	hi
train-s603	8	VERB	3	advcl	hi
train-s603	9	AUX	8	aux	hi
train-s603	12	NOUN	14	nmod	hi
train-s603	13	PART	12	advmod	hi
train-s603	14	VERB	8	advcl	hi
train-s603	16	VERB	0	root	en
train-s603	17	DET	18	det	en
train-s603	18	NOUN	16	obj	hi
train-s603	19	VERB	23	amod	en
train-s603	20	ADV	19	advmod	en
train-s603	23	NOUN	16	nmod	en
train-s604	1	AUX	3	aux	en
train-s604	2	NOUN	3	nsubj	en
train-s604	3	VERB	0	root	en
train-s604	4	PART	5	mark	en
train-s604	5	VERB	3	advcl	en
train-s604	6	PROPN	8	nmod	hi
train-s604	7	ADP	6	case	hi
train-s604	8	NOUN	5	obj	en
train-s605	1	PROPN	3	nsubj	hi
train-s605	2	ADP	1	case	hi
train-s605	3	VERB	5	acl	hi
train-s605	4	DET	5	det	hi
train-s605	5	PRON	0	root	hi
train-s605	6	AUX	5	cop	hi
train-s605	7	PART	8	advmod	hi
train-s605	8	NUM	10	nummod	hi
train-s605	9	NOUN	10	compound	en
train-s605	10	NOUN	11	nsubj	en
train-s605	11	VERB	5	advcl	hi
train-s605	12	AUX	11	aux	hi
train-s606	1	DET	2	det	hi
train-s606	2	NOUN	14	nsubj	hi
train-s606	3	PART	4	advmod	hi
train-s606	4	ADJ	5	amod	en
train-s606	6	CCONJ	9	cc	hi
train-s606	7	ADJ	9	amod	en
train-s606	8	ADJ	9	amod	en
train-s606	9	NOUN	5	conj	en
train-s606	10	ADP	9	case	hi
train-s606	11	NOUN	14	nmod	hi
train-s606	12	PART	11	advmod	hi
train-s606	13	NOUN	14	compound	hi
train-s606	14	VERB	0	root	hi
train-s606	15	AUX	14	aux	hi
train-s607	1	NOUN	3	nmod	hi
train-s607	2	ADP	1	case	hi
train-s607	3	NOUN	5	obl	en
train-s607	4	ADP	3	case	hi
train-s607	5	VERB	7	advcl	hi
train-s607	6	AUX	5	aux	hi
train-s607	7	VERB	0	root	en
train-s607	9	NOUN	7	obj	en
train-s607	10	CCONJ	15	cc	en
train-s607	11	PRON	15	nsubj	hi
train-s607	12	PART	11	advmod	hi
train-s607	13	NOUN	15	compound	en
train-s607	14	PART	15	advmod	hi
train-s607	15	VERB	7	conj	hi
train-s607	16	AUX	15	aux	hi
train-s607	17	NOUN	15	obl	en
train-s607	18	ADP	17	case	hi
train-s608	1	SCONJ	3	mark	hi
train-s608	2	NOUN	3	compound	hi
train-s608	3	VERB	9	advcl	hi
train-s608	4	PART	3	advmod	hi
train-s608	5	SCONJ	9	mark	hi
train-s608	6	PRON	9	obj	en
train-s608	7	AUX	9	aux	en
train-s608	8	AUX	9	aux	en
train-s608	9	VERB	0	root	en
train-s608	10	CCONJ	15	cc	en
train-s608	11	ADP	14	case	en
train-s608	12	PRON	14	nmod	en
train-s608	13	ADJ	14	amod	en
train-s608	14	NOUN	15	nmod	en
train-s608	16	CCONJ	20	cc	en
train-s608	17	PRON	19	nmod	en
train-s608	18	ADJ	19	amod	en
train-s608	19	NOUN	20	nmod	en
train-s609	1	NOUN	12	nmod	en
train-s609	2	ADP	3	case	en
train-s609	3	PROPN	1	nmod	hi
train-s609	5	ADV	12	advmod	hi
train-s609	6	ADJ	7	amod	hi
train-s609	7	NOUN	12	nmod	hi
train-s609	8	NOUN	10	nmod	en
train-s609	9	ADP	8	case	hi
train-s609	10	NOUN	12	obj	hi
train-s609	11	PART	12	advmod	hi
train-s609	12	VERB	0	root	hi
train-s610	1	VERB	3	acl	hi
train-s610	2	AUX	1	aux	hi
train-s610	3	NOUN	8	nsubj	hi
train-s610	4	AUX	8	cop	en
train-s610	5	NOUN	6	advmod	en
train-s610	6	ADJ	8	amod	en
train-s610	7	ADP	8	case	en
train-s610	8	PRON	0	root	en
train-s611	1	NOUN	4	nmod	hi
train-s611	2	ADV	4	advmod	hi
train-s611	3	PART	2	advmod	hi
train-s611	4	ADV	0	root	en
train-s611	5	ADP	6	case	en
train-s611	6	NOUN	4	nmod	en
train-s612	1	NUM	2	nummod	hi
train-s612	2	NOUN	6	nmod	hi
train-s612	3	PRON	6	nsubj	hi
train-s612	4	ADJ	5	amod	en
train-s612	5	NOUN	6	obj	en
train-s612	6	VERB	0	root	hi
train-s613	1	ADV	10	advmod	en
train-s613	2	INTJ	10	discourse	en
train-s613	3	PRON	5	nmod	hi
train-s613	4	NOUN	5	compound	hi
train-s613	5	NOUN	10	obj	hi
train-s613	6	ADP	5	case	hi
train-s613	8	ADP	7	case	hi
train-s613	9	PART	10	advmod	hi
train-s613	10	VERB	0	root	hi
train-s614	2	NOUN	5	compound	en
train-s614	3	ADP	4	case	en
train-s614	4	NOUN	2	nmod	en
train-s614	5	VERB	10	advcl	hi
train-s614	6	PRON	8	nmod	hi
train-s614	7	NOUN	8	compound	hi
train-s614	8	NOUN	10	obj	hi
train-s614	9	NUM	10	compound	hi
train-s614	10	VERB	0	root	hi
train-s614	11	AUX	10	aux	hi
train-s614	12	DET	13	det	hi
train-s614	13	NOUN	10	nsubj	en
train-s614	14	ADP	13	case	hi
train-s615	2	NOUN	3	compound	hi
train-s615	3	NOUN	4	vocative	hi
train-s615	4	VERB	0	root	en
train-s615	5	DET	6	det	en
train-s615	6	NOUN	4	obj	en
train-s615	7	NOUN	4	vocative	hi
train-s616	1	VERB	0	root	en
train-s616	2	ADV	3	advmod	en
train-s616	3	ADJ	1	xcomp	en
train-s616	4	ADP	6	case	en
train-s616	5	DET	6	det	en
train-s616	6	NOUN	1	obl	en
train-s616	7	PRON	8	nsubj	en
train-s616	8	VERB	6	acl:relcl	en
train-s616	9	NOUN	13	advcl	hi
train-s616	10	AUX	9	cop	hi
train-s616	11	SCONJ	13	mark	hi
train-s616	12	NOUN	13	nsubj	hi
train-s616	13	ADJ	8	ccomp	hi
train-s616	14	VERB	13	cop	hi
train-s616	15	AUX	13	aux	hi
train-s617	1	VERB	0	root	en
train-s617	2	VERB	1	xcomp	en
train-s617	3	PRON	2	iobj	en
train-s617	4	ADV	6	advmod	en
train-s617	5	AUX	6	cop	en
train-s617	8	PART	9	advmod	hi
train-s617	9	VERB	1	parataxis	hi
train-s618	2	NOUN	4	nmod	hi
train-s618	3	ADP	2	case	hi
train-s618	4	NOUN	5	obj	hi
train-s618	5	VERB	7	advcl	hi
train-s618	6	AUX	5	aux	hi
train-s618	7	VERB	0	root	hi
train-s618	8	NOUN	9	nmod	en
train-s618	9	NOUN	11	nmod	en
train-s618	10	ADP	9	case	hi
train-s618	11	NOUN	7	obl	en
train-s618	12	ADP	11	case	hi
train-s619	2	ADP	4	case	en
train-s619	3	DET	4	det	en
train-s619	4	NOUN	7	obl	en
train-s619	6	PRON	7	nsubj	en
train-s619	7	VERB	0	root	en
train-s619	8	ADV	7	advmod	en
train-s619	9	CCONJ	10	cc	en
train-s619	10	VERB	7	conj	en
train-s619	12	ADV	14	advmod	hi
train-s619	13	PRON	14	nsubj	hi
train-s619	14	NOUN	10	obj	hi
train-s619	15	AUX	14	cop	hi
train-s619	18	ADP	23	case	en
train-s619	19	ADV	10	advmod	en
train-s619	21	NOUN	22	advmod	en
train-s619	22	ADJ	23	amod	en
train-s619	23	NOUN	10	obl	en
train-s620	1	PRON	5	nsubj	en
train-s620	2	ADV	5	advmod	en
train-s620	3	AUX	5	aux	en
train-s620	4	PART	5	advmod	en
train-s620	5	VERB	0	root	en
train-s620	6	ADV	8	advmod	en
train-s620	7	PRON	8	nsubj	en
train-s620	8	VERB	5	xcomp	en
train-s620	9	SCONJ	19	mark	en
train-s620	11	PRON	12	nmod	hi
train-s620	12	NOUN	19	nsubj	hi
train-s620	13	PART	12	advmod	hi
train-s620	14	PRON	19	obj	hi
train-s620	15	NOUN	19	obl	en
train-s620	16	ADP	15	case	hi
train-s620	17	PART	15	advmod	hi
train-s620	18	PART	19	advmod	hi
train-s620	19	VERB	8	advcl	hi
train-s620	20	AUX	19	aux	hi
train-s621	1	PRON	2	nmod	en
train-s621	2	NOUN	4	nsubj	en
train-s621	3	AUX	4	aux	en
train-s621	4	VERB	0	root	en
train-s621	5	ADP	6	case	en
train-s621	6	NOUN	4	obj	en
train-s621	8	ADV	11	advmod	hi
train-s621	9	NOUN	11	nsubj	en
train-s621	10	ADJ	11	xcomp	hi
train-s621	11	VERB	4	advcl	hi
train-s621	12	AUX	11	aux	hi
train-s622	1	PRON	4	nsubj	en
train-s622	2	AUX	4	aux	en
train-s622	3	PART	4	advmod	en
train-s622	4	VERB	0	root	en
train-s622	5	PRON	6	nmod	en
train-s622	6	NOUN	4	obj	en
train-s622	7	ADP	8	case	en
train-s622	8	NOUN	4	obl	en
train-s622	9	CCONJ	16	cc	hi
train-s622	10	PRON	16	nsubj	hi
train-s622	11	PRON	13	nmod	hi
train-s622	12	ADP	11	case	hi
train-s622	13	NOUN	15	compound	hi
train-s622	14	PART	15	advmod	hi
train-s622	15	VERB	16	xcomp	hi
train-s622	16	VERB	4	conj	hi
train-s623	1	NOUN	6	vocative	hi
train-s623	2	NOUN	6	nsubj	en
train-s623	3	NOUN	6	compound	en
train-s623	4	PART	3	advmod	hi
train-s623	5	PART	6	advmod	hi
train-s623	6	VERB	0	root	hi
train-s623	7	AUX	6	aux	hi
train-s624	1	NOUN	2	obj	en
train-s624	2	VERB	7	advcl	hi
train-s624	3	AUX	2	aux	hi
train-s624	4	PART	3	advmod	hi
train-s624	5	NOUN	7	nsubj	en
train-s624	6	ADJ	7	xcomp	en
train-s624	7	VERB	0	root	hi
train-s624	8	AUX	7	aux	hi
train-s625	1	NOUN	4	compound	hi
train-s625	2	PART	3	advmod	hi
train-s625	3	PRON	4	nmod	hi
train-s625	4	VERB	0	root	hi
train-s625	5	AUX	4	aux	hi
train-s625	6	SCONJ	12	mark	hi
train-s625	7	NOUN	9	obl	hi
train-s625	8	ADP	7	case	hi
train-s625	9	VERB	12	advcl	hi
train-s625	10	AUX	9	aux	hi
train-s625	11	PRON	12	obj	hi
train-s625	12	VERB	3	acl	hi
train-s625	13	AUX	12	aux	hi
train-s625	14	SCONJ	17	mark	en
train-s625	15	NOUN	17	nsubj	hi
train-s625	16	NOUN	15	conj	hi
train-s625	17	VERB	12	advcl	en
train-s625	18	ADJ	19	amod	en
train-s625	19	ADJ	17	xcomp	en
train-s626	1	ADJ	2	amod	hi
train-s626	2	ADJ	3	amod	hi
train-s626	3	NOUN	6	nmod	en
train-s626	4	DET	5	det	en
train-s626	5	NOUN	6	nsubj	en
train-s626	6	VERB	0	root	en
train-s626	7	ADV	9	advmod	en
train-s626	8	PRON	9	expl	en
train-s626	9	VERB	6	xcomp	en
train-s627	2	ADP	5	case	en
train-s627	3	ADP	2	compound	en
train-s627	4	PRON	5	nmod	en
train-s627	5	NOUN	12	obl	en
train-s627	6	PRON	7	nmod	hi
train-s627	7	NOUN	10	nmod	hi
train-s627	8	ADP	7	case	hi
train-s627	9	NUM	10	nummod	hi
train-s627	10	NOUN	12	nsubj	hi
train-s627	11	ADJ	12	xcomp	en
train-s627	12	VERB	0	root	hi
train-s627	13	AUX	12	aux	hi
train-s627	15	SCONJ	19	mark	hi
train-s627	16	PRON	19	nsubj	hi
train-s627	17	NOUN	19	obl	hi
train-s627	18	ADP	17	case	hi
train-s627	19	VERB	12	advcl	hi
train-s627	20	CCONJ	21	cc	hi
train-s627	21	VERB	19	conj	hi
train-s628	2	NOUN	5	nmod	hi
train-s628	3	PRON	4	nmod	hi
train-s628	4	NOUN	5	obj	hi
train-s628	5	VERB	0	root	hi
train-s628	6	PART	5	advmod	hi
train-s628	7	AUX	5	aux	hi
train-s628	8	SCONJ	9	mark	en
train-s628	9	VERB	5	advcl	en
train-s628	10	DET	12	det	en
train-s628	11	DET	12	det	en
train-s628	12	ADJ	9	obj	en
train-s628	14	ADP	15	case	en
train-s628	16	ADP	20	case	en
train-s628	17	DET	20	det	en
train-s628	18	ADJ	19	compound	en
train-s628	19	ADJ	20	amod	en
train-s628	20	NOUN	12	nmod	en
train-s629	1	NOUN	2	compound	en
train-s629	2	VERB	6	xcomp	hi
train-s629	3	AUX	2	aux	hi
train-s629	4	AUX	2	aux	hi
train-s629	5	PRON	6	nsubj	en
train-s629	6	VERB	0	root	en
train-s630	1	NOUN	4	nmod	en
train-s630	2	ADP	1	case	hi
train-s630	4	NOUN	6	nmod	en
train-s630	5	ADP	4	case	hi
train-s630	6	NOUN	9	nsubj	en
train-s630	7	ADV	9	advmod	en
train-s630	8	PART	9	mark	en
train-s630	9	VERB	0	root	en
train-s630	10	AUX	9	cop	hi
train-s630	11	CCONJ	12	cc	hi
train-s630	12	VERB	9	conj	en
train-s630	13	AUX	12	cop	hi
train-s630	14	SCONJ	18	mark	hi
train-s630	15	PART	18	advmod	en
train-s630	16	ADV	18	advmod	en
train-s630	17	PART	18	mark	en
train-s630	18	VERB	12	xcomp	en
train-s630	19	AUX	18	cop	hi
train-s631	1	PRON	2	nmod	en
train-s631	2	NOUN	4	nsubj	en
train-s631	3	AUX	4	aux	en
train-s631	4	VERB	0	root	en
train-s631	5	SCONJ	4	mark	en
train-s631	7	NOUN	8	nsubj	hi
train-s631	8	VERB	4	advcl	hi
train-s631	9	AUX	8	aux	hi
train-s631	10	AUX	8	aux	hi
train-s631	12	CCONJ	15	cc	en
train-s631	14	ADJ	15	compound	hi
train-s631	15	VERB	8	conj	hi
train-s631	16	AUX	15	aux	hi
train-s632	1	ADP	3	case	en
train-s632	2	ADJ	3	amod	en
train-s632	3	NOUN	0	root	en
train-s632	5	ADV	8	mark	hi
train-s632	6	NOUN	8	nsubj	hi
train-s632	7	NOUN	8	obj	hi
train-s632	8	VERB	10	acl:relcl	hi
train-s632	9	AUX	8	aux	hi
train-s632	10	PRON	14	nmod	hi
train-s632	11	DET	12	det	hi
train-s632	12	NOUN	14	obl	hi
train-s632	13	ADP	12	case	hi
train-s632	14	VERB	3	acl	hi
train-s632	15	AUX	14	aux	hi
train-s632	16	AUX	14	aux	hi
train-s633	1	DET	3	det	en
train-s633	2	ADJ	3	amod	en
train-s633	3	NOUN	12	nsubj	en
train-s633	4	SCONJ	8	mark	en
train-s633	5	PRON	6	advmod	hi
train-s633	6	VERB	7	acl:relcl	hi
train-s633	7	PRON	8	advmod	hi
train-s633	8	VERB	3	acl	hi
train-s633	9	AUX	12	cop	en
train-s633	10	DET	12	det	en
train-s633	11	ADJ	12	amod	en
train-s633	12	NOUN	0	root	en
train-s633	13	PRON	15	obj	en
train-s633	14	PRON	15	nsubj	en
train-s633	15	VERB	12	acl:relcl	en
train-s633	16	DET	18	det	en
train-s633	17	ADJ	18	amod	en
train-s633	18	NOUN	15	nmod	en
train-s634	2	NOUN	4	nmod	hi
train-s634	3	ADP	2	case	hi
train-s634	4	NOUN	12	obl	hi
train-s634	5	ADP	4	case	hi
train-s634	6	ADV	12	advmod	hi
train-s634	8	PRON	10	nsubj	en
train-s634	9	AUX	10	aux	en
train-s634	10	VERB	12	csubj	en
train-s634	12	VERB	0	root	hi
train-s634	13	AUX	12	aux	hi
train-s634	14	AUX	12	aux	hi
train-s635	1	NOUN	2	compound	en
train-s635	2	NOUN	4	obj	en
train-s635	3	NOUN	4	compound	en
train-s635	4	VERB	7	acl	hi
train-s635	5	SCONJ	4	mark	hi
train-s635	6	SCONJ	4	mark	hi
train-s635	7	NOUN	9	nmod	hi
train-s635	8	ADP	7	case	hi
train-s635	9	NOUN	0	root	hi
train-s635	10	AUX	9	cop	hi
train-s635	11	PRON	9	nmod	hi
train-s636	1	NOUN	0	root	en
train-s636	2	PRON	3	nsubj	en
train-s636	3	VERB	1	acl:relcl	en
train-s636	4	SCONJ	7	mark	en
train-s636	5	PRON	7	nsubj	en
train-s636	6	AUX	7	cop	en
train-s636	7	ADJ	3	ccomp	en
train-s636	8	ADP	9	case	en
train-s636	9	NOUN	7	nmod	en
train-s636	11	ADV	14	advmod	hi
train-s636	12	NOUN	14	nsubj	hi
train-s636	13	PART	12	advmod	hi
train-s636	14	VERB	1	parataxis	hi
train-s636	15	PART	14	advmod	hi
train-s636	17	ADP	16	case	hi
train-s637	1	VERB	0	root	en
train-s637	2	ADP	3	case	en
train-s637	3	PRON	1	obl	en
train-s637	5	PRON	10	nsubj	hi
train-s637	6	PRON	10	obj	hi
train-s637	7	ADV	10	advmod	hi
train-s637	8	PART	7	advmod	hi
train-s637	9	NOUN	10	compound	en
train-s637	10	VERB	1	advcl	hi
train-s637	11	AUX	10	aux	hi
train-s638	1	PRON	3	nsubj	en
train-s638	2	AUX	3	aux	en
train-s638	3	VERB	0	root	en
train-s638	4	ADP	7	case	en
train-s638	5	DET	7	det	en
train-s638	6	ADJ	7	amod	hi
train-s638	7	NOUN	3	obl	hi
train-s638	8	ADP	10	case	en
train-s638	9	ADJ	10	amod	hi
train-s638	10	NOUN	7	nmod	hi
train-s638	11	CCONJ	12	cc	en
train-s638	12	VERB	3	conj	en
train-s638	13	PRON	12	obj	en
train-s638	14	ADV	16	mark	en
train-s638	15	PRON	16	nsubj	en
train-s638	16	VERB	18	advcl	en
train-s638	17	NOUN	18	nsubj	en
train-s638	18	VERB	12	advcl	en
train-s638	19	VERB	18	xcomp	en
train-s639	1	AUX	3	aux	en
train-s639	2	PRON	3	nsubj	en
train-s639	3	VERB	0	root	en
train-s639	4	DET	6	det	en
train-s639	5	ADJ	6	amod	en
train-s639	6	NOUN	3	obj	en
train-s639	7	SCONJ	14	mark	en
train-s639	9	ADP	8	case	hi
train-s639	10	VERB	14	advcl	hi
train-s639	11	PART	10	advmod	hi
train-s639	12	NOUN	14	nsubj	en
train-s639	13	ADV	14	advmod	hi
train-s639	14	VERB	3	advcl	hi
train-s639	15	AUX	14	aux	hi
train-s639	16	AUX	14	aux	hi
train-s639	17	AUX	14	aux	hi
train-s640	1	NOUN	7	obj	en
train-s640	2	ADP	3	case	en
train-s640	4	CCONJ	5	cc	en
train-s640	6	NOUN	7	nsubj	en
train-s640	7	VERB	0	root	en
train-s640	8	DET	9	det	en
train-s640	9	NOUN	7	nmod	en
train-s640	10	SCONJ	16	mark	en
train-s640	11	NOUN	16	obl	en
train-s640	12	ADP	11	case	hi
train-s640	13	ADV	16	advmod	hi
train-s640	14	NOUN	16	nsubj	hi
train-s640	15	PART	16	advmod	hi
train-s640	16	VERB	1	acl	hi
train-s641	1	NOUN	2	compound	en
train-s641	2	NOUN	7	nmod	en
train-s641	3	CCONJ	5	cc	en
train-s641	4	ADJ	5	amod	en
train-s641	5	NOUN	2	conj	en
train-s641	6	ADP	2	case	hi
train-s641	7	NOUN	12	obl	hi
train-s641	8	ADP	7	case	hi
train-s641	9	NOUN	12	nsubj	hi
train-s641	10	PRON	11	compound	hi
train-s641	11	PRON	12	obj	hi
train-s641	12	VERB	17	acl	hi
train-s641	13	AUX	12	aux	hi
train-s641	14	AUX	12	aux	hi
train-s641	15	AUX	12	aux	hi
train-s641	17	PRON	20	nsubj	en
train-s641	18	AUX	20	cop	en
train-s641	19	ADP	20	case	en
train-s641	20	PRON	0	root	en
train-s642	1	NOUN	10	vocative	hi
train-s642	2	DET	3	det	hi
train-s642	3	NOUN	5	obj	en
train-s642	4	NOUN	5	compound	en
train-s642	5	VERB	9	acl	hi
train-s642	6	SCONJ	5	mark	hi
train-s642	7	ADJ	9	amod	hi
train-s642	8	PART	7	advmod	hi
train-s642	9	NOUN	10	obj	en
train-s642	10	VERB	0	root	hi
train-s642	11	AUX	10	aux	hi
train-s642	12	INTJ	10	discourse	en
train-s643	2	ADJ	3	amod	en
train-s643	3	NOUN	6	obl	en
train-s643	4	ADP	3	case	hi
train-s643	5	ADV	6	compound	en
train-s643	6	VERB	0	root	hi
train-s643	8	ADP	7	case	hi
train-s644	2	PRON	18	nsubj	en
train-s644	3	AUX	18	cop	en
train-s644	4	ADP	18	case	en
train-s644	6	NOUN	10	vocative	hi
train-s644	7	DET	8	det	hi
train-s644	8	NOUN	10	nsubj	hi
train-s644	9	PART	8	advmod	hi
train-s644	10	VERB	18	acl	hi
train-s644	11	AUX	10	aux	hi
train-s644	12	CCONJ	16	cc	hi
train-s644	13	NOUN	16	compound	hi
train-s644	14	PART	13	advmod	hi
train-s644	15	PART	16	advmod	hi
train-s644	16	VERB	10	conj	hi
train-s644	18	NOUN	0	root	en
train-s645	1	DET	4	det	hi
train-s645	2	ADJ	4	amod	en
train-s645	3	NOUN	4	compound	en
train-s645	4	NOUN	9	obj	en
train-s645	5	PROPN	9	nsubj	hi
train-s645	6	PRON	9	iobj	hi
train-s645	7	ADP	6	case	hi
train-s645	8	PART	9	advmod	hi
train-s645	9	VERB	0	root	hi
train-s645	10	ADJ	11	amod	hi
train-s645	11	PRON	4	acl:relcl	hi
train-s645	12	AUX	11	cop	hi
train-s646	1	PRON	3	nsubj	en
train-s646	2	AUX	3	aux	en
train-s646	3	VERB	0	root	en
train-s646	4	PRON	3	obj	en
train-s646	5	ADP	10	case	en
train-s646	6	ADP	5	fixed	en
train-s646	7	ADP	5	fixed	en
train-s646	8	PRON	10	nsubj	en
train-s646	9	AUX	10	aux	en
train-s646	10	VERB	3	advcl	en
train-s646	11	DET	16	det	en
train-s646	12	VERB	16	acl	hi
train-s646	13	AUX	12	aux	hi
train-s646	14	NOUN	16	nmod	hi
train-s646	15	ADP	14	case	hi
train-s646	16	NOUN	10	obj	hi
train-s646	17	SCONJ	18	mark	en
train-s646	18	VERB	10	advcl	en
train-s646	19	DET	20	det	en
train-s646	20	NOUN	18	obj	hi
train-s647	1	DET	4	det	hi
train-s647	2	NOUN	4	compound	en
train-s647	3	NOUN	4	compound	en
train-s647	4	NOUN	0	root	en
train-s647	5	AUX	4	cop	hi
train-s647	6	PRON	4	nmod	hi
train-s648	1	PRON	2	nmod	en
train-s648	2	NOUN	3	nsubj	en
train-s648	3	VERB	0	root	en
train-s648	4	SCONJ	7	mark	en
train-s648	5	NOUN	7	nsubj	hi
train-s648	6	PRON	7	obj	hi
train-s648	7	VERB	3	advcl	hi
train-s649	2	ADP	5	case	en
train-s649	3	ADP	2	compound	en
train-s649	5	NOUN	12	nmod	en
train-s649	7	DET	8	det	hi
train-s649	8	NOUN	12	nmod	hi
train-s649	9	ADP	8	case	hi
train-s649	10	NUM	11	nmod	hi
train-s649	11	NOUN	12	nsubj	hi
train-s649	12	ADJ	0	root	hi
train-s649	13	AUX	12	cop	hi
train-s650	1	PROPN	7	vocative	en
train-s650	2	INTJ	7	discourse	en
train-s650	3	ADV	7	advmod	hi
train-s650	4	PART	3	advmod	hi
train-s650	5	PRON	7	obj	hi
train-s650	6	ADJ	7	compound	hi
train-s650	7	VERB	0	root	hi
train-s650	8	PRON	7	obl	hi
train-s650	9	ADP	8	case	hi
train-s651	1	PRON	6	nsubj	hi
train-s651	4	ADP	2	case	hi
train-s651	5	NOUN	6	compound	en
train-s651	6	VERB	0	root	hi
train-s651	7	CCONJ	10	cc	en
train-s651	8	PRON	10	expl	en
train-s651	9	AUX	10	cop	en
train-s651	10	ADJ	6	conj	en
train-s652	1	VERB	0	root	en
train-s652	2	ADP	5	case	en
train-s652	3	NOUN	5	obj	en
train-s652	4	ADJ	5	compound	hi
train-s652	5	VERB	1	advcl	hi
train-s652	6	CCONJ	7	cc	hi
train-s652	7	NOUN	5	conj	hi
train-s653	1	DET	3	det	en
train-s653	2	ADJ	3	amod	en
train-s653	3	NOUN	13	nsubj	en
train-s653	4	PART	5	mark	en
train-s653	5	VERB	3	acl:relcl	en
train-s653	6	ADP	7	case	en
train-s653	7	NOUN	5	obl	en
train-s653	8	AUX	13	cop	en
train-s653	9	PRON	13	obj	hi
train-s653	10	ADP	9	case	hi
train-s653	11	NOUN	13	acl	en
train-s653	12	PART	13	advmod	hi
train-s653	13	VERB	0	root	hi
train-s654	1	NOUN	3	obl	en
train-s654	2	ADP	1	case	hi
train-s654	3	VERB	6	acl	hi
train-s654	4	SCONJ	3	mark	hi
train-s654	5	NUM	6	nummod	hi
train-s654	6	NOUN	7	nsubj	en
train-s654	7	PRON	0	root	hi
train-s654	8	AUX	7	cop	hi
train-s654	9	SCONJ	13	mark	hi
train-s654	10	NOUN	13	nsubj	en
train-s654	11	ADV	13	advmod	hi
train-s654	12	PART	11	advmod	hi
train-s654	13	VERB	7	acl	hi
train-s654	14	AUX	13	aux	hi
train-s654	15	AUX	13	aux	hi
train-s655	1	NOUN	5	iobj	hi
train-s655	2	ADP	1	case	hi
train-s655	3	NOUN	5	nsubj	en
train-s655	4	NOUN	5	compound	en
train-s655	5	VERB	0	root	hi
train-s655	6	AUX	5	aux	hi
train-s655	7	CCONJ	8	cc	hi
train-s655	8	PRON	5	conj	hi
train-s655	9	NOUN	8	orphan	en
train-s656	1	NOUN	2	compound	en
train-s656	2	NOUN	4	nmod	en
train-s656	3	ADP	2	case	hi
train-s656	4	NOUN	8	obl	hi
train-s656	5	ADP	4	case	hi
train-s656	6	PRON	8	nsubj	en
train-s656	7	AUX	8	aux	en
train-s656	8	VERB	0	root	en
train-s656	9	ADJ	10	compound	hi
train-s656	10	ADJ	8	xcomp	hi
train-s657	1	ADP	2	case	en
train-s657	2	NOUN	5	obl	en
train-s657	3	NOUN	5	obj	en
train-s657	4	ADP	5	compound	en
train-s657	5	VERB	0	root	hi
train-s657	7	NOUN	9	nmod	en
train-s657	8	ADP	7	case	hi
train-s657	9	NOUN	12	compound	hi
train-s657	10	PART	9	advmod	hi
train-s657	11	PART	12	advmod	hi
train-s657	12	VERB	5	parataxis	hi
train-s658	1	NOUN	3	vocative	hi
train-s658	2	ADJ	3	amod	en
train-s658	3	NOUN	0	root	en
train-s658	4	AUX	3	cop	hi
train-s658	5	PRON	3	advmod	hi
train-s658	6	DET	7	det	hi
train-s658	7	NOUN	3	parataxis	en
train-s658	8	AUX	7	cop	hi
train-s658	9	PRON	7	nsubj	hi
train-s658	10	NOUN	7	nmod	hi
train-s659	2	ADP	3	case	en
train-s659	3	PRON	4	nsubj	en
train-s659	4	VERB	0	root	en
train-s659	5	PRON	4	obj	en
train-s659	7	NOUN	20	nmod	hi
train-s659	8	NOUN	7	compound	hi
train-s659	10	NOUN	20	nmod	hi
train-s659	11	NOUN	10	conj	hi
train-s659	13	CCONJ	15	cc	hi
train-s659	15	NOUN	10	conj	hi
train-s659	17	ADP	10	case	hi
train-s659	18	PRON	20	nmod	hi
train-s659	19	PART	18	advmod	hi
train-s659	20	NOUN	5	nmod	hi
train-s659	21	AUX	20	cop	hi
train-s660	1	NOUN	2	compound	en
train-s660	2	VERB	0	root	hi
train-s660	3	DET	4	det	hi
train-s660	4	NOUN	15	nmod	hi
train-s660	5	NOUN	15	nmod	hi
train-s660	6	PART	5	advmod	hi
train-s660	8	ADP	9	case	en
train-s660	11	ADP	5	case	hi
train-s660	12	DET	14	det	hi
train-s660	13	PART	12	advmod	hi
train-s660	14	NOUN	15	nsubj	en
train-s660	15	ADJ	2	ccomp	hi
train-s660	16	AUX	15	cop	hi
train-s661	2	PRON	5	nsubj	en
train-s661	3	AUX	5	aux	en
train-s661	4	PART	5	advmod	en
train-s661	5	VERB	0	root	en
train-s661	6	PRON	7	nmod	en
train-s661	7	NOUN	5	obj	en
train-s661	8	SCONJ	10	mark	en
train-s661	9	PRON	10	nsubj	en
train-s661	10	VERB	5	advcl	en
train-s661	11	ADV	10	advmod	en
train-s661	12	CCONJ	13	cc	en
train-s661	13	VERB	10	conj	en
train-s661	15	PRON	17	nsubj	hi
train-s661	16	PART	17	advmod	hi
train-s661	17	VERB	13	xcomp	hi
train-s661	18	AUX	17	aux	hi
train-s662	1	VERB	0	root	en
train-s662	2	PRON	6	nsubj	en
train-s662	4	VERB	6	advcl	hi
train-s662	5	SCONJ	4	mark	hi
train-s662	6	VERB	1	xcomp	en
train-s663	1	DET	2	det	hi
train-s663	2	NOUN	7	nsubj	hi
train-s663	3	PART	4	advmod	hi
train-s663	5	ADP	4	case	hi
train-s663	6	NOUN	7	obj	hi
train-s663	7	VERB	10	acl:relcl	hi
train-s663	8	AUX	7	aux	hi
train-s663	10	PRON	13	nsubj	en
train-s663	11	AUX	13	aux	en
train-s663	12	ADV	13	advmod	en
train-s663	13	VERB	0	root	en
train-s663	14	ADJ	15	amod	en
train-s663	15	NOUN	13	obj	en
train-s663	16	ADP	19	case	en
train-s663	17	NOUN	19	compound	en
train-s663	18	NOUN	19	compound	en
train-s663	19	NOUN	13	obl	en
train-s664	1	PRON	3	nsubj	en
train-s664	2	AUX	3	aux	en
train-s664	3	VERB	0	root	en
train-s664	7	ADP	5	case	hi
train-s664	8	NOUN	10	compound	hi
train-s664	9	ADV	10	advmod	hi
train-s664	10	VERB	3	xcomp	hi
train-s665	1	NOUN	5	nmod	en
train-s665	2	ADP	1	case	hi
train-s665	3	PART	1	advmod	hi
train-s665	4	ADP	1	case	hi
train-s665	5	NOUN	8	nsubj	en
train-s665	6	AUX	8	cop	en
train-s665	7	DET	8	det	en
train-s665	8	NOUN	0	root	en
train-s665	9	ADV	11	advmod	en
train-s665	10	PRON	11	nsubj	en
train-s665	11	VERB	8	acl	en
train-s665	12	NOUN	13	compound	en
train-s665	13	NOUN	11	nsubj	en
train-s666	2	NOUN	5	nsubj	en
train-s666	3	PART	2	advmod	hi
train-s666	4	PRON	5	nmod	hi
train-s666	5	NOUN	0	root	en
train-s666	6	ADP	5	case	hi
train-s666	7	ADP	5	case	hi
train-s666	8	AUX	5	cop	hi
train-s666	10	ADJ	5	amod	en
train-s667	1	NOUN	5	obj	en
train-s667	2	ADP	1	case	hi
train-s667	3	NOUN	5	compound	hi
train-s667	4	PART	5	advmod	hi
train-s667	5	VERB	0	root	hi
train-s667	7	NOUN	9	obj	en
train-s667	8	ADP	7	case	hi
train-s667	9	VERB	5	conj	hi
train-s667	10	AUX	9	aux	hi
train-s668	1	NOUN	3	nsubj	en
train-s668	2	PRON	1	nmod	en
train-s668	3	VERB	8	acl:relcl	en
train-s668	4	ADJ	5	amod	en
train-s668	5	ADJ	6	amod	en
train-s668	6	NOUN	3	obj	hi
train-s668	8	NOUN	11	vocative	hi
train-s668	9	NOUN	11	obj	hi
train-s668	10	PART	9	advmod	hi
train-s668	11	VERB	0	root	hi
train-s668	12	AUX	11	aux	hi
train-s668	14	NOUN	17	obj	hi
train-s668	15	ADV	17	advmod	hi
train-s668	16	ADJ	17	compound	hi
train-s668	17	VERB	11	parataxis	hi
train-s668	18	AUX	17	aux	hi
train-s668	19	AUX	17	aux	hi
train-s669	1	ADV	4	advmod	en
train-s669	2	PRON	4	nsubj	en
train-s669	3	AUX	4	aux	en
train-s669	4	VERB	0	root	en
train-s669	6	DET	7	det	en
train-s669	7	NOUN	8	nsubj	en
train-s669	8	VERB	4	advcl	en
train-s669	10	ADJ	11	compound	hi
train-s669	11	VERB	8	xcomp	hi
train-s669	12	NOUN	14	nmod	en
train-s669	13	ADP	12	case	hi
train-s669	14	NOUN	15	compound	hi
train-s669	15	VERB	11	advcl	hi
train-s669	16	AUX	15	aux	hi
train-s670	1	NOUN	3	nmod	hi
train-s670	2	ADP	1	case	hi
train-s670	3	NOUN	0	root	en
train-s670	4	AUX	3	cop	hi
train-s670	6	PRON	7	nsubj	en
train-s670	7	VERB	3	advcl	en
train-s670	8	PRON	7	obj	en
train-s670	9	ADV	7	advmod	en
train-s670	10	ADP	12	case	en
train-s670	11	NOUN	12	compound	en
train-s670	12	NOUN	7	obl	en
train-s671	1	VERB	8	csubj	hi
train-s671	2	NOUN	1	nsubj	hi
train-s671	3	PRON	4	iobj	hi
train-s671	4	VERB	2	parataxis	hi
train-s671	5	AUX	8	cop	en
train-s671	6	DET	8	det	en
train-s671	7	ADJ	8	amod	en
train-s671	8	PROPN	0	root	en
train-s672	1	PRON	4	nsubj	en
train-s672	2	AUX	4	cop	en
train-s672	3	DET	4	det	en
train-s672	4	NOUN	0	root	en
train-s672	5	PRON	6	obj	hi
train-s672	6	VERB	13	advcl	hi
train-s672	7	SCONJ	6	mark	hi
train-s672	8	SCONJ	6	mark	hi
train-s672	9	ADJ	11	amod	hi
train-s672	10	NUM	11	nummod	hi
train-s672	11	NOUN	13	nmod	hi
train-s672	12	NOUN	13	compound	hi
train-s672	13	VERB	1	acl	hi
train-s672	14	AUX	13	aux	hi
train-s672	15	AUX	13	aux	hi
train-s673	1	NOUN	2	compound	hi
train-s673	2	VERB	0	root	hi
train-s673	3	CCONJ	7	cc	en
train-s673	4	ADJ	5	amod	en
train-s673	5	NOUN	7	compound	en
train-s673	6	PART	7	advmod	hi
train-s673	7	VERB	2	conj	hi
train-s674	1	VERB	0	root	hi
train-s674	2	NOUN	7	nmod	hi
train-s674	4	ADP	3	case	hi
train-s674	5	DET	7	det	hi
train-s674	6	ADJ	7	amod	en
train-s674	7	NOUN	1	nsubj	en
train-s674	8	AUX	7	cop	hi
train-s675	2	SCONJ	4	mark	en
train-s675	3	PRON	4	nsubj	en
train-s675	4	VERB	12	advcl	en
train-s675	5	NOUN	4	obj	en
train-s675	6	ADP	8	case	en
train-s675	7	PRON	8	nmod	en
train-s675	8	NOUN	4	obl	en
train-s675	9	SCONJ	12	mark	en
train-s675	10	AUX	12	aux	en
train-s675	11	PART	12	advmod	en
train-s675	12	VERB	0	root	en
train-s675	13	SCONJ	17	mark	en
train-s675	15	NOUN	17	nsubj	hi
train-s675	16	PRON	17	obj	hi
train-s675	17	VERB	12	advcl	hi
train-s676	1	DET	2	det	en
train-s676	2	NOUN	6	nsubj	en
train-s676	3	ADV	6	advmod	hi
train-s676	4	PART	3	fixed	hi
train-s676	5	ADV	3	fixed	hi
train-s676	6	VERB	0	root	en
train-s676	7	NOUN	8	compound	hi
train-s676	8	NOUN	6	obj	en
train-s676	9	ADP	10	case	en
train-s676	10	NOUN	6	obl	en
train-s677	1	PART	2	advmod	en
train-s677	2	NOUN	4	nsubj	en
train-s677	3	AUX	4	aux	en
train-s677	4	VERB	0	root	en
train-s677	5	NOUN	4	compound	en
train-s677	6	NOUN	4	nmod	en
train-s677	7	SCONJ	11	mark	hi
train-s677	8	PROPN	9	nmod	en
train-s677	10	ADP	9	case	hi
train-s677	11	NOUN	4	nmod	hi
train-s677	12	PART	11	advmod	hi
train-s677	13	AUX	11	cop	hi
train-s678	3	ADP	1	case	hi
train-s678	4	NOUN	7	nsubj	en
train-s678	5	ADJ	6	amod	en
train-s678	6	NOUN	7	xcomp	en
train-s678	7	VERB	0	root	hi
train-s678	8	AUX	7	aux	hi
train-s679	1	VERB	2	amod	en
train-s679	2	NOUN	9	nsubj	en
train-s679	3	ADP	4	case	en
train-s679	6	ADV	9	obl	hi
train-s679	7	ADP	6	case	hi
train-s679	8	PART	9	advmod	hi
train-s679	9	VERB	0	root	hi
train-s679	10	AUX	9	aux	hi
train-s680	2	ADP	1	case	hi
train-s680	3	NOUN	4	nsubj	en
train-s680	4	VERB	9	advcl	hi
train-s680	5	SCONJ	4	mark	hi
train-s680	6	DET	7	det	en
train-s680	7	NOUN	9	nsubj	en
train-s680	8	AUX	9	aux	en
train-s680	9	VERB	0	root	en
train-s680	10	PART	11	mark	en
train-s680	11	AUX	12	aux	en
train-s680	12	VERB	9	xcomp	en
train-s680	13	DET	14	det	en
train-s680	14	ADJ	12	xcomp	en
train-s681	2	VERB	0	root	en
train-s681	3	DET	6	det	en
train-s681	4	DET	6	det	en
train-s681	5	ADJ	6	amod	en
train-s681	6	NOUN	2	xcomp	en
train-s681	7	ADP	10	case	en
train-s681	8	PRON	10	nmod	en
train-s681	9	NOUN	10	compound	en
train-s681	10	NOUN	2	obl	en
train-s681	11	CCONJ	14	cc	en
train-s681	12	PRON	13	nmod	en
train-s681	13	NOUN	14	nsubj	en
train-s681	14	VERB	2	conj	en
train-s681	15	SCONJ	19	mark	en
train-s681	17	PRON	19	nsubj	hi
train-s681	18	PRON	19	obj	hi
train-s681	19	VERB	14	advcl	hi
train-s681	20	AUX	19	aux	hi
train-s681	21	AUX	19	aux	hi
train-s682	1	ADP	4	case	en
train-s682	2	DET	4	det	en
train-s682	3	NOUN	4	compound	en
train-s682	4	NOUN	9	nmod	en
train-s682	7	PRON	9	advmod	hi
train-s682	8	ADJ	9	amod	hi
train-s682	9	NOUN	0	root	en
train-s682	10	AUX	9	cop	hi
train-s683	1	ADP	3	case	en
train-s683	2	PRON	3	nmod	en
train-s683	3	NOUN	4	nsubj	en
train-s683	4	VERB	0	root	en
train-s683	5	PART	6	mark	en
train-s683	6	VERB	4	xcomp	en
train-s683	8	NOUN	11	nmod	en
train-s683	9	NOUN	8	compound	en
train-s683	10	ADP	8	case	hi
train-s683	11	NOUN	6	xcomp	en
train-s683	12	AUX	11	cop	hi
train-s683	13	NOUN	11	vocative	hi
train-s684	2	PROPN	4	nmod	hi
train-s684	3	ADP	2	case	hi
train-s684	5	AUX	4	cop	hi
train-s684	6	PROPN	8	nmod	hi
train-s684	7	ADP	6	case	hi
train-s684	9	AUX	8	cop	hi
train-s684	11	VERB	0	root	en
train-s684	12	PRON	14	nmod	en
train-s684	13	PART	14	mark	en
train-s684	14	VERB	11	xcomp	en
train-s684	15	ADP	17	case	en
train-s684	16	ADJ	17	amod	en
train-s684	17	NOUN	14	obl	en
train-s685	2	PRON	4	nsubj	en
train-s685	3	AUX	4	cop	en
train-s685	4	ADJ	9	csubj	en
train-s685	6	AUX	9	cop	en
train-s685	7	DET	9	det	en
train-s685	8	ADJ	9	amod	en
train-s685	9	NOUN	0	root	en
train-s685	10	SCONJ	15	mark	en
train-s685	11	PRON	15	nmod	en
train-s685	12	PART	11	case	en
train-s685	14	ADV	5	advmod	hi
train-s685	15	VERB	9	advcl	hi
train-s685	16	AUX	15	aux	hi
train-s686	1	DET	2	det	hi
train-s686	2	NOUN	12	nsubj	hi
train-s686	3	PRON	4	nmod	hi
train-s686	4	NOUN	12	obl	en
train-s686	5	ADP	4	case	hi
train-s686	7	ADJ	8	amod	en
train-s686	8	ADJ	12	xcomp	en
train-s686	10	PART	8	advmod	hi
train-s686	11	PRON	12	advmod	hi
train-s686	12	VERB	0	root	hi
train-s686	13	AUX	12	aux	hi
train-s686	14	PRON	20	advmod	hi
train-s686	15	DET	16	det	hi
train-s686	16	PRON	20	nsubj	hi
train-s686	17	PART	16	advmod	hi
train-s686	19	ADJ	20	amod	en
train-s686	20	ADJ	11	acl:relcl	en
train-s686	22	AUX	20	cop	hi
train-s687	3	VERB	0	root	en
train-s687	4	ADV	3	advmod	en
train-s687	6	NOUN	3	obj	en
train-s687	7	SCONJ	9	mark	en
train-s687	9	ADJ	3	advcl	hi
train-s687	10	AUX	9	cop	hi
train-s687	11	AUX	9	aux	hi
train-s688	1	PRON	5	nsubj	hi
train-s688	2	NUM	3	nummod	hi
train-s688	3	NOUN	5	nmod	hi
train-s688	4	NOUN	5	obj	en
train-s688	5	VERB	0	root	hi
train-s688	6	CCONJ	9	cc	en
train-s688	7	DET	8	det	en
train-s688	8	NOUN	9	nsubj	en
train-s688	9	VERB	5	conj	en
train-s688	10	DET	11	det	en
train-s688	11	NOUN	9	obj	en
train-s689	3	AUX	5	cop	en
train-s689	4	PART	5	advmod	en
train-s689	5	ADJ	0	root	en
train-s689	6	PRON	9	iobj	hi
train-s689	7	NOUN	9	obj	en
train-s689	8	PART	9	advmod	hi
train-s689	9	VERB	5	advcl	hi
train-s690	2	DET	3	det	en
train-s690	3	NOUN	5	nsubj	en
train-s690	4	AUX	5	cop	en
train-s690	5	ADJ	0	root	en
train-s690	6	ADP	7	case	en
train-s690	7	PRON	5	nmod	en
train-s690	8	PRON	9	nsubj	en
train-s690	9	VERB	7	acl:relcl	en
train-s690	11	NOUN	13	vocative	hi
train-s690	12	NOUN	13	obj	en
train-s690	13	VERB	9	xcomp	hi
train-s690	14	PART	13	advmod	hi
train-s690	15	NOUN	16	compound	en
train-s690	16	VERB	13	advcl	hi
train-s690	17	AUX	16	aux	hi
train-s691	2	CCONJ	3	cc	hi
train-s691	5	NOUN	7	nmod	hi
train-s691	6	ADP	5	case	hi
train-s691	7	NOUN	9	nmod	en
train-s691	8	ADP	7	case	hi
train-s691	9	NOUN	11	obj	en
train-s691	10	NOUN	11	compound	en
train-s691	11	VERB	0	root	hi
train-s692	1	NOUN	3	nmod	en
train-s692	2	ADP	1	case	hi
train-s692	3	NOUN	9	obj	en
train-s692	4	ADP	3	case	hi
train-s692	5	VERB	9	advcl	hi
train-s692	6	VERB	5	compound	hi
train-s692	7	AUX	5	aux	hi
train-s692	8	NOUN	9	compound	en
train-s692	9	VERB	0	root	hi
train-s693	1	INTJ	2	discourse	hi
train-s693	2	PROPN	5	vocative	hi
train-s693	3	NOUN	5	obj	en
train-s693	4	NOUN	5	compound	en
train-s693	5	VERB	0	root	hi
train-s693	6	AUX	5	aux	hi
train-s693	7	NOUN	5	obl	hi
train-s693	8	ADP	7	case	hi
train-s693	9	ADP	7	case	hi
train-s694	2	ADP	1	case	hi
train-s694	3	ADP	1	case	hi
train-s694	4	PRON	9	nsubj	en
train-s694	5	AUX	9	aux	en
train-s694	6	AUX	9	cop	en
train-s694	7	ADP	9	case	en
train-s694	8	ADP	9	case	en
train-s694	10	NOUN	9	nmod	en
train-s695	1	NOUN	6	nmod	en
train-s695	2	CCONJ	3	cc	en
train-s695	3	NOUN	1	conj	en
train-s695	4	ADP	1	case	hi
train-s695	5	NOUN	6	nmod	en
train-s695	6	NOUN	10	nsubj	hi
train-s695	7	AUX	10	cop	en
train-s695	8	PART	10	advmod	en
train-s695	9	NOUN	10	compound	en
train-s695	10	NOUN	0	root	en
train-s696	1	DET	7	det	hi
train-s696	4	ADP	3	case	hi
train-s696	5	NOUN	7	nmod	en
train-s696	6	ADP	5	case	hi
train-s696	7	NOUN	8	nsubj	hi
train-s696	8	ADV	0	root	en
train-s696	9	ADV	8	advmod	en
train-s697	1	NOUN	3	nmod	hi
train-s697	2	ADP	1	case	hi
train-s697	3	NOUN	6	obj	en
train-s697	4	VERB	6	advcl	hi
train-s697	5	AUX	4	aux	hi
train-s697	6	VERB	10	csubj	hi
train-s697	7	AUX	10	cop	en
train-s697	8	DET	10	det	en
train-s697	9	ADJ	10	amod	en
train-s697	10	NOUN	0	root	en
train-s697	11	ADP	12	case	en
train-s697	12	NOUN	10	nmod	en
train-s697	13	DET	14	det	en
train-s697	14	NOUN	10	nmod	en
train-s698	2	AUX	4	aux	en
train-s698	3	ADV	4	advmod	en
train-s698	4	VERB	0	root	en
train-s698	5	NOUN	7	compound	hi
train-s698	6	NOUN	7	compound	hi
train-s698	7	NOUN	4	obj	hi
train-s698	8	ADP	10	case	en
train-s698	9	DET	10	det	en
train-s698	10	NOUN	4	nsubj	en
train-s699	1	SCONJ	3	mark	en
train-s699	2	PRON	3	nsubj	en
train-s699	3	VERB	18	advcl	en
train-s699	4	PRON	5	nmod	en
train-s699	5	NOUN	6	nsubj	en
train-s699	6	VERB	3	xcomp	en
train-s699	7	ADP	9	case	en
train-s699	8	PRON	9	nmod	en
train-s699	9	NOUN	6	obl	en
train-s699	11	INTJ	18	discourse	en
train-s699	12	NOUN	13	compound	hi
train-s699	13	VERB	18	advcl	hi
train-s699	14	AUX	13	aux	hi
train-s699	15	PRON	16	nmod	hi
train-s699	16	NOUN	18	obj	en
train-s699	17	NOUN	18	compound	en
train-s699	18	VERB	0	root	hi
train-s700	1	VERB	0	root	hi
train-s700	2	AUX	1	aux	hi
train-s700	4	AUX	6	aux	en
train-s700	5	AUX	6	aux	en
train-s700	6	VERB	1	xcomp	en
train-s701	2	ADP	1	case	hi
train-s701	3	NOUN	4	nsubj	en
train-s701	4	ADJ	0	root	en
train-s701	5	AUX	4	cop	hi
train-s702	2	PRON	3	nsubj	en
train-s702	3	VERB	0	root	en
train-s702	5	NOUN	7	nsubj	hi
train-s702	6	PRON	7	obj	hi
train-s702	7	VERB	12	csubj	hi
train-s702	9	AUX	12	cop	en
train-s702	10	PART	12	advmod	en
train-s702	11	ADP	12	case	en
train-s702	12	NOUN	3	obj	en
train-s702	13	VERB	12	acl	en
train-s702	14	NOUN	13	obj	en
train-s702	15	ADP	17	case	en
train-s702	16	DET	17	det	en
train-s702	17	NOUN	13	obl	en
train-s703	1	ADV	8	advmod	hi
train-s703	2	ADJ	3	amod	en
train-s703	3	NOUN	8	nmod	en
train-s703	4	NOUN	5	compound	en
train-s703	5	NOUN	8	nmod	en
train-s703	6	ADP	5	case	hi
train-s703	7	DET	8	det	hi
train-s703	8	NOUN	0	root	hi
train-s703	9	AUX	8	cop	hi
train-s704	1	ADJ	2	amod	en
train-s704	2	NOUN	6	nmod	en
train-s704	3	NOUN	5	nmod	en
train-s704	4	ADP	3	case	hi
train-s704	5	NOUN	6	compound	en
train-s704	6	VERB	8	advcl	hi
train-s704	7	AUX	6	aux	hi
train-s704	8	VERB	10	amod	hi
train-s704	9	AUX	8	aux	hi
train-s704	10	NOUN	0	root	en
train-s704	11	AUX	10	cop	hi
train-s704	12	NOUN	13	compound	en
train-s704	13	NOUN	10	nmod	en
train-s705	1	NOUN	10	vocative	en
train-s705	2	ADV	3	advmod	en
train-s705	3	VERB	10	advcl	en
train-s705	4	NOUN	3	obj	en
train-s705	6	ADV	10	advmod	hi
train-s705	8	VERB	10	advcl	hi
train-s705	9	AUX	8	aux	hi
train-s705	10	VERB	0	root	hi
train-s705	12	NOUN	16	nmod	hi
train-s705	13	ADP	12	case	hi
train-s705	14	PART	12	advmod	hi
train-s705	15	PRON	16	nmod	hi
train-s705	16	NOUN	10	nmod	hi
train-s705	17	AUX	16	cop	hi
train-s706	1	PRON	2	nsubj	en
train-s706	2	VERB	11	xcomp	en
train-s706	3	PART	5	mark	en
train-s706	4	AUX	5	cop	en
train-s706	6	CCONJ	7	cc	en
train-s706	7	PART	2	conj	en
train-s706	9	PRON	11	nsubj	hi
train-s706	10	NOUN	9	nmod	hi
train-s706	11	PRON	0	root	hi
train-s706	12	AUX	11	cop	hi
train-s706	13	AUX	11	aux	hi
train-s706	14	NOUN	15	compound	en
train-s706	15	VERB	11	amod	hi
train-s706	16	SCONJ	15	mark	hi
train-s707	2	ADV	3	advmod	hi
train-s707	3	ADJ	4	compound	hi
train-s707	4	VERB	0	root	hi
train-s707	5	AUX	4	aux	hi
train-s707	6	PART	5	advmod	hi
train-s707	7	ADP	8	case	en
train-s707	8	NOUN	4	obl	en
train-s708	1	PRON	5	nsubj	hi
train-s708	2	DET	3	det	hi
train-s708	3	NOUN	5	nmod	en
train-s708	4	ADP	5	case	en
train-s708	5	NOUN	0	root	en
train-s708	6	AUX	5	cop	hi
train-s708	7	SCONJ	11	mark	hi
train-s708	8	NOUN	11	obl	en
train-s708	9	ADP	8	case	hi
train-s708	10	PART	8	advmod	hi
train-s708	11	VERB	3	acl	hi
train-s708	12	AUX	11	aux	hi
train-s708	13	AUX	11	aux	hi
train-s708	14	DET	15	det	hi
train-s708	15	NOUN	11	nmod	hi
train-s709	1	NOUN	3	nmod	hi
train-s709	2	ADP	1	case	hi
train-s709	3	NOUN	9	nmod	hi
train-s709	4	ADP	3	case	hi
train-s709	6	AUX	9	cop	en
train-s709	7	DET	9	det	en
train-s709	8	ADJ	9	amod	en
train-s709	9	NOUN	0	root	en
train-s709	11	AUX	12	aux	en
train-s709	12	VERB	9	acl	en
train-s710	1	ADJ	2	amod	hi
train-s710	2	NOUN	0	root	hi
train-s710	3	AUX	2	cop	hi
train-s710	4	NOUN	5	compound	en
train-s710	5	NOUN	6	nmod	en
train-s710	6	VERB	2	acl	hi
train-s710	7	SCONJ	6	mark	hi
train-s710	8	CCONJ	10	cc	en
train-s710	9	PRON	12	nsubj	en
train-s710	10	VERB	2	conj	en
train-s710	11	PART	12	mark	en
train-s710	12	VERB	10	xcomp	en
train-s710	13	CCONJ	15	cc	en
train-s710	14	PRON	15	nsubj	en
train-s710	15	VERB	10	conj	en
train-s710	16	DET	17	det	en
train-s710	17	NOUN	15	obj	en
train-s711	1	NOUN	8	nsubj	en
train-s711	2	AUX	8	cop	en
train-s711	3	ADP	8	case	en
train-s711	4	DET	8	det	en
train-s711	6	ADP	5	case	hi
train-s711	7	ADJ	8	amod	hi
train-s711	8	NOUN	0	root	en
train-s712	1	NOUN	4	nsubj	en
train-s712	2	AUX	4	aux	en
train-s712	3	PART	4	advmod	en
train-s712	4	VERB	0	root	en
train-s712	5	NOUN	4	obj	en
train-s712	7	CCONJ	9	cc	hi
train-s712	8	PART	7	advmod	hi
train-s712	9	ADJ	4	conj	en
train-s712	10	AUX	9	cop	hi
train-s712	11	CCONJ	14	cc	hi
train-s712	12	PART	11	advmod	hi
train-s712	13	NOUN	14	compound	hi
train-s712	14	VERB	4	conj	hi
train-s712	15	PART	14	advmod	hi
train-s712	16	AUX	14	aux	hi
train-s712	17	AUX	14	aux	hi
train-s713	1	ADJ	4	amod	en
train-s713	2	NOUN	4	nmod	en
train-s713	3	PART	2	case	en
train-s713	4	NOUN	0	root	en
train-s713	5	ADP	8	case	en
train-s713	6	DET	8	det	en
train-s713	7	DET	8	det	en
train-s713	8	NOUN	4	nmod	en
train-s713	9	ADV	4	advmod	en
train-s713	10	SCONJ	12	mark	en
train-s713	11	PRON	12	nsubj	en
train-s713	12	VERB	4	advcl	en
train-s713	13	PRON	18	nsubj	hi
train-s713	14	ADP	13	case	hi
train-s713	15	PART	13	advmod	hi
train-s713	16	NOUN	18	compound	en
train-s713	17	PART	18	advmod	hi
train-s713	18	VERB	12	xcomp	hi
train-s713	19	AUX	18	aux	hi
train-s713	20	PRON	18	obj	hi
train-s713	21	NOUN	18	nmod	hi
train-s714	1	PRON	3	nsubj	en
train-s714	2	AUX	3	cop	en
train-s714	3	ADJ	0	root	en
train-s714	4	ADP	5	case	en
train-s714	6	ADV	13	advmod	en
train-s714	7	NOUN	13	nsubj	hi
train-s714	8	ADP	7	case	hi
train-s714	9	NOUN	10	obj	hi
train-s714	10	VERB	13	advcl	hi
train-s714	11	AUX	10	aux	hi
train-s714	12	ADJ	13	compound	hi
train-s714	13	VERB	3	advcl	hi
train-s714	14	AUX	13	aux	hi
train-s715	2	DET	4	det	en
train-s715	3	ADJ	4	amod	en
train-s715	4	NOUN	16	nsubj	en
train-s715	5	ADP	7	case	en
train-s715	6	NOUN	7	compound	en
train-s715	7	NOUN	16	obl	en
train-s715	8	AUX	16	cop	en
train-s715	11	PRON	16	nsubj	hi
train-s715	12	DET	13	det	hi
train-s715	13	NOUN	16	obj	hi
train-s715	14	ADJ	16	xcomp	hi
train-s715	15	PART	14	advmod	hi
train-s715	16	VERB	0	root	hi
train-s715	17	AUX	16	aux	hi
train-s715	18	AUX	16	aux	hi
train-s716	2	VERB	0	root	en
train-s716	3	ADV	5	advmod	en
train-s716	4	PART	5	mark	en
train-s716	5	VERB	2	xcomp	en
train-s716	6	ADP	7	case	en
train-s716	7	PRON	8	nmod	en
train-s716	8	NOUN	5	nmod	hi
train-s716	9	PRON	11	nmod	hi
train-s716	10	PRON	11	obj	hi
train-s716	11	VERB	2	advcl	hi
train-s716	13	ADP	12	case	hi
train-s716	14	ADP	12	case	hi
train-s717	2	DET	3	det	en
train-s717	3	NOUN	1	obj	en
train-s717	4	SCONJ	7	mark	en
train-s717	5	PRON	7	nsubj	en
train-s717	6	AUX	7	aux	en
train-s717	7	VERB	1	advcl	en
train-s717	8	ADP	9	case	en
train-s717	9	NOUN	7	obl	hi
train-s717	10	ADP	9	case	hi
train-s717	11	ADP	9	case	hi
train-s717	12	ADP	11	case	hi
train-s718	1	ADJ	3	amod	en
train-s718	2	NOUN	3	compound	en
train-s718	3	NOUN	4	obj	en
train-s718	4	VERB	7	advcl	hi
train-s718	5	AUX	4	aux	hi
train-s718	6	NOUN	7	compound	hi
train-s718	7	VERB	0	root	hi
train-s718	9	AUX	7	aux	hi
train-s719	1	DET	2	det	hi
train-s719	2	NOUN	3	compound	hi
train-s719	3	VERB	0	root	hi
train-s719	4	AUX	3	aux	hi
train-s719	5	CCONJ	6	cc	hi
train-s719	6	NOUN	3	conj	hi
train-s719	7	ADP	6	case	hi
train-s719	8	ADP	6	case	hi
train-s719	9	AUX	6	cop	hi
train-s719	10	SCONJ	17	mark	hi
train-s719	11	NOUN	17	nsubj	hi
train-s719	13	ADP	14	case	en
train-s719	14	NOUN	17	obl	en
train-s719	15	ADV	17	advmod	hi
train-s719	16	NOUN	17	compound	en
train-s719	17	VERB	6	acl	hi
train-s719	18	AUX	17	aux	hi
train-s719	19	AUX	17	aux	hi
train-s720	3	ADP	2	case	hi
train-s720	4	NOUN	5	compound	en
train-s720	5	NOUN	7	nsubj	en
train-s720	6	NOUN	7	compound	hi
train-s720	7	VERB	0	root	hi
train-s720	8	PRON	7	advmod	hi
train-s721	1	ADV	5	advmod	en
train-s721	3	AUX	5	cop	en
train-s721	4	PRON	5	nsubj	en
train-s721	5	ADJ	0	root	en
train-s721	6	VERB	5	advcl	en
train-s721	7	NOUN	6	obj	en
train-s721	8	ADP	10	case	en
train-s721	9	DET	10	det	en
train-s721	10	NOUN	6	obl	en
train-s721	11	CCONJ	14	cc	en
train-s721	12	ADV	14	advmod	en
train-s721	13	NOUN	14	obj	hi
train-s721	14	VERB	6	conj	hi
train-s721	15	AUX	14	aux	hi
train-s722	2	VERB	4	amod	hi
train-s722	3	SCONJ	2	mark	hi
train-s722	4	NOUN	6	nsubj	hi
train-s722	5	AUX	6	aux	en
train-s722	6	VERB	0	root	en
train-s722	7	PRON	6	iobj	en
train-s723	1	PRON	6	advmod	hi
train-s723	2	PRON	3	nmod	hi
train-s723	3	NOUN	6	nmod	en
train-s723	4	ADP	3	case	hi
train-s723	5	ADJ	6	amod	en
train-s723	6	NOUN	0	root	en
train-s723	7	AUX	6	cop	hi
train-s724	2	VERB	0	root	en
train-s724	3	ADV	4	advmod	en
train-s724	4	ADV	2	advmod	en
train-s724	5	SCONJ	11	mark	en
train-s724	6	NOUN	11	obl	hi
train-s724	7	ADP	6	case	hi
train-s724	8	PRON	11	nsubj	hi
train-s724	9	ADP	8	case	hi
train-s724	10	NOUN	11	obj	hi
train-s724	11	VERB	2	advcl	hi
train-s724	12	AUX	11	aux	hi
train-s725	1	PRON	2	nsubj	en
train-s725	2	VERB	0	root	en
train-s725	4	NOUN	5	compound	en
train-s725	5	VERB	2	xcomp	hi
train-s725	6	AUX	5	aux	hi
train-s725	7	AUX	5	aux	hi
train-s726	1	ADV	2	advmod	en
train-s726	2	VERB	0	root	hi
train-s726	3	AUX	2	aux	hi
train-s726	4	PRON	2	nsubj	hi
train-s726	5	ADJ	2	xcomp	en
train-s727	1	PRON	3	obj	hi
train-s727	2	NOUN	3	compound	hi
train-s727	3	VERB	0	root	hi
train-s727	4	AUX	3	aux	hi
train-s727	5	SCONJ	12	mark	hi
train-s727	7	ADP	6	case	hi
train-s727	8	ADJ	9	amod	en
train-s727	9	NOUN	12	nmod	en
train-s727	10	ADP	9	case	hi
train-s727	11	NOUN	12	compound	en
train-s727	12	NOUN	1	nmod	en
train-s727	13	PART	12	advmod	hi
train-s727	14	AUX	12	cop	hi
train-s728	1	NOUN	2	compound	en
train-s728	2	NOUN	4	obj	en
train-s728	3	ADP	2	case	hi
train-s728	4	VERB	8	csubj	hi
train-s728	5	VERB	4	conj	hi
train-s728	6	SCONJ	4	mark	hi
train-s728	7	ADV	8	advmod	hi
train-s728	8	ADJ	0	root	hi
train-s728	9	AUX	8	cop	hi
train-s728	10	CCONJ	13	cc	hi
train-s728	11	PART	10	advmod	hi
train-s728	13	NOUN	8	conj	en
train-s729	1	AUX	2	cop	en
train-s729	2	PRON	0	root	en
train-s729	3	DET	5	det	en
train-s729	4	ADJ	5	amod	en
train-s729	5	NOUN	2	nmod	en
train-s729	6	PRON	13	nsubj	hi
train-s729	7	ADV	13	obl	hi
train-s729	8	ADP	7	case	hi
train-s729	10	CCONJ	11	cc	hi
train-s729	12	PART	13	advmod	hi
train-s729	13	VERB	5	acl:relcl	hi
train-s730	1	NOUN	3	nmod	hi
train-s730	2	ADP	1	case	hi
train-s730	3	NOUN	10	nsubj	en
train-s730	4	ADV	6	obl	hi
train-s730	5	ADP	4	case	hi
train-s730	6	VERB	10	advcl	hi
train-s730	7	SCONJ	6	mark	hi
train-s730	8	ADJ	10	compound	en
train-s730	9	PART	8	advmod	hi
train-s730	10	VERB	13	acl	hi
train-s730	11	AUX	10	aux	hi
train-s730	13	PRON	19	nsubj	hi
train-s730	14	NOUN	19	nmod	hi
train-s730	15	ADJ	18	amod	en
train-s730	16	NOUN	19	nmod	en
train-s730	17	ADP	18	case	hi
train-s730	18	NOUN	19	compound	en
train-s730	19	VERB	0	root	hi
train-s731	2	NOUN	1	flat	en
train-s731	3	AUX	7	cop	en
train-s731	4	ADP	7	case	en
train-s731	5	DET	7	det	en
train-s731	6	NUM	7	nummod	en
train-s731	7	NOUN	0	root	en
train-s731	8	PRON	11	nsubj	hi
train-s731	9	ADV	11	advmod	hi
train-s731	10	PART	11	advmod	hi
train-s731	11	VERB	7	acl:relcl	hi
train-s731	12	CCONJ	15	cc	hi
train-s731	13	ADV	15	advmod	hi
train-s731	14	NOUN	15	compound	en
train-s731	15	VERB	11	conj	hi
train-s731	16	AUX	15	aux	hi
train-s732	1	PRON	3	nsubj	en
train-s732	2	AUX	3	aux	en
train-s732	3	VERB	0	root	en
train-s732	4	SCONJ	6	mark	hi
train-s732	5	PRON	6	nsubj	hi
train-s732	6	ADJ	3	ccomp	en
train-s732	7	AUX	6	cop	hi
train-s732	8	ADV	9	advmod	en
train-s732	9	ADJ	6	conj	en
train-s732	10	AUX	9	cop	hi
train-s732	11	CCONJ	18	cc	en
train-s732	12	PRON	18	nsubj	hi
train-s732	13	PRON	17	advmod	hi
train-s732	14	ADP	13	case	hi
train-s732	15	DET	17	det	hi
train-s732	16	PART	15	advmod	hi
train-s732	17	ADV	18	advmod	hi
train-s732	18	ADJ	3	conj	en
train-s732	19	AUX	18	cop	hi
train-s733	1	PRON	5	nsubj	hi
train-s733	3	ADP	2	case	hi
train-s733	4	NOUN	5	obj	en
train-s733	5	VERB	0	root	en
train-s733	6	AUX	5	aux	hi
train-s733	7	INTJ	5	discourse	en
train-s734	3	ADP	5	case	en
train-s734	4	DET	5	det	en
train-s734	5	NOUN	7	obl	en
train-s734	6	AUX	7	aux	en
train-s734	7	VERB	0	root	en
train-s734	8	NOUN	10	nmod	hi
train-s734	9	ADP	8	case	hi
train-s734	10	NOUN	7	acl	hi
train-s734	11	ADP	12	case	en
train-s734	12	PROPN	7	nsubj	en
train-s735	1	VERB	0	root	hi
train-s735	2	AUX	1	aux	hi
train-s735	6	ADP	5	case	hi
train-s735	7	PRON	8	nmod	hi
train-s735	8	NOUN	12	nmod	en
train-s735	9	ADP	8	case	hi
train-s735	10	DET	12	det	hi
train-s735	11	ADJ	12	amod	en
train-s735	12	NOUN	1	obj	en
train-s735	13	AUX	12	cop	hi
train-s736	1	VERB	0	root	en
train-s736	2	VERB	1	advcl	en
train-s736	3	ADP	4	case	en
train-s736	4	NOUN	1	obl	en
train-s736	5	CCONJ	9	cc	en
train-s736	7	ADP	6	case	hi
train-s736	8	NOUN	9	nsubj	hi
train-s736	9	ADJ	1	conj	hi
train-s737	1	PRON	2	nsubj	en
train-s737	2	VERB	0	root	en
train-s737	3	VERB	7	csubj	en
train-s737	4	VERB	3	xcomp	en
train-s737	5	AUX	7	aux	en
train-s737	6	AUX	7	aux	en
train-s737	7	VERB	2	xcomp	en
train-s737	8	CCONJ	13	cc	hi
train-s737	9	DET	10	det	hi
train-s737	10	NOUN	12	nmod	hi
train-s737	11	ADP	10	case	hi
train-s737	12	NOUN	13	obj	hi
train-s737	13	VERB	2	conj	hi
train-s737	14	AUX	13	aux	hi
train-s738	1	VERB	0	root	en
train-s738	2	NOUN	1	obj	en
train-s738	3	SCONJ	5	mark	en
train-s738	4	PRON	5	nsubj	en
train-s738	5	VERB	1	advcl	en
train-s738	6	NOUN	8	nmod	hi
train-s738	7	ADP	6	case	hi
train-s738	8	NOUN	5	obj	hi
train-s739	1	ADJ	2	amod	en
train-s739	2	NOUN	4	obj	en
train-s739	3	ADP	2	case	hi
train-s739	4	VERB	8	advcl	hi
train-s739	5	AUX	4	aux	hi
train-s739	6	ADV	8	advmod	hi
train-s739	7	NOUN	8	compound	en
train-s739	8	VERB	0	root	hi
train-s739	9	AUX	8	aux	hi
train-s740	1	PRON	6	nsubj	hi
train-s740	2	DET	3	det	hi
train-s740	3	NOUN	6	nmod	hi
train-s740	4	ADP	3	case	hi
train-s740	5	ADJ	6	amod	en
train-s740	6	NOUN	0	root	en
train-s740	7	AUX	6	cop	hi
train-s741	2	NOUN	5	nsubj	en
train-s741	3	AUX	5	cop	en
train-s741	4	ADV	5	advmod	en
train-s741	5	ADJ	0	root	en
train-s741	6	ADV	9	mark	en
train-s741	7	DET	8	det	en
train-s741	8	NOUN	9	nsubj	en
train-s741	9	VERB	5	advcl	en
train-s741	11	PART	12	advmod	hi
train-s741	12	VERB	9	xcomp	hi
train-s741	13	PRON	14	nsubj	hi
train-s741	14	VERB	12	advcl	hi
train-s741	15	AUX	14	aux	hi
train-s742	1	PRON	2	nsubj	en
train-s742	2	VERB	0	root	en
train-s742	3	PRON	5	nsubj	en
train-s742	4	AUX	5	cop	en
train-s742	5	ADJ	2	ccomp	en
train-s742	6	PART	5	advmod	en
train-s742	7	ADP	8	case	en
train-s742	8	DET	12	det	en
train-s742	9	NOUN	12	nmod	en
train-s742	10	ADP	9	case	hi
train-s742	11	ADJ	12	amod	hi
train-s742	12	NOUN	5	nmod	hi
train-s742	13	CCONJ	15	cc	en
train-s742	14	ADJ	15	amod	hi
train-s742	15	NOUN	12	conj	hi
train-s743	1	VERB	0	root	hi
train-s743	2	PART	1	advmod	hi
train-s743	3	AUX	1	aux	hi
train-s743	4	AUX	1	aux	hi
train-s743	5	NOUN	7	nsubj	en
train-s743	6	ADV	7	advmod	en
train-s743	7	VERB	1	xcomp	hi
train-s743	8	AUX	7	aux	hi
train-s743	9	AUX	7	aux	hi
train-s743	10	AUX	7	aux	hi
train-s744	3	VERB	0	root	en
train-s744	5	ADJ	7	compound	hi
train-s744	6	PART	7	advmod	hi
train-s744	7	VERB	3	xcomp	hi
train-s744	9	ADJ	11	compound	hi
train-s744	10	PART	11	advmod	hi
train-s744	11	VERB	7	conj	hi
train-s744	13	ADJ	15	compound	hi
train-s744	14	PART	15	advmod	hi
train-s744	15	VERB	7	conj	hi
train-s744	17	PRON	19	nsubj	en
train-s744	18	ADV	19	advmod	en
train-s744	19	VERB	3	conj	en
train-s744	20	ADJ	23	compound	hi
train-s744	21	PART	23	advmod	hi
train-s744	23	VERB	19	xcomp	hi
train-s745	1	PART	3	advmod	en
train-s745	2	ADJ	3	amod	en
train-s745	3	NOUN	5	nsubj	en
train-s745	4	AUX	5	cop	en
train-s745	5	ADJ	0	root	en
train-s745	6	SCONJ	10	mark	en
train-s745	8	NOUN	10	nsubj	hi
train-s745	9	PRON	10	obj	hi
train-s745	10	VERB	5	advcl	hi
train-s746	1	NOUN	2	nmod	en
train-s746	2	PRON	3	nsubj	en
train-s746	3	VERB	0	root	en
train-s746	4	ADJ	5	amod	en
train-s746	5	NOUN	3	obj	en
train-s746	6	SCONJ	7	mark	en
train-s746	7	VERB	3	advcl	en
train-s746	9	VERB	3	vocative	hi
train-s746	10	PART	9	advmod	hi
train-s746	11	AUX	9	aux	hi
train-s746	12	INTJ	9	discourse	en
train-s747	1	DET	2	det	hi
train-s747	2	NOUN	14	nsubj	hi
train-s747	3	PART	2	advmod	hi
train-s747	5	ADV	9	advmod	en
train-s747	6	PRON	7	nsubj	en
train-s747	7	VERB	14	xcomp	en
train-s747	8	ADJ	9	amod	en
train-s747	9	VERB	7	ccomp	en
train-s747	11	PART	9	advmod	hi
train-s747	12	NOUN	14	compound	en
train-s747	13	PART	14	advmod	hi
train-s747	14	VERB	0	root	hi
train-s747	15	AUX	14	aux	hi
train-s748	1	ADJ	2	amod	en
train-s748	2	NOUN	8	nsubj	en
train-s748	3	CCONJ	4	cc	hi
train-s748	5	PRON	7	nmod	hi
train-s748	6	NOUN	7	compound	en
train-s748	7	NOUN	8	obj	en
train-s748	8	VERB	0	root	hi
train-s748	9	AUX	8	aux	hi
train-s749	1	VERB	6	csubj	en
train-s749	2	CCONJ	3	cc	en
train-s749	3	VERB	1	conj	en
train-s749	4	AUX	6	cop	en
train-s749	5	DET	6	det	en
train-s749	6	NOUN	0	root	en
train-s749	7	ADP	8	case	en
train-s749	8	NOUN	6	nmod	en
train-s749	9	CCONJ	15	cc	en
train-s749	10	ADV	15	advmod	en
train-s749	11	PRON	12	obj	hi
train-s749	12	VERB	15	advcl	hi
train-s749	13	AUX	12	aux	hi
train-s749	14	PART	13	advmod	hi
train-s749	15	VERB	6	conj	hi
train-s750	1	AUX	2	aux	en
train-s750	2	VERB	11	advcl	en
train-s750	3	PRON	4	nmod	hi
train-s750	4	NOUN	11	nsubj	hi
train-s750	5	ADV	11	advmod	hi
train-s750	6	PART	5	advmod	hi
train-s750	8	NOUN	10	advmod	en
train-s750	9	ADP	8	case	hi
train-s750	10	ADJ	11	compound	hi
train-s750	11	VERB	0	root	hi
train-s750	12	AUX	11	aux	hi
train-s750	13	AUX	11	aux	hi
train-s751	1	PROPN	2	nmod	en
train-s751	2	NOUN	0	root	en
train-s751	3	AUX	2	cop	hi
train-s751	4	NOUN	2	nmod	hi
train-s751	5	CCONJ	9	cc	en
train-s751	6	ADV	9	advmod	en
train-s751	7	PRON	9	nsubj	en
train-s751	8	AUX	9	aux	en
train-s751	9	VERB	2	conj	en
train-s751	10	NOUN	11	compound	en
train-s751	11	NOUN	9	obj	en
train-s752	2	VERB	0	root	en
train-s752	5	PART	3	case	en
train-s752	6	NOUN	2	obj	en
train-s752	7	ADP	8	case	en
train-s752	8	NOUN	2	obl	en
train-s752	9	CCONJ	10	cc	en
train-s752	10	VERB	2	conj	en
train-s752	11	ADV	10	advmod	en
train-s752	12	SCONJ	16	mark	hi
train-s752	13	NOUN	15	nmod	hi
train-s752	14	ADP	13	case	hi
train-s752	15	NOUN	16	nsubj	hi
train-s752	16	VERB	10	advcl	hi
train-s752	17	AUX	16	aux	hi
train-s753	1	SCONJ	3	mark	en
train-s753	2	PRON	3	nsubj	en
train-s753	3	VERB	11	advcl	en
train-s753	4	NOUN	7	nsubj	hi
train-s753	5	PART	6	advmod	hi
train-s753	6	PRON	7	nsubj	hi
train-s753	7	VERB	3	xcomp	hi
train-s753	8	AUX	7	aux	hi
train-s753	10	ADV	11	advmod	en
train-s753	11	VERB	0	root	en
train-s753	13	PRON	14	nsubj	en
train-s753	14	VERB	11	xcomp	en
train-s753	15	DET	16	det	en
train-s753	16	NOUN	14	obj	en
train-s753	17	VERB	16	acl	en
train-s753	18	ADP	20	case	en
train-s753	19	DET	20	det	en
train-s753	20	NOUN	17	obl	en
train-s753	21	NOUN	14	nmod	en
train-s754	1	SCONJ	11	mark	en
train-s754	2	ADJ	3	amod	en
train-s754	3	NOUN	5	nmod	en
train-s754	4	PART	3	case	en
train-s754	5	NOUN	11	nsubj	en
train-s754	6	ADP	7	case	en
train-s754	8	ADP	10	case	en
train-s754	9	NOUN	10	compound	en
train-s754	10	NOUN	11	obl	en
train-s754	11	VERB	16	advcl	en
train-s754	12	SCONJ	16	mark	hi
train-s754	14	PRON	15	nmod	hi
train-s754	15	PRON	16	nsubj	hi
train-s754	16	VERB	0	root	hi
train-s755	2	ADP	1	case	hi
train-s755	3	ADP	1	case	hi
train-s755	4	VERB	0	root	en
train-s755	5	PART	4	advmod	en
train-s755	6	INTJ	4	discourse	en
train-s756	2	ADV	4	advmod	en
train-s756	3	PRON	4	nsubj	en
train-s756	4	VERB	12	advcl	en
train-s756	5	PRON	6	nmod	en
train-s756	6	NOUN	4	iobj	en
train-s756	7	ADP	8	case	en
train-s756	8	PRON	4	obl	en
train-s756	10	PRON	12	nsubj	en
train-s756	11	ADV	12	advmod	en
train-s756	12	VERB	0	root	en
train-s756	13	ADP	16	case	en
train-s756	15	ADV	16	advmod	hi
train-s756	16	VERB	12	advcl	hi
train-s756	17	PART	16	advmod	hi
train-s756	18	AUX	16	aux	hi
train-s756	19	AUX	16	aux	hi
train-s757	3	AUX	6	cop	en
train-s757	4	DET	6	det	en
train-s757	5	ADJ	6	amod	en
train-s757	6	NOUN	0	root	en
train-s757	7	ADP	10	case	en
train-s757	9	ADP	8	case	hi
train-s757	10	NOUN	6	nmod	hi
train-s758	2	PRON	4	obj	en
train-s758	3	PRON	4	nsubj	en
train-s758	4	VERB	7	csubj	en
train-s758	5	AUX	7	cop	en
train-s758	6	CCONJ	7	cc	en
train-s758	7	ADJ	0	root	hi
train-s758	9	ADV	10	advmod	en
train-s758	10	ADJ	7	conj	en
train-s758	11	CCONJ	12	cc	en
train-s758	12	VERB	7	conj	en
train-s758	13	DET	19	det	en
train-s758	15	NOUN	17	nsubj	hi
train-s758	16	PRON	17	obj	hi
train-s758	17	VERB	19	acl	hi
train-s758	19	NOUN	12	obj	en
train-s758	20	ADP	21	case	en
train-s758	21	PRON	12	obl	en
train-s759	3	ADP	2	case	hi
train-s759	4	ADJ	5	amod	en
train-s759	5	NOUN	6	nsubj	en
train-s759	6	PRON	0	root	hi
train-s759	7	AUX	6	cop	hi
train-s760	2	INTJ	7	discourse	en
train-s760	3	PRON	7	nsubj	en
train-s760	4	AUX	7	aux	en
train-s760	5	PART	7	advmod	en
train-s760	6	AUX	7	cop	en
train-s760	7	ADJ	0	root	en
train-s760	8	CCONJ	10	cc	en
train-s760	9	ADV	10	advmod	en
train-s760	10	VERB	7	conj	en
train-s760	11	PRON	10	iobj	en
train-s760	12	PRON	17	nsubj	hi
train-s760	13	ADP	12	case	hi
train-s760	14	PRON	15	nmod	hi
train-s760	15	NOUN	17	obj	hi
train-s760	16	ADJ	17	compound	hi
train-s760	17	VERB	10	xcomp	hi
train-s760	18	AUX	17	aux	hi
train-s760	19	PRON	21	obl	hi
train-s760	20	ADP	19	case	hi
train-s760	21	VERB	17	advcl	hi
train-s760	22	AUX	21	aux	hi
train-s761	1	NOUN	2	compound	hi
train-s761	2	VERB	4	advcl	hi
train-s761	3	AUX	2	aux	hi
train-s761	4	VERB	0	root	en
train-s761	5	DET	6	det	en
train-s761	6	NOUN	4	nmod	en
train-s761	7	SCONJ	10	mark	en
train-s761	8	NOUN	10	advmod	hi
train-s761	9	PART	8	advmod	hi
train-s761	10	VERB	4	advcl	hi
train-s761	11	AUX	10	aux	hi
train-s762	2	SCONJ	4	mark	en
train-s762	3	NOUN	4	nsubj	en
train-s762	4	VERB	0	root	en
train-s762	5	PRON	4	iobj	en
train-s762	7	NOUN	12	vocative	hi
train-s762	8	PRON	12	nsubj	hi
train-s762	9	NOUN	12	obl	hi
train-s762	10	ADP	9	case	hi
train-s762	11	NOUN	12	xcomp	hi
train-s762	12	VERB	4	xcomp	hi
train-s762	13	AUX	12	aux	hi
train-s762	14	NOUN	15	compound	hi
train-s762	15	VERB	12	advcl	hi
train-s762	16	SCONJ	15	mark	hi
train-s762	17	ADV	15	mark	hi
train-s762	19	DET	21	det	en
train-s762	20	DET	21	det	en
train-s762	21	NOUN	12	nmod	en
train-s763	1	SCONJ	4	mark	en
train-s763	3	ADV	4	advmod	en
train-s763	4	VERB	0	root	en
train-s763	7	NOUN	10	nmod	hi
train-s763	8	ADP	7	case	hi
train-s763	9	NUM	10	nummod	hi
train-s763	10	NOUN	11	nsubj	hi
train-s763	11	ADJ	4	ccomp	hi
train-s763	12	AUX	11	cop	hi
train-s764	1	ADJ	2	amod	hi
train-s764	2	NOUN	3	advmod	en
train-s764	3	ADJ	4	amod	en
train-s764	4	NOUN	0	root	en
train-s764	5	AUX	4	cop	hi
train-s764	6	NOUN	4	vocative	hi
train-s765	1	PRON	2	nmod	en
train-s765	2	NOUN	8	nsubj	en
train-s765	3	AUX	8	cop	en
train-s765	4	DET	5	det	en
train-s765	5	NOUN	6	compound	hi
train-s765	6	VERB	8	amod	hi
train-s765	7	SCONJ	6	mark	hi
train-s765	8	NOUN	0	root	en
train-s765	9	CCONJ	14	cc	en
train-s765	10	PRON	11	nsubj	en
train-s765	11	VERB	14	advcl	en
train-s765	12	NOUN	13	compound	en
train-s765	13	NOUN	14	nsubj	en
train-s765	14	VERB	8	conj	en
train-s765	15	PRON	14	iobj	en
train-s766	2	NOUN	6	nsubj	en
train-s766	3	AUX	6	cop	en
train-s766	4	ADV	6	mark	en
train-s766	5	PRON	6	nsubj	en
train-s766	6	VERB	0	root	en
train-s766	8	PRON	10	nmod	hi
train-s766	9	PART	8	advmod	hi
train-s766	10	NOUN	12	compound	hi
train-s766	11	PART	10	advmod	hi
train-s766	12	VERB	6	xcomp	hi
train-s766	13	AUX	12	aux	hi
train-s766	14	AUX	12	aux	hi
train-s766	16	CCONJ	20	cc	en
train-s766	17	PRON	20	nsubj	en
train-s766	18	AUX	20	cop	en
train-s766	19	ADV	20	advmod	en
train-s766	20	ADJ	12	conj	en
train-s767	1	DET	11	det	hi
train-s767	3	ADP	2	case	hi
train-s767	4	VERB	11	amod	en
train-s767	5	PRON	6	nmod	en
train-s767	6	NOUN	4	obj	en
train-s767	7	ADP	9	case	en
train-s767	8	DET	9	det	en
train-s767	9	NOUN	4	obl	en
train-s767	10	ADP	4	case	hi
train-s767	11	NOUN	16	nsubj	en
train-s767	12	DET	15	det	hi
train-s767	13	ADJ	15	amod	hi
train-s767	14	PART	13	advmod	hi
train-s767	15	NOUN	16	compound	en
train-s767	16	VERB	0	root	hi
train-s767	17	AUX	16	aux	hi
train-s767	18	AUX	16	aux	hi
train-s767	19	ADV	16	advmod	hi
train-s768	1	AUX	4	cop	en
train-s768	2	PART	4	advmod	en
train-s768	3	PRON	4	nsubj	en
train-s768	4	ADJ	0	root	en
train-s768	6	NOUN	10	nsubj	hi
train-s768	7	NOUN	8	obj	hi
train-s768	8	VERB	10	advcl	hi
train-s768	9	AUX	8	aux	hi
train-s768	10	VERB	4	acl	hi
train-s768	11	AUX	10	aux	hi
train-s768	12	SCONJ	14	mark	hi
train-s768	13	ADJ	14	xcomp	hi
train-s768	14	VERB	10	xcomp	hi
train-s769	1	NOUN	3	nsubj	hi
train-s769	2	NOUN	3	obj	hi
train-s769	3	VERB	6	advcl	hi
train-s769	4	SCONJ	6	mark	hi
train-s769	5	PRON	6	nsubj	hi
train-s769	6	ADJ	0	root	en
train-s769	7	CCONJ	12	cc	hi
train-s769	9	VERB	12	advcl	hi
train-s769	10	SCONJ	12	mark	hi
train-s769	11	ADJ	12	amod	en
train-s769	12	NOUN	6	conj	en
train-s770	1	VERB	0	root	en
train-s770	2	ADP	3	case	en
train-s770	4	CCONJ	5	cc	en
train-s770	5	VERB	1	conj	en
train-s770	7	NOUN	12	nmod	hi
train-s770	9	DET	10	det	hi
train-s770	10	NOUN	13	obl	hi
train-s770	11	ADP	10	case	hi
train-s770	12	NOUN	13	compound	hi
train-s770	13	VERB	5	xcomp	hi
train-s770	14	AUX	13	aux	hi
train-s771	1	ADV	5	mark	en
train-s771	2	NOUN	5	nsubj	en
train-s771	3	AUX	5	aux	en
train-s771	4	PART	5	advmod	en
train-s771	5	VERB	15	advcl	en
train-s771	6	ADV	5	advmod	en
train-s771	8	ADV	9	advmod	en
train-s771	9	VERB	15	advcl	hi
train-s771	10	SCONJ	9	mark	hi
train-s771	11	PART	9	advmod	hi
train-s771	12	PRON	15	nsubj	hi
train-s771	13	ADJ	12	amod	hi
train-s771	14	PART	15	advmod	hi
train-s771	15	VERB	0	root	hi
train-s772	2	ADP	1	case	hi
train-s772	3	ADV	5	advmod	en
train-s772	4	NOUN	5	compound	en
train-s772	5	VERB	0	root	hi
train-s772	6	AUX	5	aux	hi
train-s772	7	AUX	5	aux	hi
train-s773	2	ADV	3	advmod	en
train-s773	3	NUM	0	root	en
train-s773	4	ADP	5	case	en
train-s773	5	NOUN	18	nmod	en
train-s773	7	NOUN	9	nmod	hi
train-s773	8	ADP	7	case	hi
train-s773	9	NOUN	11	obj	hi
train-s773	10	PART	11	advmod	hi
train-s773	11	VERB	18	acl	hi
train-s773	12	NOUN	13	nmod	hi
train-s773	13	VERB	16	advcl	hi
train-s773	14	AUX	13	aux	hi
train-s773	15	NOUN	16	compound	hi
train-s773	16	VERB	11	advcl	hi
train-s773	18	NOUN	3	nmod	en
train-s774	2	ADV	5	mark	en
train-s774	3	DET	4	det	en
train-s774	4	NOUN	5	nsubj	en
train-s774	5	VERB	17	advcl	en
train-s774	6	ADP	8	case	en
train-s774	7	DET	8	det	en
train-s774	8	NOUN	5	obl	en
train-s774	10	PRON	12	advmod	hi
train-s774	11	ADP	10	case	hi
train-s774	12	ADJ	13	amod	hi
train-s774	13	NOUN	17	obj	en
train-s774	14	ADJ	15	amod	en
train-s774	15	NOUN	17	nsubj	en
train-s774	16	ADP	15	case	hi
train-s774	17	VERB	0	root	hi
train-s774	18	AUX	17	aux	hi
train-s775	1	DET	9	det	hi
train-s775	3	PART	4	advmod	en
train-s775	4	VERB	9	amod	en
train-s775	5	ADP	6	case	en
train-s775	6	NOUN	4	obl	en
train-s775	8	ADP	9	case	hi
train-s775	9	NOUN	10	nsubj	hi
train-s775	10	PRON	0	root	hi
train-s775	11	AUX	10	cop	hi
train-s775	12	PRON	16	iobj	hi
train-s775	13	ADV	16	advmod	hi
train-s775	14	NOUN	16	nsubj	hi
train-s775	15	PART	16	advmod	hi
train-s775	16	VERB	10	acl:relcl	hi
train-s776	1	ADJ	2	amod	en
train-s776	2	NOUN	4	nmod	en
train-s776	3	NOUN	4	compound	hi
train-s776	4	VERB	0	root	hi
train-s776	5	AUX	4	aux	hi
train-s776	6	AUX	4	aux	hi
train-s776	7	CCONJ	10	cc	en
train-s776	8	NOUN	10	obj	hi
train-s776	9	PART	8	advmod	hi
train-s776	10	VERB	4	conj	hi
train-s776	11	AUX	10	aux	hi
train-s777	1	SCONJ	5	mark	en
train-s777	2	PRON	5	nsubj	en
train-s777	3	AUX	5	cop	en
train-s777	4	ADJ	5	amod	hi
train-s777	5	NOUN	9	nmod	hi
train-s777	7	AUX	9	aux	en
train-s777	8	PRON	9	nsubj	en
train-s777	9	VERB	0	root	en
train-s777	10	PRON	12	nmod	en
train-s777	11	ADJ	12	amod	hi
train-s777	12	NOUN	9	obj	hi
train-s777	13	ADV	9	advmod	en
train-s777	14	INTJ	9	discourse	en
train-s778	1	ADV	3	mark	en
train-s778	2	PRON	3	nsubj	en
train-s778	3	VERB	8	advcl	en
train-s778	4	VERB	3	xcomp	en
train-s778	7	NOUN	8	compound	en
train-s778	8	VERB	0	root	hi
train-s778	9	PRON	8	iobj	hi
train-s778	10	ADP	9	case	hi
train-s779	1	ADJ	2	amod	en
train-s779	3	ADP	2	case	hi
train-s779	4	NOUN	5	obj	en
train-s779	5	VERB	0	root	hi
train-s779	6	AUX	5	aux	hi
train-s779	7	ADV	5	advmod	hi
train-s779	8	PART	7	advmod	hi
train-s780	1	NOUN	5	nmod	en
train-s780	2	CCONJ	3	cc	hi
train-s780	3	NOUN	1	conj	en
train-s780	5	NOUN	10	nsubj	hi
train-s780	6	ADP	5	case	hi
train-s780	7	NOUN	9	nmod	hi
train-s780	8	ADP	7	case	hi
train-s780	9	NOUN	10	obj	hi
train-s780	10	VERB	0	root	hi
train-s780	11	AUX	10	aux	hi
train-s781	2	NOUN	4	nmod	en
train-s781	4	NOUN	6	nmod	en
train-s781	5	ADP	4	case	hi
train-s781	6	NOUN	7	nsubj	en
train-s781	7	VERB	0	root	hi
train-s781	8	AUX	7	aux	hi
train-s781	9	AUX	7	aux	hi
train-s781	11	INTJ	12	discourse	en
train-s781	12	VERB	7	advcl	en
train-s781	14	NOUN	12	obj	en
train-s782	1	ADJ	2	amod	hi
train-s782	2	NOUN	5	obl	hi
train-s782	3	ADP	2	case	hi
train-s782	4	NOUN	5	nsubj	en
train-s782	5	VERB	11	advcl	hi
train-s782	6	AUX	5	aux	hi
train-s782	7	SCONJ	11	mark	hi
train-s782	8	VERB	11	csubj	en
train-s782	9	ADP	10	case	en
train-s782	10	NOUN	8	obl	en
train-s782	11	VERB	0	root	hi
train-s782	12	AUX	11	aux	hi
train-s783	1	ADP	4	case	en
train-s783	2	DET	4	det	en
train-s783	3	ADJ	4	amod	en
train-s783	4	NOUN	9	obl	en
train-s783	6	NOUN	9	nsubj	en
train-s783	7	NOUN	9	obj	en
train-s783	8	PART	9	advmod	hi
train-s783	9	VERB	0	root	hi
train-s784	3	PART	1	case	en
train-s784	4	ADJ	6	amod	en
train-s784	5	NOUN	6	compound	en
train-s784	6	NOUN	13	nsubj	en
train-s784	7	AUX	13	cop	en
train-s784	9	DET	10	det	hi
train-s784	10	NOUN	13	obj	hi
train-s784	11	PRON	13	nsubj	hi
train-s784	12	NOUN	13	compound	hi
train-s784	13	VERB	0	root	hi
train-s784	14	AUX	13	aux	hi
train-s784	15	ADJ	17	compound	hi
train-s784	16	PRON	17	nsubj	hi
train-s784	17	VERB	13	conj	hi
train-s785	1	NOUN	2	obj	en
train-s785	2	VERB	6	advcl	hi
train-s785	3	AUX	2	aux	hi
train-s785	4	NOUN	6	obj	en
train-s785	5	NOUN	6	compound	en
train-s785	6	VERB	7	xcomp	hi
train-s785	7	VERB	13	csubj	hi
train-s785	8	AUX	7	aux	hi
train-s785	9	AUX	7	aux	hi
train-s785	10	ADP	9	case	hi
train-s785	11	ADJ	12	amod	hi
train-s785	12	NOUN	13	xcomp	hi
train-s785	13	VERB	0	root	hi
train-s785	14	AUX	13	aux	hi
train-s786	1	NOUN	7	vocative	hi
train-s786	2	PRON	7	nsubj	hi
train-s786	3	NOUN	5	nmod	hi
train-s786	4	ADP	3	case	hi
train-s786	5	NOUN	7	obj	hi
train-s786	6	PART	5	advmod	hi
train-s786	7	VERB	0	root	hi
train-s786	8	AUX	7	aux	hi
train-s786	9	SCONJ	15	mark	hi
train-s786	10	PRON	15	nsubj	hi
train-s786	11	PART	10	advmod	hi
train-s786	13	NOUN	15	obl	en
train-s786	14	ADP	13	case	hi
train-s786	15	VERB	7	advcl	hi
train-s786	16	AUX	15	aux	hi
train-s786	17	VERB	15	advcl	en
train-s786	18	ADP	20	case	en
train-s786	19	DET	20	det	en
train-s786	20	NOUN	17	obl	en
train-s787	1	PRON	2	nsubj	en
train-s787	2	VERB	0	root	en
train-s787	3	PRON	5	nsubj	hi
train-s787	4	ADV	5	advmod	hi
train-s787	5	ADJ	2	ccomp	en
train-s787	6	CCONJ	7	cc	en
train-s787	7	ADJ	5	conj	en
train-s787	8	AUX	5	cop	hi
train-s787	9	ADV	5	advmod	en
train-s787	10	ADP	17	case	en
train-s787	11	ADP	10	compound	en
train-s787	15	NOUN	16	nmod	en
train-s787	16	ADJ	17	amod	en
train-s787	17	NOUN	5	nmod	en
train-s787	18	ADP	17	case	hi
train-s788	2	NUM	3	nummod	en
train-s788	3	NOUN	5	nsubj	en
train-s788	4	AUX	5	cop	en
train-s788	5	ADJ	0	root	en
train-s788	6	ADP	7	case	en
train-s788	7	NOUN	5	nmod	hi
train-s788	8	CCONJ	10	cc	en
train-s788	9	ADJ	10	amod	en
train-s788	12	NOUN	14	nsubj	hi
train-s788	13	PART	12	advmod	hi
train-s788	14	VERB	5	acl	hi
train-s788	15	PART	14	advmod	hi
train-s788	16	AUX	14	aux	hi
train-s788	19	NOUN	5	discourse	en
train-s789	1	ADV	2	advmod	hi
train-s789	2	ADJ	3	amod	en
train-s789	3	NOUN	0	root	en
train-s789	4	AUX	3	cop	hi
train-s789	5	NOUN	3	vocative	hi
train-s790	1	PRON	2	obj	hi
train-s790	2	VERB	0	root	hi
train-s790	3	PART	2	advmod	hi
train-s790	4	ADJ	2	acl	en
train-s790	5	ADJ	4	fixed	en
train-s790	6	PRON	5	nmod	hi
train-s791	2	NOUN	6	nsubj	hi
train-s791	3	NOUN	2	nmod	hi
train-s791	4	ADP	3	case	hi
train-s791	5	ADJ	6	compound	hi
train-s791	6	VERB	0	root	hi
train-s791	7	AUX	6	aux	hi
train-s791	10	ADP	9	case	hi
train-s791	11	ADJ	12	amod	en
train-s791	12	NOUN	15	nsubj	en
train-s791	13	SCONJ	15	mark	hi
train-s791	14	ADJ	15	compound	hi
train-s791	15	VERB	6	advcl	hi
train-s791	16	AUX	15	aux	hi
train-s792	3	VERB	0	root	en
train-s792	4	ADP	7	case	en
train-s792	5	ADJ	7	amod	hi
train-s792	6	ADJ	7	amod	hi
train-s792	7	NOUN	3	obl	en
train-s792	9	CCONJ	12	cc	en
train-s792	10	PRON	12	nsubj	en
train-s792	11	AUX	12	aux	en
train-s792	12	VERB	3	conj	en
train-s792	13	ADP	15	case	en
train-s792	14	DET	15	det	en
train-s792	15	NOUN	12	obj	hi
train-s793	1	ADJ	2	amod	hi
train-s793	3	ADP	2	case	hi
train-s793	4	NOUN	5	obj	en
train-s793	5	NOUN	0	root	en
train-s793	6	NOUN	7	nsubj	en
train-s793	8	ADP	7	case	hi
train-s793	9	AUX	7	cop	hi
train-s794	1	PRON	4	advmod	en
train-s794	2	AUX	4	cop	en
train-s794	3	DET	4	det	en
train-s794	4	NOUN	0	root	en
train-s794	5	SCONJ	6	mark	en
train-s794	6	VERB	4	acl	en
train-s794	7	ADP	8	case	en
train-s794	8	NOUN	6	obl	en
train-s794	9	ADP	11	case	en
train-s794	10	DET	11	det	en
train-s794	12	ADV	16	mark	hi
train-s794	13	PRON	16	nsubj	hi
train-s794	14	ADV	16	advmod	en
train-s794	15	PART	14	advmod	hi
train-s794	16	VERB	4	acl	hi
train-s794	17	AUX	16	aux	hi
train-s794	18	AUX	16	aux	hi
train-s795	2	PRON	3	nsubj	en
train-s795	3	VERB	0	root	en
train-s795	4	PRON	5	nmod	en
train-s795	5	NOUN	3	obj	en
train-s795	6	ADV	10	advmod	hi
train-s795	7	PRON	10	nmod	hi
train-s795	8	NOUN	10	compound	hi
train-s795	9	PART	10	advmod	hi
train-s795	10	VERB	3	advcl	hi
train-s796	1	AUX	3	aux	en
train-s796	2	PRON	3	nsubj	en
train-s796	3	VERB	0	root	en
train-s796	4	DET	5	det	en
train-s796	5	NOUN	3	obj	en
train-s796	7	ADV	12	advmod	hi
train-s796	8	PART	7	advmod	hi
train-s796	9	DET	11	det	hi
train-s796	10	PART	9	advmod	hi
train-s796	11	NOUN	12	nsubj	hi
train-s796	12	VERB	3	advcl	hi
train-s796	13	AUX	12	aux	hi
train-s796	14	AUX	12	aux	hi
train-s797	1	NOUN	3	obl	hi
train-s797	2	ADP	1	case	hi
train-s797	3	VERB	5	advcl	hi
train-s797	4	AUX	3	aux	hi
train-s797	5	ADV	11	obl	hi
train-s797	6	ADP	5	case	hi
train-s797	7	VERB	11	csubj	en
train-s797	8	PRON	10	nsubj	en
train-s797	9	AUX	10	cop	en
train-s797	10	NOUN	7	ccomp	en
train-s797	11	VERB	0	root	hi
train-s797	12	AUX	11	aux	hi
train-s797	13	AUX	11	aux	hi
train-s797	14	AUX	11	aux	hi
train-s797	15	AUX	11	aux	hi
train-s798	1	PRON	5	obl	hi
train-s798	2	ADP	1	case	hi
train-s798	3	ADP	1	case	hi
train-s798	4	NOUN	5	obj	en
train-s798	5	VERB	0	root	hi
train-s798	6	NOUN	4	nmod	en
train-s798	7	CCONJ	10	cc	hi
train-s798	8	NOUN	10	advmod	en
train-s798	9	ADP	8	case	hi
train-s798	10	ADJ	6	conj	en
train-s799	1	ADV	4	advmod	hi
train-s799	2	PART	1	advmod	hi
train-s799	3	ADJ	4	amod	en
train-s799	4	NOUN	0	root	en
train-s799	5	AUX	4	cop	hi
train-s799	6	AUX	4	aux	hi
train-s799	7	AUX	4	aux	hi
train-s800	1	ADJ	2	compound	hi
train-s800	2	VERB	6	advcl	hi
train-s800	3	AUX	2	aux	hi
train-s800	4	PRON	6	nsubj	en
train-s800	5	AUX	6	aux	en
train-s800	6	VERB	0	root	en
train-s800	7	DET	8	det	en
train-s800	8	NOUN	6	nmod	en
train-s801	1	ADV	4	mark	en
train-s801	2	PRON	4	nsubj	en
train-s801	3	ADV	4	advmod	en
train-s801	4	VERB	16	advcl	en
train-s801	5	ADV	7	advmod	en
train-s801	6	PART	7	mark	en
train-s801	7	VERB	4	xcomp	en
train-s801	8	DET	10	det	en
train-s801	9	ADJ	10	amod	en
train-s801	10	NOUN	7	obj	en
train-s801	12	ADV	13	advmod	hi
train-s801	13	ADJ	16	xcomp	hi
train-s801	14	PART	13	advmod	hi
train-s801	15	NOUN	16	compound	en
train-s801	16	VERB	0	root	hi
train-s801	17	AUX	16	aux	hi
train-s802	1	VERB	0	root	hi
train-s802	2	AUX	1	aux	hi
train-s802	3	AUX	1	aux	hi
train-s802	4	ADV	1	advmod	hi
train-s802	6	ADJ	4	acl:relcl	en
train-s802	7	AUX	6	cop	hi
train-s802	8	ADV	6	advmod	hi
train-s803	1	DET	2	det	en
train-s803	2	NOUN	7	nsubj	en
train-s803	3	AUX	7	cop	en
train-s803	4	ADJ	5	amod	en
train-s803	5	NOUN	7	nmod	en
train-s803	6	ADP	5	case	hi
train-s803	7	NOUN	0	root	hi
train-s804	1	NOUN	3	nmod	en
train-s804	2	ADP	1	case	hi
train-s804	3	NOUN	8	obl	en
train-s804	4	ADP	3	case	hi
train-s804	5	PRON	8	nsubj	hi
train-s804	6	DET	7	det	hi
train-s804	7	ADJ	8	xcomp	en
train-s804	8	VERB	0	root	hi
train-s804	9	AUX	8	aux	hi
train-s804	10	AUX	8	aux	hi
train-s805	2	NOUN	3	compound	en
train-s805	3	NOUN	7	obj	en
train-s805	4	ADP	3	case	hi
train-s805	5	PART	3	advmod	hi
train-s805	6	NOUN	7	compound	en
train-s805	7	VERB	0	root	hi
train-s805	8	AUX	7	aux	hi
train-s806	1	ADV	2	advmod	en
train-s806	2	DET	3	det	en
train-s806	3	NOUN	0	root	en
train-s806	4	CCONJ	5	cc	hi
train-s806	5	NOUN	3	conj	hi
train-s806	6	ADP	7	case	en
train-s806	8	NOUN	3	nmod	en
train-s807	1	ADV	4	advmod	en
train-s807	4	VERB	0	root	en
train-s807	8	CCONJ	17	cc	en
train-s807	9	ADV	17	advmod	hi
train-s807	10	PRON	17	nsubj	hi
train-s807	11	ADJ	12	amod	hi
train-s807	12	NOUN	17	obj	hi
train-s807	13	NOUN	15	obj	hi
train-s807	14	NOUN	15	compound	en
train-s807	15	VERB	17	advcl	hi
train-s807	16	PART	15	advmod	hi
train-s807	17	VERB	4	conj	hi
train-s808	1	ADJ	2	amod	en
train-s808	2	NOUN	6	nsubj	en
train-s808	3	PART	2	advmod	hi
train-s808	4	ADV	5	advmod	hi
train-s808	5	ADJ	6	amod	hi
train-s808	6	NOUN	0	root	hi
train-s808	7	AUX	6	cop	hi
train-s808	8	NOUN	6	vocative	hi
train-s809	1	NUM	2	nummod	hi
train-s809	2	NOUN	3	nmod	en
train-s809	4	ADP	3	case	hi
train-s809	5	PRON	8	nsubj	en
train-s809	6	AUX	8	aux	en
train-s809	7	ADV	8	advmod	en
train-s809	8	VERB	0	root	en
train-s809	9	ADP	11	case	en
train-s809	10	NUM	11	nummod	en
train-s809	11	NOUN	8	obl	en
train-s809	12	ADV	8	advmod	en
train-s810	1	PRON	5	expl	en
train-s810	2	AUX	5	cop	en
train-s810	3	PART	5	advmod	en
train-s810	4	ADJ	5	amod	en
train-s810	5	NOUN	0	root	en
train-s810	6	ADP	9	case	en
train-s810	7	NOUN	9	nmod	hi
train-s810	8	ADP	7	case	hi
train-s810	9	NOUN	5	nmod	hi
train-s811	1	PRON	2	nmod	hi
train-s811	3	ADP	2	case	hi
train-s811	4	PRON	8	nsubj	hi
train-s811	5	ADP	4	case	hi
train-s811	6	NOUN	8	compound	hi
train-s811	7	PART	8	advmod	hi
train-s811	8	VERB	0	root	hi
train-s811	9	DET	10	det	en
train-s811	10	NOUN	8	nmod	en
train-s812	2	VERB	0	root	en
train-s812	3	ADV	2	advmod	en
train-s812	4	SCONJ	10	mark	en
train-s812	6	ADV	10	advmod	hi
train-s812	7	NOUN	8	obj	en
train-s812	8	VERB	10	advcl	hi
train-s812	9	AUX	8	aux	hi
train-s812	10	VERB	2	advcl	hi
train-s812	12	CCONJ	18	cc	en
train-s812	14	CCONJ	18	cc	hi
train-s812	15	NOUN	16	obj	en
train-s812	16	VERB	18	advcl	hi
train-s812	17	PART	16	advmod	hi
train-s812	18	VERB	10	conj	hi
train-s813	2	NOUN	3	compound	hi
train-s813	3	NOUN	8	nmod	hi
train-s813	4	NOUN	8	obl	en
train-s813	5	ADP	4	case	hi
train-s813	6	NOUN	8	obj	en
train-s813	7	PRON	8	nsubj	hi
train-s813	8	VERB	11	csubj	hi
train-s813	9	AUX	8	aux	hi
train-s813	11	VERB	0	root	en
train-s813	12	PART	16	mark	en
train-s813	13	AUX	16	cop	en
train-s813	14	DET	16	det	en
train-s813	15	ADJ	16	amod	en
train-s813	16	NOUN	11	obj	en
train-s813	17	ADP	19	case	en
train-s813	18	DET	19	det	en
train-s813	19	NOUN	16	nmod	en
train-s814	1	NUM	3	nummod	en
train-s814	2	DET	3	det	en
train-s814	3	NOUN	0	root	en
train-s814	4	ADP	6	case	en
train-s814	5	ADP	6	case	en
train-s814	6	NOUN	3	nmod	en
train-s814	8	CCONJ	13	cc	hi
train-s814	9	NOUN	13	nsubj	hi
train-s814	10	ADP	9	case	hi
train-s814	11	ADP	9	case	hi
train-s814	12	NOUN	13	nmod	hi
train-s814	13	VERB	3	conj	hi
train-s814	14	AUX	13	aux	hi
train-s814	15	AUX	13	aux	hi
train-s815	1	ADV	3	advmod	en
train-s815	2	PRON	3	nsubj	en
train-s815	3	VERB	0	root	en
train-s815	4	PART	5	mark	en
train-s815	5	VERB	3	xcomp	en
train-s815	6	ADP	7	case	en
train-s815	7	PRON	8	nmod	en
train-s815	8	ADV	3	advmod	en
train-s815	9	ADP	11	case	en
train-s815	10	DET	11	det	en
train-s815	11	NOUN	8	nmod	en
train-s815	13	NOUN	16	obl	hi
train-s815	14	ADP	13	case	hi
train-s815	15	NOUN	16	compound	en
train-s815	16	VERB	20	acl	hi
train-s815	17	ADV	16	advmod	en
train-s815	18	PART	16	case	hi
train-s815	20	VERB	3	advcl	en
train-s816	2	NOUN	3	nsubj	en
train-s816	3	VERB	0	root	en
train-s816	4	ADV	3	advmod	en
train-s816	5	ADP	8	case	en
train-s816	6	ADV	8	advmod	en
train-s816	7	NUM	8	nummod	en
train-s816	8	NOUN	3	obl	en
train-s816	9	ADP	11	case	en
train-s816	10	PRON	11	nmod	en
train-s816	11	NOUN	3	obl	en
train-s816	13	PRON	14	nmod	hi
train-s816	14	VERB	8	acl	hi
train-s816	15	AUX	14	aux	hi
train-s816	16	NOUN	14	vocative	hi
train-s817	1	ADJ	2	amod	en
train-s817	2	NOUN	3	obj	en
train-s817	3	VERB	4	xcomp	hi
train-s817	4	VERB	0	root	hi
train-s817	5	AUX	4	aux	hi
train-s817	6	AUX	4	aux	hi
train-s818	1	ADV	6	advmod	hi
train-s818	2	ADJ	3	amod	en
train-s818	3	NOUN	6	obl	en
train-s818	4	ADP	3	case	hi
train-s818	5	PRON	6	nsubj	en
train-s818	6	VERB	0	root	en
train-s819	1	PROPN	3	discourse	hi
train-s819	3	VERB	0	root	en
train-s819	4	DET	7	det	en
train-s819	5	DET	7	det	en
train-s819	6	ADJ	7	amod	en
train-s819	7	NOUN	8	nmod	en
train-s819	8	NOUN	3	obj	en
train-s819	9	ADV	12	mark	hi
train-s819	10	PRON	12	nmod	hi
train-s819	11	ADP	10	case	hi
train-s819	12	PRON	3	advcl	hi
train-s819	13	PART	12	advmod	hi
train-s819	14	AUX	12	cop	hi
train-s820	1	AUX	2	cop	en
train-s820	2	ADJ	0	root	en
train-s820	3	ADV	10	advmod	en
train-s820	4	PRON	5	nmod	hi
train-s820	5	NOUN	10	nsubj	en
train-s820	6	DET	7	det	hi
train-s820	7	NOUN	10	nmod	en
train-s820	8	ADP	7	case	hi
train-s820	11	ADP	10	case	hi
train-s820	12	PART	10	advmod	hi
train-s820	13	AUX	10	cop	hi
train-s820	14	AUX	10	aux	hi
train-s821	2	AUX	4	aux	en
train-s821	3	PART	4	advmod	en
train-s821	4	VERB	0	root	en
train-s821	5	PART	6	mark	en
train-s821	6	VERB	4	xcomp	en
train-s821	7	NOUN	6	iobj	en
train-s821	9	NOUN	12	vocative	hi
train-s821	10	NOUN	12	obj	hi
train-s821	11	ADV	12	compound	hi
train-s821	12	VERB	6	xcomp	hi
train-s821	13	AUX	12	aux	hi
train-s821	15	ADP	16	case	en
train-s821	17	NOUN	12	nmod	hi
train-s822	1	NOUN	4	vocative	en
train-s822	2	PRON	4	advmod	hi
train-s822	3	PART	2	advmod	hi
train-s822	4	VERB	0	root	hi
train-s822	5	CCONJ	8	cc	en
train-s822	6	PRON	8	nsubj	en
train-s822	7	AUX	8	aux	en
train-s822	8	VERB	4	conj	en
train-s823	1	ADV	7	advmod	hi
train-s823	2	DET	3	det	hi
train-s823	3	NOUN	7	nsubj	en
train-s823	4	NOUN	7	compound	en
train-s823	5	PART	4	advmod	hi
train-s823	6	PART	7	advmod	hi
train-s823	7	VERB	0	root	hi
train-s823	8	CCONJ	15	cc	hi
train-s823	9	PRON	15	nsubj	hi
train-s823	10	ADJ	11	amod	en
train-s823	11	NOUN	13	nmod	en
train-s823	12	ADP	11	case	hi
train-s823	13	NOUN	15	obj	hi
train-s823	14	NOUN	15	compound	hi
train-s823	15	VERB	7	conj	hi
train-s823	16	AUX	15	aux	hi
train-s824	2	PROPN	4	nmod	en
train-s824	3	ADP	2	case	hi
train-s824	4	NOUN	5	compound	hi
train-s824	5	VERB	0	root	hi
train-s824	6	ADV	9	advmod	hi
train-s824	7	PROPN	9	nsubj	en
train-s824	8	AUX	9	cop	en
train-s824	9	PRON	5	nmod	en
train-s824	10	ADP	11	case	en
train-s825	1	PRON	3	expl	en
train-s825	2	AUX	3	cop	en
train-s825	3	ADJ	0	root	en
train-s825	4	SCONJ	8	mark	hi
train-s825	5	PRON	8	nsubj	hi
train-s825	7	PART	8	advmod	hi
train-s825	8	VERB	3	advcl	hi
train-s826	1	SCONJ	3	mark	en
train-s826	2	PRON	3	nsubj	en
train-s826	3	VERB	8	advcl	en
train-s826	4	PRON	3	obj	en
train-s826	5	NOUN	3	nmod	en
train-s826	7	PRON	8	nsubj	hi
train-s826	8	ADJ	0	root	hi
train-s826	9	PART	8	advmod	hi
train-s826	10	SCONJ	12	mark	en
train-s826	11	PRON	12	nsubj	en
train-s826	12	VERB	8	acl	en
train-s826	13	PRON	12	obj	en
train-s826	14	NOUN	12	nmod	en
train-s827	1	ADV	5	advmod	en
train-s827	2	AUX	5	aux	en
train-s827	3	PRON	4	nmod	en
train-s827	4	NOUN	5	nsubj	en
train-s827	5	VERB	0	root	en
train-s827	6	ADP	11	case	en
train-s827	7	NOUN	11	nmod	en
train-s827	8	PART	7	case	en
train-s827	9	NOUN	11	nmod	hi
train-s827	10	ADP	9	case	hi
train-s827	11	NOUN	5	obl	hi
train-s828	4	CCONJ	6	cc	en
train-s828	5	PRON	6	nmod	en
train-s828	6	NOUN	2	conj	en
train-s828	7	NOUN	11	nmod	en
train-s828	8	PRON	11	nsubj	hi
train-s828	9	DET	11	det	hi
train-s828	10	PART	9	advmod	hi
train-s828	11	NOUN	0	root	hi
train-s828	12	PART	11	advmod	hi
train-s828	13	NOUN	11	vocative	hi
train-s829	1	ADP	4	case	en
train-s829	2	NOUN	4	nmod	hi
train-s829	3	ADP	2	case	hi
train-s829	4	NOUN	6	nmod	hi
train-s829	5	ADP	6	case	en
train-s829	6	NOUN	8	nmod	en
train-s829	7	ADP	8	case	en
train-s829	8	NOUN	15	nmod	en
train-s829	9	ADP	10	case	en
train-s829	11	NOUN	12	compound	en
train-s829	12	NOUN	15	nsubj	en
train-s829	13	AUX	15	cop	en
train-s829	14	ADV	15	advmod	en
train-s829	15	NOUN	0	root	en
train-s829	16	ADP	17	case	en
train-s829	17	NOUN	15	nmod	en
train-s830	2	AUX	3	cop	en
train-s830	3	PRON	0	root	en
train-s830	4	ADV	3	advmod	en
train-s830	5	ADJ	6	amod	en
train-s830	6	NOUN	3	nsubj	en
train-s830	7	SCONJ	12	mark	en
train-s830	8	PRON	9	nmod	en
train-s830	9	NOUN	12	nsubj	en
train-s830	10	AUX	12	aux	en
train-s830	11	PART	12	advmod	en
train-s830	12	VERB	3	advcl	en
train-s830	13	PRON	12	obj	en
train-s830	14	CCONJ	15	cc	en
train-s830	15	VERB	12	conj	en
train-s830	17	ADJ	18	amod	hi
train-s830	18	NOUN	22	nmod	hi
train-s830	19	AUX	18	cop	hi
train-s830	20	NOUN	22	nmod	hi
train-s830	21	PART	20	advmod	hi
train-s830	22	VERB	15	xcomp	hi
train-s830	23	AUX	22	aux	hi
train-s831	1	ADV	5	advmod	en
train-s831	3	ADP	2	case	hi
train-s831	4	NOUN	5	nsubj	en
train-s831	5	ADJ	0	root	hi
train-s831	6	AUX	5	cop	hi
train-s832	1	VERB	0	root	en
train-s832	2	NOUN	1	obj	en
train-s832	3	ADP	6	case	en
train-s832	5	ADJ	6	amod	en
train-s832	6	NOUN	1	obl	en
train-s832	7	ADP	8	case	en
train-s832	9	CCONJ	13	cc	hi
train-s832	10	INTJ	13	discourse	hi
train-s832	11	ADV	13	advmod	hi
train-s832	12	DET	13	det	hi
train-s832	13	NOUN	1	conj	en
train-s832	14	PART	13	advmod	hi
train-s832	15	PART	13	advmod	hi
train-s833	2	PRON	3	nsubj	en
train-s833	3	VERB	18	csubj	en
train-s833	4	PRON	3	obj	en
train-s833	6	CCONJ	10	cc	en
train-s833	8	PRON	10	nsubj	hi
train-s833	9	PART	8	advmod	hi
train-s833	10	VERB	3	conj	hi
train-s833	12	AUX	18	cop	en
train-s833	13	DET	18	det	en
train-s833	14	ADV	15	advmod	en
train-s833	15	ADJ	18	amod	en
train-s833	16	CCONJ	17	cc	en
train-s833	17	ADJ	15	conj	en
train-s833	18	NOUN	0	root	en
train-s833	19	ADV	18	advmod	en
train-s834	1	NOUN	5	nsubj	en
train-s834	2	AUX	5	cop	en
train-s834	3	DET	5	det	en
train-s834	4	ADJ	5	amod	en
train-s834	5	NOUN	0	root	en
train-s834	6	CCONJ	14	cc	en
train-s834	7	ADV	14	advmod	en
train-s834	9	NOUN	11	nmod	hi
train-s834	10	ADP	9	case	hi
train-s834	11	NOUN	14	nsubj	hi
train-s834	13	ADV	14	advmod	en
train-s834	14	VERB	5	conj	en
train-s835	1	ADJ	3	amod	en
train-s835	2	NOUN	3	compound	en
train-s835	3	NOUN	6	obj	en
train-s835	4	NOUN	6	obl	en
train-s835	5	ADP	4	case	hi
train-s835	6	VERB	10	advcl	hi
train-s835	7	SCONJ	6	mark	hi
train-s835	8	SCONJ	6	mark	hi
train-s835	9	NOUN	10	nsubj	hi
train-s835	10	VERB	0	root	hi
train-s835	11	AUX	10	aux	hi
train-s835	12	AUX	10	aux	hi
train-s835	13	AUX	10	aux	hi
train-s836	1	PRON	2	nsubj	en
train-s836	2	VERB	0	root	en
train-s836	3	VERB	2	xcomp	en
train-s836	4	NOUN	3	obj	en
train-s836	5	CCONJ	6	cc	en
train-s836	6	NOUN	2	conj	hi
train-s836	7	ADV	9	nmod	hi
train-s836	8	ADP	7	case	hi
train-s836	9	PROPN	6	parataxis	hi
train-s837	1	DET	3	det	en
train-s837	2	ADJ	3	amod	hi
train-s837	3	NOUN	5	nsubj	hi
train-s837	4	AUX	5	aux	en
train-s837	5	VERB	0	root	en
train-s837	6	PRON	5	obj	en
train-s838	2	NOUN	5	obj	en
train-s838	3	NOUN	5	obl	hi
train-s838	4	ADP	3	case	hi
train-s838	5	VERB	8	advcl	hi
train-s838	6	AUX	5	aux	hi
train-s838	7	NOUN	8	obj	en
train-s838	8	VERB	10	amod	hi
train-s838	9	SCONJ	8	mark	hi
train-s838	10	NOUN	13	nsubj	en
train-s838	11	AUX	13	cop	en
train-s838	12	ADV	13	advmod	en
train-s838	13	ADJ	0	root	hi
train-s839	2	ADV	7	advmod	en
train-s839	3	DET	4	det	en
train-s839	4	NOUN	7	nsubj	en
train-s839	5	AUX	7	aux	en
train-s839	6	ADV	7	advmod	en
train-s839	7	VERB	0	root	en
train-s839	9	DET	10	det	hi
train-s839	10	NOUN	11	obj	hi
train-s839	11	VERB	7	xcomp	hi
train-s839	12	AUX	11	aux	hi
train-s839	14	PROPN	15	obj	hi
train-s839	15	VERB	11	conj	hi
train-s839	16	AUX	15	aux	hi
train-s839	17	NOUN	15	vocative	hi
train-s839	19	ADP	22	case	en
train-s839	20	DET	22	det	en
train-s839	21	NOUN	22	compound	en
train-s839	22	NOUN	7	obl	en
train-s840	3	CCONJ	4	cc	en
train-s840	7	NOUN	8	compound	en
train-s840	8	NOUN	11	obl	en
train-s840	9	ADP	8	case	hi
train-s840	10	NOUN	11	compound	en
train-s840	11	VERB	0	root	hi
train-s840	12	AUX	11	aux	hi
train-s840	13	AUX	11	aux	hi
train-s841	2	ADP	1	case	hi
train-s841	3	NOUN	0	root	hi
train-s841	4	ADP	5	case	en
train-s841	5	NOUN	3	nmod	en
train-s842	3	DET	4	det	hi
train-s842	4	NOUN	6	obj	hi
train-s842	5	PART	6	advmod	hi
train-s842	6	VERB	11	advcl	hi
train-s842	7	AUX	6	aux	hi
train-s842	8	SCONJ	11	mark	hi
train-s842	9	PRON	11	nsubj	en
train-s842	10	AUX	11	aux	en
train-s842	11	VERB	0	root	en
train-s842	12	PART	13	mark	en
train-s842	13	VERB	11	advcl	en
train-s842	14	PRON	13	obj	en
train-s842	15	ADP	16	case	en
train-s843	1	VERB	0	root	en
train-s843	2	DET	3	det	en
train-s843	3	NOUN	1	obj	en
train-s843	5	PRON	13	nsubj	hi
train-s843	6	ADP	5	case	hi
train-s843	7	DET	8	det	hi
train-s843	8	NOUN	13	nmod	hi
train-s843	9	DET	10	det	hi
train-s843	10	NOUN	13	obl	hi
train-s843	11	ADP	10	case	hi
train-s843	12	NOUN	13	obj	hi
train-s843	13	VERB	3	acl:relcl	hi
train-s843	14	AUX	13	aux	hi
train-s844	1	NOUN	4	nmod	hi
train-s844	2	ADP	1	case	hi
train-s844	4	NOUN	0	root	en
train-s844	5	AUX	4	cop	hi
train-s844	6	PRON	8	nsubj	hi
train-s844	7	NOUN	8	compound	en
train-s844	8	VERB	4	acl:relcl	hi
train-s844	9	AUX	8	aux	hi
train-s845	1	PRON	5	nsubj	hi
train-s845	3	VERB	5	ccomp	hi
train-s845	4	AUX	3	aux	hi
train-s845	5	VERB	14	advcl	hi
train-s845	6	SCONJ	14	mark	hi
train-s845	8	NOUN	9	compound	en
train-s845	9	NOUN	11	nmod	en
train-s845	10	ADP	9	case	hi
train-s845	11	NOUN	13	nmod	en
train-s845	12	ADP	11	case	hi
train-s845	13	NOUN	14	obj	hi
train-s845	14	VERB	0	root	hi
train-s846	2	NOUN	4	obl	hi
train-s846	3	ADP	2	case	hi
train-s846	4	VERB	8	advcl	hi
train-s846	5	SCONJ	4	mark	hi
train-s846	6	NOUN	8	compound	hi
train-s846	7	PART	8	advmod	hi
train-s846	8	VERB	11	xcomp	hi
train-s846	9	NOUN	11	vocative	en
train-s846	10	ADV	11	advmod	en
train-s846	11	VERB	0	root	en
train-s847	1	AUX	3	aux	en
train-s847	2	PART	3	advmod	en
train-s847	3	VERB	0	root	en
train-s847	4	PART	5	mark	en
train-s847	5	VERB	3	xcomp	en
train-s847	6	NOUN	5	nmod	en
train-s847	7	PART	8	advmod	en
train-s847	8	SCONJ	10	mark	en
train-s847	9	PRON	10	nsubj	en
train-s847	10	VERB	3	advcl	en
train-s847	13	ADP	12	case	hi
train-s847	14	NOUN	10	obj	hi
train-s848	1	ADJ	2	amod	en
train-s848	2	NOUN	5	obl	en
train-s848	3	ADP	2	case	hi
train-s848	4	NOUN	5	compound	en
train-s848	5	VERB	0	root	hi
train-s848	6	NOUN	8	nsubj	en
train-s848	7	AUX	8	cop	en
train-s848	8	ADJ	5	ccomp	en
train-s849	1	NOUN	3	nsubj	hi
train-s849	2	DET	3	det	hi
train-s849	3	ADJ	0	root	hi
train-s849	4	AUX	3	cop	hi
train-s849	5	SCONJ	12	mark	hi
train-s849	6	NOUN	7	advmod	en
train-s849	7	ADJ	8	amod	en
train-s849	8	NOUN	12	obl	en
train-s849	9	ADP	8	case	hi
train-s849	10	PART	8	advmod	hi
train-s849	11	NOUN	12	compound	en
train-s849	12	VERB	3	acl	hi
train-s849	13	AUX	12	aux	hi
train-s849	14	AUX	12	aux	hi
train-s850	1	NOUN	3	nmod	hi
train-s850	2	ADP	1	case	hi
train-s850	3	NOUN	4	nsubj	en
train-s850	4	VERB	0	root	en
train-s850	5	PART	8	mark	en
train-s850	6	AUX	8	aux	en
train-s850	7	ADV	8	advmod	en
train-s850	8	VERB	4	xcomp	en
train-s851	1	NOUN	3	nmod	hi
train-s851	2	ADP	1	case	hi
train-s851	3	NOUN	5	nsubj	hi
train-s851	4	ADJ	5	compound	en
train-s851	5	VERB	0	root	hi
train-s851	6	AUX	5	aux	hi
train-s851	7	AUX	5	aux	hi
train-s851	8	CCONJ	10	cc	hi
train-s851	9	PRON	10	nmod	hi
train-s851	10	NOUN	5	conj	en
train-s852	1	VERB	0	root	en
train-s852	2	DET	3	det	en
train-s852	3	NOUN	1	obj	en
train-s852	4	ADV	7	mark	en
train-s852	5	PRON	7	nsubj	en
train-s852	6	AUX	7	aux	en
train-s852	7	VERB	3	acl	en
train-s852	8	CCONJ	12	cc	en
train-s852	9	ADJ	10	compound	hi
train-s852	10	ADJ	11	amod	hi
train-s852	11	NOUN	12	nsubj	hi
train-s852	12	VERB	7	conj	en
train-s852	13	PRON	14	nmod	en
train-s852	14	NOUN	12	obj	en
train-s853	2	NOUN	4	compound	en
train-s853	3	NOUN	4	compound	en
train-s853	4	NOUN	7	nsubj	en
train-s853	5	PART	4	advmod	hi
train-s853	6	DET	7	det	hi
train-s853	7	NOUN	0	root	hi
train-s853	8	AUX	7	cop	hi
train-s853	9	AUX	7	aux	hi
train-s854	2	INTJ	6	discourse	en
train-s854	3	PRON	4	nmod	en
train-s854	4	NOUN	6	nsubj	en
train-s854	5	ADV	6	advmod	en
train-s854	6	VERB	0	root	en
train-s854	7	PRON	6	obj	en
train-s854	8	CCONJ	9	cc	en
train-s854	9	VERB	6	conj	en
train-s854	11	PRON	13	nsubj	en
train-s854	12	AUX	13	cop	en
train-s854	13	ADJ	9	ccomp	en
train-s854	14	ADV	17	obl	hi
train-s854	15	ADP	14	case	hi
train-s854	16	NOUN	17	compound	hi
train-s854	17	VERB	13	advcl	hi
train-s855	1	NOUN	6	obl	hi
train-s855	2	ADP	1	case	hi
train-s855	3	DET	5	det	hi
train-s855	4	ADJ	5	amod	en
train-s855	5	NOUN	6	nsubj	en
train-s855	6	VERB	0	root	en
train-s856	1	NOUN	3	nmod	hi
train-s856	2	PART	1	advmod	hi
train-s856	3	NOUN	11	obj	en
train-s856	4	CCONJ	7	cc	hi
train-s856	5	NOUN	7	nmod	en
train-s856	6	PART	5	advmod	hi
train-s856	7	NOUN	3	conj	en
train-s856	9	AUX	11	aux	en
train-s856	10	PART	11	advmod	en
train-s856	11	VERB	0	root	en
train-s856	12	PRON	11	iobj	en
train-s857	2	PRON	3	nsubj	en
train-s857	3	VERB	0	root	en
train-s857	4	PRON	6	nsubj	en
train-s857	5	AUX	6	aux	en
train-s857	6	VERB	3	xcomp	en
train-s857	7	DET	17	det	en
train-s857	9	PRON	10	nsubj	hi
train-s857	10	VERB	13	acl:relcl	hi
train-s857	11	AUX	10	aux	hi
train-s857	13	PRON	14	nsubj	hi
train-s857	14	VERB	17	acl	hi
train-s857	15	AUX	14	aux	hi
train-s857	17	NOUN	6	obj	en
train-s857	18	ADV	19	advmod	en
train-s857	19	ADV	6	advmod	en
train-s858	2	ADP	1	case	hi
train-s858	3	ADV	6	advmod	hi
train-s858	4	ADJ	6	amod	en
train-s858	5	ADJ	6	amod	en
train-s858	6	NOUN	0	root	en
train-s858	7	PART	6	advmod	hi
train-s858	8	AUX	6	cop	hi
train-s859	1	NOUN	2	nsubj	hi
train-s859	2	VERB	0	root	hi
train-s859	3	PART	2	advmod	hi
train-s859	4	AUX	2	aux	hi
train-s859	5	AUX	2	aux	hi
train-s859	6	CCONJ	11	cc	en
train-s859	7	PRON	11	nsubj	en
train-s859	8	ADV	11	advmod	en
train-s859	9	AUX	11	aux	en
train-s859	10	PART	11	advmod	en
train-s859	11	VERB	2	conj	en
train-s860	2	AUX	4	aux	en
train-s860	3	AUX	4	aux	en
train-s860	4	VERB	0	root	en
train-s860	6	NOUN	4	obj	en
train-s860	7	SCONJ	8	mark	hi
train-s860	8	NOUN	4	nmod	hi
train-s860	9	PART	8	advmod	hi
train-s860	10	AUX	8	cop	hi
train-s861	2	ADP	4	case	en
train-s861	3	ADJ	4	amod	en
train-s861	4	PROPN	1	nmod	en
train-s861	5	ADP	4	case	hi
train-s861	6	CCONJ	7	cc	hi
train-s861	7	NOUN	1	conj	en
train-s861	8	PRON	9	nmod	hi
train-s861	9	VERB	0	root	hi
train-s861	10	INTJ	9	discourse	en
train-s862	2	PRON	4	expl	en
train-s862	3	AUX	4	cop	en
train-s862	4	PRON	0	root	en
train-s862	5	VERB	4	acl:relcl	en
train-s862	7	VERB	9	acl	hi
train-s862	8	AUX	7	aux	hi
train-s862	9	NOUN	5	obj	hi
train-s862	11	PRON	15	nsubj	en
train-s862	12	AUX	15	cop	en
train-s862	13	ADV	15	advmod	en
train-s862	14	PRON	15	nsubj	en
train-s862	15	VERB	4	parataxis	en
train-s862	16	ADP	18	case	en
train-s862	17	NOUN	18	compound	en
train-s862	18	NOUN	15	obl	en
train-s863	1	SCONJ	4	mark	en
train-s863	3	AUX	4	aux	en
train-s863	4	VERB	11	advcl	en
train-s863	5	ADP	6	case	en
train-s863	9	AUX	11	aux	en
train-s863	10	AUX	11	aux	en
train-s863	11	VERB	0	root	en
train-s863	12	ADJ	11	ccomp	hi
train-s863	13	AUX	12	cop	hi
train-s863	14	CCONJ	15	cc	hi
train-s863	15	NOUN	12	conj	hi
train-s863	16	AUX	15	cop	hi
train-s863	17	PRON	12	nsubj	hi
train-s864	1	PRON	2	nsubj	en
train-s864	2	VERB	0	root	en
train-s864	3	PRON	6	expl	en
train-s864	4	AUX	6	cop	en
train-s864	5	ADV	6	advmod	en
train-s864	6	PRON	2	obj	en
train-s864	8	CCONJ	16	cc	en
train-s864	9	NOUN	16	nmod	hi
train-s864	10	ADP	9	case	hi
train-s864	12	NOUN	16	nmod	hi
train-s864	13	NOUN	16	nsubj	hi
train-s864	14	AUX	16	cop	en
train-s864	15	ADV	16	advmod	en
train-s864	16	ADJ	2	conj	en
train-s865	2	VERB	0	root	en
train-s865	3	DET	5	det	en
train-s865	4	VERB	5	acl	en
train-s865	5	NOUN	2	obj	en
train-s865	6	ADP	8	case	en
train-s865	7	ADJ	8	amod	en
train-s865	9	ADP	10	case	en
train-s865	11	CCONJ	12	cc	en
train-s865	12	VERB	2	conj	en
train-s865	14	DET	18	det	hi
train-s865	15	VERB	12	xcomp	hi
train-s865	16	AUX	15	aux	hi
train-s865	17	AUX	15	aux	hi
train-s865	18	NOUN	15	nsubj	en
train-s866	1	VERB	5	advcl	hi
train-s866	2	ADJ	3	amod	en
train-s866	3	NOUN	5	nmod	en
train-s866	4	ADP	3	case	hi
train-s866	5	NOUN	0	root	en
train-s866	6	AUX	5	cop	hi
train-s866	7	AUX	5	aux	hi
train-s867	2	ADV	5	advmod	en
train-s867	3	AUX	5	aux	en
train-s867	4	NOUN	5	nsubj	en
train-s867	5	VERB	0	root	en
train-s867	7	ADV	13	advmod	hi
train-s867	8	ADV	7	compound	hi
train-s867	9	ADP	7	case	hi
train-s867	10	ADJ	13	compound	hi
train-s867	11	PART	10	advmod	hi
train-s867	12	PART	13	advmod	hi
train-s867	13	VERB	5	xcomp	hi
train-s867	15	SCONJ	16	mark	en
train-s867	16	VERB	13	advcl	en
train-s867	17	NOUN	16	obj	en
train-s867	18	PART	19	mark	en
train-s867	19	VERB	16	advcl	en
train-s867	20	NOUN	19	compound	en
train-s868	1	ADJ	2	amod	en
train-s868	2	NOUN	6	compound	en
train-s868	3	NOUN	6	nmod	hi
train-s868	4	NOUN	6	obj	en
train-s868	5	PART	6	advmod	hi
train-s868	6	VERB	0	root	hi
train-s869	2	ADP	5	case	en
train-s869	3	NUM	5	nummod	en
train-s869	4	NOUN	5	compound	en
train-s869	5	NOUN	21	obl	en
train-s869	6	ADP	8	case	en
train-s869	7	DET	8	det	en
train-s869	8	NOUN	21	obl	en
train-s869	9	ADP	13	case	en
train-s869	13	NOUN	8	nmod	en
train-s869	16	ADV	19	advmod	hi
train-s869	17	ADV	19	advmod	hi
train-s869	18	NOUN	19	compound	hi
train-s869	19	VERB	21	csubj	hi
train-s869	21	VERB	0	root	en
train-s869	22	ADJ	21	xcomp	en
train-s870	2	PRON	3	nsubj	en
train-s870	3	VERB	0	root	en
train-s870	4	NUM	6	nummod	hi
train-s870	5	DET	6	det	hi
train-s870	7	VERB	3	xcomp	hi
train-s870	8	PRON	13	obl	hi
train-s870	9	ADP	8	case	hi
train-s870	10	PRON	13	nsubj	hi
train-s870	11	ADJ	12	amod	hi
train-s870	12	NOUN	13	nmod	hi
train-s870	13	VERB	6	acl:relcl	hi
train-s870	14	AUX	13	aux	hi
train-s871	2	NOUN	3	compound	en
train-s871	3	NOUN	5	obj	en
train-s871	4	ADV	5	advmod	en
train-s871	5	VERB	0	root	hi
train-s871	6	CCONJ	10	cc	hi
train-s871	7	ADV	10	advmod	en
train-s871	8	ADV	7	compound	en
train-s871	9	NOUN	10	compound	en
train-s871	10	VERB	5	conj	hi
train-s872	3	DET	4	det	hi
train-s872	4	NOUN	8	nsubj	hi
train-s872	5	AUX	4	cop	hi
train-s872	7	AUX	8	aux	en
train-s872	8	VERB	0	root	en
train-s872	9	DET	12	det	en
train-s872	10	ADJ	12	amod	en
train-s872	11	NOUN	12	compound	en
train-s872	12	NOUN	8	xcomp	en
train-s872	13	ADP	14	case	en
train-s873	1	VERB	0	root	hi
train-s873	2	AUX	1	aux	hi
train-s873	3	NOUN	1	nsubj	en
train-s873	4	ADV	1	obj	en
train-s873	5	DET	6	det	hi
train-s873	6	NOUN	1	nmod	hi
train-s874	2	ADV	5	mark	en
train-s874	3	DET	4	det	en
train-s874	4	NOUN	5	nsubj	en
train-s874	5	VERB	0	root	en
train-s874	7	PRON	9	nsubj	hi
train-s874	8	ADJ	9	amod	hi
train-s874	9	NOUN	5	obj	hi
train-s874	10	ADP	9	case	hi
train-s874	11	PART	9	advmod	hi
train-s874	12	AUX	9	cop	hi
train-s874	15	PRON	5	nmod	en
train-s875	2	PRON	4	nsubj	en
train-s875	3	AUX	4	aux	en
train-s875	4	VERB	0	root	en
train-s875	6	NOUN	8	nmod	hi
train-s875	7	ADP	6	case	hi
train-s875	8	NOUN	9	nsubj	hi
train-s875	9	VERB	4	xcomp	hi
train-s875	10	AUX	9	aux	hi
train-s875	11	AUX	9	aux	hi
train-s875	12	NOUN	9	conj	hi
train-s875	13	ADP	12	case	hi
train-s875	14	PART	12	advmod	hi
train-s876	1	PRON	8	nsubj	hi
train-s876	2	PRON	3	nmod	hi
train-s876	3	NOUN	8	iobj	en
train-s876	4	ADP	3	case	hi
train-s876	5	ADJ	6	amod	en
train-s876	6	NOUN	8	obj	en
train-s876	7	ADP	6	case	hi
train-s876	8	VERB	0	root	en
train-s876	9	AUX	8	aux	hi
train-s876	10	AUX	8	aux	hi
train-s877	2	NOUN	3	obj	en
train-s877	3	VERB	0	root	en
train-s877	4	ADV	3	advmod	en
train-s877	5	ADP	12	case	en
train-s877	8	PART	6	case	en
train-s877	9	NUM	10	nummod	hi
train-s877	11	ADJ	12	amod	hi
train-s878	2	DET	5	det	en
train-s878	3	ADJ	4	amod	en
train-s878	4	VERB	5	amod	en
train-s878	5	NOUN	6	nsubj	en
train-s878	6	VERB	0	root	en
train-s878	8	NOUN	11	nmod	hi
train-s878	9	NOUN	11	nmod	hi
train-s878	10	ADV	11	advmod	hi
train-s878	11	VERB	6	ccomp	hi
train-s878	12	AUX	11	aux	hi
train-s879	1	ADJ	2	amod	en
train-s879	2	NOUN	8	obl	en
train-s879	3	ADP	2	case	hi
train-s879	4	ADP	2	case	hi
train-s879	5	NOUN	8	compound	en
train-s879	6	PART	5	advmod	hi
train-s879	7	NOUN	8	compound	en
train-s879	8	VERB	0	root	hi
train-s879	9	AUX	8	aux	hi
train-s880	1	VERB	4	acl:relcl	en
train-s880	2	AUX	1	aux	hi
train-s880	3	AUX	1	aux	hi
train-s880	4	PRON	7	nmod	hi
train-s880	5	NOUN	7	compound	en
train-s880	6	PART	5	advmod	hi
train-s880	7	VERB	0	root	hi
train-s881	4	VERB	0	root	en
train-s881	5	ADV	4	advmod	en
train-s881	6	ADP	8	case	en
train-s881	7	DET	8	det	en
train-s881	8	NOUN	4	obj	en
train-s881	10	NOUN	11	obj	hi
train-s881	11	VERB	8	acl	hi
train-s881	12	NOUN	13	obj	hi
train-s881	13	VERB	11	conj	hi
train-s882	2	PRON	3	nsubj	en
train-s882	3	VERB	0	root	en
train-s882	4	PRON	6	nsubj	en
train-s882	5	AUX	6	cop	en
train-s882	7	ADV	9	mark	en
train-s882	8	PRON	9	nsubj	en
train-s882	9	VERB	3	advcl	en
train-s882	10	PRON	9	obj	en
train-s882	11	SCONJ	12	mark	en
train-s882	12	VERB	9	advcl	en
train-s882	13	PART	12	compound	en
train-s882	14	ADV	12	advmod	en
train-s882	17	VERB	10	acl	hi
train-s882	18	AUX	17	aux	hi
train-s882	19	NOUN	17	nsubj	hi
train-s882	20	PRON	19	nmod	hi
train-s883	2	ADV	4	advmod	en
train-s883	3	NOUN	4	nsubj	en
train-s883	4	VERB	0	root	en
train-s883	5	NOUN	6	compound	en
train-s883	6	NOUN	4	obj	en
train-s883	7	ADV	8	advmod	hi
train-s883	8	ADJ	4	advcl	hi
train-s883	9	AUX	8	cop	hi
train-s883	10	AUX	8	aux	hi
train-s884	4	ADP	5	case	en
train-s884	5	NOUN	2	nmod	en
train-s884	6	PRON	7	nsubj	en
train-s884	7	VERB	0	root	en
train-s884	8	ADP	10	case	en
train-s884	9	PRON	10	nmod	en
train-s884	10	NOUN	7	obl	en
train-s884	12	SCONJ	13	mark	en
train-s884	13	VERB	7	advcl	en
train-s884	15	PRON	16	nsubj	hi
train-s884	16	VERB	17	advcl	hi
train-s884	17	VERB	13	xcomp	hi
train-s884	18	AUX	17	aux	hi
train-s885	1	PRON	2	nmod	hi
train-s885	2	NOUN	9	nmod	hi
train-s885	3	ADP	2	case	hi
train-s885	4	NOUN	9	nsubj	hi
train-s885	5	PART	6	advmod	hi
train-s885	6	ADJ	7	amod	en
train-s885	7	NOUN	9	nmod	en
train-s885	8	ADP	7	case	hi
train-s885	9	NOUN	0	root	en
train-s885	10	ADP	9	case	hi
train-s885	11	AUX	9	cop	hi
train-s885	12	AUX	9	aux	hi
train-s886	1	AUX	11	aux	en
train-s886	2	AUX	11	cop	en
train-s886	3	PRON	4	nmod	hi
train-s886	4	NOUN	11	nsubj	en
train-s886	5	NOUN	8	iobj	en
train-s886	6	ADP	5	case	hi
train-s886	7	NOUN	8	compound	en
train-s886	8	VERB	11	advcl	hi
train-s886	9	SCONJ	8	mark	hi
train-s886	10	PART	8	advmod	hi
train-s886	11	VERB	0	root	hi
train-s886	12	AUX	11	aux	hi
train-s886	13	AUX	11	aux	hi
train-s887	1	PRON	5	nsubj	hi
train-s887	2	VERB	0	root	hi
train-s887	3	AUX	2	aux	hi
train-s887	4	AUX	2	aux	hi
train-s887	5	NOUN	2	nsubj	en
train-s887	6	CCONJ	9	cc	en
train-s887	7	PRON	9	nsubj	en
train-s887	8	AUX	9	cop	en
train-s887	9	ADJ	2	conj	en
train-s887	10	ADP	11	case	en
train-s887	11	PRON	9	nmod	en
train-s888	4	ADP	3	case	hi
train-s888	5	DET	7	det	hi
train-s888	6	ADJ	7	amod	en
train-s888	7	NOUN	8	nsubj	en
train-s888	8	NOUN	0	root	en
train-s888	9	AUX	8	cop	hi
train-s889	1	NOUN	7	nmod	hi
train-s889	2	NOUN	7	obl	en
train-s889	3	ADP	2	case	hi
train-s889	4	ADV	5	advmod	hi
train-s889	5	ADJ	6	amod	hi
train-s889	6	NOUN	7	compound	hi
train-s889	7	VERB	0	root	hi
train-s889	9	CCONJ	14	cc	hi
train-s889	10	PRON	14	nsubj	hi
train-s889	11	PART	10	advmod	hi
train-s889	12	PRON	14	obl	hi
train-s889	13	ADP	12	case	hi
train-s889	14	VERB	7	conj	hi
train-s889	15	AUX	14	aux	hi
train-s889	16	SCONJ	18	mark	en
train-s889	17	PRON	18	nsubj	en
train-s889	18	VERB	14	xcomp	en
train-s890	2	AUX	3	cop	en
train-s890	3	PRON	0	root	en
train-s890	4	ADV	6	advmod	en
train-s890	5	ADP	6	case	en
train-s890	7	SCONJ	9	mark	en
train-s890	8	PRON	9	nsubj	en
train-s890	9	VERB	3	acl	en
train-s890	10	DET	11	det	en
train-s890	11	NOUN	9	obj	en
train-s890	12	CCONJ	14	cc	en
train-s890	13	ADV	14	advmod	en
train-s890	14	VERB	9	conj	en
train-s890	15	DET	16	det	en
train-s890	18	NOUN	19	obj	en
train-s890	19	VERB	16	acl	hi
train-s890	21	NOUN	22	compound	en
train-s890	22	VERB	19	advcl	hi
train-s890	24	VERB	22	conj	hi
train-s891	2	ADJ	4	amod	hi
train-s891	3	ADJ	4	amod	en
train-s891	4	NOUN	0	root	hi
train-s891	5	ADP	7	case	en
train-s891	6	NOUN	7	compound	en
train-s891	7	NOUN	4	nmod	en
train-s892	1	NOUN	3	obj	hi
train-s892	2	ADP	1	case	hi
train-s892	3	VERB	5	csubj	hi
train-s892	4	AUX	5	cop	en
train-s892	5	NUM	0	root	en
train-s892	6	ADP	9	case	en
train-s892	7	DET	9	det	en
train-s892	8	ADJ	9	amod	en
train-s892	9	NOUN	5	nmod	en
train-s892	10	PART	11	mark	en
train-s892	11	VERB	5	advcl	en
train-s893	2	DET	3	det	en
train-s893	3	NOUN	5	nmod	en
train-s893	4	PRON	5	nsubj	en
train-s893	5	VERB	0	root	en
train-s893	6	SCONJ	13	mark	en
train-s893	9	NOUN	13	vocative	hi
train-s893	10	ADJ	11	amod	hi
train-s893	11	NOUN	13	nmod	hi
train-s893	12	DET	13	det	hi
train-s893	13	NOUN	5	advcl	hi
train-s893	14	PART	13	advmod	hi
train-s893	15	AUX	13	cop	hi
train-s894	1	NOUN	2	nsubj	en
train-s894	2	VERB	0	root	en
train-s894	3	PRON	2	obj	en
train-s894	4	PART	5	mark	en
train-s894	5	VERB	2	xcomp	en
train-s894	6	NOUN	5	obj	en
train-s894	7	CCONJ	17	cc	en
train-s894	8	NOUN	10	nmod	hi
train-s894	9	ADP	8	case	hi
train-s894	10	NOUN	13	obl	hi
train-s894	11	ADP	10	case	hi
train-s894	12	NOUN	13	obj	hi
train-s894	13	VERB	17	advcl	hi
train-s894	14	SCONJ	13	mark	hi
train-s894	15	PART	13	advmod	hi
train-s894	16	NOUN	17	compound	hi
train-s894	17	VERB	2	conj	hi
train-s894	18	AUX	17	aux	hi
train-s895	1	NOUN	3	nmod	hi
train-s895	2	ADP	1	case	hi
train-s895	3	NOUN	9	nmod	hi
train-s895	4	PART	3	advmod	hi
train-s895	5	PRON	9	nsubj	en
train-s895	6	AUX	9	cop	en
train-s895	7	DET	8	det	en
train-s895	8	ADV	0	root	en
train-s896	1	VERB	9	csubj	en
train-s896	2	NOUN	5	nmod	en
train-s896	3	PART	2	flat	hi
train-s896	4	ADP	2	case	hi
train-s896	5	NOUN	1	obj	en
train-s896	6	AUX	9	cop	en
train-s896	7	ADV	8	advmod	en
train-s896	8	ADJ	9	amod	en
train-s896	9	NOUN	0	root	en
train-s897	1	ADJ	2	amod	en
train-s897	2	NOUN	3	compound	en
train-s897	3	VERB	0	root	hi
train-s897	4	AUX	3	aux	hi
train-s898	2	NOUN	6	nsubj	en
train-s898	3	AUX	6	aux	en
train-s898	4	AUX	6	cop	en
train-s898	5	DET	6	det	en
train-s898	6	ADJ	0	root	en
train-s898	7	SCONJ	12	mark	en
train-s898	9	NOUN	12	vocative	hi
train-s898	10	NOUN	12	nmod	hi
train-s898	11	NOUN	12	nsubj	en
train-s898	12	VERB	6	advcl	en
train-s898	13	DET	14	det	hi
train-s898	14	NOUN	12	nmod	hi
train-s898	15	AUX	14	cop	hi
train-s899	1	AUX	4	aux	en
train-s899	2	PRON	4	nsubj	en
train-s899	3	ADV	4	advmod	en
train-s899	4	VERB	0	root	en
train-s899	5	DET	9	det	en
train-s899	7	NOUN	9	nmod	hi
train-s899	8	ADP	7	case	hi
train-s899	9	NOUN	4	obj	hi
train-s900	1	NOUN	6	nsubj	hi
train-s900	2	ADP	1	case	hi
train-s900	3	NOUN	6	nmod	en
train-s900	4	ADP	3	case	hi
train-s900	5	PART	3	advmod	hi
train-s900	6	NOUN	0	root	hi
train-s900	7	PART	6	advmod	hi
train-s900	8	AUX	6	cop	hi
train-s900	9	CCONJ	13	cc	hi
train-s900	10	ADJ	12	amod	en
train-s900	11	NOUN	12	compound	en
train-s900	12	NOUN	13	obj	en
train-s900	13	VERB	6	conj	en
train-s900	14	AUX	13	aux	hi
train-s900	15	AUX	13	aux	hi
train-s900	16	AUX	13	aux	hi
train-s901	1	PRON	2	nsubj	en
train-s901	2	VERB	0	root	en
train-s901	3	DET	4	det	en
train-s901	4	NOUN	2	obj	en
train-s901	5	PRON	7	nsubj	en
train-s901	6	AUX	7	aux	en
train-s901	7	VERB	4	acl:relcl	en
train-s901	10	NOUN	12	nmod	hi
train-s901	11	ADP	10	case	hi
train-s901	12	NOUN	7	compound	hi
train-s902	1	PRON	2	nsubj	en
train-s902	2	VERB	0	root	en
train-s902	3	DET	5	det	en
train-s902	4	ADJ	5	amod	en
train-s902	5	NOUN	7	nsubj	en
train-s902	6	AUX	7	aux	en
train-s902	7	VERB	2	xcomp	en
train-s902	8	ADP	9	case	en
train-s902	9	PRON	7	obl	en
train-s902	11	CCONJ	16	cc	hi
train-s902	12	PRON	16	nsubj	hi
train-s902	13	PRON	16	obl	hi
train-s902	14	ADP	13	case	hi
train-s902	15	NOUN	16	compound	hi
train-s902	16	VERB	7	conj	hi
train-s902	17	AUX	16	aux	hi
train-s903	2	ADJ	3	compound	hi
train-s903	3	VERB	6	advcl	hi
train-s903	4	AUX	3	aux	hi
train-s903	6	VERB	11	csubj	hi
train-s903	8	AUX	11	cop	en
train-s903	9	DET	11	det	en
train-s903	10	ADJ	11	amod	en
train-s903	11	NOUN	0	root	en
train-s903	12	ADP	14	case	en
train-s903	13	ADJ	14	amod	hi
train-s903	14	NOUN	11	nmod	en
train-s904	1	CCONJ	11	cc	en
train-s904	2	ADP	5	case	en
train-s904	3	DET	5	det	en
train-s904	4	ADJ	5	amod	en
train-s904	5	NOUN	11	obl	en
train-s904	6	PRON	7	nmod	hi
train-s904	7	NOUN	11	nsubj	en
train-s904	10	NOUN	11	compound	en
train-s904	11	VERB	0	root	hi
train-s904	12	AUX	11	aux	hi
train-s905	1	ADV	7	advmod	hi
train-s905	2	NOUN	3	compound	en
train-s905	3	NOUN	7	obl	en
train-s905	4	ADP	3	case	hi
train-s905	5	ADP	3	case	hi
train-s905	6	NOUN	7	obj	en
train-s905	7	VERB	0	root	hi
train-s905	8	AUX	7	aux	hi
train-s905	9	PRON	7	advmod	hi
train-s906	1	ADV	2	advmod	en
train-s906	2	ADJ	0	root	en
train-s906	3	ADP	7	case	en
train-s906	5	ADP	4	case	hi
train-s906	6	ADP	4	case	hi
train-s906	7	NOUN	2	nmod	hi
train-s907	2	ADP	3	case	en
train-s907	3	NOUN	12	obl	en
train-s907	5	NOUN	6	obj	hi
train-s907	6	VERB	8	acl	hi
train-s907	8	NOUN	10	nsubj	en
train-s907	9	AUX	10	aux	en
train-s907	10	VERB	0	root	en
train-s907	11	PART	12	mark	en
train-s907	12	VERB	10	xcomp	en
train-s908	1	DET	3	det	en
train-s908	2	ADJ	3	amod	en
train-s908	3	NOUN	5	nsubj	en
train-s908	4	ADV	5	advmod	en
train-s908	5	VERB	0	root	en
train-s908	7	NOUN	14	nmod	hi
train-s908	8	CCONJ	9	cc	hi
train-s908	9	NOUN	7	conj	hi
train-s908	10	ADP	9	case	hi
train-s908	11	ADV	14	advmod	hi
train-s908	12	NOUN	14	compound	hi
train-s908	13	PART	14	advmod	hi
train-s908	14	VERB	5	xcomp	hi
train-s908	15	AUX	14	aux	hi
train-s909	1	ADP	2	case	en
train-s909	2	PROPN	7	obl	en
train-s909	4	NOUN	7	nmod	hi
train-s909	5	PART	4	advmod	hi
train-s909	6	ADV	7	advmod	en
train-s909	7	VERB	0	root	en
train-s910	1	NOUN	2	compound	hi
train-s910	2	VERB	0	root	hi
train-s910	3	AUX	2	aux	hi
train-s910	5	DET	6	det	en
train-s910	6	NOUN	11	nsubj	en
train-s910	7	ADP	9	case	en
train-s910	8	DET	9	det	en
train-s910	9	NOUN	11	obl	en
train-s910	10	AUX	11	aux	en
train-s910	11	VERB	2	xcomp	en
train-s911	1	AUX	3	aux	en
train-s911	2	PART	3	advmod	en
train-s911	3	VERB	0	root	en
train-s911	4	VERB	3	xcomp	en
train-s911	5	PRON	6	nmod	en
train-s911	6	NOUN	4	obj	en
train-s911	7	ADP	9	case	en
train-s911	8	DET	9	det	en
train-s911	9	NOUN	4	obl	en
train-s911	10	ADP	13	case	en
train-s911	11	DET	13	det	en
train-s911	12	ADJ	13	amod	en
train-s911	13	NOUN	3	obl	en
train-s911	14	SCONJ	16	mark	en
train-s911	15	ADJ	16	xcomp	hi
train-s911	16	VERB	3	advcl	hi
train-s911	17	AUX	16	aux	hi
train-s912	1	VERB	0	root	en
train-s912	2	SCONJ	10	mark	en
train-s912	4	ADP	5	case	en
train-s912	6	AUX	10	cop	en
train-s912	7	PART	8	advmod	en
train-s912	8	ADV	10	advmod	en
train-s912	9	ADJ	10	amod	hi
train-s912	10	NOUN	1	obj	hi
train-s913	1	NOUN	3	nmod	hi
train-s913	2	ADP	1	case	hi
train-s913	3	NOUN	5	nsubj	en
train-s913	4	AUX	5	cop	en
train-s913	5	ADJ	0	root	en
train-s913	6	ADP	8	case	en
train-s913	8	NOUN	5	nmod	en
train-s914	1	ADJ	2	amod	en
train-s914	3	NOUN	5	obj	en
train-s914	4	ADV	5	advmod	hi
train-s914	5	VERB	0	root	hi
train-s914	6	NOUN	5	nsubj	hi
train-s915	1	NOUN	7	nmod	en
train-s915	2	CCONJ	3	cc	hi
train-s915	3	NOUN	1	conj	hi
train-s915	4	ADP	1	case	hi
train-s915	5	ADV	6	advmod	hi
train-s915	6	ADJ	7	amod	en
train-s915	7	NOUN	0	root	en
train-s915	8	AUX	7	cop	hi
train-s916	1	DET	3	det	hi
train-s916	2	NOUN	3	compound	en
train-s916	3	NOUN	0	root	en
train-s916	4	AUX	3	cop	hi
train-s916	6	ADP	5	case	hi
train-s916	7	VERB	3	acl	hi
train-s916	8	SCONJ	7	mark	hi
train-s917	1	PRON	3	nsubj	en
train-s917	2	ADV	3	advmod	en
train-s917	3	VERB	0	root	en
train-s917	5	NOUN	3	nmod	en
train-s917	6	CCONJ	12	cc	hi
train-s917	7	NUM	8	nummod	hi
train-s917	8	NOUN	12	nsubj	hi
train-s917	9	PART	8	advmod	hi
train-s917	10	NOUN	12	compound	hi
train-s917	11	PART	12	advmod	hi
train-s917	12	VERB	3	conj	hi
train-s918	1	NOUN	2	obj	hi
train-s918	2	VERB	6	advcl	hi
train-s918	3	AUX	2	aux	hi
train-s918	4	SCONJ	6	mark	hi
train-s918	5	NOUN	6	nsubj	hi
train-s918	6	VERB	13	advcl	hi
train-s918	7	AUX	6	aux	hi
train-s918	8	SCONJ	13	mark	hi
train-s918	9	PRON	13	nsubj	en
train-s918	10	AUX	13	cop	en
train-s918	11	DET	13	det	en
train-s918	12	ADJ	13	amod	en
train-s918	13	NOUN	0	root	en
train-s918	14	ADV	13	advmod	en
train-s919	1	CCONJ	9	cc	en
train-s919	3	DET	4	det	en
train-s919	4	NOUN	9	obj	en
train-s919	5	ADP	7	case	en
train-s919	6	PRON	7	nmod	en
train-s919	7	NOUN	4	nmod	en
train-s919	8	AUX	9	aux	en
train-s919	9	VERB	0	root	en
train-s919	11	NOUN	15	obl	hi
train-s919	12	ADP	11	case	hi
train-s919	13	NOUN	15	nsubj	hi
train-s919	14	ADV	15	advmod	hi
train-s919	15	VERB	9	acl	hi
train-s920	2	DET	3	det	en
train-s920	3	NOUN	5	nsubj	en
train-s920	4	AUX	5	aux	en
train-s920	5	VERB	0	root	en
train-s920	6	PART	5	advmod	en
train-s920	7	ADP	8	case	en
train-s920	10	NOUN	5	nmod	en
train-s920	11	SCONJ	12	mark	en
train-s920	12	VERB	5	advcl	en
train-s920	14	NOUN	17	vocative	hi
train-s920	15	PRON	17	nsubj	hi
train-s920	16	ADJ	17	amod	en
train-s920	18	AUX	17	cop	hi
train-s920	19	PRON	17	advmod	hi
train-s921	2	VERB	0	root	en
train-s921	3	PRON	4	nsubj	en
train-s921	4	VERB	2	ccomp	en
train-s921	5	PRON	4	iobj	en
train-s921	6	PRON	4	obj	en
train-s921	7	ADJ	6	xcomp	en
train-s921	8	NOUN	16	nmod	hi
train-s921	10	NOUN	11	compound	en
train-s921	11	NOUN	16	nsubj	en
train-s921	12	ADP	11	case	hi
train-s921	14	NOUN	16	obj	en
train-s921	15	ADP	14	case	hi
train-s921	16	VERB	7	acl	hi
train-s921	17	AUX	16	aux	hi
train-s921	18	AUX	16	aux	hi
train-s922	1	PRON	6	nsubj	hi
train-s922	2	NOUN	6	obl	en
train-s922	3	ADP	2	case	hi
train-s922	4	NOUN	5	compound	en
train-s922	5	NOUN	6	obj	en
train-s922	6	VERB	0	root	hi
train-s922	7	AUX	6	aux	hi
train-s922	8	PRON	6	advmod	hi
train-s922	9	ADV	6	advmod	hi
train-s923	1	DET	2	det	hi
train-s923	2	NOUN	0	root	hi
train-s923	3	AUX	2	cop	hi
train-s923	4	SCONJ	8	mark	hi
train-s923	5	NOUN	8	nsubj	hi
train-s923	6	ADJ	7	amod	en
train-s923	7	NOUN	8	obj	en
train-s923	8	VERB	2	acl	hi
train-s923	9	AUX	8	aux	hi
train-s923	10	AUX	8	aux	hi
train-s924	2	NOUN	5	nmod	hi
train-s924	3	ADP	2	case	hi
train-s924	4	DET	5	det	hi
train-s924	5	NOUN	7	nsubj	hi
train-s924	6	NUM	7	nummod	hi
train-s924	7	NOUN	0	root	hi
train-s924	8	CCONJ	24	cc	hi
train-s924	9	DET	22	det	hi
train-s924	11	PRON	13	nsubj	en
train-s924	12	AUX	13	aux	en
train-s924	13	VERB	22	acl	en
train-s924	14	VERB	13	xcomp	en
train-s924	15	ADP	16	case	en
train-s924	16	PRON	14	obj	en
train-s924	17	PART	18	advmod	en
train-s924	18	NOUN	19	advmod	en
train-s924	19	PRON	13	nmod	en
train-s924	21	ADP	13	case	hi
train-s924	22	NOUN	24	nsubj	hi
train-s924	23	NUM	24	nummod	hi
train-s924	24	NOUN	7	conj	hi
train-s925	2	NOUN	6	nmod	hi
train-s925	3	NOUN	2	compound	hi
train-s925	4	NOUN	6	nsubj	hi
train-s925	5	ADV	6	advmod	hi
train-s925	6	ADJ	0	root	hi
train-s925	7	AUX	6	cop	hi
train-s925	8	AUX	6	aux	hi
train-s925	9	ADP	11	case	en
train-s925	10	DET	11	det	en
train-s925	11	NOUN	6	nmod	en
train-s926	1	NOUN	2	nsubj	hi
train-s926	2	VERB	0	root	hi
train-s926	3	AUX	2	aux	hi
train-s926	4	AUX	2	aux	hi
train-s926	5	PRON	6	nsubj	en
train-s926	6	VERB	2	parataxis	en
train-s926	7	ADP	8	case	en
train-s926	8	NOUN	6	obl	hi
train-s927	1	ADJ	2	xcomp	hi
train-s927	2	VERB	0	root	hi
train-s927	4	VERB	2	xcomp	en
train-s927	5	ADV	12	advmod	en
train-s927	7	PART	6	case	en
train-s927	9	NOUN	12	nsubj	en
train-s927	10	AUX	12	aux	en
train-s927	11	AUX	12	aux	en
train-s927	12	VERB	4	advcl	en
train-s927	13	ADJ	12	xcomp	en
train-s928	2	AUX	3	aux	en
train-s928	3	VERB	0	root	en
train-s928	4	ADP	6	case	en
train-s928	5	DET	6	det	en
train-s928	6	NOUN	3	obl	en
train-s928	7	CCONJ	11	cc	en
train-s928	8	DET	10	det	en
train-s928	9	NOUN	10	compound	en
train-s928	10	NOUN	11	nsubj	en
train-s928	11	VERB	3	conj	en
train-s928	13	NOUN	15	vocative	hi
train-s928	14	PRON	15	nsubj	hi
train-s928	15	NOUN	11	obj	en
train-s928	16	AUX	15	cop	hi
train-s929	1	PRON	7	iobj	hi
train-s929	2	NOUN	7	obl	hi
train-s929	3	ADP	2	case	hi
train-s929	4	PRON	5	nsubj	en
train-s929	5	VERB	7	xcomp	en
train-s929	6	PRON	5	obj	en
train-s929	7	VERB	0	root	hi
train-s929	8	AUX	7	aux	hi
train-s930	1	PRON	3	nmod	hi
train-s930	2	ADJ	3	amod	en
train-s930	3	NOUN	4	nsubj	en
train-s930	5	AUX	4	cop	hi
train-s931	1	ADP	2	case	en
train-s931	2	PROPN	3	nmod	en
train-s931	3	NOUN	12	nmod	en
train-s931	5	ADV	12	advmod	en
train-s931	6	ADP	12	case	en
train-s931	7	DET	12	det	en
train-s931	9	NOUN	11	compound	hi
train-s931	10	PART	11	advmod	hi
train-s931	11	VERB	12	acl	hi
train-s931	12	NOUN	0	root	en
train-s932	2	ADP	1	case	hi
train-s932	3	NOUN	5	nmod	hi
train-s932	4	ADP	3	case	hi
train-s932	5	NOUN	11	obl	hi
train-s932	6	ADP	5	case	hi
train-s932	7	ADP	5	case	hi
train-s932	8	ADP	5	case	hi
train-s932	9	NOUN	11	nsubj	en
train-s932	10	ADJ	11	compound	en
train-s932	11	VERB	0	root	hi
train-s933	1	PRON	4	nsubj	en
train-s933	2	AUX	4	cop	en
train-s933	3	ADV	4	advmod	en
train-s933	4	ADJ	0	root	en
train-s933	5	ADV	7	mark	en
train-s933	6	PRON	7	nsubj	en
train-s933	7	VERB	4	advcl	en
train-s933	8	ADP	9	case	en
train-s933	9	NOUN	7	obl	en
train-s933	11	NOUN	4	advcl	hi
train-s933	12	PRON	11	nsubj	hi
train-s933	13	AUX	11	cop	hi
train-s933	14	SCONJ	16	mark	hi
train-s933	15	ADJ	16	obj	en
train-s933	16	VERB	11	acl	hi
train-s933	17	ADV	18	advmod	hi
train-s933	18	ADJ	15	amod	hi
train-s933	19	NOUN	16	nmod	hi
train-s934	1	PRON	2	nmod	en
train-s934	2	NOUN	0	root	en
train-s934	3	ADP	4	case	en
train-s934	7	ADP	6	case	hi
train-s934	8	NOUN	4	conj	hi
train-s934	9	CCONJ	13	cc	en
train-s934	11	DET	13	det	en
train-s934	12	ADJ	13	amod	en
train-s934	13	NOUN	4	conj	en
train-s935	1	PRON	2	nsubj	en
train-s935	2	VERB	3	acl	en
train-s935	4	ADP	8	case	en
train-s935	5	NOUN	6	compound	hi
train-s935	6	NOUN	8	nmod	hi
train-s935	7	ADP	6	case	hi
train-s935	8	NOUN	3	nmod	hi
train-s935	9	ADV	11	advmod	en
train-s935	10	PRON	11	nsubj	en
train-s935	11	VERB	8	acl	en
train-s936	1	SCONJ	7	mark	en
train-s936	4	AUX	7	cop	en
train-s936	6	PART	5	case	en
train-s936	7	NOUN	19	nmod	en
train-s936	9	SCONJ	19	mark	en
train-s936	11	CCONJ	12	cc	en
train-s936	13	AUX	19	cop	en
train-s936	15	PART	14	case	en
train-s936	16	NOUN	19	nmod	en
train-s936	17	ADP	16	case	hi
train-s936	18	NOUN	19	compound	hi
train-s936	19	NOUN	0	root	hi
train-s937	3	ADJ	4	amod	en
train-s937	4	NOUN	9	obl	hi
train-s937	5	ADP	4	case	hi
train-s937	6	NUM	7	nummod	hi
train-s937	7	NOUN	9	obl	en
train-s937	8	ADP	7	case	hi
train-s937	9	VERB	12	amod	hi
train-s937	10	AUX	9	aux	hi
train-s937	11	ADJ	12	amod	hi
train-s937	12	PROPN	13	xcomp	hi
train-s937	13	VERB	0	root	hi
train-s938	1	PRON	4	nsubj	en
train-s938	2	AUX	4	aux	en
train-s938	3	AUX	4	aux	en
train-s938	4	VERB	0	root	en
train-s938	5	ADV	4	advmod	en
train-s938	7	CCONJ	15	cc	hi
train-s938	8	PART	4	conj	hi
train-s938	10	NOUN	15	nsubj	hi
train-s938	11	ADP	10	case	hi
train-s938	12	ADP	10	case	hi
train-s938	13	PRON	14	nmod	hi
train-s938	14	NOUN	15	nsubj	hi
train-s938	15	NOUN	4	conj	hi
train-s938	16	PART	15	advmod	hi
train-s938	17	PART	15	advmod	hi
train-s938	18	AUX	15	cop	hi
train-s939	2	DET	3	det	en
train-s939	3	NOUN	5	nmod	en
train-s939	4	ADP	3	case	en
train-s939	5	NOUN	7	nmod	en
train-s939	6	PRON	7	nsubj	en
train-s939	7	VERB	17	csubj	en
train-s939	9	ADJ	10	compound	hi
train-s939	10	VERB	11	advcl	hi
train-s939	11	VERB	7	xcomp	hi
train-s939	13	DET	15	det	en
train-s939	14	ADJ	15	amod	en
train-s939	15	NOUN	7	nmod	en
train-s939	16	AUX	17	cop	en
train-s939	17	ADJ	0	root	en
train-s940	1	PRON	2	nsubj	en
train-s940	2	VERB	0	root	en
train-s940	3	NOUN	7	nmod	hi
train-s940	4	NOUN	7	obj	en
train-s940	5	ADP	4	case	hi
train-s940	6	NOUN	7	compound	hi
train-s940	7	VERB	2	xcomp	hi
train-s940	8	AUX	7	aux	hi
train-s941	1	NOUN	9	nsubj	hi
train-s941	2	NOUN	9	iobj	hi
train-s941	3	ADP	2	case	hi
train-s941	4	ADJ	6	amod	en
train-s941	5	NOUN	6	compound	en
train-s941	6	NOUN	9	obl	en
train-s941	7	ADP	6	case	hi
train-s941	8	NOUN	9	obj	hi
train-s941	9	VERB	0	root	hi
train-s941	10	AUX	9	aux	hi
train-s942	1	PRON	3	nsubj	en
train-s942	2	ADV	3	advmod	en
train-s942	3	VERB	0	root	en
train-s942	4	PRON	3	iobj	en
train-s942	6	INTJ	13	discourse	hi
train-s942	7	PART	8	advmod	hi
train-s942	8	PRON	13	nsubj	hi
train-s942	9	PRON	13	obj	hi
train-s942	10	DET	11	det	hi
train-s942	11	NOUN	13	obl	hi
train-s942	12	ADP	11	case	hi
train-s942	13	VERB	3	xcomp	hi
train-s942	14	AUX	13	aux	hi
train-s942	15	AUX	13	aux	hi
train-s943	2	NOUN	4	nsubj	en
train-s943	3	NOUN	4	compound	en
train-s943	4	VERB	0	root	hi
train-s943	5	AUX	4	aux	hi
train-s943	6	PRON	4	advmod	hi
train-s944	1	PRON	4	nsubj	hi
train-s944	2	ADV	4	mark	hi
train-s944	3	NOUN	4	obj	hi
train-s944	4	VERB	9	advcl	hi
train-s944	5	AUX	4	aux	hi
train-s944	7	NOUN	9	obj	en
train-s944	8	NOUN	7	advmod	en
train-s944	9	VERB	0	root	hi
train-s944	10	AUX	9	aux	hi
train-s945	2	NOUN	6	vocative	hi
train-s945	3	NOUN	6	compound	en
train-s945	4	PART	3	advmod	hi
train-s945	5	PART	6	advmod	hi
train-s945	6	VERB	0	root	hi
train-s945	7	ADP	10	case	en
train-s945	8	PRON	9	nsubj	en
train-s945	9	VERB	6	advcl	en
train-s945	11	ADV	14	advmod	hi
train-s945	12	DET	13	det	hi
train-s945	13	NOUN	14	obj	hi
train-s945	14	VERB	6	advcl	hi
train-s946	1	ADV	2	advmod	en
train-s946	2	VERB	0	root	en
train-s946	3	PART	4	mark	en
train-s946	4	VERB	2	xcomp	en
train-s946	5	CCONJ	17	cc	en
train-s946	6	DET	8	det	en
train-s946	7	ADJ	8	amod	hi
train-s946	8	NOUN	17	nsubj	hi
train-s946	10	NOUN	8	conj	hi
train-s946	11	CCONJ	13	cc	en
train-s946	12	NOUN	13	compound	hi
train-s946	13	NOUN	8	conj	hi
train-s946	14	PART	17	advmod	en
train-s946	15	AUX	17	aux	en
train-s946	16	PRON	17	nsubj	en
train-s946	17	VERB	2	conj	en
train-s947	1	PRON	4	nsubj	en
train-s947	2	AUX	4	cop	en
train-s947	3	DET	4	det	en
train-s947	4	NOUN	0	root	en
train-s947	5	ADP	6	case	en
train-s947	6	NOUN	4	nmod	en
train-s947	7	ADV	4	advmod	en
train-s947	9	ADP	8	case	hi
train-s947	10	ADV	11	advmod	hi
train-s947	11	NOUN	6	nmod	hi
train-s947	12	ADP	11	case	hi
train-s947	13	ADP	11	case	hi
train-s948	1	PART	2	advmod	en
train-s948	2	VERB	0	root	en
train-s948	3	ADP	5	case	en
train-s948	4	NOUN	5	compound	en
train-s948	5	NOUN	2	obl	en
train-s948	6	SCONJ	10	mark	en
train-s948	7	NOUN	10	nmod	en
train-s948	8	ADP	7	case	hi
train-s948	9	PRON	10	nsubj	hi
train-s948	11	AUX	10	cop	hi
train-s949	2	NOUN	4	nsubj	hi
train-s949	3	PRON	4	obj	hi
train-s949	4	VERB	7	csubj	hi
train-s949	6	AUX	7	aux	en
train-s949	7	VERB	0	root	en
train-s949	8	ADJ	9	amod	en
train-s949	9	NOUN	7	obj	en
train-s949	10	ADP	11	case	en
train-s949	11	PRON	7	obl	en
train-s949	12	ADV	11	advmod	en
train-s949	13	ADP	15	case	en
train-s949	14	DET	15	det	en
train-s949	15	NOUN	7	obl	en
train-s950	2	NOUN	4	nmod	en
train-s950	3	PART	2	advmod	hi
train-s950	4	VERB	0	root	hi
train-s950	5	AUX	4	aux	hi
train-s950	6	AUX	4	aux	hi
train-s951	1	PRON	5	expl	en
train-s951	2	AUX	5	aux	en
train-s951	3	AUX	5	cop	en
train-s951	5	NOUN	0	root	en
train-s951	6	PRON	9	nmod	en
train-s951	9	VERB	5	acl	en
train-s951	11	ADV	9	obj	hi
train-s951	12	PART	11	advmod	hi
train-s951	13	AUX	11	cop	hi
train-s951	14	PRON	11	nsubj	hi
train-s951	16	ADP	17	case	en
train-s951	19	PRON	20	nsubj	en
train-s951	20	VERB	5	parataxis	en
train-s951	21	PRON	22	nsubj	en
train-s951	22	VERB	20	xcomp	en
train-s951	23	PRON	22	obj	en
train-s952	2	NOUN	3	nsubj	hi
train-s952	3	VERB	0	root	hi
train-s952	4	AUX	3	aux	hi
train-s952	5	AUX	3	aux	hi
train-s952	6	CCONJ	11	cc	en
train-s952	7	PRON	11	nsubj	en
train-s952	8	ADV	11	advmod	en
train-s952	9	AUX	11	aux	en
train-s952	10	PART	11	advmod	en
train-s952	11	VERB	3	conj	en
train-s952	12	PRON	14	nmod	en
train-s952	13	NOUN	14	compound	en
train-s952	14	NOUN	11	obj	en
train-s952	15	CCONJ	17	cc	en
train-s952	16	NOUN	17	compound	en
train-s952	17	NOUN	14	conj	en
train-s953	1	PRON	2	nsubj	en
train-s953	2	VERB	0	root	en
train-s953	4	PRON	6	nsubj	hi
train-s953	5	PART	4	advmod	hi
train-s953	6	NOUN	3	nmod	en
train-s953	7	ADP	6	case	hi
train-s953	9	ADP	3	case	hi
train-s953	10	NOUN	11	compound	en
train-s953	11	NOUN	2	obj	en
train-s953	12	ADP	11	case	hi
train-s953	13	ADP	14	case	hi
train-s953	15	ADJ	16	amod	en
train-s953	16	NOUN	2	nmod	en
train-s954	1	PRON	2	nsubj	en
train-s954	2	VERB	0	root	en
train-s954	3	DET	5	det	en
train-s954	4	NOUN	5	compound	en
train-s954	5	NOUN	2	obj	en
train-s954	6	SCONJ	12	mark	hi
train-s954	7	NOUN	8	obj	en
train-s954	8	VERB	10	acl	hi
train-s954	9	SCONJ	8	mark	hi
train-s954	10	NOUN	12	nsubj	hi
train-s954	11	ADJ	12	xcomp	hi
train-s954	12	VERB	2	advcl	hi
train-s955	1	VERB	10	advcl	hi
train-s955	2	SCONJ	1	mark	hi
train-s955	3	SCONJ	1	mark	hi
train-s955	4	PRON	6	nmod	hi
train-s955	5	ADJ	6	amod	en
train-s955	6	NOUN	8	nmod	en
train-s955	7	ADP	6	case	hi
train-s955	8	NOUN	10	obj	en
train-s955	9	NOUN	10	compound	en
train-s955	10	VERB	0	root	hi
train-s956	1	PRON	13	nmod	en
train-s956	2	PRON	3	nsubj	en
train-s956	3	VERB	1	acl:relcl	en
train-s956	5	ADJ	6	amod	hi
train-s956	6	NOUN	7	nsubj	hi
train-s956	7	ADV	3	xcomp	hi
train-s956	8	AUX	7	cop	hi
train-s956	11	AUX	13	aux	en
train-s956	12	PART	13	advmod	en
train-s956	13	VERB	19	xcomp	en
train-s956	14	VERB	13	xcomp	en
train-s956	15	ADP	16	case	en
train-s956	16	NOUN	14	obl	en
train-s956	17	ADV	13	advmod	en
train-s956	18	PRON	19	expl	en
train-s956	19	VERB	0	root	en
train-s957	1	PRON	2	nsubj	en
train-s957	2	VERB	0	root	en
train-s957	3	NOUN	5	nmod	hi
train-s957	4	NOUN	5	obj	en
train-s957	5	VERB	2	xcomp	hi
train-s957	6	AUX	5	aux	hi
train-s958	1	ADV	2	advmod	en
train-s958	2	ADJ	0	root	en
train-s958	3	SCONJ	7	mark	hi
train-s958	4	PRON	5	nmod	hi
train-s958	5	NOUN	7	nsubj	hi
train-s958	6	ADJ	7	compound	hi
train-s958	7	VERB	2	acl	hi
train-s958	8	AUX	7	aux	hi
train-s958	9	NOUN	7	nmod	hi
train-s959	1	PRON	2	nmod	hi
train-s959	3	ADP	2	case	hi
train-s959	4	ADJ	5	amod	en
train-s959	5	NOUN	9	nmod	en
train-s959	6	DET	7	det	hi
train-s959	7	NOUN	9	obl	hi
train-s959	8	ADP	7	case	hi
train-s959	9	VERB	0	root	hi
train-s959	10	AUX	9	aux	hi
train-s960	2	AUX	8	aux	en
train-s960	3	AUX	8	cop	en
train-s960	4	DET	6	det	en
train-s960	5	ADV	8	advmod	en
train-s960	8	NOUN	0	root	en
train-s960	9	PRON	14	obj	hi
train-s960	11	ADP	10	case	hi
train-s960	12	NOUN	14	compound	en
train-s960	13	VERB	14	acl	hi
train-s960	14	VERB	1	acl:relcl	hi
train-s960	15	AUX	14	aux	hi
train-s961	1	SCONJ	6	mark	en
train-s961	3	NOUN	6	obl	hi
train-s961	4	ADP	3	case	hi
train-s961	5	ADP	3	case	hi
train-s961	6	VERB	12	advcl	hi
train-s961	8	SCONJ	12	mark	en
train-s961	10	NOUN	12	obl	hi
train-s961	11	ADP	10	case	hi
train-s961	12	VERB	17	advcl	hi
train-s961	15	DET	16	det	en
train-s961	16	PRON	17	nsubj	en
train-s961	17	VERB	0	root	en
train-s961	18	PART	17	advmod	en
train-s962	1	NOUN	6	nmod	hi
train-s962	3	AUX	6	cop	en
train-s962	4	PART	5	advmod	hi
train-s962	5	ADV	6	advmod	en
train-s962	6	ADJ	0	root	en
train-s963	1	PRON	2	nsubj	en
train-s963	2	VERB	0	root	en
train-s963	3	NOUN	6	nmod	hi
train-s963	4	NOUN	6	nsubj	hi
train-s963	5	ADV	6	advmod	hi
train-s963	6	ADJ	2	ccomp	en
train-s963	7	AUX	6	cop	hi
train-s964	1	AUX	3	aux	en
train-s964	2	PRON	3	nsubj	en
train-s964	3	VERB	18	advcl	en
train-s964	5	AUX	6	aux	en
train-s964	6	VERB	3	xcomp	en
train-s964	7	ADV	10	advmod	en
train-s964	8	SCONJ	10	mark	en
train-s964	9	PRON	10	nsubj	en
train-s964	10	VERB	6	advcl	en
train-s964	11	PART	10	advmod	en
train-s964	14	PRON	18	nsubj	hi
train-s964	15	ADJ	18	compound	hi
train-s964	16	PART	15	advmod	hi
train-s964	17	PART	18	advmod	hi
train-s964	18	VERB	0	root	hi
train-s965	1	DET	2	det	hi
train-s965	2	NOUN	9	nsubj	hi
train-s965	3	CCONJ	4	cc	hi
train-s965	4	NOUN	2	conj	en
train-s965	6	ADP	5	case	hi
train-s965	8	ADP	7	case	hi
train-s965	9	VERB	11	acl:relcl	hi
train-s965	10	ADV	11	advmod	hi
train-s965	11	ADJ	13	compound	hi
train-s965	12	PRON	13	nsubj	hi
train-s965	13	VERB	0	root	en
train-s966	1	ADJ	4	amod	hi
train-s966	2	ADJ	3	compound	en
train-s966	3	VERB	4	acl	en
train-s966	4	NOUN	7	nsubj	en
train-s966	5	ADJ	7	xcomp	en
train-s966	6	ADV	7	advmod	hi
train-s966	7	VERB	0	root	hi
train-s966	8	AUX	7	aux	hi
train-s967	2	AUX	3	cop	en
train-s967	3	PRON	0	root	en
train-s967	4	ADV	5	advmod	en
train-s967	5	PRON	3	nsubj	en
train-s967	6	CCONJ	16	cc	hi
train-s967	7	ADV	16	advmod	hi
train-s967	9	ADP	8	case	hi
train-s967	11	ADJ	12	amod	en
train-s967	12	NOUN	14	nmod	en
train-s967	14	NOUN	16	obj	en
train-s967	15	ADJ	16	compound	hi
train-s967	16	VERB	3	conj	hi
train-s967	17	AUX	16	aux	hi
train-s967	18	AUX	16	aux	hi
train-s968	1	DET	2	det	en
train-s968	2	NOUN	16	nsubj	en
train-s968	3	SCONJ	6	mark	en
train-s968	5	PRON	6	nsubj	hi
train-s968	6	NOUN	12	advcl	en
train-s968	7	AUX	6	cop	hi
train-s968	8	PRON	6	nmod	hi
train-s968	10	SCONJ	12	mark	en
train-s968	12	VERB	16	advcl	hi
train-s968	13	NOUN	12	vocative	hi
train-s968	15	AUX	16	cop	en
train-s968	16	ADJ	0	root	en
train-s968	17	CCONJ	18	cc	en
train-s968	18	ADJ	16	conj	en
train-s969	1	DET	2	det	hi
train-s969	2	NOUN	7	nsubj	en
train-s969	3	NOUN	7	obj	en
train-s969	4	AUX	3	cop	hi
train-s969	5	NOUN	7	compound	en
train-s969	6	PART	7	advmod	hi
train-s969	7	VERB	0	root	hi
train-s969	8	AUX	7	aux	hi
train-s970	1	NOUN	0	root	hi
train-s970	2	PART	1	advmod	hi
train-s970	3	ADV	1	advmod	hi
train-s970	4	CCONJ	10	cc	hi
train-s970	5	INTJ	10	discourse	hi
train-s970	6	PRON	7	nmod	hi
train-s970	7	NOUN	10	nsubj	en
train-s970	8	ADV	10	advmod	en
train-s970	9	NOUN	10	compound	en
train-s970	10	VERB	1	conj	hi
train-s970	11	AUX	10	aux	hi
train-s970	12	AUX	10	aux	hi
train-s971	1	ADV	5	advmod	hi
train-s971	2	ADJ	3	amod	en
train-s971	3	NOUN	5	nmod	en
train-s971	4	ADP	3	case	hi
train-s971	5	NOUN	0	root	en
train-s971	6	AUX	5	cop	hi
train-s971	7	DET	8	det	hi
train-s971	8	NOUN	5	nmod	en
train-s971	9	ADP	8	case	hi
train-s972	2	NUM	3	nummod	hi
train-s972	3	NOUN	0	root	hi
train-s972	4	AUX	3	cop	hi
train-s972	5	PRON	7	nsubj	en
train-s972	6	AUX	7	cop	en
train-s972	7	ADJ	3	acl:relcl	en
train-s972	8	PART	7	advmod	en
train-s972	9	VERB	7	amod	en
train-s972	10	NOUN	9	obj	en
train-s972	12	ADV	15	advmod	hi
train-s972	13	PRON	15	nsubj	en
train-s972	14	ADV	15	advmod	en
train-s972	15	VERB	3	conj	en
train-s973	2	ADP	1	case	hi
train-s973	3	NOUN	5	nsubj	hi
train-s973	4	AUX	5	cop	en
train-s973	5	NUM	0	root	en
train-s973	6	ADP	10	case	en
train-s973	7	DET	10	det	en
train-s973	8	ADV	9	advmod	en
train-s973	9	ADJ	10	amod	en
train-s973	10	NOUN	5	nmod	hi
train-s973	11	PROPN	13	nsubj	hi
train-s973	12	AUX	13	aux	en
train-s973	13	VERB	1	acl:relcl	en
train-s973	14	ADP	16	case	en
train-s974	2	PROPN	1	flat	en
train-s974	3	NOUN	7	nsubj	en
train-s974	4	AUX	7	cop	en
train-s974	5	DET	7	det	en
train-s974	6	ADJ	7	amod	en
train-s974	7	NOUN	0	root	en
train-s974	8	PRON	10	nmod	hi
train-s974	9	DET	10	det	hi
train-s974	10	NOUN	11	nsubj	en
train-s974	11	ADJ	3	acl:relcl	en
train-s974	12	AUX	11	cop	hi
train-s975	2	VERB	0	root	en
train-s975	3	PART	2	advmod	en
train-s975	4	NOUN	2	nmod	en
train-s975	5	SCONJ	7	mark	en
train-s975	7	VERB	2	advcl	hi
train-s975	8	AUX	7	aux	hi
train-s975	9	NOUN	7	nsubj	hi
train-s975	11	PRON	14	advmod	hi
train-s975	12	PART	11	advmod	hi
train-s975	13	NOUN	14	compound	hi
train-s975	14	VERB	16	advcl	hi
train-s975	15	SCONJ	14	mark	hi
train-s975	16	VERB	7	parataxis	hi
train-s975	17	AUX	16	aux	hi
train-s975	18	NOUN	16	nmod	hi
train-s976	1	ADV	3	advmod	en
train-s976	2	PART	3	mark	en
train-s976	3	VERB	12	advcl	en
train-s976	4	ADJ	3	xcomp	en
train-s976	6	ADV	12	advmod	en
train-s976	7	DET	10	det	en
train-s976	8	ADJ	10	amod	hi
train-s976	9	ADJ	10	amod	hi
train-s976	10	NOUN	12	nsubj	hi
train-s976	11	AUX	12	aux	en
train-s976	12	VERB	0	root	en
train-s976	13	NOUN	12	obj	en
train-s977	1	PRON	5	nsubj	en
train-s977	2	AUX	5	aux	en
train-s977	3	AUX	5	aux	en
train-s977	4	AUX	5	cop	en
train-s977	5	ADJ	0	root	en
train-s977	6	SCONJ	9	mark	hi
train-s977	7	ADJ	8	amod	en
train-s977	8	NOUN	9	nsubj	en
train-s977	9	NOUN	5	nmod	hi
train-s977	10	PART	9	advmod	hi
train-s977	11	AUX	9	cop	hi
train-s977	12	AUX	9	aux	hi
train-s978	1	PRON	2	nmod	en
train-s978	2	NOUN	3	nsubj	en
train-s978	3	VERB	0	root	en
train-s978	5	ADP	4	case	hi
train-s978	6	NOUN	9	nsubj	en
train-s978	7	PART	6	advmod	hi
train-s978	8	PRON	9	nmod	hi
train-s978	9	NOUN	3	obj	en
train-s978	10	ADP	9	case	hi
train-s978	11	ADP	9	case	hi
train-s978	12	AUX	9	cop	hi
train-s978	13	ADV	15	mark	hi
train-s978	14	NOUN	15	compound	en
train-s978	15	VERB	19	advcl	hi
train-s978	16	AUX	15	aux	hi
train-s978	17	NOUN	19	compound	hi
train-s978	18	PART	19	advmod	hi
train-s978	19	VERB	9	advcl	hi
train-s979	1	PRON	3	advmod	hi
train-s979	2	ADP	1	case	hi
train-s979	3	ADJ	0	root	hi
train-s979	4	AUX	3	cop	hi
train-s979	6	ADP	5	case	hi
train-s979	7	NOUN	8	compound	en
train-s979	8	NOUN	9	acl	en
train-s979	9	VERB	3	acl	hi
train-s979	10	AUX	9	aux	hi
train-s980	1	DET	2	det	hi
train-s980	2	NOUN	9	nsubj	hi
train-s980	3	PRON	5	nmod	hi
train-s980	4	DET	5	det	hi
train-s980	5	NOUN	9	obj	en
train-s980	6	DET	7	det	hi
train-s980	7	NOUN	9	obl	hi
train-s980	8	ADP	7	case	hi
train-s980	9	VERB	0	root	hi
train-s980	10	AUX	9	aux	hi
train-s980	11	AUX	9	aux	hi
train-s980	12	SCONJ	16	mark	hi
train-s980	13	PRON	16	obj	en
train-s980	14	AUX	16	aux	en
train-s980	15	NOUN	16	nsubj	en
train-s980	16	VERB	7	acl	en
train-s980	17	ADP	18	case	en
train-s980	18	PRON	16	obl	en
train-s981	1	SCONJ	7	mark	en
train-s981	2	NOUN	7	nsubj	hi
train-s981	3	ADP	2	case	hi
train-s981	4	AUX	7	cop	en
train-s981	5	DET	7	det	en
train-s981	6	ADJ	7	amod	en
train-s981	7	NOUN	13	nmod	en
train-s981	8	SCONJ	13	mark	hi
train-s981	9	NOUN	13	vocative	hi
train-s981	10	PRON	13	nsubj	hi
train-s981	11	DET	13	det	hi
train-s981	12	PART	11	advmod	hi
train-s981	15	AUX	13	cop	hi
train-s982	2	NOUN	8	nsubj	hi
train-s982	3	ADJ	5	amod	hi
train-s982	4	ADJ	5	amod	hi
train-s982	5	NOUN	6	compound	hi
train-s982	6	VERB	8	advcl	hi
train-s982	7	AUX	6	aux	hi
train-s982	8	VERB	0	root	hi
train-s982	9	AUX	8	aux	hi
train-s982	11	INTJ	8	discourse	en
train-s982	12	AUX	13	aux	en
train-s982	13	VERB	8	xcomp	en
train-s983	2	NOUN	5	nsubj	en
train-s983	3	ADV	4	advmod	en
train-s983	4	ADV	5	advmod	en
train-s983	5	VERB	0	root	en
train-s983	6	SCONJ	12	mark	en
train-s983	7	NUM	8	nummod	hi
train-s983	8	NOUN	12	obl	hi
train-s983	9	ADP	8	case	hi
train-s983	10	NOUN	12	nmod	hi
train-s983	11	PART	10	advmod	hi
train-s983	12	VERB	5	advcl	hi
train-s984	1	VERB	10	advcl	hi
train-s984	2	ADV	10	advmod	en
train-s984	3	NOUN	4	compound	en
train-s984	4	NOUN	10	obl	en
train-s984	5	ADP	4	case	hi
train-s984	6	PART	4	advmod	hi
train-s984	7	PRON	10	nsubj	hi
train-s984	8	NOUN	10	compound	hi
train-s984	9	PART	10	advmod	hi
train-s984	10	VERB	0	root	hi
train-s985	1	ADV	5	advmod	en
train-s985	2	AUX	5	aux	en
train-s985	3	PRON	5	nsubj	en
train-s985	4	ADV	5	advmod	en
train-s985	5	VERB	0	root	en
train-s985	6	SCONJ	9	mark	en
train-s985	7	PRON	9	obj	en
train-s985	8	PRON	9	nsubj	en
train-s985	9	VERB	5	advcl	en
train-s985	10	ADP	11	case	en
train-s985	11	NOUN	9	obl	en
train-s985	12	PART	13	advmod	en
train-s985	13	SCONJ	17	mark	en
train-s985	14	ADV	17	advmod	hi
train-s985	15	DET	16	det	hi
train-s985	16	NOUN	17	nsubj	hi
train-s985	17	VERB	5	advcl	hi
train-s985	18	AUX	17	aux	hi
train-s985	19	AUX	17	aux	hi
train-s985	20	PRON	17	iobj	hi
train-s986	2	ADV	5	mark	en
train-s986	3	PRON	5	nsubj	en
train-s986	4	AUX	5	cop	en
train-s986	5	NOUN	11	advcl	en
train-s986	6	CCONJ	8	cc	en
train-s986	7	PRON	5	conj	en
train-s986	8	AUX	7	orphan	en
train-s986	9	PART	7	orphan	en
train-s986	10	PRON	11	nsubj	en
train-s986	11	VERB	0	root	en
train-s986	12	SCONJ	14	mark	en
train-s986	13	PRON	14	obj	hi
train-s986	14	VERB	11	advcl	hi
train-s986	15	ADV	14	advmod	hi
train-s987	1	NOUN	3	nsubj	hi
train-s987	2	ADV	3	advmod	hi
train-s987	3	ADJ	0	root	hi
train-s987	4	AUX	3	cop	hi
train-s987	6	AUX	7	aux	en
train-s987	7	VERB	3	advcl	en
train-s987	8	ADP	9	case	en
train-s987	9	NOUN	7	obl	en
train-s987	10	ADP	12	case	en
train-s987	11	ADJ	12	amod	en
train-s987	12	NOUN	7	obl	en
train-s988	2	PRON	7	nsubj	hi
train-s988	3	PRON	2	compound	hi
train-s988	4	ADP	2	case	hi
train-s988	6	PART	7	advmod	hi
train-s988	7	VERB	9	acl:relcl	hi
train-s988	9	PRON	12	nsubj	en
train-s988	10	AUX	12	cop	en
train-s988	11	ADJ	12	amod	en
train-s988	12	NOUN	0	root	en
train-s988	13	ADV	12	advmod	en
train-s989	1	NOUN	8	nsubj	hi
train-s989	2	NOUN	8	obl	hi
train-s989	3	ADP	2	case	hi
train-s989	4	ADJ	6	amod	en
train-s989	5	NOUN	6	compound	en
train-s989	6	NOUN	8	obj	en
train-s989	7	NOUN	8	compound	en
train-s989	8	VERB	0	root	hi
train-s989	9	AUX	8	aux	hi
train-s990	1	NOUN	6	nsubj	hi
train-s990	2	NOUN	1	nmod	hi
train-s990	3	ADP	2	case	hi
train-s990	4	ADJ	6	compound	hi
train-s990	5	VERB	6	compound	hi
train-s990	6	VERB	0	root	hi
train-s990	8	NOUN	9	compound	en
train-s990	9	NOUN	6	obl	en
train-s990	10	ADP	9	case	hi
train-s990	11	ADP	9	case	hi
train-s990	12	SCONJ	16	mark	hi
train-s990	13	ADV	14	advmod	en
train-s990	14	ADJ	15	amod	en
train-s990	15	NOUN	16	nsubj	en
train-s990	16	VERB	6	advcl	hi
train-s990	17	AUX	16	aux	hi
train-s991	1	PRON	2	nsubj	en
train-s991	2	VERB	0	root	en
train-s991	3	DET	4	det	hi
train-s991	6	ADV	7	advmod	hi
train-s991	7	DET	8	det	hi
train-s991	8	NOUN	9	compound	hi
train-s991	9	VERB	2	xcomp	hi
train-s992	1	ADJ	0	root	en
train-s992	2	NOUN	1	vocative	en
train-s992	3	PRON	8	nsubj	hi
train-s992	4	NOUN	8	obl	en
train-s992	5	ADP	4	case	hi
train-s992	6	NOUN	8	obj	en
train-s992	7	PART	8	advmod	hi
train-s992	8	VERB	1	advcl	hi
train-s992	9	AUX	8	aux	hi
train-s992	10	ADP	13	case	en
train-s992	11	ADP	10	fixed	en
train-s992	12	DET	13	det	en
train-s992	13	NOUN	8	obl	en
train-s993	1	NOUN	6	obl	en
train-s993	2	ADP	1	case	hi
train-s993	3	ADP	1	case	hi
train-s993	4	NOUN	6	obj	en
train-s993	5	NOUN	6	compound	en
train-s993	6	VERB	0	root	hi
train-s993	7	AUX	6	aux	hi
train-s993	9	PRON	10	nmod	hi
train-s993	10	VERB	6	parataxis	hi
train-s994	2	ADP	5	case	en
train-s994	3	ADP	2	compound	en
train-s994	4	PRON	5	nmod	en
train-s994	5	NOUN	17	nmod	hi
train-s994	6	PRON	17	nmod	hi
train-s994	7	ADP	6	case	hi
train-s994	8	NOUN	15	nmod	hi
train-s994	10	NOUN	8	conj	hi
train-s994	12	NOUN	8	conj	hi
train-s994	13	DET	15	det	hi
train-s994	14	DET	15	det	hi
train-s994	15	NOUN	17	nmod	hi
train-s994	16	ADP	15	case	hi
train-s994	17	NOUN	0	root	hi
train-s994	18	AUX	17	cop	hi
train-s995	2	PRON	3	nsubj	en
train-s995	3	VERB	0	root	en
train-s995	4	PRON	3	obj	en
train-s995	5	SCONJ	7	mark	en
train-s995	7	VERB	3	advcl	hi
train-s995	9	CCONJ	10	cc	en
train-s995	10	VERB	3	conj	en
train-s995	11	PRON	10	obj	en
train-s995	12	SCONJ	16	mark	en
train-s995	14	NOUN	16	nmod	en
train-s995	15	ADP	14	case	hi
train-s995	16	NOUN	10	advcl	hi
train-s995	17	ADV	16	advmod	hi
train-s995	18	AUX	16	cop	hi
train-s995	19	ADV	16	nmod	hi
train-s995	20	ADP	19	case	hi
train-s996	1	PRON	4	expl	en
train-s996	2	AUX	4	cop	en
train-s996	3	ADV	4	advmod	en
train-s996	4	NOUN	0	root	en
train-s996	5	ADP	6	case	en
train-s996	6	NOUN	4	nmod	en
train-s996	8	CCONJ	19	cc	hi
train-s996	9	ADV	12	advmod	hi
train-s996	10	ADV	12	advmod	hi
train-s996	11	NOUN	12	compound	hi
train-s996	12	VERB	16	acl:relcl	hi
train-s996	13	PART	12	advmod	hi
train-s996	14	AUX	12	aux	hi
train-s996	15	AUX	12	aux	hi
train-s996	16	PRON	19	nmod	hi
train-s996	17	VERB	19	advcl	hi
train-s996	18	NOUN	19	obj	hi
train-s996	19	VERB	4	conj	hi
train-s996	20	AUX	19	aux	hi
train-s996	21	AUX	19	aux	hi
train-s997	1	NOUN	2	nsubj	hi
train-s997	2	VERB	0	root	hi
train-s997	3	AUX	2	aux	hi
train-s997	4	AUX	2	aux	hi
train-s997	5	SCONJ	9	mark	hi
train-s997	6	NOUN	7	compound	en
train-s997	7	NOUN	9	obj	en
train-s997	8	NOUN	9	compound	en
train-s997	9	VERB	2	xcomp	hi
train-s997	10	DET	11	det	hi
train-s997	11	NOUN	9	nmod	en
train-s998	2	ADP	1	case	hi
train-s998	3	NOUN	5	obj	en
train-s998	4	ADJ	5	compound	en
train-s998	5	VERB	0	root	hi
train-s998	6	CCONJ	14	cc	hi
train-s998	7	ADV	14	advmod	hi
train-s998	8	DET	9	det	hi
train-s998	9	ADJ	10	compound	en
train-s998	10	VERB	14	advcl	en
train-s998	11	AUX	10	aux	hi
train-s998	12	DET	13	det	hi
train-s998	13	NOUN	14	compound	en
train-s998	14	VERB	5	conj	hi
train-s998	15	AUX	14	aux	hi
train-s999	1	NOUN	4	nmod	hi
train-s999	2	ADP	1	case	hi
train-s999	3	NOUN	4	compound	hi
train-s999	4	NOUN	6	obj	en
train-s999	5	NOUN	6	compound	en
train-s999	6	VERB	0	root	hi
train-s1000	2	NOUN	4	nsubj	en
train-s1000	3	AUX	4	cop	en
train-s1000	4	ADJ	0	root	en
train-s1000	5	ADP	7	case	en
train-s1000	6	PRON	7	nmod	en
train-s1000	7	NOUN	4	nmod	en
train-s1000	8	CCONJ	10	cc	en
train-s1000	9	PRON	10	nsubj	en
train-s1000	10	VERB	4	conj	en
train-s1000	11	ADV	10	advmod	en
train-s1000	12	SCONJ	18	mark	en
train-s1000	13	NOUN	18	obl	hi
train-s1000	14	ADP	13	case	hi
train-s1000	15	ADV	18	advmod	hi
train-s1000	16	NOUN	18	nmod	hi
train-s1000	17	ADV	18	advmod	hi
train-s1000	18	VERB	10	advcl	hi
train-s1000	19	AUX	18	aux	hi
train-s1001	2	VERB	0	root	en
train-s1001	3	ADP	2	compound	en
train-s1001	4	CCONJ	9	cc	en
train-s1001	5	ADV	9	advmod	hi
train-s1001	6	ADJ	7	amod	hi
train-s1001	7	NOUN	9	nsubj	en
train-s1001	8	AUX	9	cop	en
train-s1001	9	ADV	2	conj	en
train-s1002	4	VERB	0	root	en
train-s1002	5	ADP	7	case	en
train-s1002	6	DET	7	det	en
train-s1002	7	NOUN	4	obl	en
train-s1002	8	ADP	9	case	en
train-s1002	13	DET	14	det	hi
train-s1002	14	NOUN	17	nsubj	hi
train-s1002	15	NOUN	17	nmod	hi
train-s1002	16	ADP	15	case	hi
train-s1002	17	ADJ	4	ccomp	hi
train-s1002	18	AUX	17	cop	hi
train-s1002	19	AUX	17	aux	hi
train-s1003	1	NOUN	3	nmod	hi
train-s1003	2	ADP	1	case	hi
train-s1003	3	NOUN	0	root	hi
train-s1003	4	ADP	6	case	en
train-s1003	5	DET	6	det	en
train-s1003	6	NOUN	3	nmod	en
train-s1003	7	ADP	10	case	en
train-s1003	8	DET	10	det	en
train-s1003	9	ADJ	10	amod	en
train-s1003	10	NOUN	3	nmod	en
train-s1004	2	ADP	1	case	hi
train-s1004	6	ADJ	7	amod	en
train-s1004	7	NOUN	9	compound	en
train-s1004	8	ADV	9	advmod	en
train-s1004	9	VERB	0	root	hi
train-s1004	10	AUX	9	aux	hi
train-s1004	11	AUX	9	aux	hi
train-s1004	12	NOUN	9	nmod	hi
train-s1004	13	PART	12	advmod	hi
train-s1005	1	VERB	0	root	en
train-s1005	2	ADP	7	case	en
train-s1005	3	DET	7	det	en
train-s1005	4	NOUN	7	nmod	hi
train-s1005	5	NOUN	4	compound	hi
train-s1005	6	ADP	4	case	hi
train-s1005	7	NOUN	1	obl	hi
train-s1006	2	PRON	3	nsubj	en
train-s1006	3	VERB	0	root	en
train-s1006	4	NUM	5	nummod	en
train-s1006	5	NOUN	6	nmod	en
train-s1006	6	ADJ	3	xcomp	en
train-s1006	7	DET	8	det	en
train-s1006	8	NOUN	10	nmod	en
train-s1006	9	PRON	10	nsubj	en
train-s1006	10	VERB	3	advcl	en
train-s1006	12	NOUN	16	nmod	hi
train-s1006	13	ADP	12	case	hi
train-s1006	14	PART	12	advmod	hi
train-s1006	15	DET	16	det	hi
train-s1006	16	NOUN	19	nsubj	en
train-s1006	17	PART	16	advmod	hi
train-s1006	18	PART	19	advmod	hi
train-s1006	19	VERB	10	xcomp	hi
train-s1007	2	DET	3	det	en
train-s1007	3	NOUN	11	xcomp	en
train-s1007	4	ADP	5	case	en
train-s1007	5	NOUN	3	nmod	en
train-s1007	9	AUX	11	aux	en
train-s1007	10	ADV	11	advmod	en
train-s1007	11	VERB	0	root	en
train-s1007	12	DET	14	det	en
train-s1007	13	NOUN	14	compound	en
train-s1007	14	NOUN	11	obj	en
train-s1007	15	SCONJ	18	mark	en
train-s1007	16	NOUN	18	nsubj	hi
train-s1007	18	VERB	11	advcl	hi
train-s1007	19	AUX	18	aux	hi
train-s1008	2	ADV	5	advmod	en
train-s1008	4	DET	5	det	en
train-s1008	5	NOUN	20	nmod	en
train-s1008	6	AUX	5	cop	hi
train-s1008	7	SCONJ	20	mark	hi
train-s1008	9	ADP	8	case	hi
train-s1008	10	DET	11	det	hi
train-s1008	11	NOUN	13	nmod	hi
train-s1008	13	NOUN	20	obl	hi
train-s1008	14	ADP	13	case	hi
train-s1008	15	NOUN	16	compound	en
train-s1008	16	NOUN	20	nsubj	en
train-s1008	17	ADV	18	advmod	hi
train-s1008	18	ADJ	20	compound	hi
train-s1008	19	PART	20	advmod	hi
train-s1008	20	VERB	0	root	hi
train-s1009	1	PROPN	2	nmod	en
train-s1009	2	NOUN	4	nsubj	en
train-s1009	3	AUX	4	aux	en
train-s1009	4	VERB	0	root	en
train-s1009	5	PROPN	6	nmod	en
train-s1009	6	NOUN	4	obj	en
train-s1009	7	ADP	8	case	en
train-s1009	8	NOUN	4	obl	en
train-s1009	10	PRON	11	nmod	hi
train-s1009	11	NOUN	15	obl	hi
train-s1009	12	ADP	11	case	hi
train-s1009	13	NOUN	15	obj	en
train-s1009	14	ADV	15	advmod	hi
train-s1009	15	VERB	8	acl	hi
train-s1009	16	AUX	15	aux	hi
train-s1009	17	AUX	15	aux	hi
train-s1010	1	NOUN	3	nsubj	en
train-s1010	2	NOUN	3	compound	en
train-s1010	3	VERB	0	root	hi
train-s1010	4	AUX	3	aux	hi
train-s1010	5	AUX	3	aux	hi
train-s1010	6	NOUN	3	vocative	hi
train-s1011	2	NOUN	3	nsubj	en
train-s1011	3	VERB	0	root	en
train-s1011	4	ADP	5	case	en
train-s1011	5	NOUN	3	obl	hi
train-s1011	6	ADP	5	case	hi
train-s1012	1	PRON	2	nsubj	en
train-s1012	2	VERB	0	root	en
train-s1012	3	PART	4	mark	en
train-s1012	4	VERB	2	xcomp	en
train-s1012	5	DET	6	det	en
train-s1012	6	NOUN	4	nmod	en
train-s1012	7	CCONJ	11	cc	en
train-s1012	8	NOUN	11	nsubj	hi
train-s1012	9	NOUN	11	compound	hi
train-s1012	10	PART	11	advmod	hi
train-s1012	11	VERB	2	conj	hi
train-s1013	3	NOUN	5	compound	en
train-s1013	4	PART	5	advmod	hi
train-s1013	5	VERB	6	xcomp	hi
train-s1013	6	VERB	11	xcomp	hi
train-s1013	7	AUX	6	aux	hi
train-s1013	9	ADP	8	case	hi
train-s1013	10	PRON	11	nsubj	en
train-s1013	11	VERB	0	root	en
train-s1014	1	ADV	3	advmod	en
train-s1014	3	VERB	0	root	en
train-s1014	4	ADP	5	case	en
train-s1014	5	NOUN	3	obl	en
train-s1014	6	ADV	12	mark	hi
train-s1014	7	PRON	9	nmod	hi
train-s1014	8	NOUN	12	nsubj	hi
train-s1014	9	NOUN	8	compound	hi
train-s1014	10	PART	12	advmod	hi
train-s1014	11	PART	12	advmod	hi
train-s1014	12	VERB	3	advcl	hi
train-s1015	1	DET	3	det	hi
train-s1015	2	NOUN	3	compound	en
train-s1015	3	NOUN	4	nsubj	en
train-s1015	4	VERB	0	root	hi
train-s1015	5	AUX	4	aux	hi
train-s1015	7	ADP	6	case	hi
train-s1015	9	PRON	12	nsubj	en
train-s1015	10	AUX	12	cop	en
train-s1015	11	ADV	12	advmod	en
train-s1015	13	ADV	12	advmod	en
train-s1016	1	ADJ	2	amod	en
train-s1016	2	NOUN	5	nsubj	en
train-s1016	3	ADJ	4	amod	en
train-s1016	4	NOUN	2	nmod	en
train-s1016	5	VERB	7	amod	hi
train-s1016	6	SCONJ	5	mark	hi
train-s1016	7	NOUN	11	vocative	hi
train-s1016	8	ADV	11	mark	en
train-s1016	9	AUX	11	aux	en
train-s1016	10	PRON	11	nsubj	en
train-s1016	11	VERB	0	root	en
train-s1016	12	DET	14	det	en
train-s1016	13	ADJ	14	amod	en
train-s1016	14	NOUN	11	obj	en
train-s1017	1	PRON	3	nsubj	en
train-s1017	2	AUX	3	aux	en
train-s1017	3	VERB	0	root	en
train-s1017	4	ADP	6	case	en
train-s1017	5	DET	6	det	en
train-s1017	6	NOUN	3	obl	en
train-s1017	8	ADV	12	mark	hi
train-s1017	9	PRON	12	nsubj	hi
train-s1017	10	ADJ	12	compound	hi
train-s1017	11	PART	12	advmod	hi
train-s1017	12	VERB	6	acl:relcl	hi
train-s1017	13	AUX	12	aux	hi
train-s1017	14	AUX	12	aux	hi
train-s1018	1	NOUN	2	compound	en
train-s1018	2	NOUN	4	nmod	en
train-s1018	3	ADP	2	case	hi
train-s1018	4	NOUN	9	obl	hi
train-s1018	5	ADP	4	case	hi
train-s1018	6	NOUN	9	nsubj	en
train-s1018	7	PART	6	advmod	hi
train-s1018	8	ADJ	9	compound	hi
train-s1018	9	VERB	0	root	hi
train-s1018	10	AUX	9	aux	hi
train-s1019	2	NOUN	3	nmod	en
train-s1019	3	VERB	0	root	en
train-s1019	4	CCONJ	8	cc	en
train-s1019	5	PRON	8	nsubj	en
train-s1019	6	AUX	8	aux	en
train-s1019	7	ADV	8	advmod	en
train-s1019	8	VERB	3	conj	en
train-s1019	9	ADP	11	case	en
train-s1019	10	DET	11	det	en
train-s1019	11	NOUN	8	obl	en
train-s1019	12	SCONJ	16	mark	en
train-s1019	14	ADJ	15	amod	hi
train-s1019	15	NOUN	16	nsubj	hi
train-s1019	16	VERB	11	acl	hi
train-s1019	17	AUX	16	aux	hi
train-s1019	18	AUX	16	aux	hi
train-s1020	2	VERB	6	acl	en
train-s1020	3	ADJ	2	xcomp	en
train-s1020	5	SCONJ	2	mark	hi
train-s1020	6	NOUN	10	obj	en
train-s1020	7	PART	6	advmod	hi
train-s1020	8	PRON	10	nmod	hi
train-s1020	9	NOUN	10	compound	en
train-s1020	10	VERB	0	root	hi
train-s1020	11	AUX	10	aux	hi
train-s1020	12	PRON	16	nmod	hi
train-s1020	13	PRON	16	nsubj	hi
train-s1020	14	ADP	13	case	hi
train-s1020	15	NOUN	16	obj	en
train-s1020	16	VERB	8	acl:relcl	hi
train-s1020	17	AUX	16	aux	hi
train-s1020	18	AUX	16	aux	hi
train-s1021	1	PRON	3	nsubj	en
train-s1021	2	AUX	3	cop	en
train-s1021	3	ADJ	0	root	en
train-s1021	4	ADP	10	case	en
train-s1021	5	DET	6	det	en
train-s1021	6	NOUN	10	nmod	en
train-s1021	7	CCONJ	8	cc	en
train-s1021	8	NOUN	6	conj	hi
train-s1021	9	ADP	8	case	hi
train-s1021	10	NOUN	3	advmod	en
train-s1022	2	ADV	5	mark	en
train-s1022	4	AUX	5	aux	en
train-s1022	5	VERB	7	advcl	en
train-s1022	6	PRON	7	nsubj	en
train-s1022	7	VERB	0	root	en
train-s1022	9	PROPN	7	obj	en
train-s1022	10	AUX	9	cop	hi
train-s1022	11	PART	9	advmod	hi
train-s1022	13	CCONJ	15	cc	en
train-s1022	14	NOUN	15	nmod	hi
train-s1022	15	VERB	7	conj	hi
train-s1022	16	NOUN	18	nmod	en
train-s1022	17	ADP	16	case	hi
train-s1022	18	NOUN	15	obj	en
train-s1022	19	AUX	18	cop	hi
train-s1023	1	PRON	2	nmod	en
train-s1023	2	NOUN	11	nsubj	en
train-s1023	3	AUX	11	cop	en
train-s1023	4	PRON	11	nsubj	hi
train-s1023	5	ADP	4	case	hi
train-s1023	6	PART	4	advmod	hi
train-s1023	7	PRON	11	obl	hi
train-s1023	8	ADP	7	case	hi
train-s1023	9	NOUN	11	compound	en
train-s1023	10	PART	11	advmod	hi
train-s1023	11	VERB	0	root	hi
train-s1023	12	NOUN	11	obl	hi
train-s1023	13	ADP	12	case	hi
train-s1024	1	NOUN	13	nsubj	en
train-s1024	2	ADP	3	case	en
train-s1024	3	NOUN	1	nmod	en
train-s1024	4	ADP	5	case	en
train-s1024	6	CCONJ	11	cc	en
train-s1024	9	PART	7	case	en
train-s1024	10	ADJ	11	amod	hi
train-s1024	11	NOUN	1	conj	hi
train-s1024	12	AUX	13	cop	en
train-s1024	13	ADJ	0	root	en
train-s1024	15	ADV	16	advmod	hi
train-s1024	16	VERB	13	advcl	hi
train-s1024	17	AUX	16	aux	hi
train-s1024	18	AUX	16	aux	hi
train-s1024	19	AUX	16	aux	hi
train-s1024	20	AUX	16	aux	hi
train-s1025	1	ADV	2	advmod	hi
train-s1025	2	VERB	0	root	en
train-s1025	3	SCONJ	13	mark	hi
train-s1025	4	NOUN	13	nsubj	en
train-s1025	5	ADP	4	case	hi
train-s1025	6	ADJ	7	amod	en
train-s1025	7	NOUN	13	obl	en
train-s1025	8	ADP	7	case	hi
train-s1025	10	CCONJ	11	cc	hi
train-s1025	12	ADP	9	case	hi
train-s1025	13	VERB	2	xcomp	hi
train-s1026	1	VERB	7	advcl	hi
train-s1026	2	NOUN	1	nmod	hi
train-s1026	4	ADP	3	case	hi
train-s1026	5	VERB	6	xcomp	hi
train-s1026	6	NOUN	7	compound	en
train-s1026	7	VERB	0	root	hi
train-s1026	8	AUX	7	aux	hi
train-s1026	9	CCONJ	11	cc	hi
train-s1026	10	ADV	11	advmod	en
train-s1026	11	VERB	7	conj	en
train-s1026	12	VERB	11	xcomp	en
train-s1027	2	ADV	4	mark	en
train-s1027	3	NOUN	4	nsubj	en
train-s1027	4	VERB	16	advcl	en
train-s1027	5	ADP	6	case	en
train-s1027	6	PRON	4	iobj	en
train-s1027	8	PRON	9	nsubj	hi
train-s1027	9	VERB	4	ccomp	hi
train-s1027	10	AUX	9	aux	hi
train-s1027	11	AUX	9	aux	hi
train-s1027	13	PRON	16	nsubj	en
train-s1027	14	AUX	16	cop	en
train-s1027	15	ADV	16	advmod	en
train-s1028	1	PROPN	2	nsubj	hi
train-s1028	2	VERB	9	advcl	hi
train-s1028	3	PRON	4	nmod	hi
train-s1028	4	NOUN	9	iobj	en
train-s1028	5	ADP	4	case	hi
train-s1028	7	ADP	6	case	hi
train-s1028	8	NOUN	9	nsubj	hi
train-s1028	9	VERB	0	root	hi
train-s1028	10	AUX	9	aux	hi
train-s1028	11	CCONJ	14	cc	en
train-s1028	12	AUX	14	aux	en
train-s1028	13	PRON	14	nsubj	en
train-s1028	14	VERB	9	conj	en
train-s1028	15	NOUN	14	obj	en
train-s1029	1	SCONJ	4	mark	en
train-s1029	3	NOUN	4	nsubj	en
train-s1029	4	VERB	0	root	hi
train-s1029	5	AUX	4	aux	hi
train-s1029	6	AUX	4	aux	hi
train-s1029	7	CCONJ	11	cc	en
train-s1029	8	DET	10	det	en
train-s1029	9	ADJ	10	amod	en
train-s1029	10	NOUN	11	nsubj	en
train-s1029	11	VERB	4	conj	en
train-s1029	12	VERB	11	xcomp	en
train-s1029	13	ADP	15	case	en
train-s1029	14	DET	15	det	en
train-s1029	15	NOUN	11	obl	en
train-s1030	1	AUX	3	aux	en
train-s1030	2	NOUN	3	obj	en
train-s1030	3	VERB	0	root	en
train-s1030	4	PRON	3	iobj	en
train-s1030	5	ADP	9	case	en
train-s1030	7	ADP	6	case	hi
train-s1030	8	ADJ	9	amod	en
train-s1030	9	NOUN	3	obl	hi
train-s1030	10	ADV	3	advmod	en
train-s1031	2	ADV	5	advmod	en
train-s1031	3	ADV	5	mark	en
train-s1031	4	PRON	5	nsubj	en
train-s1031	5	VERB	14	advcl	en
train-s1031	6	ADJ	7	amod	en
train-s1031	7	NOUN	5	obj	en
train-s1031	8	PRON	9	nsubj	en
train-s1031	9	VERB	0	root	en
train-s1031	10	SCONJ	14	mark	en
train-s1031	12	PRON	14	nsubj	hi
train-s1031	13	ADV	14	advmod	hi
train-s1031	14	VERB	9	advcl	hi
train-s1031	15	PRON	20	nsubj	hi
train-s1031	16	NOUN	18	obj	en
train-s1031	17	NOUN	18	compound	en
train-s1031	18	VERB	20	advcl	hi
train-s1031	19	AUX	18	aux	hi
train-s1031	20	VERB	14	advcl	hi
train-s1032	2	CCONJ	12	cc	en
train-s1032	3	ADV	12	advmod	en
train-s1032	4	AUX	12	cop	en
train-s1032	5	PRON	12	nmod	en
train-s1032	6	PART	5	case	en
train-s1032	8	NOUN	12	iobj	hi
train-s1032	9	ADP	8	case	hi
train-s1032	10	ADP	8	case	hi
train-s1032	11	ADV	12	advmod	hi
train-s1032	12	VERB	0	root	hi
train-s1032	13	AUX	12	aux	hi
train-s1032	14	AUX	12	aux	hi
train-s1033	1	NOUN	2	compound	en
train-s1033	2	NOUN	8	nsubj	en
train-s1033	3	PART	2	advmod	hi
train-s1033	4	DET	5	det	hi
train-s1033	5	NOUN	8	nmod	hi
train-s1033	6	ADP	5	case	hi
train-s1033	7	ADJ	8	amod	hi
train-s1033	8	NOUN	0	root	hi
train-s1033	9	AUX	8	cop	hi
train-s1034	1	ADJ	2	amod	en
train-s1034	2	NOUN	4	obj	en
train-s1034	3	NOUN	4	compound	en
train-s1034	4	VERB	0	root	hi
train-s1034	5	AUX	4	aux	hi
train-s1035	1	PART	5	advmod	en
train-s1035	2	SCONJ	5	mark	en
train-s1035	3	PRON	5	nsubj	en
train-s1035	4	AUX	5	cop	en
train-s1035	5	ADJ	0	root	en
train-s1035	7	NOUN	10	nsubj	hi
train-s1035	8	PART	7	advmod	hi
train-s1035	9	DET	10	det	hi
train-s1035	10	NOUN	5	conj	hi
train-s1035	11	AUX	10	cop	hi
train-s1035	12	AUX	10	aux	hi
train-s1036	1	PRON	2	nsubj	hi
train-s1036	2	VERB	4	xcomp	hi
train-s1036	3	AUX	2	aux	hi
train-s1036	4	VERB	0	root	en
train-s1036	7	CCONJ	10	cc	en
train-s1036	8	PRON	10	nsubj	en
train-s1036	9	AUX	10	aux	en
train-s1036	10	VERB	4	conj	en
train-s1036	11	PRON	10	iobj	en
train-s1036	12	PRON	14	nsubj	en
train-s1036	13	AUX	14	aux	en
train-s1036	14	VERB	10	xcomp	en
train-s1036	15	PRON	14	obj	en
train-s1037	1	NOUN	3	vocative	hi
train-s1037	2	ADV	3	advmod	hi
train-s1037	3	VERB	0	root	hi
train-s1037	4	AUX	3	aux	hi
train-s1037	5	AUX	3	aux	hi
train-s1037	7	ADP	6	case	hi
train-s1037	8	NOUN	3	compound	en
train-s1037	10	AUX	11	cop	en
train-s1037	11	ADV	3	advmod	en
train-s1037	12	ADP	14	case	en
train-s1037	13	ADJ	14	amod	en
train-s1037	14	NOUN	11	advmod	en
train-s1037	15	ADP	17	case	en
train-s1037	16	DET	17	det	en
train-s1037	17	NOUN	11	nmod	en
train-s1038	2	PART	3	advmod	hi
train-s1038	3	NOUN	7	vocative	hi
train-s1038	4	ADV	7	advmod	hi
train-s1038	5	ADV	7	advmod	hi
train-s1038	6	PART	7	advmod	hi
train-s1038	7	VERB	14	csubj	hi
train-s1038	9	AUX	14	aux	en
train-s1038	10	AUX	14	aux	en
train-s1038	11	AUX	14	cop	en
train-s1038	12	DET	14	det	en
train-s1038	13	ADJ	14	amod	en
train-s1038	14	NOUN	0	root	en
train-s1038	15	PART	16	mark	en
train-s1038	16	VERB	14	acl	en
train-s1038	17	DET	18	det	en
train-s1038	18	NOUN	16	obj	en
train-s1039	1	PRON	2	nsubj	en
train-s1039	2	VERB	0	root	en
train-s1039	3	PRON	7	expl	en
train-s1039	4	AUX	7	cop	en
train-s1039	5	PART	7	advmod	en
train-s1039	6	NOUN	7	nsubj	en
train-s1039	7	VERB	2	xcomp	en
train-s1039	8	ADP	9	case	en
train-s1039	10	ADP	11	case	en
train-s1039	11	PRON	15	obl	en
train-s1039	12	PRON	15	nsubj	en
train-s1039	13	AUX	15	aux	en
train-s1039	14	PART	15	advmod	en
train-s1039	15	VERB	6	acl:relcl	en
train-s1039	16	PRON	19	nmod	hi
train-s1039	17	NOUN	19	nmod	en
train-s1039	18	ADP	17	case	hi
train-s1039	19	NOUN	6	acl:relcl	hi
train-s1039	20	AUX	19	cop	hi
train-s1040	1	ADV	3	mark	en
train-s1040	2	NOUN	3	nsubj	en
train-s1040	3	VERB	7	advcl	en
train-s1040	4	PRON	3	iobj	en
train-s1040	5	NOUN	3	obj	en
train-s1040	7	VERB	0	root	en
train-s1040	8	DET	9	det	en
train-s1040	9	NOUN	7	obj	en
train-s1040	11	SCONJ	13	mark	en
train-s1040	13	NOUN	7	obl	en
train-s1040	14	ADP	13	case	hi
train-s1040	15	AUX	13	cop	hi
train-s1040	17	NOUN	19	nmod	hi
train-s1040	18	ADP	17	case	hi
train-s1040	19	NOUN	13	nsubj	hi
train-s1041	1	NOUN	3	vocative	en
train-s1041	2	PRON	3	nsubj	en
train-s1041	3	VERB	0	root	en
train-s1041	4	DET	5	det	en
train-s1041	5	DET	8	det	en
train-s1041	6	NOUN	8	compound	en
train-s1041	7	NOUN	8	compound	en
train-s1041	8	NOUN	3	obj	en
train-s1041	9	ADV	12	mark	hi
train-s1041	10	ADJ	11	amod	hi
train-s1041	11	NOUN	12	nsubj	en
train-s1041	12	VERB	8	acl:relcl	hi
train-s1041	13	AUX	12	aux	hi
train-s1042	2	NOUN	4	nsubj	en
train-s1042	3	AUX	4	aux	en
train-s1042	4	VERB	0	root	en
train-s1042	5	NOUN	4	obj	en
train-s1042	6	CCONJ	8	cc	en
train-s1042	7	PRON	8	nsubj	en
train-s1042	8	VERB	4	conj	en
train-s1042	9	SCONJ	13	mark	en
train-s1042	12	NOUN	13	nmod	hi
train-s1042	13	NOUN	8	advcl	hi
train-s1042	14	ADJ	13	amod	hi
train-s1042	15	AUX	13	cop	hi
train-s1043	1	VERB	0	root	hi
train-s1043	2	AUX	1	aux	hi
train-s1043	3	NOUN	8	nmod	hi
train-s1043	4	NOUN	2	compound	hi
train-s1043	5	PRON	6	obj	en
train-s1043	6	NOUN	8	nmod	en
train-s1043	7	ADP	6	case	hi
train-s1043	8	NOUN	1	obj	en
train-s1043	9	AUX	8	cop	hi
train-s1044	1	NOUN	9	obl	hi
train-s1044	2	ADP	1	case	hi
train-s1044	3	ADJ	4	amod	hi
train-s1044	4	NOUN	9	nmod	hi
train-s1044	5	NOUN	9	obl	en
train-s1044	6	ADP	5	case	hi
train-s1044	7	ADJ	8	amod	en
train-s1044	8	NOUN	9	obj	en
train-s1044	9	VERB	0	root	hi
train-s1044	10	NOUN	9	nmod	hi
train-s1045	1	PRON	2	nsubj	en
train-s1045	2	VERB	0	root	en
train-s1045	3	DET	4	det	en
train-s1045	4	NOUN	2	obj	en
train-s1045	5	ADP	6	case	en
train-s1045	7	CCONJ	10	cc	en
train-s1045	8	ADJ	9	amod	hi
train-s1045	9	NOUN	10	nsubj	hi
train-s1045	10	VERB	2	conj	hi
train-s1045	11	AUX	10	aux	hi
train-s1046	1	PRON	2	nsubj	hi
train-s1046	2	VERB	7	xcomp	hi
train-s1046	3	CCONJ	4	cc	hi
train-s1046	4	PART	2	conj	hi
train-s1046	5	PART	6	advmod	en
train-s1046	6	PRON	7	nsubj	en
train-s1046	7	VERB	0	root	en
train-s1047	1	PRON	10	nsubj	en
train-s1047	2	AUX	10	cop	en
train-s1047	3	ADV	10	advmod	en
train-s1047	4	ADP	10	case	en
train-s1047	6	NOUN	8	advmod	en
train-s1047	7	ADP	6	case	hi
train-s1047	8	ADJ	10	amod	hi
train-s1047	9	ADJ	10	amod	hi
train-s1047	10	NOUN	0	root	hi
train-s1048	1	DET	2	det	en
train-s1048	2	NOUN	5	nmod	en
train-s1048	4	NOUN	5	compound	en
train-s1048	5	VERB	17	acl	hi
train-s1048	6	AUX	5	aux	hi
train-s1048	7	CCONJ	13	cc	hi
train-s1048	10	ADJ	11	amod	hi
train-s1048	11	NOUN	13	obl	en
train-s1048	12	ADP	11	case	hi
train-s1048	13	VERB	5	conj	hi
train-s1048	14	AUX	13	aux	hi
train-s1048	15	NUM	17	nummod	hi
train-s1048	16	PART	15	advmod	hi
train-s1048	17	NOUN	0	root	hi
train-s1048	18	AUX	17	cop	hi
train-s1049	1	DET	2	det	en
train-s1049	2	PRON	3	nsubj	en
train-s1049	3	VERB	0	root	en
train-s1049	4	DET	7	det	en
train-s1049	5	NUM	7	nummod	en
train-s1049	6	NOUN	7	compound	en
train-s1049	7	NOUN	3	obj	en
train-s1049	9	PRON	10	nsubj	hi
train-s1049	10	VERB	7	acl:relcl	hi
train-s1049	11	PART	10	advmod	hi
train-s1049	12	AUX	10	aux	hi
train-s1049	13	AUX	10	aux	hi
train-s1049	14	CCONJ	20	cc	hi
train-s1049	15	PRON	20	nsubj	hi
train-s1049	16	VERB	20	advcl	hi
train-s1049	17	AUX	16	aux	hi
train-s1049	18	NOUN	20	obj	hi
train-s1049	19	PART	20	advmod	hi
train-s1049	20	VERB	10	conj	hi
train-s1049	21	AUX	20	aux	hi
train-s1050	2	ADJ	3	compound	hi
train-s1050	3	ADJ	4	amod	hi
train-s1050	4	NOUN	5	obj	hi
train-s1050	5	VERB	0	root	hi
train-s1050	6	AUX	5	aux	hi
train-s1050	7	AUX	5	aux	hi
train-s1050	8	AUX	5	aux	hi
train-s1050	9	CCONJ	10	cc	hi
train-s1050	10	VERB	5	conj	hi
train-s1050	11	AUX	10	aux	hi
train-s1050	13	NOUN	16	vocative	hi
train-s1050	14	PRON	16	nsubj	en
train-s1050	15	AUX	16	cop	en
train-s1050	16	NOUN	10	obj	en
train-s1051	3	NOUN	6	nsubj	en
train-s1051	4	AUX	6	aux	en
train-s1051	5	ADV	6	advmod	en
train-s1051	6	VERB	0	root	en
train-s1051	7	DET	8	det	en
train-s1051	8	NOUN	9	nmod	en
train-s1051	9	PROPN	10	nmod	en
train-s1051	10	NOUN	6	obj	en
train-s1051	12	NOUN	14	nsubj	hi
train-s1051	13	NOUN	14	obj	en
train-s1051	14	VERB	10	acl	hi
train-s1051	15	SCONJ	17	mark	hi
train-s1051	16	ADV	17	compound	en
train-s1051	17	VERB	14	advcl	hi
train-s1051	18	AUX	17	aux	hi
train-s1052	2	NOUN	7	obl	en
train-s1052	3	ADP	2	case	hi
train-s1052	5	PRON	7	nsubj	hi
train-s1052	6	PART	5	advmod	hi
train-s1052	7	VERB	0	root	hi
train-s1052	8	AUX	7	aux	hi
train-s1052	9	AUX	7	aux	hi
train-s1052	11	SCONJ	14	mark	en
train-s1052	12	ADV	14	advmod	en
train-s1052	13	AUX	14	cop	en
train-s1052	14	ADJ	7	advcl	en
train-s1053	2	SCONJ	5	mark	en
train-s1053	3	PRON	5	nsubj	en
train-s1053	4	ADV	5	advmod	en
train-s1053	5	VERB	1	advcl	en
train-s1053	6	PART	10	mark	en
train-s1053	7	AUX	10	cop	en
train-s1053	8	NOUN	10	advmod	hi
train-s1053	9	ADP	8	case	hi
train-s1053	10	ADJ	5	xcomp	en
train-s1054	1	PROPN	11	vocative	hi
train-s1054	2	PART	1	advmod	hi
train-s1054	3	INTJ	11	discourse	en
train-s1054	4	PRON	11	iobj	hi
train-s1054	5	NOUN	7	obj	en
train-s1054	6	NOUN	7	compound	en
train-s1054	7	VERB	9	acl	hi
train-s1054	8	SCONJ	7	mark	hi
train-s1054	9	NOUN	11	obj	hi
train-s1054	10	ADJ	11	compound	hi
train-s1054	11	VERB	0	root	hi
train-s1055	1	NOUN	4	nmod	en
train-s1055	2	ADP	1	case	hi
train-s1055	3	ADJ	4	amod	en
train-s1055	4	NOUN	10	obl	en
train-s1055	5	ADP	4	case	hi
train-s1055	6	ADV	10	advmod	hi
train-s1055	7	NOUN	10	nsubj	en
train-s1055	8	NOUN	10	compound	en
train-s1055	9	PART	10	advmod	hi
train-s1055	10	VERB	0	root	hi
train-s1055	11	NOUN	10	vocative	hi
train-s1055	13	PRON	15	nsubj	hi
train-s1055	14	NOUN	15	compound	en
train-s1055	15	VERB	17	acl:relcl	hi
train-s1055	16	AUX	15	aux	hi
train-s1055	17	PRON	18	nsubj	hi
train-s1055	18	NOUN	10	conj	en
train-s1055	19	AUX	18	cop	hi
train-s1055	20	AUX	18	aux	hi
train-s1056	1	NOUN	3	nsubj	en
train-s1056	2	PRON	3	nmod	hi
train-s1056	3	NOUN	0	root	en
train-s1056	4	ADP	3	case	hi
train-s1056	5	AUX	3	cop	hi
train-s1056	6	SCONJ	8	mark	en
train-s1056	7	AUX	8	aux	en
train-s1056	8	VERB	3	advcl	en
train-s1056	9	ADJ	8	compound	hi
train-s1057	1	ADV	2	advmod	en
train-s1057	2	VERB	0	root	en
train-s1057	4	ADP	3	case	hi
train-s1057	7	ADP	5	case	hi
train-s1057	8	NOUN	9	compound	hi
train-s1057	9	VERB	2	ccomp	hi
train-s1057	10	ADV	12	mark	en
train-s1057	11	PRON	12	nsubj	en
train-s1057	12	VERB	9	advcl	en
train-s1057	15	PART	13	case	en
train-s1057	16	NOUN	12	obj	en
train-s1057	17	ADP	18	case	en
train-s1057	18	NOUN	12	obl	en
train-s1058	1	NOUN	5	nmod	hi
train-s1058	2	PART	1	advmod	hi
train-s1058	3	NOUN	5	nsubj	en
train-s1058	4	ADV	5	compound	en
train-s1058	5	VERB	0	root	hi
train-s1058	6	AUX	5	aux	hi
train-s1058	7	PROPN	8	nmod	hi
train-s1058	8	NOUN	3	nmod	en
train-s1058	9	ADP	8	case	hi
train-s1059	1	VERB	0	root	en
train-s1059	2	NOUN	1	obj	en
train-s1059	3	CCONJ	4	cc	hi
train-s1059	4	VERB	1	conj	hi
train-s1059	5	PART	4	advmod	hi
train-s1059	6	AUX	4	aux	hi
train-s1059	7	AUX	4	aux	hi
train-s1060	1	PRON	5	nsubj	hi
train-s1060	2	NOUN	4	nmod	en
train-s1060	3	ADP	2	case	hi
train-s1060	4	NOUN	5	compound	en
train-s1060	5	VERB	0	root	hi
train-s1060	6	AUX	5	aux	hi
train-s1060	7	AUX	5	aux	hi
train-s1060	8	CCONJ	14	cc	hi
train-s1060	9	NOUN	14	nsubj	hi
train-s1060	10	ADP	9	case	hi
train-s1060	11	NOUN	14	obj	hi
train-s1060	12	ADP	11	case	hi
train-s1060	13	NOUN	14	compound	en
train-s1060	14	VERB	5	conj	hi
train-s1060	15	AUX	14	aux	hi
train-s1060	16	AUX	14	aux	hi
train-s1061	2	AUX	4	cop	en
train-s1061	3	DET	4	det	en
train-s1061	4	NOUN	0	root	en
train-s1061	6	PRON	4	parataxis	en
train-s1061	7	SCONJ	12	mark	en
train-s1061	8	ADV	10	advmod	en
train-s1061	9	PART	10	mark	en
train-s1061	10	VERB	6	acl	en
train-s1061	11	PRON	10	obj	en
train-s1061	12	VERB	10	advcl	en
train-s1061	13	ADP	14	case	en
train-s1061	14	NOUN	12	obl	en
train-s1061	16	PART	21	mark	hi
train-s1061	17	SCONJ	16	fixed	hi
train-s1061	18	NOUN	21	nsubj	en
train-s1061	19	DET	20	det	hi
train-s1061	20	NOUN	21	nmod	en
train-s1061	21	VERB	10	advcl	hi
train-s1062	1	ADP	4	case	en
train-s1062	2	DET	4	det	en
train-s1062	3	ADJ	4	amod	hi
train-s1062	4	NOUN	0	root	hi
train-s1062	5	ADP	8	case	en
train-s1062	6	PRON	8	nmod	en
train-s1062	7	VERB	8	acl	en
train-s1062	8	NOUN	4	nmod	hi
train-s1063	1	PRON	7	nsubj	en
train-s1063	2	AUX	7	cop	en
train-s1063	3	PART	4	advmod	en
train-s1063	4	PRON	7	nmod	en
train-s1063	5	NOUN	7	nmod	hi
train-s1063	6	ADP	5	case	hi
train-s1063	7	NOUN	0	root	hi
train-s1063	8	PRON	9	nsubj	en
train-s1063	9	VERB	7	acl:relcl	en
train-s1063	10	ADP	12	case	en
train-s1063	11	ADJ	12	amod	en
train-s1063	12	NOUN	9	obl	en
train-s1064	1	NOUN	2	nsubj	hi
train-s1064	2	PROPN	0	root	en
train-s1064	3	AUX	2	cop	hi
train-s1064	4	CCONJ	6	cc	en
train-s1064	5	NOUN	2	conj	hi
train-s1064	6	PART	5	advmod	hi
train-s1064	7	NOUN	10	nsubj	en
train-s1064	9	ADP	8	case	hi
train-s1064	10	VERB	5	acl	hi
train-s1064	11	AUX	10	aux	hi
train-s1064	12	AUX	10	aux	hi
train-s1065	1	ADV	4	mark	en
train-s1065	2	AUX	4	aux	en
train-s1065	3	PRON	4	nsubj	en
train-s1065	4	VERB	0	root	en
train-s1065	5	PART	6	mark	en
train-s1065	6	VERB	4	xcomp	en
train-s1065	7	NOUN	8	nmod	hi
train-s1065	8	NOUN	10	nmod	hi
train-s1065	9	ADP	8	case	hi
train-s1065	10	NOUN	6	obj	en
train-s1065	11	ADP	12	case	en
train-s1066	1	NOUN	4	nmod	hi
train-s1066	2	ADP	1	case	hi
train-s1066	4	NOUN	11	nmod	hi
train-s1066	5	ADP	4	case	hi
train-s1066	6	PRON	7	nmod	hi
train-s1066	7	NOUN	11	nsubj	en
train-s1066	8	ADP	9	case	en
train-s1066	9	NOUN	7	nmod	en
train-s1066	10	ADV	11	advmod	hi
train-s1066	11	ADJ	0	root	hi
train-s1066	12	AUX	11	cop	hi
train-s1066	13	AUX	11	aux	hi
train-s1066	14	AUX	11	aux	hi
train-s1067	2	PRON	3	nmod	en
train-s1067	3	NOUN	5	nsubj	en
train-s1067	4	ADV	5	advmod	en
train-s1067	5	VERB	0	root	en
train-s1067	7	NOUN	9	vocative	hi
train-s1067	8	ADV	9	advmod	hi
train-s1067	9	VERB	5	xcomp	hi
train-s1067	10	AUX	9	aux	hi
train-s1067	11	DET	14	det	hi
train-s1067	12	ADJ	14	amod	hi
train-s1067	13	PART	12	advmod	hi
train-s1067	14	NOUN	9	nmod	hi
train-s1067	15	PART	14	advmod	hi
train-s1067	16	AUX	14	cop	hi
train-s1067	18	ADV	21	mark	en
train-s1067	19	PRON	21	nsubj	en
train-s1067	20	AUX	21	aux	en
train-s1067	21	VERB	5	advcl	en
train-s1067	22	ADP	24	case	en
train-s1067	23	DET	24	det	en
train-s1067	24	NOUN	21	obl	en
train-s1068	1	PRON	5	nsubj	en
train-s1068	2	AUX	5	cop	en
train-s1068	3	ADP	5	case	en
train-s1068	4	DET	5	det	en
train-s1068	5	NOUN	0	root	en
train-s1068	6	ADP	7	case	en
train-s1068	7	NOUN	5	nmod	en
train-s1068	8	PRON	11	nmod	en
train-s1068	9	PRON	11	nsubj	en
train-s1068	10	PART	11	advmod	en
train-s1068	11	VERB	5	acl:relcl	en
train-s1068	12	DET	13	det	hi
train-s1068	13	PRON	17	nsubj	hi
train-s1068	14	PRON	17	obl	hi
train-s1068	15	ADP	14	case	en
train-s1068	16	NOUN	17	compound	hi
train-s1068	17	VERB	11	xcomp	hi
train-s1069	1	NOUN	6	nmod	hi
train-s1069	2	NOUN	1	compound	hi
train-s1069	4	ADP	3	case	hi
train-s1069	5	NOUN	6	obj	hi
train-s1069	6	VERB	0	root	hi
train-s1069	7	AUX	6	aux	hi
train-s1069	8	AUX	6	aux	hi
train-s1069	9	ADP	11	case	en
train-s1069	10	DET	11	det	en
train-s1069	11	NOUN	14	obl	en
train-s1069	12	PRON	14	nsubj	en
train-s1069	13	AUX	14	aux	en
train-s1069	14	VERB	6	advcl	en
train-s1069	15	DET	18	det	en
train-s1069	16	ADJ	18	amod	en
train-s1069	17	ADJ	18	amod	en
train-s1069	18	NOUN	14	obj	en
train-s1069	19	ADP	22	case	en
train-s1069	20	ADJ	22	amod	en
train-s1069	21	ADJ	22	amod	en
train-s1069	22	NOUN	14	obl	en
train-s1070	2	NOUN	4	advmod	en
train-s1070	3	ADP	2	case	hi
train-s1070	4	ADJ	5	amod	hi
train-s1070	5	NOUN	10	nsubj	en
train-s1070	6	PART	5	advmod	hi
train-s1070	8	NOUN	10	obl	en
train-s1070	9	ADP	8	case	hi
train-s1070	10	VERB	0	root	hi
train-s1070	11	AUX	10	aux	hi
train-s1070	12	AUX	10	aux	hi
train-s1071	2	NOUN	9	obl	hi
train-s1071	3	ADP	2	case	hi
train-s1071	4	NUM	5	nummod	hi
train-s1071	5	NOUN	9	obj	hi
train-s1071	6	ADV	9	advmod	hi
train-s1071	7	NOUN	9	compound	en
train-s1071	8	PART	9	advmod	hi
train-s1071	9	VERB	0	root	hi
train-s1071	10	PRON	5	nmod	en
train-s1071	12	PRON	10	conj	en
train-s1071	13	CCONJ	14	cc	en
train-s1071	14	PRON	10	conj	en
train-s1072	1	PRON	3	nmod	hi
train-s1072	2	PART	1	advmod	hi
train-s1072	3	NOUN	6	nsubj	en
train-s1072	4	PART	3	advmod	hi
train-s1072	5	NOUN	6	nmod	hi
train-s1072	6	VERB	0	root	en
train-s1072	7	ADP	8	case	en
train-s1072	8	PROPN	6	obl	en
train-s1073	1	NUM	7	nsubj	en
train-s1073	2	ADP	4	case	en
train-s1073	3	PRON	4	nmod	en
train-s1073	4	NOUN	1	nmod	en
train-s1073	5	ADP	6	case	en
train-s1073	6	NOUN	7	obl	en
train-s1073	7	VERB	0	root	en
train-s1073	8	ADV	10	advmod	hi
train-s1073	9	ADP	8	case	hi
train-s1073	10	VERB	12	acl	hi
train-s1073	11	AUX	10	aux	hi
train-s1073	12	NOUN	13	obj	hi
train-s1073	13	VERB	7	ccomp	hi
train-s1073	14	AUX	13	aux	hi
train-s1074	1	VERB	0	root	en
train-s1074	2	DET	4	det	en
train-s1074	3	ADJ	4	amod	en
train-s1074	4	NOUN	1	obj	en
train-s1074	5	ADV	6	advmod	en
train-s1074	6	ADV	1	advmod	en
train-s1074	7	SCONJ	13	mark	hi
train-s1074	8	ADJ	10	amod	hi
train-s1074	10	NOUN	13	nmod	hi
train-s1074	11	NOUN	13	compound	en
train-s1074	12	PART	13	advmod	hi
train-s1074	13	VERB	1	advcl	hi
train-s1074	14	ADJ	16	amod	en
train-s1074	15	NOUN	16	compound	en
train-s1074	16	NOUN	11	nmod	en
train-s1074	17	ADP	16	case	hi
train-s1074	18	PRON	13	nsubj	hi
train-s1074	19	PRON	13	iobj	hi
train-s1075	2	ADV	5	mark	en
train-s1075	3	PRON	5	nsubj	en
train-s1075	4	AUX	5	aux	en
train-s1075	5	VERB	8	advcl	en
train-s1075	7	NOUN	8	nsubj	en
train-s1075	8	VERB	0	root	en
train-s1075	10	ADJ	11	compound	hi
train-s1075	11	VERB	8	xcomp	hi
train-s1075	13	NOUN	14	nsubj	hi
train-s1075	14	VERB	11	advcl	hi
train-s1075	15	AUX	14	aux	hi
train-s1076	2	NOUN	9	nsubj	en
train-s1076	3	ADP	4	case	en
train-s1076	5	ADP	6	case	en
train-s1076	7	NOUN	2	nmod	en
train-s1076	8	ADV	9	advmod	en
train-s1076	9	VERB	0	root	en
train-s1076	10	NOUN	11	compound	en
train-s1076	11	NOUN	17	obl	en
train-s1076	12	ADP	11	case	hi
train-s1076	13	PRON	17	nsubj	hi
train-s1076	14	PART	13	advmod	hi
train-s1076	15	NOUN	17	obj	hi
train-s1076	16	PART	17	advmod	hi
train-s1076	17	VERB	9	xcomp	hi
train-s1077	2	PRON	7	nsubj	hi
train-s1077	3	PART	2	advmod	hi
train-s1077	4	DET	5	det	hi
train-s1077	5	NOUN	7	nmod	hi
train-s1077	6	ADP	5	case	hi
train-s1077	7	ADJ	12	xcomp	hi
train-s1077	8	AUX	7	cop	hi
train-s1077	9	AUX	7	aux	hi
train-s1077	11	SCONJ	12	mark	en
train-s1077	12	VERB	0	root	en
train-s1077	13	VERB	12	advcl	en
train-s1077	14	PRON	13	nsubj	en
train-s1077	15	ADJ	13	xcomp	en
train-s1078	1	ADV	3	advmod	en
train-s1078	2	PRON	3	nsubj	en
train-s1078	3	VERB	0	root	en
train-s1078	4	PRON	6	obj	en
train-s1078	6	VERB	3	xcomp	en
train-s1078	7	NOUN	8	obj	hi
train-s1078	8	VERB	6	advcl	hi
train-s1078	9	AUX	8	aux	hi
train-s1078	10	AUX	8	aux	hi
train-s1079	1	ADV	3	advmod	en
train-s1079	2	NOUN	3	nsubj	en
train-s1079	3	NOUN	0	root	en
train-s1079	4	ADP	3	case	hi
train-s1079	5	AUX	3	cop	hi
train-s1080	1	CCONJ	5	cc	en
train-s1080	2	PRON	5	nmod	en
train-s1080	3	PRON	5	nsubj	hi
train-s1080	4	NOUN	5	compound	hi
train-s1080	5	VERB	0	root	hi
train-s1080	6	AUX	5	aux	hi
train-s1080	7	SCONJ	10	mark	hi
train-s1080	8	NOUN	10	nmod	hi
train-s1080	9	PART	8	advmod	hi
train-s1080	10	NOUN	5	obj	en
train-s1080	11	AUX	10	cop	hi
train-s1081	1	NOUN	5	nmod	en
train-s1081	2	CCONJ	3	cc	en
train-s1081	3	NOUN	1	conj	en
train-s1081	4	ADP	1	case	hi
train-s1081	5	NOUN	6	obj	hi
train-s1081	6	VERB	8	advcl	hi
train-s1081	7	AUX	6	aux	hi
train-s1081	8	VERB	0	root	hi
train-s1081	9	AUX	8	aux	hi
train-s1082	3	AUX	4	aux	en
train-s1082	4	VERB	0	root	en
train-s1082	5	ADJ	4	xcomp	en
train-s1082	6	ADP	9	case	en
train-s1082	7	PRON	9	nmod	en
train-s1082	8	NOUN	9	compound	en
train-s1082	9	NOUN	4	obl	en
train-s1082	10	SCONJ	17	mark	hi
train-s1082	11	ADV	17	advmod	hi
train-s1082	12	NOUN	17	nsubj	hi
train-s1082	13	ADV	17	advmod	hi
train-s1082	14	PRON	15	nmod	hi
train-s1082	15	NOUN	17	obl	hi
train-s1082	16	ADP	15	case	hi
train-s1082	17	VERB	4	advcl	hi
train-s1082	18	AUX	17	aux	hi
train-s1083	1	INTJ	2	discourse	en
train-s1083	2	VERB	0	root	en
train-s1083	3	PRON	4	nmod	en
train-s1083	4	NOUN	2	obj	en
train-s1083	6	ADV	7	advmod	hi
train-s1083	7	ADJ	2	advcl	hi
train-s1083	8	AUX	7	cop	hi
train-s1083	9	AUX	7	aux	hi
train-s1084	1	PRON	3	nsubj	en
train-s1084	2	AUX	3	aux	en
train-s1084	3	VERB	0	root	en
train-s1084	4	ADP	10	case	en
train-s1084	5	DET	10	det	en
train-s1084	6	ADJ	10	amod	en
train-s1084	8	NOUN	10	nmod	hi
train-s1084	9	ADP	8	case	hi
train-s1085	1	SCONJ	8	mark	hi
train-s1085	3	PART	2	advmod	hi
train-s1085	4	NOUN	5	compound	en
train-s1085	5	NOUN	7	nmod	en
train-s1085	6	ADP	5	case	hi
train-s1085	7	NOUN	8	compound	en
train-s1085	8	VERB	11	advcl	hi
train-s1085	9	SCONJ	11	mark	hi
train-s1085	10	ADV	11	advmod	hi
train-s1085	11	VERB	0	root	hi
train-s1086	1	ADJ	3	amod	en
train-s1086	2	NOUN	3	compound	en
train-s1086	3	NOUN	0	root	en
train-s1086	5	CCONJ	8	cc	hi
train-s1086	6	ADV	8	nmod	hi
train-s1086	7	ADP	6	case	hi
train-s1086	8	NOUN	3	conj	hi
train-s1087	2	ADV	3	advmod	en
train-s1087	3	VERB	0	root	en
train-s1087	5	INTJ	6	discourse	hi
train-s1087	6	VERB	3	xcomp	hi
train-s1087	8	SCONJ	12	mark	en
train-s1087	9	ADP	8	compound	en
train-s1087	11	INTJ	12	discourse	hi
train-s1087	12	VERB	3	advcl	hi
train-s1087	15	PRON	17	nsubj	en
train-s1087	16	AUX	17	aux	en
train-s1087	17	VERB	3	conj	en
train-s1087	18	PRON	17	obj	en
train-s1087	19	ADV	17	advmod	en
train-s1088	2	CCONJ	3	cc	hi
train-s1088	4	ADP	1	case	hi
train-s1088	5	NOUN	8	nsubj	hi
train-s1088	6	ADV	8	advmod	en
train-s1088	7	ADJ	8	amod	en
train-s1088	8	NOUN	0	root	en
train-s1088	9	ADP	8	case	hi
train-s1088	10	AUX	8	cop	hi
train-s1089	1	NOUN	3	nsubj	en
train-s1089	2	CCONJ	3	cc	hi
train-s1089	3	NOUN	5	nmod	en
train-s1089	4	ADP	3	case	hi
train-s1089	5	NOUN	6	obj	en
train-s1089	6	VERB	8	advcl	hi
train-s1089	7	AUX	6	aux	hi
train-s1089	8	VERB	0	root	hi
train-s1089	9	NOUN	8	obj	en
train-s1089	10	AUX	9	cop	hi
train-s1090	1	PRON	2	nsubj	en
train-s1090	2	VERB	0	root	en
train-s1090	3	NUM	4	nummod	en
train-s1090	4	NOUN	9	nmod	en
train-s1090	6	NOUN	8	nmod	en
train-s1090	7	ADP	6	case	hi
train-s1090	8	NOUN	9	compound	hi
train-s1090	9	VERB	2	xcomp	hi
train-s1090	10	AUX	9	aux	hi
train-s1090	11	CCONJ	14	cc	hi
train-s1090	12	PRON	14	nsubj	hi
train-s1090	13	NOUN	14	advmod	hi
train-s1090	14	ADJ	9	conj	hi
train-s1090	15	PART	14	advmod	hi
train-s1090	16	AUX	14	cop	hi
train-s1091	1	PRON	5	nsubj	en
train-s1091	2	AUX	5	cop	en
train-s1091	3	ADV	5	advmod	en
train-s1091	4	ADP	5	case	en
train-s1091	5	NOUN	0	root	hi
train-s1091	6	NOUN	5	conj	hi
train-s1091	7	CCONJ	8	cc	en
train-s1091	9	ADV	5	advmod	en
train-s1092	1	SCONJ	3	mark	en
train-s1092	2	PRON	3	nsubj	en
train-s1092	3	VERB	9	advcl	en
train-s1092	4	PRON	5	nsubj	en
train-s1092	5	VERB	3	xcomp	en
train-s1092	6	PRON	5	obj	en
train-s1092	8	PRON	9	nmod	hi
train-s1092	9	NOUN	0	root	hi
train-s1092	10	PRON	11	nmod	hi
train-s1092	11	NOUN	13	nsubj	en
train-s1092	12	PART	13	advmod	hi
train-s1092	13	VERB	9	acl	hi
train-s1092	14	AUX	13	aux	hi
train-s1093	1	CCONJ	8	cc	en
train-s1093	2	SCONJ	3	mark	en
train-s1093	3	VERB	8	advcl	en
train-s1093	5	PRON	8	nsubj	en
train-s1093	6	AUX	8	aux	en
train-s1093	7	AUX	8	aux	en
train-s1093	8	VERB	0	root	en
train-s1093	9	PRON	10	obj	hi
train-s1093	10	VERB	8	xcomp	hi
train-s1093	11	PRON	10	nsubj	hi
train-s1093	12	AUX	10	aux	hi
train-s1094	1	ADP	4	case	en
train-s1094	2	DET	4	det	en
train-s1094	3	ADJ	4	amod	en
train-s1094	4	NOUN	12	obl	en
train-s1094	7	ADP	6	case	hi
train-s1094	8	PROPN	9	nmod	en
train-s1094	9	NOUN	12	nsubj	en
train-s1094	10	PART	9	advmod	hi
train-s1094	11	ADJ	12	compound	hi
train-s1094	12	VERB	0	root	hi
train-s1094	13	AUX	12	aux	hi
train-s1095	1	DET	2	det	hi
train-s1095	2	NOUN	4	nsubj	en
train-s1095	3	PART	2	advmod	hi
train-s1095	4	PRON	0	root	hi
train-s1095	5	PRON	6	nmod	hi
train-s1095	6	NOUN	14	obl	en
train-s1095	7	ADP	6	case	hi
train-s1095	8	NOUN	10	nmod	hi
train-s1095	9	PRON	10	compound	hi
train-s1095	10	PRON	14	obj	hi
train-s1095	11	ADP	10	case	hi
train-s1095	12	NOUN	14	compound	en
train-s1095	13	PART	14	advmod	hi
train-s1095	14	VERB	2	acl:relcl	hi
train-s1096	2	NOUN	4	obj	en
train-s1096	3	NOUN	4	compound	en
train-s1096	4	VERB	0	root	hi
train-s1096	5	AUX	4	aux	hi
train-s1096	6	NOUN	8	nsubj	en
train-s1096	7	PART	8	advmod	hi
train-s1096	8	VERB	4	parataxis	hi
train-s1096	9	VERB	4	advcl	en
train-s1096	10	VERB	9	xcomp	en
train-s1096	11	PRON	10	obj	en
train-s1096	12	ADV	10	advmod	en
train-s1097	1	NOUN	6	nsubj	hi
train-s1097	2	ADP	1	case	hi
train-s1097	3	AUX	6	aux	en
train-s1097	4	AUX	6	cop	en
train-s1097	5	NOUN	6	compound	en
train-s1097	6	NOUN	0	root	en
train-s1097	7	ADP	8	case	en
train-s1097	9	PROPN	8	flat	en
train-s1098	2	AUX	3	aux	en
train-s1098	3	VERB	0	root	en
train-s1098	4	DET	20	det	en
train-s1098	5	ADJ	20	amod	en
train-s1098	7	NOUN	9	nmod	en
train-s1098	8	ADP	7	case	hi
train-s1098	9	NOUN	12	nsubj	hi
train-s1098	10	PART	12	advmod	hi
train-s1098	11	NOUN	12	compound	hi
train-s1098	12	VERB	20	acl	hi
train-s1098	13	SCONJ	16	mark	en
train-s1098	14	PRON	16	nsubj	hi
train-s1098	15	PART	14	advmod	hi
train-s1098	16	NOUN	12	obl	hi
train-s1098	17	ADP	16	case	hi
train-s1098	18	AUX	16	cop	hi
train-s1098	20	NOUN	3	obj	en
train-s1099	1	VERB	0	root	hi
train-s1099	2	AUX	1	aux	hi
train-s1099	3	ADV	7	obl	hi
train-s1099	4	ADP	3	case	hi
train-s1099	5	NOUN	7	nsubj	en
train-s1099	6	NOUN	7	compound	en
train-s1099	7	VERB	1	advcl	hi
train-s1099	8	AUX	7	aux	hi
train-s1099	9	AUX	7	aux	hi
train-s1100	1	NUM	5	nummod	hi
train-s1100	2	ADJ	3	amod	en
train-s1100	3	NOUN	5	nmod	en
train-s1100	4	ADJ	5	amod	en
train-s1100	5	NOUN	6	obj	en
train-s1100	6	VERB	0	root	hi
train-s1100	7	NOUN	6	nmod	hi
train-s1101	4	ADV	5	advmod	en
train-s1101	5	VERB	0	root	en
train-s1101	7	VERB	5	advcl	hi
train-s1101	8	AUX	7	aux	hi
train-s1101	10	ADP	12	case	en
train-s1101	11	DET	12	det	en
train-s1101	12	NOUN	5	iobj	en
train-s1101	13	CCONJ	17	cc	en
train-s1101	14	NOUN	17	nmod	en
train-s1101	15	PRON	17	nsubj	en
train-s1101	16	AUX	17	aux	en
train-s1101	17	VERB	5	conj	en
train-s1101	18	ADP	22	case	en
train-s1101	21	ADP	20	case	hi
train-s1101	22	NOUN	17	xcomp	hi
train-s1102	2	DET	6	det	hi
train-s1102	4	ADV	12	advmod	en
train-s1102	6	NOUN	12	nsubj	en
train-s1102	7	DET	8	det	hi
train-s1102	8	NOUN	12	iobj	hi
train-s1102	9	ADP	8	case	hi
train-s1102	10	NOUN	12	obl	hi
train-s1102	11	ADP	10	case	hi
train-s1102	12	VERB	0	root	hi
train-s1102	13	AUX	12	aux	hi
train-s1103	1	PART	3	advmod	hi
train-s1103	2	PRON	3	obj	hi
train-s1103	3	VERB	8	advcl	hi
train-s1103	4	PART	8	advmod	hi
train-s1103	5	PRON	8	nsubj	en
train-s1103	6	AUX	8	aux	en
train-s1103	7	ADV	8	advmod	en
train-s1103	8	VERB	0	root	en
train-s1103	9	PRON	11	nmod	en
train-s1103	10	ADJ	11	amod	en
train-s1103	11	NOUN	8	obj	en
train-s1103	12	PRON	17	obl	hi
train-s1103	13	ADP	12	case	hi
train-s1103	14	PART	12	advmod	hi
train-s1103	15	NOUN	17	obj	en
train-s1103	16	NOUN	17	compound	en
train-s1103	17	VERB	8	conj	hi
train-s1103	18	PRON	8	parataxis	hi
train-s1103	19	PART	18	advmod	hi
train-s1103	20	PRON	21	nsubj	hi
train-s1103	21	PRON	18	conj	hi
train-s1103	22	ADP	21	case	hi
train-s1103	23	AUX	21	cop	hi
train-s1104	2	NOUN	9	nsubj	en
train-s1104	3	ADP	5	case	en
train-s1104	4	ADJ	5	amod	en
train-s1104	5	NOUN	8	obl	en
train-s1104	6	ADP	7	case	en
train-s1104	7	NOUN	5	nmod	hi
train-s1104	8	VERB	9	advcl	en
train-s1104	9	VERB	0	root	en
train-s1104	10	VERB	9	xcomp	hi
train-s1104	11	PRON	10	parataxis	hi
train-s1104	12	PRON	11	orphan	hi
train-s1105	1	NOUN	5	nmod	en
train-s1105	2	ADP	4	case	en
train-s1105	3	DET	4	det	en
train-s1105	4	NOUN	1	nmod	en
train-s1105	7	ADP	5	case	hi
train-s1105	8	NOUN	0	root	hi
train-s1106	1	DET	2	det	hi
train-s1106	4	ADP	2	case	hi
train-s1106	5	NOUN	9	acl	en
train-s1106	6	CCONJ	7	cc	en
train-s1106	7	NOUN	5	conj	en
train-s1106	8	PRON	9	nsubj	hi
train-s1106	9	VERB	0	root	hi
train-s1106	10	AUX	9	aux	hi
train-s1107	1	PRON	3	advmod	hi
train-s1107	2	PART	3	advmod	hi
train-s1107	3	PRON	0	root	hi
train-s1107	4	AUX	3	cop	hi
train-s1107	5	PRON	11	nsubj	hi
train-s1107	6	ADJ	7	amod	en
train-s1107	7	NOUN	11	obl	en
train-s1107	8	ADP	7	case	hi
train-s1107	10	ADV	11	advmod	en
train-s1107	11	VERB	3	acl:relcl	en
train-s1107	12	DET	13	det	en
train-s1107	13	NOUN	11	obj	en
train-s1107	14	ADP	16	case	en
train-s1107	15	DET	16	det	en
train-s1107	16	NOUN	11	obl	en
train-s1107	17	CCONJ	18	cc	en
train-s1107	18	VERB	11	conj	en
train-s1107	19	ADV	18	advmod	en
train-s1108	2	DET	5	det	hi
train-s1108	3	ADJ	4	compound	hi
train-s1108	4	ADJ	5	amod	hi
train-s1108	5	NOUN	7	nsubj	hi
train-s1108	6	PRON	7	iobj	hi
train-s1108	7	VERB	0	root	hi
train-s1108	8	AUX	11	cop	en
train-s1108	9	ADJ	10	amod	en
train-s1108	11	NOUN	7	obj	en
train-s1108	12	ADV	13	advmod	en
train-s1108	13	ADJ	11	amod	en
train-s1108	14	ADP	17	case	en
train-s1108	15	ADJ	17	amod	en
train-s1108	16	NOUN	17	compound	hi
train-s1108	17	NOUN	13	advmod	en
train-s1109	1	NOUN	7	nsubj	en
train-s1109	2	ADJ	4	amod	en
train-s1109	4	NOUN	7	nmod	en
train-s1109	5	ADP	4	case	hi
train-s1109	8	ADP	7	case	hi
train-s1109	9	AUX	7	cop	hi
train-s1110	1	PRON	8	expl	hi
train-s1110	2	ADV	8	advmod	hi
train-s1110	3	DET	4	det	hi
train-s1110	5	ADP	4	case	hi
train-s1110	6	NOUN	7	compound	en
train-s1110	7	NOUN	8	nsubj	en
train-s1110	9	ADV	8	advmod	hi
train-s1110	10	AUX	8	cop	hi
train-s1110	11	AUX	8	aux	hi
train-s1111	1	ADV	5	advmod	hi
train-s1111	2	NUM	3	nummod	hi
train-s1111	3	NOUN	5	nmod	hi
train-s1111	4	NOUN	5	compound	hi
train-s1111	5	VERB	6	acl:relcl	hi
train-s1111	6	ADV	10	advmod	hi
train-s1111	7	NUM	8	nummod	en
train-s1111	8	NOUN	10	advmod	en
train-s1111	9	DET	10	det	hi
train-s1111	10	ADJ	0	root	hi
train-s1112	1	PRON	7	nsubj	hi
train-s1112	2	DET	3	det	hi
train-s1112	3	NOUN	7	obj	en
train-s1112	4	ADP	3	case	hi
train-s1112	5	PART	3	advmod	hi
train-s1112	6	NOUN	7	compound	en
train-s1112	7	VERB	0	root	hi
train-s1112	8	AUX	7	aux	hi
train-s1112	9	AUX	7	aux	hi
train-s1113	1	DET	2	det	hi
train-s1113	2	NOUN	5	obl	hi
train-s1113	3	ADP	2	case	hi
train-s1113	5	VERB	0	root	hi
train-s1113	6	NOUN	5	nmod	hi
train-s1113	7	PRON	9	nmod	hi
train-s1113	8	PART	7	advmod	hi
train-s1113	9	NOUN	5	obl	en
train-s1113	10	SCONJ	11	mark	en
train-s1113	11	VERB	9	advcl	en
train-s1113	12	ADP	9	case	hi
train-s1114	1	VERB	0	root	en
train-s1114	2	ADV	3	advmod	hi
train-s1114	3	ADJ	4	amod	hi
train-s1114	4	NOUN	1	obj	en
train-s1114	5	CCONJ	6	cc	en
train-s1114	6	VERB	1	conj	en
train-s1114	7	ADJ	6	xcomp	en
train-s1114	8	ADV	6	advmod	en
train-s1115	1	PRON	13	nsubj	hi
train-s1115	2	DET	4	det	hi
train-s1115	3	ADJ	4	amod	en
train-s1115	4	NOUN	1	acl:relcl	hi
train-s1115	5	AUX	4	cop	hi
train-s1115	6	AUX	4	aux	hi
train-s1115	7	NOUN	9	nmod	en
train-s1115	8	ADP	7	case	hi
train-s1115	9	NOUN	13	obj	en
train-s1115	10	ADV	11	advmod	hi
train-s1115	11	ADV	13	advmod	hi
train-s1115	12	PART	11	advmod	hi
train-s1115	13	VERB	0	root	hi
train-s1115	14	AUX	13	aux	hi
train-s1116	1	CCONJ	9	cc	hi
train-s1116	2	NOUN	9	obl	hi
train-s1116	3	ADP	2	case	hi
train-s1116	6	ADP	4	case	hi
train-s1116	7	NOUN	9	compound	en
train-s1116	8	PART	9	advmod	hi
train-s1116	9	VERB	0	root	hi
train-s1116	10	AUX	9	aux	hi
train-s1116	11	ADV	9	advmod	en
train-s1117	1	NOUN	3	nmod	en
train-s1117	2	ADP	1	case	hi
train-s1117	3	NOUN	5	nsubj	hi
train-s1117	4	DET	5	det	hi
train-s1117	5	ADJ	0	root	en
train-s1117	6	AUX	5	cop	hi
train-s1118	2	ADJ	3	amod	en
train-s1118	4	CCONJ	5	cc	en
train-s1118	5	NOUN	3	conj	en
train-s1118	6	PRON	16	nsubj	hi
train-s1118	7	PRON	16	obj	hi
train-s1118	8	ADP	7	case	hi
train-s1118	9	DET	10	det	hi
train-s1118	10	NOUN	13	nmod	en
train-s1118	11	ADP	10	case	hi
train-s1118	12	ADJ	13	amod	hi
train-s1118	13	NOUN	15	nmod	en
train-s1118	14	ADP	13	case	hi
train-s1118	15	NOUN	16	compound	hi
train-s1118	16	VERB	0	root	hi
train-s1119	1	VERB	0	root	en
train-s1119	2	DET	3	det	en
train-s1119	3	NOUN	1	nmod	en
train-s1119	4	ADV	12	mark	hi
train-s1119	5	PRON	12	nsubj	hi
train-s1119	6	NUM	7	nummod	hi
train-s1119	7	NOUN	12	obl	hi
train-s1119	8	ADP	7	case	hi
train-s1119	9	DET	11	det	hi
train-s1119	11	NOUN	12	compound	en
train-s1119	12	VERB	3	acl:relcl	hi
train-s1119	13	AUX	12	aux	hi
train-s1119	14	CCONJ	21	cc	hi
train-s1119	15	ADV	21	advmod	hi
train-s1119	17	NOUN	19	nmod	en
train-s1119	18	ADP	17	case	hi
train-s1119	19	NOUN	21	nsubj	en
train-s1119	20	PART	19	advmod	hi
train-s1119	21	VERB	12	conj	hi
train-s1119	22	AUX	21	aux	hi
train-s1120	2	AUX	4	cop	en
train-s1120	3	PART	4	advmod	en
train-s1120	4	PRON	0	root	en
train-s1120	5	NOUN	4	nmod	en
train-s1120	6	ADP	7	case	en
train-s1120	7	PRON	5	nmod	en
train-s1120	9	NOUN	10	nsubj	en
train-s1120	10	VERB	7	acl	hi
train-s1120	11	AUX	10	aux	hi
train-s1120	12	AUX	10	aux	hi
train-s1120	14	ADV	10	advmod	en
train-s1121	2	NOUN	3	obj	en
train-s1121	3	VERB	11	csubj	hi
train-s1121	4	AUX	3	aux	hi
train-s1121	5	AUX	3	aux	hi
train-s1121	7	AUX	11	cop	en
train-s1121	8	DET	11	det	en
train-s1121	10	NOUN	11	nsubj	hi
train-s1121	11	VERB	0	root	hi
train-s1121	12	AUX	11	aux	hi
train-s1121	13	AUX	11	aux	hi
train-s1121	15	ADP	16	case	en
train-s1121	16	NOUN	11	obl	en
train-s1122	1	PRON	3	nsubj	en
train-s1122	2	AUX	3	aux	en
train-s1122	3	VERB	0	root	en
train-s1122	4	ADV	5	advmod	hi
train-s1122	5	DET	6	det	hi
train-s1122	6	NOUN	3	obj	hi
train-s1123	1	DET	3	det	hi
train-s1123	2	ADJ	3	amod	hi
train-s1123	3	NOUN	5	obj	hi
train-s1123	4	NOUN	5	compound	en
train-s1123	5	VERB	0	root	hi
train-s1123	6	ADV	9	advmod	hi
train-s1123	7	NOUN	8	compound	en
train-s1123	8	NOUN	9	compound	en
train-s1123	9	VERB	3	acl:relcl	hi
train-s1123	10	AUX	9	aux	hi
train-s1123	11	AUX	9	aux	hi
train-s1124	1	ADV	3	advmod	en
train-s1124	2	NOUN	3	compound	hi
train-s1124	3	VERB	0	root	hi
train-s1124	4	PRON	5	nmod	en
train-s1124	5	NOUN	8	nsubj	en
train-s1124	6	AUX	8	aux	en
train-s1124	7	AUX	8	cop	en
train-s1124	8	ADJ	3	ccomp	en
train-s1125	1	DET	2	det	hi
train-s1125	2	NOUN	7	nsubj	en
train-s1125	3	NOUN	7	obl	en
train-s1125	4	ADP	3	case	hi
train-s1125	5	PART	3	advmod	hi
train-s1125	6	NOUN	7	obj	en
train-s1125	7	VERB	0	root	hi
train-s1125	8	AUX	7	aux	hi
train-s1126	1	DET	2	det	en
train-s1126	2	NOUN	3	nsubj	en
train-s1126	3	VERB	0	root	en
train-s1126	4	ADP	21	case	en
train-s1126	5	DET	21	det	en
train-s1126	7	NOUN	8	compound	hi
train-s1126	8	NOUN	11	obj	hi
train-s1126	9	ADP	8	case	hi
train-s1126	10	NOUN	11	compound	hi
train-s1126	11	VERB	21	acl	hi
train-s1126	12	AUX	11	aux	hi
train-s1126	13	AUX	11	aux	hi
train-s1126	15	ADV	18	advmod	hi
train-s1126	16	PART	15	advmod	hi
train-s1126	17	NOUN	18	compound	hi
train-s1126	18	VERB	11	advcl	hi
train-s1126	19	AUX	18	aux	hi
train-s1126	21	NOUN	3	obl	en
train-s1127	1	ADV	2	advmod	hi
train-s1127	2	VERB	0	root	hi
train-s1127	3	PRON	6	nsubj	en
train-s1127	4	AUX	6	cop	en
train-s1127	5	DET	6	det	en
train-s1127	6	NOUN	2	obj	en
train-s1127	7	ADP	8	case	en
train-s1127	8	NOUN	6	nmod	en
train-s1128	1	PRON	2	nsubj	en
train-s1128	2	VERB	0	root	en
train-s1128	3	PRON	4	nmod	hi
train-s1128	4	NOUN	10	obj	hi
train-s1128	5	ADP	4	case	hi
train-s1128	6	ADJ	7	amod	hi
train-s1128	7	NOUN	10	nsubj	hi
train-s1128	8	ADJ	10	compound	hi
train-s1128	9	PART	10	advmod	hi
train-s1128	10	VERB	2	xcomp	hi
train-s1128	11	CCONJ	18	cc	en
train-s1128	12	DET	13	det	hi
train-s1128	13	NOUN	14	nsubj	hi
train-s1128	15	AUX	14	cop	hi
train-s1128	16	PRON	18	nsubj	hi
train-s1128	17	ADV	18	advmod	hi
train-s1128	18	VERB	2	conj	hi
train-s1128	19	PRON	18	obj	hi
train-s1128	20	ADP	19	case	hi
train-s1129	2	DET	3	det	en
train-s1129	3	NOUN	5	nsubj	en
train-s1129	4	ADV	5	advmod	en
train-s1129	5	VERB	0	root	en
train-s1129	6	SCONJ	7	mark	en
train-s1129	7	VERB	5	xcomp	en
train-s1129	9	VERB	16	csubj	hi
train-s1129	10	AUX	9	aux	hi
train-s1129	11	DET	12	det	hi
train-s1129	12	NOUN	9	obj	hi
train-s1129	13	ADP	12	case	hi
train-s1129	15	AUX	16	cop	en
train-s1129	16	ADJ	7	xcomp	en
train-s1129	17	PART	18	mark	en
train-s1129	18	VERB	16	advcl	en
train-s1129	19	NOUN	21	nmod	en
train-s1129	20	PART	19	case	en
train-s1129	21	NOUN	18	obj	en
train-s1130	1	PRON	2	nsubj	en
train-s1130	2	VERB	0	root	en
train-s1130	3	PRON	8	nsubj	en
train-s1130	4	AUX	8	cop	en
train-s1130	5	ADP	8	case	en
train-s1130	6	NOUN	8	nmod	hi
train-s1130	7	ADP	6	case	hi
train-s1130	8	NOUN	2	obj	hi
train-s1130	9	ADV	13	mark	en
train-s1130	10	PRON	13	nsubj	en
train-s1130	11	AUX	13	aux	en
train-s1130	12	PART	13	advmod	en
train-s1130	13	VERB	2	advcl	en
train-s1130	14	PRON	15	nmod	en
train-s1130	15	NOUN	13	obj	en
train-s1131	1	SCONJ	5	mark	en
train-s1131	2	PRON	3	nmod	en
train-s1131	3	NOUN	5	nsubj	en
train-s1131	4	AUX	5	aux	en
train-s1131	5	VERB	14	advcl	en
train-s1131	6	NOUN	5	nmod	en
train-s1131	7	PRON	14	nsubj	en
train-s1131	8	AUX	14	aux	en
train-s1131	9	AUX	14	cop	en
train-s1131	10	NOUN	12	nmod	hi
train-s1131	11	ADP	10	case	hi
train-s1131	12	NOUN	14	nmod	hi
train-s1131	13	ADP	12	case	hi
train-s1131	14	NOUN	0	root	en
train-s1131	15	ADP	16	case	en
train-s1131	16	NOUN	14	nmod	en
train-s1132	2	VERB	0	root	en
train-s1132	3	PRON	4	nmod	en
train-s1132	4	NOUN	2	obj	en
train-s1132	5	ADP	7	case	en
train-s1132	6	NUM	7	nummod	en
train-s1132	7	NOUN	2	obl	en
train-s1132	9	NOUN	12	obj	en
train-s1132	11	PRON	12	nsubj	en
train-s1132	12	VERB	2	parataxis	en
train-s1132	14	NOUN	18	vocative	hi
train-s1132	15	NOUN	18	iobj	en
train-s1132	16	ADP	15	case	hi
train-s1132	17	NOUN	18	obj	hi
train-s1132	18	VERB	21	xcomp	hi
train-s1132	20	PRON	21	nsubj	en
train-s1132	21	VERB	12	parataxis	en
train-s1132	22	ADP	24	case	en
train-s1132	23	PRON	24	nmod	en
train-s1132	24	NOUN	21	iobj	en
train-s1133	2	AUX	11	cop	en
train-s1133	4	PART	3	case	en
train-s1133	5	NOUN	6	obj	hi
train-s1133	6	VERB	11	acl	hi
train-s1133	8	NOUN	9	compound	en
train-s1133	9	NOUN	10	obj	en
train-s1133	10	VERB	11	acl	hi
train-s1133	11	NOUN	0	root	hi
train-s1134	1	NOUN	3	nmod	hi
train-s1134	2	ADP	1	case	hi
train-s1134	3	NOUN	4	nsubj	hi
train-s1134	4	VERB	0	root	en
train-s1134	5	PRON	4	iobj	en
train-s1134	6	NOUN	4	obj	en
train-s1135	1	DET	2	det	en
train-s1135	2	NOUN	3	nsubj	en
train-s1135	3	VERB	0	root	en
train-s1135	4	SCONJ	9	mark	en
train-s1135	6	PRON	9	nsubj	hi
train-s1135	7	ADJ	8	amod	hi
train-s1135	8	NOUN	9	obj	en
train-s1135	9	VERB	3	advcl	hi
train-s1136	2	PRON	3	obj	en
train-s1136	3	AUX	7	aux	en
train-s1136	4	DET	6	det	en
train-s1136	5	NOUN	6	compound	en
train-s1136	6	NOUN	7	nsubj	en
train-s1136	7	VERB	0	root	en
train-s1136	8	SCONJ	9	mark	en
train-s1136	9	VERB	7	advcl	en
train-s1136	10	ADP	12	case	en
train-s1136	11	NOUN	12	compound	en
train-s1136	12	NOUN	9	obj	en
train-s1136	15	INTJ	17	discourse	hi
train-s1136	16	PRON	17	obj	hi
train-s1136	17	VERB	2	acl	hi
train-s1136	19	NOUN	17	acl	hi
train-s1137	1	NOUN	7	iobj	en
train-s1137	2	ADP	1	case	hi
train-s1137	4	ADP	3	case	hi
train-s1137	5	NOUN	6	compound	en
train-s1137	6	NOUN	7	nmod	en
train-s1137	7	NOUN	0	root	hi
train-s1137	8	AUX	7	cop	hi
train-s1138	2	NOUN	7	nmod	hi
train-s1138	3	AUX	2	cop	hi
train-s1138	4	CCONJ	5	cc	hi
train-s1138	5	NOUN	2	conj	hi
train-s1138	6	PRON	7	nsubj	en
train-s1138	7	VERB	0	root	en
train-s1138	8	PART	7	advmod	en
train-s1138	9	NOUN	7	obj	en
train-s1139	1	DET	3	det	hi
train-s1139	2	ADJ	3	amod	en
train-s1139	3	NOUN	5	obj	en
train-s1139	4	NOUN	5	compound	en
train-s1139	5	VERB	0	root	hi
train-s1139	6	AUX	5	aux	hi
train-s1140	1	NOUN	7	obl	en
train-s1140	2	ADP	1	case	hi
train-s1140	3	ADP	1	case	hi
train-s1140	4	ADV	7	advmod	hi
train-s1140	5	NOUN	7	obj	en
train-s1140	6	NOUN	7	compound	en
train-s1140	7	VERB	0	root	hi
train-s1140	8	AUX	7	aux	hi
train-s1140	9	AUX	7	aux	hi
train-s1141	1	SCONJ	2	mark	en
train-s1141	2	VERB	9	advcl	en
train-s1141	3	NOUN	6	nmod	hi
train-s1141	4	ADP	3	case	hi
train-s1141	5	VERB	6	acl	hi
train-s1141	6	NOUN	2	obj	en
train-s1141	7	PRON	9	nsubj	en
train-s1141	8	AUX	9	aux	en
train-s1141	9	VERB	0	root	en
train-s1141	10	ADV	9	advmod	en
train-s1142	1	NOUN	3	nsubj	en
train-s1142	2	AUX	3	aux	en
train-s1142	3	VERB	0	root	en
train-s1142	4	NOUN	3	obj	en
train-s1142	5	ADP	7	case	en
train-s1142	6	PRON	7	nmod	en
train-s1142	7	NOUN	4	nmod	en
train-s1142	8	VERB	3	advcl	hi
train-s1142	9	CCONJ	11	cc	hi
train-s1142	10	PART	11	advmod	hi
train-s1142	11	VERB	8	conj	hi
train-s1143	1	ADJ	2	amod	en
train-s1143	2	NOUN	5	nmod	en
train-s1143	3	NOUN	4	compound	en
train-s1143	4	NOUN	5	obj	en
train-s1143	5	VERB	0	root	hi
train-s1143	6	AUX	5	aux	hi
train-s1143	7	AUX	5	aux	hi
train-s1143	8	NOUN	5	vocative	en
train-s1144	1	DET	2	det	hi
train-s1144	2	NOUN	9	nsubj	hi
train-s1144	4	NOUN	9	obj	hi
train-s1144	6	ADP	4	case	hi
train-s1144	7	DET	8	det	hi
train-s1144	8	NOUN	9	advmod	hi
train-s1144	9	ADJ	0	root	en
train-s1144	10	AUX	9	cop	hi
train-s1144	11	SCONJ	13	mark	hi
train-s1144	12	PRON	13	obj	hi
train-s1144	13	VERB	8	acl	hi
train-s1144	14	AUX	13	aux	hi
train-s1144	15	AUX	13	aux	hi
train-s1144	16	DET	17	det	hi
train-s1144	17	NOUN	13	nmod	hi
train-s1144	18	SCONJ	21	mark	hi
train-s1144	19	PRON	21	nsubj	en
train-s1144	20	AUX	21	aux	en
train-s1144	21	VERB	12	acl	en
train-s1145	2	AUX	3	cop	en
train-s1145	3	ADJ	0	root	en
train-s1145	4	ADP	5	case	en
train-s1145	6	SCONJ	12	mark	hi
train-s1145	8	ADP	7	case	hi
train-s1145	9	NOUN	12	nmod	en
train-s1145	10	ADP	9	case	hi
train-s1145	12	NOUN	3	nmod	en
train-s1145	13	AUX	12	cop	hi
train-s1145	14	CCONJ	18	cc	hi
train-s1145	15	PRON	18	nsubj	hi
train-s1145	16	PART	15	advmod	hi
train-s1145	17	ADJ	18	compound	hi
train-s1145	18	ADJ	12	conj	hi
train-s1146	1	NOUN	2	nsubj	en
train-s1146	2	VERB	0	root	en
train-s1146	3	DET	6	det	en
train-s1146	4	ADV	5	advmod	en
train-s1146	5	ADJ	6	amod	en
train-s1146	6	NOUN	2	obj	en
train-s1146	7	ADP	8	case	en
train-s1146	8	NOUN	6	nmod	en
train-s1146	10	CCONJ	11	cc	en
train-s1146	11	NOUN	2	conj	hi
train-s1146	12	PRON	11	nsubj	hi
train-s1146	13	AUX	11	cop	hi
train-s1146	15	NOUN	17	nsubj	hi
train-s1146	16	PART	15	advmod	hi
train-s1146	17	ADJ	11	advcl	hi
train-s1146	18	PART	17	advmod	hi
train-s1146	19	AUX	17	cop	hi
train-s1147	1	ADJ	2	amod	en
train-s1147	2	NOUN	19	nsubj	en
train-s1147	3	ADP	4	case	en
train-s1147	4	PROPN	19	obl	en
train-s1147	5	AUX	19	cop	en
train-s1147	7	SCONJ	9	mark	en
train-s1147	8	NOUN	9	nsubj	en
train-s1147	9	VERB	19	advcl	en
train-s1147	11	NOUN	14	nmod	hi
train-s1147	12	PRON	14	nsubj	hi
train-s1147	13	NOUN	14	obj	hi
train-s1147	14	VERB	9	xcomp	hi
train-s1147	17	PRON	19	nsubj	en
train-s1147	18	ADV	19	advmod	en
train-s1147	19	VERB	0	root	en
train-s1147	20	PROPN	19	obj	en
train-s1148	1	NOUN	7	nsubj	hi
train-s1148	2	CCONJ	3	cc	en
train-s1148	3	NOUN	1	conj	hi
train-s1148	4	AUX	7	cop	en
train-s1148	5	DET	7	det	en
train-s1148	6	NUM	7	nummod	en
train-s1148	7	NOUN	0	root	en
train-s1148	8	PRON	18	nsubj	hi
train-s1148	9	PRON	10	nmod	hi
train-s1148	10	NOUN	12	nmod	hi
train-s1148	11	ADP	10	case	hi
train-s1148	12	NOUN	17	nmod	hi
train-s1148	13	ADP	12	case	hi
train-s1148	14	PRON	15	nmod	hi
train-s1148	15	NOUN	17	nmod	hi
train-s1148	16	ADP	15	case	hi
train-s1148	17	NOUN	18	obj	hi
train-s1148	18	VERB	1	acl:relcl	hi
train-s1148	19	AUX	18	aux	hi
train-s1149	1	NOUN	6	nsubj	en
train-s1149	2	ADP	3	case	en
train-s1149	4	NOUN	6	nmod	en
train-s1149	5	AUX	6	aux	en
train-s1149	6	VERB	0	root	en
train-s1149	7	SCONJ	9	mark	en
train-s1149	9	VERB	6	ccomp	hi
train-s1149	10	AUX	9	aux	hi
train-s1149	11	PRON	9	nsubj	hi
train-s1149	13	CCONJ	15	cc	en
train-s1149	14	PRON	15	nsubj	en
train-s1149	15	VERB	6	conj	en
train-s1149	16	ADV	19	advmod	en
train-s1149	17	SCONJ	19	mark	en
train-s1149	19	ADV	15	ccomp	hi
train-s1149	20	AUX	19	cop	hi
train-s1149	21	PRON	19	advmod	hi
train-s1150	1	VERB	0	root	en
train-s1150	2	PRON	1	iobj	en
train-s1150	3	DET	6	det	en
train-s1150	4	ADJ	5	compound	hi
train-s1150	5	ADJ	6	amod	hi
train-s1150	6	NOUN	1	obj	en
train-s1151	1	PRON	4	nsubj	en
train-s1151	2	AUX	4	aux	en
train-s1151	3	PART	4	advmod	en
train-s1151	4	VERB	0	root	en
train-s1151	5	SCONJ	17	mark	hi
train-s1151	6	ADV	10	advmod	hi
train-s1151	7	NOUN	10	nsubj	hi
train-s1151	8	ADP	7	case	hi
train-s1151	9	NOUN	10	compound	en
train-s1151	10	VERB	13	acl:relcl	hi
train-s1151	11	AUX	10	aux	hi
train-s1151	12	AUX	10	aux	hi
train-s1151	13	ADV	17	advmod	hi
train-s1151	14	PRON	17	nsubj	hi
train-s1151	15	NOUN	17	compound	en
train-s1151	16	ADV	17	advmod	hi
train-s1151	17	VERB	4	xcomp	hi
train-s1151	18	AUX	17	aux	hi
train-s1152	1	SCONJ	2	mark	en
train-s1152	2	VERB	8	advcl	en
train-s1152	4	ADJ	6	amod	en
train-s1152	5	NOUN	6	compound	en
train-s1152	6	NOUN	2	obj	en
train-s1152	7	PRON	8	nsubj	en
train-s1152	8	VERB	0	root	en
train-s1152	9	ADP	10	case	en
train-s1152	11	PART	12	mark	en
train-s1152	12	VERB	8	xcomp	en
train-s1152	13	SCONJ	16	mark	hi
train-s1152	14	DET	15	det	hi
train-s1152	15	NOUN	16	compound	hi
train-s1152	16	VERB	12	xcomp	hi
train-s1152	17	AUX	16	aux	hi
train-s1153	1	DET	3	det	hi
train-s1153	2	ADJ	3	amod	en
train-s1153	3	NOUN	7	nmod	en
train-s1153	4	ADP	3	case	hi
train-s1153	5	ADP	3	case	hi
train-s1153	6	ADJ	7	amod	en
train-s1153	7	NOUN	14	nsubj	en
train-s1153	8	ADJ	9	compound	hi
train-s1153	9	VERB	11	acl	hi
train-s1153	10	AUX	9	aux	hi
train-s1153	11	NOUN	14	obj	hi
train-s1153	12	PART	11	advmod	hi
train-s1153	13	PART	14	advmod	hi
train-s1153	14	VERB	0	root	hi
train-s1153	15	AUX	14	aux	hi
train-s1154	1	ADJ	2	amod	en
train-s1154	2	NOUN	5	nmod	en
train-s1154	3	ADP	2	case	hi
train-s1154	4	PART	2	advmod	hi
train-s1154	5	NOUN	6	compound	en
train-s1154	6	VERB	0	root	hi
train-s1154	7	AUX	6	aux	hi
train-s1154	8	AUX	6	aux	hi
train-s1154	9	ADV	6	advmod	hi
train-s1154	10	ADP	9	case	hi
train-s1155	2	NOUN	3	obj	hi
train-s1155	3	VERB	14	csubj	hi
train-s1155	5	NOUN	7	nmod	hi
train-s1155	6	ADP	5	case	hi
train-s1155	7	NOUN	9	obj	hi
train-s1155	8	PART	9	advmod	hi
train-s1155	9	VERB	3	conj	hi
train-s1155	11	AUX	14	aux	en
train-s1155	12	AUX	14	aux	en
train-s1155	13	AUX	14	aux	en
train-s1155	14	VERB	0	root	en
train-s1155	15	VERB	14	advcl	en
train-s1155	17	NOUN	15	obj	en
train-s1155	18	ADP	19	case	en
train-s1155	19	NOUN	15	obl	en
train-s1156	1	ADJ	2	amod	en
train-s1156	3	PART	2	advmod	hi
train-s1156	4	CCONJ	6	cc	en
train-s1156	5	ADJ	6	amod	en
train-s1156	6	NOUN	2	conj	en
train-s1156	8	PRON	9	nsubj	hi
train-s1156	9	NOUN	0	root	en
train-s1156	10	AUX	9	cop	hi
train-s1156	11	PRON	13	nsubj	hi
train-s1156	12	PRON	13	obj	hi
train-s1156	13	VERB	9	conj	hi
train-s1156	14	AUX	13	aux	hi
train-s1157	2	ADP	1	case	hi
train-s1157	3	NOUN	0	root	hi
train-s1157	4	AUX	3	cop	hi
train-s1157	5	CCONJ	8	cc	en
train-s1157	6	PRON	8	nsubj	en
train-s1157	7	AUX	8	aux	en
train-s1157	8	VERB	3	conj	en
train-s1157	9	PART	10	mark	en
train-s1157	10	VERB	8	xcomp	en
train-s1158	1	PRON	6	nsubj	hi
train-s1158	2	ADV	6	advmod	en
train-s1158	3	PRON	4	nmod	hi
train-s1158	4	NOUN	6	obj	en
train-s1158	5	NOUN	6	compound	en
train-s1158	6	VERB	0	root	hi
train-s1158	7	AUX	6	aux	hi
train-s1159	1	NUM	3	nmod	en
train-s1159	2	ADP	1	case	hi
train-s1159	3	ADJ	5	amod	hi
train-s1159	4	ADJ	5	amod	en
train-s1159	5	NOUN	7	obj	en
train-s1159	6	NOUN	7	compound	en
train-s1159	7	VERB	10	advcl	hi
train-s1159	8	SCONJ	7	mark	hi
train-s1159	9	NOUN	10	compound	en
train-s1159	10	VERB	0	root	hi
train-s1159	11	AUX	10	aux	hi
train-s1159	12	AUX	10	aux	hi
train-s1160	1	PRON	3	nsubj	hi
train-s1160	2	NOUN	3	obj	hi
train-s1160	3	VERB	12	advcl	hi
train-s1160	4	AUX	3	aux	hi
train-s1160	5	AUX	3	aux	hi
train-s1160	6	SCONJ	12	mark	hi
train-s1160	7	ADJ	8	amod	hi
train-s1160	8	PRON	9	nsubj	hi
train-s1160	9	VERB	12	advcl	hi
train-s1160	10	AUX	9	aux	hi
train-s1160	11	NOUN	12	obj	hi
train-s1160	12	VERB	0	root	hi
train-s1160	13	AUX	12	aux	hi
train-s1160	14	AUX	12	aux	hi
train-s1160	15	CCONJ	21	cc	en
train-s1160	16	DET	18	det	en
train-s1160	17	ADJ	18	amod	en
train-s1160	18	NOUN	21	nsubj	en
train-s1160	19	AUX	21	aux	en
train-s1160	20	ADV	21	advmod	en
train-s1160	21	VERB	12	conj	en
train-s1160	22	PRON	21	obj	en
train-s1161	1	PRON	9	nmod	hi
train-s1161	2	ADP	1	case	hi
train-s1161	3	ADP	1	case	hi
train-s1161	4	NOUN	8	nmod	en
train-s1161	5	CCONJ	6	cc	hi
train-s1161	6	NOUN	4	conj	en
train-s1161	7	ADP	4	case	hi
train-s1161	8	ADJ	9	amod	en
train-s1161	9	NOUN	0	root	en
train-s1161	10	AUX	9	cop	hi
train-s1162	1	NOUN	3	nmod	hi
train-s1162	2	ADP	1	case	hi
train-s1162	3	NOUN	7	nsubj	en
train-s1162	4	AUX	7	cop	en
train-s1162	5	DET	7	det	en
train-s1162	6	ADJ	7	amod	en
train-s1162	7	NOUN	0	root	hi
train-s1162	8	ADP	10	case	en
train-s1162	9	PRON	10	nmod	en
train-s1162	10	NOUN	7	nmod	en
train-s1162	11	ADV	12	advmod	en
train-s1162	12	ADV	7	advmod	en
train-s1163	2	NOUN	4	nsubj	en
train-s1163	3	AUX	4	aux	en
train-s1163	4	VERB	0	root	en
train-s1163	5	PART	6	mark	en
train-s1163	6	VERB	4	xcomp	en
train-s1163	7	CCONJ	10	cc	en
train-s1163	8	DET	9	det	hi
train-s1163	9	NOUN	10	nsubj	hi
train-s1163	10	VERB	4	conj	hi
train-s1163	11	ADJ	10	compound	en
train-s1164	1	DET	3	det	en
train-s1164	2	NOUN	3	compound	hi
train-s1164	3	NOUN	0	root	en
train-s1164	4	ADV	6	mark	en
train-s1164	5	NOUN	6	nsubj	en
train-s1164	6	VERB	3	acl:relcl	en
train-s1164	7	PART	8	mark	en
train-s1164	8	VERB	6	xcomp	en
train-s1164	10	PRON	11	nmod	hi
train-s1164	11	NOUN	15	obl	hi
train-s1164	12	ADP	11	case	hi
train-s1164	13	NOUN	15	nsubj	hi
train-s1164	14	PRON	15	nmod	hi
train-s1164	15	VERB	8	xcomp	hi
train-s1164	16	AUX	15	aux	hi
train-s1164	17	SCONJ	20	mark	hi
train-s1164	18	PRON	20	nsubj	hi
train-s1164	19	NOUN	20	obj	hi
train-s1164	20	VERB	15	advcl	hi
train-s1164	21	AUX	20	aux	hi
train-s1165	1	AUX	3	cop	en
train-s1165	2	PRON	3	nsubj	en
train-s1165	3	ADJ	0	root	en
train-s1165	4	SCONJ	11	mark	en
train-s1165	5	NUM	10	nummod	hi
train-s1165	6	VERB	7	amod	hi
train-s1165	8	ADP	7	case	hi
train-s1165	9	ADP	7	case	hi
train-s1165	10	NOUN	11	nsubj	en
train-s1165	11	ADJ	3	acl	en
train-s1165	12	AUX	11	cop	hi
train-s1166	1	VERB	0	root	en
train-s1166	2	DET	3	det	en
train-s1166	3	NOUN	1	obj	en
train-s1166	4	ADV	15	advmod	hi
train-s1166	5	NOUN	9	nmod	en
train-s1166	6	CCONJ	7	cc	hi
train-s1166	7	NOUN	5	conj	en
train-s1166	8	ADP	5	case	hi
train-s1166	9	NOUN	15	obl	en
train-s1166	10	ADP	9	case	hi
train-s1166	11	ADP	9	case	hi
train-s1166	12	ADP	9	case	hi
train-s1166	13	PRON	15	nsubj	hi
train-s1166	14	PART	15	advmod	hi
train-s1166	15	VERB	3	acl:relcl	hi
train-s1166	16	AUX	15	aux	hi
train-s1167	1	ADJ	2	compound	en
train-s1167	2	VERB	3	amod	en
train-s1167	3	NOUN	5	nmod	en
train-s1167	4	ADP	3	case	hi
train-s1167	5	NOUN	6	nsubj	hi
train-s1167	6	PRON	0	root	hi
train-s1167	7	AUX	6	cop	hi
train-s1167	8	SCONJ	12	mark	hi
train-s1167	9	PRON	12	obl	hi
train-s1167	10	ADP	9	case	hi
train-s1167	11	PRON	12	nsubj	hi
train-s1167	12	VERB	6	acl	hi
train-s1167	13	PART	12	advmod	hi
train-s1168	2	ADJ	3	amod	en
train-s1168	3	NOUN	8	vocative	en
train-s1168	5	NOUN	8	obj	en
train-s1168	6	ADV	8	advmod	hi
train-s1168	7	ADJ	8	compound	hi
train-s1168	8	VERB	0	root	hi
train-s1168	10	CCONJ	12	cc	hi
train-s1168	11	PRON	12	nmod	hi
train-s1168	12	NOUN	8	conj	hi
train-s1168	13	SCONJ	8	mark	hi
train-s1169	1	PRON	3	nsubj	en
train-s1169	2	AUX	3	aux	en
train-s1169	3	VERB	0	root	en
train-s1169	4	DET	5	det	en
train-s1169	5	NOUN	3	obj	en
train-s1169	6	SCONJ	11	mark	hi
train-s1169	7	DET	8	det	hi
train-s1169	8	NOUN	11	nsubj	en
train-s1169	9	ADP	8	case	hi
train-s1169	10	PART	11	advmod	hi
train-s1169	11	VERB	5	acl	hi
train-s1169	12	AUX	11	aux	hi
train-s1170	1	VERB	0	root	en
train-s1170	2	DET	3	det	en
train-s1170	3	NOUN	1	obj	en
train-s1170	4	ADV	1	advmod	en
train-s1170	6	DET	7	det	hi
train-s1170	7	PRON	9	nsubj	hi
train-s1170	8	PART	7	advmod	hi
train-s1170	9	VERB	1	parataxis	hi
train-s1170	10	PART	9	advmod	hi
train-s1170	11	AUX	9	aux	hi
train-s1171	1	NOUN	5	nsubj	en
train-s1171	2	ADV	3	advmod	hi
train-s1171	3	ADJ	5	xcomp	en
train-s1171	4	PART	3	advmod	hi
train-s1171	5	VERB	0	root	hi
train-s1171	6	AUX	5	aux	hi
train-s1171	7	AUX	5	aux	hi
train-s1172	2	AUX	4	cop	en
train-s1172	3	ADJ	4	amod	en
train-s1172	6	DET	7	det	en
train-s1172	7	NOUN	4	nmod	en
train-s1172	9	ADV	11	advmod	hi
train-s1172	10	ADJ	11	compound	hi
train-s1172	11	VERB	14	acl:relcl	hi
train-s1172	12	AUX	11	aux	hi
train-s1172	13	NOUN	17	nsubj	en
train-s1172	14	ADV	17	obl	hi
train-s1172	15	ADP	14	case	hi
train-s1172	16	NOUN	17	compound	hi
train-s1172	17	VERB	4	advcl	hi
train-s1172	18	AUX	17	aux	hi
train-s1172	19	AUX	17	aux	hi
train-s1173	1	NOUN	5	nmod	en
train-s1173	2	ADP	1	case	hi
train-s1173	3	ADJ	5	amod	hi
train-s1173	4	ADJ	5	amod	hi
train-s1173	5	NOUN	0	root	en
train-s1174	1	PRON	4	nsubj	hi
train-s1174	2	PRON	4	nmod	hi
train-s1174	3	ADP	2	case	hi
train-s1174	4	NOUN	0	root	hi
train-s1174	5	AUX	4	cop	hi
train-s1174	6	AUX	4	aux	hi
train-s1174	7	PRON	9	nmod	en
train-s1174	8	PRON	9	nsubj	en
train-s1174	9	VERB	2	acl:relcl	en
train-s1174	10	PRON	11	nmod	en
train-s1174	11	NOUN	9	obj	en
train-s1174	12	ADP	14	case	en
train-s1174	13	DET	14	det	en
train-s1174	14	NOUN	9	iobj	en
train-s1174	15	PRON	17	nsubj	en
train-s1174	16	AUX	17	cop	en
train-s1174	17	ADV	14	acl:relcl	en
train-s1174	18	ADP	17	case	en
train-s1175	1	ADV	3	advmod	en
train-s1175	2	AUX	3	cop	en
train-s1175	4	ADJ	3	amod	en
train-s1175	5	PRON	7	nsubj	hi
train-s1175	6	PART	5	advmod	hi
train-s1175	7	VERB	0	root	hi
train-s1176	2	AUX	3	cop	en
train-s1176	3	PRON	0	root	en
train-s1176	4	SCONJ	8	mark	en
train-s1176	5	PRON	7	nmod	hi
train-s1176	6	ADP	5	case	hi
train-s1176	7	NOUN	8	compound	hi
train-s1176	8	VERB	3	advcl	hi
train-s1176	10	CCONJ	13	cc	hi
train-s1176	11	PRON	13	obl	hi
train-s1176	12	ADP	11	case	hi
train-s1176	13	VERB	8	conj	hi
train-s1177	2	NOUN	4	nsubj	en
train-s1177	3	AUX	4	aux	en
train-s1177	4	VERB	0	root	en
train-s1177	5	PRON	4	obj	en
train-s1177	7	NOUN	5	nmod	hi
train-s1177	8	PART	7	advmod	hi
train-s1177	9	PRON	10	nmod	hi
train-s1177	10	NOUN	11	obj	hi
train-s1177	11	VERB	7	conj	hi
train-s1178	1	ADV	5	obl	hi
train-s1178	2	ADP	1	case	hi
train-s1178	3	NOUN	5	nsubj	en
train-s1178	4	AUX	5	aux	en
train-s1178	5	VERB	0	root	en
train-s1178	6	PART	7	mark	en
train-s1178	7	VERB	5	advcl	en
train-s1178	8	ADP	9	case	en
train-s1178	9	VERB	7	advcl	en
train-s1179	2	ADV	7	mark	en
train-s1179	3	DET	4	det	en
train-s1179	4	NOUN	7	nsubj	en
train-s1179	5	ADP	6	case	en
train-s1179	6	PROPN	4	nmod	en
train-s1179	7	VERB	18	advcl	en
train-s1179	8	ADP	12	case	en
train-s1179	10	NOUN	12	nmod	en
train-s1179	12	NOUN	7	obl	en
train-s1179	13	ADP	15	case	en
train-s1179	14	PRON	15	nmod	en
train-s1179	15	NOUN	12	nmod	en
train-s1179	17	PRON	18	nsubj	en
train-s1179	18	VERB	0	root	en
train-s1179	19	NOUN	20	nsubj	hi
train-s1179	20	VERB	18	ccomp	hi
train-s1179	21	AUX	20	aux	hi
train-s1179	22	AUX	20	aux	hi
train-s1180	1	PRON	3	nsubj	en
train-s1180	2	AUX	3	cop	en
train-s1180	4	CCONJ	6	cc	en
train-s1180	5	NOUN	6	compound	en
train-s1180	6	VERB	3	conj	hi
train-s1180	7	AUX	6	aux	hi
train-s1181	1	NOUN	10	vocative	en
train-s1181	5	ADV	7	advmod	hi
train-s1181	6	PRON	7	obj	hi
train-s1181	7	VERB	10	csubj	hi
train-s1181	8	AUX	7	aux	hi
train-s1181	10	VERB	0	root	en
train-s1181	11	ADJ	12	amod	en
train-s1181	12	NOUN	10	obj	en
train-s1181	13	ADP	14	case	en
train-s1181	14	PRON	10	obl	en
train-s1181	15	ADV	14	advmod	en
train-s1182	1	DET	2	det	en
train-s1182	2	NOUN	6	nsubj	en
train-s1182	3	ADP	5	case	en
train-s1182	4	DET	5	det	en
train-s1182	5	NOUN	2	nmod	en
train-s1182	6	VERB	0	root	en
train-s1182	7	PRON	13	obj	hi
train-s1182	8	ADP	7	case	hi
train-s1182	9	PRON	13	nsubj	hi
train-s1182	11	NOUN	13	nmod	hi
train-s1182	12	NOUN	13	compound	hi
train-s1182	13	VERB	6	xcomp	hi
train-s1183	1	NOUN	2	compound	en
train-s1183	2	NOUN	4	nsubj	en
train-s1183	3	ADV	4	advmod	en
train-s1183	4	VERB	0	root	en
train-s1183	5	SCONJ	10	mark	en
train-s1183	6	ADV	8	nmod	hi
train-s1183	7	ADP	6	case	hi
train-s1183	8	NOUN	10	nsubj	hi
train-s1183	9	ADJ	10	xcomp	hi
train-s1183	10	VERB	4	advcl	hi
train-s1183	11	AUX	10	aux	hi
train-s1183	13	PART	10	discourse	en
train-s1184	2	ADP	1	case	hi
train-s1184	3	ADJ	4	amod	en
train-s1184	4	NOUN	6	obj	en
train-s1184	5	PART	4	advmod	hi
train-s1184	6	VERB	0	root	hi
train-s1184	7	AUX	6	aux	hi
train-s1184	8	PRON	6	iobj	hi
train-s1185	1	PRON	9	nsubj	en
train-s1185	2	DET	3	det	en
train-s1185	3	NOUN	9	advmod	en
train-s1185	4	AUX	9	cop	en
train-s1185	6	ADJ	9	amod	hi
train-s1185	7	PART	6	advmod	hi
train-s1185	8	NOUN	9	compound	hi
train-s1185	9	NOUN	0	root	en
train-s1185	11	ADP	12	case	en
train-s1185	12	NOUN	9	nmod	en
train-s1186	1	NOUN	2	compound	en
train-s1186	2	NOUN	8	nmod	en
train-s1186	3	ADP	2	case	hi
train-s1186	4	ADP	2	case	hi
train-s1186	6	ADP	5	case	hi
train-s1186	7	NOUN	8	nsubj	hi
train-s1186	8	NOUN	0	root	en
train-s1186	9	AUX	8	cop	hi
train-s1187	1	PRON	5	expl	en
train-s1187	2	AUX	5	cop	en
train-s1187	3	DET	5	det	en
train-s1187	5	NOUN	0	root	en
train-s1187	6	PRON	8	nmod	hi
train-s1187	7	ADP	6	case	hi
train-s1187	8	NOUN	9	compound	en
train-s1187	9	VERB	14	advcl	hi
train-s1187	10	SCONJ	9	mark	hi
train-s1187	11	ADV	9	mark	hi
train-s1187	12	PART	11	advmod	hi
train-s1187	13	PRON	14	nsubj	en
train-s1187	14	VERB	5	acl:relcl	en
train-s1187	15	SCONJ	20	mark	en
train-s1187	16	INTJ	20	discourse	en
train-s1187	17	PRON	18	nmod	en
train-s1187	19	AUX	20	cop	en
train-s1187	20	ADJ	14	ccomp	en
train-s1188	1	PRON	5	nsubj	hi
train-s1188	2	DET	3	det	hi
train-s1188	3	NOUN	5	compound	hi
train-s1188	4	PART	5	advmod	hi
train-s1188	5	VERB	0	root	hi
train-s1188	6	CCONJ	11	cc	en
train-s1188	7	ADV	8	advmod	en
train-s1188	8	ADV	11	advmod	en
train-s1188	9	PRON	11	nsubj	en
train-s1188	10	AUX	11	aux	en
train-s1188	11	VERB	5	conj	en
train-s1188	12	ADJ	15	amod	en
train-s1188	13	ADP	15	case	en
train-s1188	14	PRON	15	nmod	en
train-s1188	15	NOUN	11	obj	en
train-s1189	1	NOUN	2	compound	en
train-s1189	2	NOUN	4	nmod	en
train-s1189	3	ADP	2	case	hi
train-s1189	4	NOUN	9	nsubj	en
train-s1189	5	NOUN	9	obl	hi
train-s1189	6	ADP	5	case	hi
train-s1189	7	DET	8	det	hi
train-s1189	8	NOUN	9	compound	hi
train-s1189	9	VERB	0	root	hi
train-s1189	10	AUX	9	aux	hi
train-s1189	11	NOUN	9	vocative	hi
train-s1190	1	ADJ	2	amod	en
train-s1190	2	NOUN	3	nmod	en
train-s1190	3	VERB	0	root	en
train-s1190	4	NOUN	3	obj	en
train-s1190	5	ADP	6	case	en
train-s1190	6	NOUN	3	obl	en
train-s1190	7	CCONJ	8	cc	en
train-s1190	8	VERB	3	conj	en
train-s1190	9	PRON	10	nmod	en
train-s1190	10	NOUN	8	obj	en
train-s1190	11	NOUN	15	vocative	hi
train-s1190	12	PRON	15	nsubj	hi
train-s1190	13	DET	14	det	hi
train-s1190	14	NOUN	15	obj	hi
train-s1190	15	VERB	8	xcomp	hi
train-s1190	16	AUX	15	aux	hi
train-s1191	1	PRON	3	nsubj	hi
train-s1191	2	NOUN	3	obj	en
train-s1191	3	VERB	0	root	hi
train-s1191	4	SCONJ	7	mark	hi
train-s1191	5	NOUN	7	compound	en
train-s1191	6	PART	7	advmod	hi
train-s1191	7	VERB	3	advcl	hi
train-s1192	1	ADV	3	advmod	hi
train-s1192	2	PART	1	advmod	hi
train-s1192	3	VERB	0	root	hi
train-s1192	4	AUX	3	aux	hi
train-s1192	5	PRON	10	expl	en
train-s1192	6	AUX	10	aux	en
train-s1192	7	PART	10	advmod	en
train-s1192	8	AUX	10	cop	en
train-s1192	9	DET	10	det	en
train-s1192	10	NOUN	3	ccomp	en
train-s1193	2	NOUN	7	obl	hi
train-s1193	3	ADP	2	case	hi
train-s1193	4	NOUN	7	obl	en
train-s1193	5	ADP	4	case	hi
train-s1193	6	ADV	7	advmod	hi
train-s1193	7	VERB	13	csubj	hi
train-s1193	8	AUX	7	aux	hi
train-s1193	10	AUX	13	cop	en
train-s1193	11	PRON	13	nmod	en
train-s1193	12	ADJ	13	amod	en
train-s1193	13	NOUN	0	root	en
train-s1193	14	DET	15	det	en
train-s1193	15	NOUN	13	nmod	en
train-s1194	1	NOUN	2	nsubj	en
train-s1194	2	VERB	0	root	en
train-s1194	3	ADP	6	case	en
train-s1194	4	NUM	5	nummod	hi
train-s1194	5	ADJ	6	amod	hi
train-s1194	6	NOUN	2	obl	hi
train-s1195	1	PRON	2	nmod	hi
train-s1195	2	NOUN	10	iobj	hi
train-s1195	3	ADP	2	case	hi
train-s1195	4	ADV	10	advmod	hi
train-s1195	5	ADV	6	advmod	en
train-s1195	6	NOUN	9	obl	en
train-s1195	7	ADP	6	case	hi
train-s1195	8	NOUN	9	compound	en
train-s1195	9	VERB	10	xcomp	hi
train-s1195	10	VERB	0	root	hi
train-s1196	2	ADJ	3	amod	en
train-s1196	3	NOUN	11	vocative	en
train-s1196	5	NOUN	7	obj	en
train-s1196	6	NOUN	7	compound	en
train-s1196	7	VERB	11	advcl	hi
train-s1196	8	SCONJ	7	mark	hi
train-s1196	9	PRON	11	nsubj	hi
train-s1196	10	NOUN	11	nsubj	en
train-s1196	11	VERB	0	root	hi
train-s1196	12	AUX	11	aux	hi
train-s1197	1	DET	2	det	hi
train-s1197	2	NOUN	8	nsubj	hi
train-s1197	3	DET	4	det	hi
train-s1197	4	NOUN	8	nmod	hi
train-s1197	5	ADJ	8	compound	hi
train-s1197	6	PART	5	advmod	hi
train-s1197	7	PART	8	advmod	hi
train-s1197	8	VERB	10	acl:relcl	hi
train-s1197	9	AUX	8	aux	hi
train-s1197	10	PRON	13	nsubj	en
train-s1197	11	AUX	13	aux	en
train-s1197	12	ADV	13	advmod	en
train-s1197	13	VERB	0	root	en
train-s1197	15	ADP	14	case	hi
train-s1197	16	NOUN	17	compound	en
train-s1197	17	VERB	13	xcomp	hi
train-s1197	18	AUX	17	aux	hi
train-s1197	19	AUX	17	aux	hi
train-s1198	2	PRON	3	nsubj	en
train-s1198	3	VERB	0	root	en
train-s1198	5	ADJ	6	amod	en
train-s1198	6	NOUN	3	obj	en
train-s1198	9	ADP	8	case	hi
train-s1198	10	NOUN	11	compound	en
train-s1198	11	VERB	3	ccomp	hi
train-s1199	1	NOUN	3	obj	en
train-s1199	2	VERB	3	compound	hi
train-s1199	3	VERB	6	advcl	hi
train-s1199	4	AUX	3	aux	hi
train-s1199	5	NOUN	6	compound	en
train-s1199	6	VERB	0	root	hi
train-s1199	7	AUX	6	aux	hi
train-s1199	8	AUX	6	aux	hi
train-s1199	9	AUX	12	aux	en
train-s1199	10	PART	12	advmod	en
train-s1199	11	ADV	12	advmod	en
train-s1199	12	VERB	6	conj	en
train-s1199	13	DET	14	det	en
train-s1199	14	NOUN	12	obj	en
train-s1199	15	SCONJ	19	mark	en
train-s1199	16	PRON	19	nsubj	en
train-s1199	17	AUX	19	cop	en
train-s1199	18	DET	19	det	en
train-s1199	19	NOUN	12	advcl	en
train-s1199	20	ADP	21	case	en
train-s1199	21	NOUN	19	nmod	en
train-s1199	22	ADV	19	advmod	en
train-s1200	1	PRON	2	nsubj	en
train-s1200	2	VERB	0	root	en
train-s1200	3	DET	5	det	en
train-s1200	4	ADJ	5	amod	en
train-s1200	5	NOUN	2	obj	en
train-s1200	6	ADP	7	case	en
train-s1200	7	NOUN	2	obl	en
train-s1200	8	ADV	2	advmod	en
train-s1200	9	CCONJ	13	cc	hi
train-s1200	10	ADV	13	obl	hi
train-s1200	11	ADP	10	case	hi
train-s1200	12	NOUN	13	compound	en
train-s1200	13	VERB	2	conj	hi
train-s1200	14	AUX	13	aux	hi
train-s1200	15	AUX	13	aux	hi
train-s1200	16	AUX	13	aux	hi
train-s1201	1	PRON	3	nsubj	en
train-s1201	2	AUX	3	cop	en
train-s1201	4	CCONJ	9	cc	hi
train-s1201	5	NOUN	9	nmod	hi
train-s1201	6	ADP	5	case	hi
train-s1201	7	DET	8	det	hi
train-s1201	9	PRON	3	conj	hi
train-s1201	10	AUX	9	cop	hi
train-s1202	1	PRON	5	nsubj	en
train-s1202	2	AUX	5	aux	en
train-s1202	3	ADV	5	advmod	en
train-s1202	4	AUX	5	cop	en
train-s1202	5	NUM	0	root	en
train-s1202	6	ADP	16	case	en
train-s1202	7	DET	16	det	en
train-s1202	9	PRON	11	nmod	hi
train-s1202	10	PART	9	advmod	hi
train-s1202	11	NOUN	13	obl	hi
train-s1202	12	ADP	11	case	hi
train-s1202	13	VERB	5	acl:relcl	hi
train-s1202	14	AUX	13	aux	hi
train-s1202	16	NOUN	5	nmod	en
train-s1203	2	ADP	5	case	en
train-s1203	3	DET	5	det	en
train-s1203	4	ADJ	5	amod	en
train-s1203	5	NOUN	10	nmod	en
train-s1203	7	PRON	10	expl	en
train-s1203	8	AUX	10	cop	en
train-s1203	9	ADJ	10	amod	en
train-s1203	10	NOUN	0	root	en
train-s1203	11	VERB	10	amod	en
train-s1203	12	ADV	15	advmod	hi
train-s1203	13	PRON	15	nsubj	hi
train-s1203	14	PRON	15	obj	hi
train-s1203	15	VERB	11	xcomp	hi
train-s1204	1	PRON	4	advmod	en
train-s1204	4	VERB	0	root	en
train-s1204	5	ADP	8	case	en
train-s1204	6	ADP	8	case	en
train-s1204	7	ADP	6	case	en
train-s1204	8	NOUN	4	obl	en
train-s1204	9	CCONJ	10	cc	en
train-s1204	10	VERB	4	conj	en
train-s1204	11	NOUN	12	compound	hi
train-s1204	12	NOUN	10	obj	en
train-s1204	13	PRON	12	nsubj	hi
train-s1204	14	NOUN	12	nmod	hi
train-s1204	15	ADP	14	case	hi
train-s1205	2	ADP	4	case	en
train-s1205	3	DET	4	det	en
train-s1205	4	NOUN	6	obl	en
train-s1205	5	PRON	6	nsubj	en
train-s1205	6	VERB	11	advcl	en
train-s1205	7	PART	6	advmod	en
train-s1205	9	NOUN	11	nsubj	en
train-s1205	10	ADV	11	advmod	en
train-s1205	11	VERB	0	root	en
train-s1205	12	VERB	11	xcomp	en
train-s1205	13	DET	14	det	en
train-s1205	14	NOUN	12	obj	en
train-s1205	16	NOUN	17	nmod	hi
train-s1205	17	VERB	14	acl	hi
train-s1205	18	AUX	17	aux	hi
train-s1205	19	NOUN	17	vocative	hi
train-s1206	1	NOUN	3	vocative	hi
train-s1206	2	NOUN	3	compound	en
train-s1206	3	VERB	0	root	hi
train-s1206	4	NOUN	3	obj	en
train-s1206	5	PRON	8	nsubj	en
train-s1206	6	VERB	7	advcl	en
train-s1206	7	PART	8	mark	en
train-s1206	8	VERB	3	advcl	en
train-s1207	1	ADP	3	case	en
train-s1207	2	DET	3	det	en
train-s1207	3	NOUN	0	root	en
train-s1207	4	ADP	5	case	en
train-s1207	6	NOUN	8	nmod	hi
train-s1207	7	ADP	6	case	hi
train-s1207	8	NOUN	3	nmod	hi
train-s1207	10	AUX	12	aux	en
train-s1207	12	VERB	3	advcl	en
train-s1207	13	VERB	12	advcl	en
train-s1208	2	NOUN	4	nsubj	en
train-s1208	3	AUX	4	aux	en
train-s1208	4	VERB	0	root	en
train-s1208	5	SCONJ	8	mark	hi
train-s1208	6	NOUN	8	nsubj	hi
train-s1208	7	NOUN	8	compound	hi
train-s1208	8	VERB	4	advcl	hi
train-s1208	9	AUX	8	aux	hi
train-s1208	10	AUX	8	aux	hi
train-s1209	1	NOUN	7	nmod	hi
train-s1209	2	NOUN	1	compound	hi
train-s1209	5	ADP	3	case	hi
train-s1209	6	NOUN	7	compound	en
train-s1209	7	NOUN	9	obj	en
train-s1209	8	PRON	9	nsubj	hi
train-s1209	9	VERB	0	root	hi
train-s1209	10	AUX	9	aux	hi
train-s1209	11	ADJ	12	amod	en
train-s1209	12	NOUN	9	obl	en
train-s1209	13	ADP	12	case	hi
train-s1210	3	NOUN	4	compound	en
train-s1210	4	NOUN	9	nsubj	en
train-s1210	5	ADP	4	case	hi
train-s1210	6	PRON	7	nmod	hi
train-s1210	7	NOUN	9	obj	hi
train-s1210	8	PART	7	advmod	hi
train-s1210	9	VERB	0	root	hi
train-s1210	10	AUX	9	aux	hi
train-s1210	11	AUX	9	aux	hi
train-s1211	2	NOUN	4	nsubj	en
train-s1211	3	ADV	4	advmod	en
train-s1211	4	VERB	0	root	en
train-s1211	5	ADP	6	case	en
train-s1211	6	NOUN	4	obj	en
train-s1211	7	SCONJ	11	mark	en
train-s1211	9	ADV	11	advmod	hi
train-s1211	10	ADP	9	case	hi
train-s1211	11	PRON	4	obj	hi
train-s1211	12	AUX	11	cop	hi
train-s1211	13	CCONJ	16	cc	hi
train-s1211	14	PROPN	16	obl	hi
train-s1211	15	ADP	14	case	hi
train-s1211	16	VERB	11	conj	hi
train-s1212	1	NOUN	5	vocative	en
train-s1212	3	PRON	5	nsubj	en
train-s1212	4	AUX	5	cop	en
train-s1212	5	ADJ	0	root	en
train-s1212	6	ADP	9	case	en
train-s1212	7	ADJ	9	amod	hi
train-s1212	8	ADJ	7	compound	hi
train-s1212	9	NOUN	5	nmod	hi
train-s1213	3	ADP	4	case	en
train-s1213	6	PART	4	case	en
train-s1213	7	NOUN	9	nmod	en
train-s1213	8	PRON	9	compound	hi
train-s1213	9	VERB	0	root	hi
train-s1213	10	AUX	9	aux	hi
train-s1214	1	ADV	4	advmod	hi
train-s1214	4	VERB	0	root	hi
train-s1214	5	PART	4	advmod	hi
train-s1214	6	AUX	4	aux	hi
train-s1214	10	AUX	14	cop	en
train-s1214	11	ADV	14	advmod	en
train-s1214	12	ADP	14	case	en
train-s1214	13	DET	14	det	en
train-s1214	14	NOUN	4	advcl	en
train-s1215	2	ADV	3	advmod	en
train-s1215	3	ADJ	8	nsubj	en
train-s1215	4	ADP	5	case	en
train-s1215	5	PRON	3	advmod	en
train-s1215	6	AUX	8	cop	en
train-s1215	7	PART	8	advmod	en
train-s1215	8	ADJ	0	root	en
train-s1215	10	ADV	12	advmod	hi
train-s1215	11	DET	12	det	hi
train-s1215	12	NOUN	18	nsubj	en
train-s1215	13	PRON	18	obj	hi
train-s1215	14	DET	15	det	hi
train-s1215	15	NOUN	18	nmod	hi
train-s1215	16	VERB	18	advcl	hi
train-s1215	17	SCONJ	16	mark	hi
train-s1215	18	VERB	8	advcl	hi
train-s1215	19	AUX	18	aux	hi
train-s1215	20	AUX	18	aux	hi
train-s1216	2	DET	3	det	en
train-s1216	3	NOUN	5	nsubj	en
train-s1216	4	AUX	5	aux	en
train-s1216	5	VERB	0	root	en
train-s1216	6	PRON	7	nmod	en
train-s1216	7	NOUN	5	obj	en
train-s1216	8	SCONJ	10	mark	en
train-s1216	9	ADV	10	advmod	en
train-s1216	10	VERB	5	advcl	en
train-s1216	11	DET	13	det	en
train-s1216	12	ADJ	13	amod	en
train-s1216	13	NOUN	10	obj	en
train-s1216	15	NOUN	18	vocative	hi
train-s1216	16	NOUN	18	compound	hi
train-s1216	17	ADV	18	advmod	hi
train-s1216	18	VERB	13	acl	hi
train-s1216	19	AUX	18	aux	hi
train-s1216	20	AUX	18	aux	hi
train-s1217	2	ADV	21	advmod	en
train-s1217	3	SCONJ	5	mark	en
train-s1217	5	PRON	21	advcl	hi
train-s1217	6	AUX	5	cop	hi
train-s1217	7	PART	5	advmod	hi
train-s1217	8	PART	5	advmod	hi
train-s1217	9	VERB	5	advcl	hi
train-s1217	10	SCONJ	9	mark	hi
train-s1217	12	SCONJ	18	mark	en
train-s1217	14	NOUN	18	vocative	hi
train-s1217	15	NOUN	18	nsubj	en
train-s1217	16	PART	15	advmod	hi
train-s1217	17	PART	18	advmod	hi
train-s1217	18	VERB	5	advcl	hi
train-s1217	20	PRON	21	nsubj	en
train-s1217	21	VERB	0	root	en
train-s1217	22	ADP	21	compound	en
train-s1218	2	NOUN	0	root	en
train-s1218	3	SCONJ	5	mark	en
train-s1218	4	AUX	5	cop	en
train-s1218	5	ADJ	2	acl	en
train-s1218	6	NOUN	8	obj	hi
train-s1218	7	PART	6	advmod	hi
train-s1218	8	VERB	11	advcl	hi
train-s1218	9	SCONJ	11	mark	hi
train-s1218	10	ADJ	11	compound	hi
train-s1218	11	VERB	2	acl	hi
train-s1218	12	AUX	11	aux	hi
train-s1219	1	PRON	2	nmod	en
train-s1219	2	PRON	3	iobj	en
train-s1219	3	VERB	0	root	en
train-s1219	4	DET	6	det	en
train-s1219	5	NUM	6	nummod	en
train-s1219	6	NOUN	3	nsubj	en
train-s1219	8	PRON	10	nmod	hi
train-s1219	10	NOUN	12	compound	en
train-s1219	12	VERB	6	acl:relcl	hi
train-s1219	13	AUX	12	aux	hi
train-s1219	14	AUX	12	aux	hi
train-s1220	1	PRON	2	nsubj	en
train-s1220	2	VERB	0	root	en
train-s1220	3	PRON	5	nmod	hi
train-s1220	4	ADP	3	case	hi
train-s1220	5	NOUN	2	obj	hi
train-s1221	1	PRON	4	nsubj	hi
train-s1221	2	ADV	4	advmod	hi
train-s1221	3	PART	2	advmod	hi
train-s1221	4	ADJ	7	ccomp	en
train-s1221	5	AUX	4	cop	hi
train-s1221	6	PRON	7	nsubj	en
train-s1221	7	VERB	0	root	en
train-s1222	1	AUX	4	aux	en
train-s1222	2	PRON	4	nsubj	en
train-s1222	3	ADV	4	advmod	en
train-s1222	4	VERB	0	root	en
train-s1222	5	ADV	6	advmod	en
train-s1222	6	ADJ	4	xcomp	en
train-s1222	7	SCONJ	10	mark	en
train-s1222	8	PRON	9	nmod	en
train-s1222	9	NOUN	10	nsubj	en
train-s1222	10	VERB	6	acl	en
train-s1222	12	NOUN	13	compound	hi
train-s1222	13	VERB	10	xcomp	hi
train-s1222	14	PRON	15	nmod	hi
train-s1222	15	NOUN	13	nsubj	hi
train-s1222	16	VERB	13	advcl	hi
train-s1222	17	AUX	16	aux	hi
train-s1222	18	PRON	16	advmod	hi
train-s1223	2	PRON	5	nmod	en
train-s1223	3	ADJ	5	amod	en
train-s1223	4	NOUN	5	compound	en
train-s1223	5	NOUN	9	nsubj	en
train-s1223	6	AUX	9	cop	en
train-s1223	8	PRON	9	nsubj	hi
train-s1223	9	ADJ	0	root	hi
train-s1223	11	PRON	12	nmod	hi
train-s1223	12	NOUN	13	nsubj	hi
train-s1223	13	ADJ	9	conj	hi
train-s1224	1	PRON	3	nsubj	hi
train-s1224	2	NOUN	3	compound	en
train-s1224	3	VERB	9	acl:relcl	hi
train-s1224	4	ADJ	5	compound	hi
train-s1224	5	VERB	7	acl	hi
train-s1224	6	SCONJ	5	mark	hi
train-s1224	7	NOUN	0	root	en
train-s1224	8	PART	7	advmod	hi
train-s1224	9	PRON	7	nmod	hi
train-s1225	1	ADV	2	advmod	hi
train-s1225	2	DET	4	det	en
train-s1225	3	ADJ	4	amod	en
train-s1225	4	NOUN	8	nsubj	hi
train-s1225	5	PRON	8	nsubj	hi
train-s1225	6	ADJ	8	xcomp	hi
train-s1225	7	PART	8	advmod	hi
train-s1225	8	VERB	0	root	hi
train-s1226	1	PRON	3	nsubj	hi
train-s1226	2	VERB	3	xcomp	hi
train-s1226	3	VERB	0	root	hi
train-s1226	4	AUX	3	aux	hi
train-s1226	5	CCONJ	12	cc	hi
train-s1226	6	NOUN	12	nsubj	hi
train-s1226	7	ADP	6	case	hi
train-s1226	8	PROPN	12	obl	en
train-s1226	9	CCONJ	10	cc	en
train-s1226	10	NOUN	8	conj	en
train-s1226	11	ADP	8	case	hi
train-s1226	12	VERB	3	conj	hi
train-s1226	13	AUX	12	aux	hi
train-s1227	1	VERB	0	root	hi
train-s1227	2	AUX	1	aux	hi
train-s1227	3	NOUN	7	nmod	hi
train-s1227	5	AUX	7	aux	en
train-s1227	6	PART	7	advmod	en
train-s1227	7	VERB	1	xcomp	en
train-s1227	8	ADP	9	case	en
train-s1228	1	ADV	5	advmod	hi
train-s1228	2	PRON	5	nsubj	hi
train-s1228	3	ADJ	4	amod	en
train-s1228	4	NOUN	5	compound	en
train-s1228	5	VERB	0	root	hi
train-s1228	6	NOUN	5	obl	en
train-s1228	7	ADP	6	case	hi
train-s1229	1	DET	2	det	hi
train-s1229	2	NOUN	7	iobj	hi
train-s1229	3	ADP	2	case	hi
train-s1229	4	ADJ	5	amod	hi
train-s1229	5	NOUN	7	nsubj	hi
train-s1229	6	ADJ	7	compound	hi
train-s1229	7	VERB	12	advcl	hi
train-s1229	8	AUX	7	aux	hi
train-s1229	9	SCONJ	12	mark	hi
train-s1229	10	PRON	12	nsubj	en
train-s1229	11	AUX	12	cop	en
train-s1229	12	ADJ	0	root	en
train-s1230	2	ADP	1	case	hi
train-s1230	3	NOUN	10	obl	en
train-s1230	4	ADP	3	case	hi
train-s1230	8	ADP	7	case	hi
train-s1230	9	NOUN	10	obj	en
train-s1230	10	VERB	12	csubj	hi
train-s1230	11	AUX	12	cop	en
train-s1230	12	NOUN	0	root	en
train-s1231	1	PRON	4	expl	en
train-s1231	2	AUX	4	cop	en
train-s1231	3	PRON	4	nmod	en
train-s1231	4	NOUN	0	root	en
train-s1231	5	PART	6	mark	en
train-s1231	6	VERB	4	amod	en
train-s1231	8	CCONJ	15	cc	en
train-s1231	9	PART	15	advmod	en
train-s1231	10	NOUN	15	nsubj	hi
train-s1231	11	ADP	10	case	hi
train-s1231	12	ADP	10	case	hi
train-s1231	13	NOUN	15	obl	en
train-s1231	14	ADP	13	case	hi
train-s1231	15	VERB	4	conj	hi
train-s1231	16	AUX	15	aux	hi
train-s1232	1	VERB	4	acl	hi
train-s1232	2	AUX	1	aux	hi
train-s1232	3	DET	4	det	hi
train-s1232	4	NOUN	7	nsubj	en
train-s1232	5	ADV	7	advmod	en
train-s1232	6	ADP	7	case	en
train-s1232	7	NOUN	0	root	en
train-s1232	8	SCONJ	9	mark	en
train-s1232	9	VERB	7	acl	en
train-s1232	10	DET	11	det	en
train-s1232	11	NOUN	9	obj	en
train-s1233	1	NOUN	4	nsubj	en
train-s1233	2	AUX	4	aux	en
train-s1233	3	PART	4	advmod	en
train-s1233	4	VERB	0	root	en
train-s1233	5	ADV	7	advmod	hi
train-s1233	6	NOUN	7	obj	hi
train-s1233	7	VERB	4	advcl	hi
train-s1233	8	AUX	7	aux	hi
train-s1233	9	AUX	7	aux	hi
train-s1234	1	PRON	2	nsubj	en
train-s1234	2	VERB	0	root	en
train-s1234	3	DET	4	det	en
train-s1234	5	ADP	4	case	hi
train-s1234	6	NOUN	2	obj	hi
train-s1234	7	ADP	8	case	en
train-s1235	2	CCONJ	3	cc	en
train-s1235	4	ADP	1	case	hi
train-s1235	5	NOUN	7	nsubj	en
train-s1235	6	ADV	7	advmod	en
train-s1235	7	VERB	0	root	en
train-s1235	8	ADJ	7	compound	en
train-s1236	2	NOUN	3	compound	hi
train-s1236	3	VERB	9	csubj	hi
train-s1236	5	AUX	9	cop	en
train-s1236	6	DET	9	det	en
train-s1236	7	ADV	8	advmod	en
train-s1236	8	VERB	9	acl	en
train-s1236	9	NOUN	0	root	en
train-s1236	10	ADP	12	case	en
train-s1236	12	NOUN	9	nsubj	en
train-s1237	2	PRON	3	nmod	en
train-s1237	3	NOUN	4	nsubj	en
train-s1237	4	VERB	0	root	en
train-s1237	5	PRON	7	nmod	en
train-s1237	7	NOUN	4	obj	en
train-s1237	8	CCONJ	9	cc	en
train-s1237	9	VERB	4	conj	en
train-s1237	11	DET	13	det	hi
train-s1237	12	PART	11	advmod	hi
train-s1237	13	NOUN	9	obj	en
train-s1237	14	ADP	13	case	hi
train-s1237	15	AUX	13	cop	hi
train-s1237	16	AUX	13	aux	hi
train-s1237	17	PRON	13	nsubj	hi
train-s1237	19	INTJ	20	discourse	en
train-s1237	20	INTJ	13	discourse	hi
train-s1238	2	VERB	0	root	en
train-s1238	3	PROPN	5	nsubj	en
train-s1238	4	AUX	5	aux	en
train-s1238	5	VERB	2	ccomp	en
train-s1238	6	DET	7	det	en
train-s1238	7	ADJ	17	amod	en
train-s1238	11	ADJ	12	amod	hi
train-s1238	12	NOUN	13	obj	en
train-s1238	13	VERB	16	advcl	hi
train-s1238	14	AUX	13	aux	hi
train-s1238	15	NOUN	16	compound	en
train-s1238	16	VERB	17	acl	hi
train-s1238	17	NOUN	5	obj	hi
train-s1239	1	PRON	3	nsubj	en
train-s1239	2	AUX	3	aux	en
train-s1239	3	VERB	0	root	en
train-s1239	4	ADJ	5	amod	en
train-s1239	5	NOUN	3	obj	en
train-s1239	6	CCONJ	8	cc	en
train-s1239	7	NOUN	8	nsubj	en
train-s1239	8	VERB	3	conj	en
train-s1239	9	SCONJ	16	mark	en
train-s1239	11	DET	14	det	hi
train-s1239	12	VERB	14	acl	hi
train-s1239	13	AUX	12	aux	hi
train-s1239	14	NOUN	16	obj	en
train-s1239	15	ADV	16	advmod	hi
train-s1239	16	VERB	8	advcl	hi
train-s1239	17	AUX	16	aux	hi
train-s1239	18	AUX	16	aux	hi
train-s1240	1	PRON	2	nsubj	en
train-s1240	2	VERB	0	root	en
train-s1240	3	NOUN	7	nmod	hi
train-s1240	5	ADP	4	case	hi
train-s1240	6	NOUN	7	nsubj	hi
train-s1240	7	VERB	2	xcomp	hi
train-s1241	1	NOUN	0	root	en
train-s1241	3	NOUN	1	conj	en
train-s1241	4	CCONJ	5	cc	en
train-s1241	5	NOUN	1	conj	en
train-s1241	6	PART	5	advmod	hi
train-s1241	7	AUX	1	cop	hi
train-s1241	8	DET	9	det	hi
train-s1241	9	PRON	1	nmod	hi
train-s1241	10	ADP	9	case	hi
train-s1241	12	CCONJ	13	cc	hi
train-s1241	13	VERB	1	conj	hi
train-s1241	14	PRON	13	iobj	hi
train-s1241	15	NOUN	17	nmod	hi
train-s1241	16	ADP	15	case	hi
train-s1241	17	NOUN	13	nsubj	hi
train-s1241	18	PART	17	advmod	hi
train-s1242	1	DET	2	det	en
train-s1242	2	NOUN	7	nmod	en
train-s1242	3	ADP	4	case	en
train-s1242	4	PRON	2	nmod	en
train-s1242	5	NOUN	7	nsubj	en
train-s1242	6	AUX	7	aux	en
train-s1242	7	VERB	0	root	en
train-s1242	11	NOUN	14	nsubj	hi
train-s1242	12	ADV	14	mark	hi
train-s1242	13	NOUN	14	nmod	hi
train-s1242	14	VERB	18	advcl	hi
train-s1242	15	ADV	18	mark	hi
train-s1242	17	ADP	16	case	hi
train-s1242	18	ADJ	7	advcl	hi
train-s1242	19	AUX	18	cop	hi
train-s1243	1	PRON	2	nsubj	en
train-s1243	2	VERB	0	root	en
train-s1243	3	NOUN	5	nmod	hi
train-s1243	4	ADP	3	case	hi
train-s1243	5	NOUN	2	obj	en
train-s1244	1	DET	3	det	hi
train-s1244	2	ADJ	3	amod	hi
train-s1244	3	NOUN	0	root	hi
train-s1244	4	CCONJ	7	cc	hi
train-s1244	5	DET	7	det	hi
train-s1244	6	NOUN	7	compound	en
train-s1244	7	NOUN	3	conj	en
train-s1245	1	PRON	2	nsubj	en
train-s1245	2	VERB	0	root	en
train-s1245	4	NOUN	5	compound	hi
train-s1245	5	VERB	2	xcomp	hi
train-s1245	6	AUX	5	aux	hi
train-s1245	7	AUX	5	aux	hi
train-s1245	9	ADP	8	case	hi
train-s1246	1	ADV	2	advmod	hi
train-s1246	2	ADJ	8	ccomp	hi
train-s1246	3	CCONJ	4	cc	en
train-s1246	4	PRON	2	conj	en
train-s1246	5	ADP	6	case	en
train-s1246	6	PRON	4	nmod	en
train-s1246	7	PRON	8	nsubj	en
train-s1246	8	VERB	0	root	en
train-s1247	2	DET	3	det	en
train-s1247	3	NOUN	4	nsubj	en
train-s1247	4	VERB	0	root	en
train-s1247	5	PRON	6	nmod	en
train-s1247	6	NOUN	4	obj	en
train-s1247	7	SCONJ	9	mark	en
train-s1247	8	PRON	9	nsubj	en
train-s1247	9	VERB	4	advcl	en
train-s1247	10	VERB	9	flat	en
train-s1247	11	PART	12	mark	en
train-s1247	12	VERB	9	xcomp	en
train-s1247	15	NOUN	17	nmod	hi
train-s1247	16	ADP	15	case	hi
train-s1247	17	NOUN	12	obj	hi
train-s1248	2	NOUN	4	nsubj	hi
train-s1248	3	PART	4	advmod	hi
train-s1248	4	VERB	6	amod	hi
train-s1248	5	PART	4	advmod	hi
train-s1248	6	NOUN	11	nmod	hi
train-s1248	7	ADP	6	case	hi
train-s1248	8	ADV	12	advmod	en
train-s1248	9	DET	11	det	en
train-s1248	10	ADJ	11	amod	en
train-s1248	11	NOUN	12	obj	en
train-s1248	12	VERB	0	root	en
train-s1249	1	ADV	3	mark	en
train-s1249	2	PRON	3	nsubj	en
train-s1249	3	VERB	0	root	en
train-s1249	4	ADP	7	case	en
train-s1249	5	PRON	7	nmod	en
train-s1249	6	NOUN	7	compound	en
train-s1249	7	NOUN	3	obl	en
train-s1249	8	CCONJ	10	cc	en
train-s1249	9	NOUN	10	nsubj	en
train-s1249	10	VERB	3	conj	en
train-s1249	11	PRON	16	nsubj	hi
train-s1249	12	ADP	11	case	hi
train-s1249	13	NOUN	16	obl	hi
train-s1249	14	ADP	13	case	hi
train-s1249	15	NOUN	16	obj	hi
train-s1249	16	VERB	10	xcomp	hi
train-s1249	17	AUX	16	aux	hi
train-s1249	18	AUX	16	aux	hi
train-s1250	1	PRON	0	root	hi
train-s1250	2	ADJ	3	amod	en
train-s1250	3	NOUN	1	orphan	en
train-s1250	4	PART	1	orphan	hi
train-s1250	5	ADJ	6	amod	en
train-s1250	6	NOUN	7	obj	en
train-s1250	7	VERB	1	conj	hi
train-s1250	8	AUX	7	aux	hi
train-s1251	1	PRON	5	expl	en
train-s1251	2	AUX	5	cop	en
train-s1251	5	NOUN	0	root	en
train-s1251	6	SCONJ	8	mark	en
train-s1251	8	VERB	5	acl	en
train-s1251	9	DET	10	det	en
train-s1251	10	NOUN	8	obj	en
train-s1251	11	CCONJ	19	cc	en
train-s1251	12	ADV	19	advmod	en
train-s1251	13	NOUN	19	compound	hi
train-s1251	14	DET	15	det	hi
train-s1251	16	ADP	15	case	hi
train-s1251	17	ADV	19	advmod	hi
train-s1251	18	PART	17	advmod	hi
train-s1251	19	VERB	5	conj	hi
train-s1251	20	AUX	19	aux	hi
train-s1251	21	AUX	19	aux	hi
train-s1252	1	PRON	3	nsubj	en
train-s1252	2	AUX	3	aux	en
train-s1252	3	VERB	0	root	en
train-s1252	4	PRON	3	obj	en
train-s1252	5	ADP	9	case	en
train-s1252	6	ADP	9	case	en
train-s1252	7	NOUN	9	nmod	hi
train-s1252	8	ADP	7	case	hi
train-s1252	9	NOUN	3	obl	hi
train-s1253	1	ADV	7	advmod	en
train-s1253	4	NOUN	7	compound	en
train-s1253	5	PART	4	advmod	hi
train-s1253	6	PRON	3	nmod	hi
train-s1253	7	VERB	0	root	hi
train-s1253	8	AUX	7	aux	hi
train-s1254	1	PRON	5	expl	en
train-s1254	2	AUX	5	cop	en
train-s1254	3	DET	5	det	en
train-s1254	4	ADJ	5	amod	en
train-s1254	5	NOUN	0	root	en
train-s1254	6	ADP	9	case	en
train-s1254	7	PRON	9	nmod	en
train-s1254	8	PART	7	case	en
train-s1254	9	NOUN	5	nmod	en
train-s1254	10	ADV	13	advmod	hi
train-s1254	11	NOUN	13	nsubj	en
train-s1254	12	ADJ	13	xcomp	hi
train-s1254	13	VERB	5	acl:relcl	hi
train-s1254	14	AUX	13	aux	hi
train-s1255	2	ADV	4	advmod	en
train-s1255	3	PRON	4	nsubj	en
train-s1255	4	VERB	13	advcl	en
train-s1255	6	NOUN	9	vocative	en
train-s1255	7	NOUN	9	nsubj	hi
train-s1255	8	PART	9	advmod	hi
train-s1255	9	VERB	4	xcomp	hi
train-s1255	11	PRON	13	nsubj	en
train-s1255	12	ADV	13	advmod	en
train-s1255	13	VERB	0	root	en
train-s1255	14	DET	16	det	en
train-s1255	15	ADJ	16	amod	en
train-s1255	16	NOUN	13	obj	en
train-s1256	1	ADV	3	advmod	en
train-s1256	2	ADJ	3	compound	hi
train-s1256	3	ADJ	4	amod	hi
train-s1256	4	NOUN	6	nsubj	hi
train-s1256	5	AUX	6	aux	en
train-s1256	6	VERB	0	root	en
train-s1256	7	ADP	8	case	en
train-s1256	9	ADP	10	case	en
train-s1256	11	NOUN	6	nmod	en
train-s1257	1	AUX	5	aux	en
train-s1257	2	DET	4	det	en
train-s1257	3	NOUN	4	compound	hi
train-s1257	4	NOUN	5	nsubj	hi
train-s1257	5	VERB	0	root	en
train-s1257	7	PART	6	case	en
train-s1257	9	NOUN	5	obj	en
train-s1258	1	PRON	4	iobj	en
train-s1258	2	AUX	4	aux	en
train-s1258	3	AUX	4	aux	en
train-s1258	4	VERB	0	root	en
train-s1258	5	DET	6	det	en
train-s1258	6	VERB	8	amod	hi
train-s1258	7	ADJ	8	amod	hi
train-s1258	8	NOUN	4	obj	hi
train-s1258	9	DET	10	det	en
train-s1258	10	NOUN	4	nmod	en
train-s1259	1	CCONJ	3	cc	hi
train-s1259	2	PRON	3	nsubj	hi
train-s1259	3	VERB	0	root	hi
train-s1259	4	AUX	3	aux	hi
train-s1259	5	ADV	13	advmod	hi
train-s1259	6	PART	7	advmod	hi
train-s1259	7	PRON	13	iobj	hi
train-s1259	8	PART	7	advmod	hi
train-s1259	9	ADJ	11	amod	en
train-s1259	10	NOUN	11	compound	en
train-s1259	11	NOUN	13	obj	en
train-s1259	12	PART	13	advmod	hi
train-s1259	13	VERB	3	xcomp	hi
train-s1259	14	AUX	13	aux	hi
train-s1260	1	PRON	3	nsubj	en
train-s1260	2	AUX	3	aux	en
train-s1260	3	VERB	0	root	en
train-s1260	5	PROPN	4	flat	en
train-s1260	6	ADP	8	case	en
train-s1260	7	VERB	8	acl	hi
train-s1260	8	NOUN	3	obl	hi
train-s1261	2	CCONJ	3	cc	en
train-s1261	4	AUX	8	cop	en
train-s1261	5	DET	6	det	en
train-s1261	6	NOUN	8	nmod	en
train-s1261	7	ADP	6	case	hi
train-s1261	8	NOUN	0	root	hi
train-s1261	9	ADP	10	case	en
train-s1261	10	NOUN	8	nmod	en
train-s1262	1	PRON	2	nsubj	en
train-s1262	2	VERB	0	root	en
train-s1262	3	DET	4	det	en
train-s1262	4	PRON	2	obj	en
train-s1262	5	ADV	9	advmod	hi
train-s1262	7	ADP	6	case	hi
train-s1262	8	PART	9	advmod	hi
train-s1262	9	VERB	2	parataxis	hi
train-s1262	10	AUX	9	aux	hi
train-s1262	11	DET	12	det	hi
train-s1262	12	PRON	9	obl	hi
train-s1262	13	ADP	12	case	hi
train-s1262	14	PART	12	advmod	hi
train-s1263	1	AUX	2	cop	en
train-s1263	2	PRON	0	root	en
train-s1263	3	DET	4	det	en
train-s1263	4	ADJ	2	amod	en
train-s1263	5	PRON	12	iobj	hi
train-s1263	6	NOUN	7	nmod	hi
train-s1263	7	VERB	12	advcl	hi
train-s1263	8	AUX	7	aux	hi
train-s1263	9	NOUN	12	nsubj	en
train-s1263	10	CCONJ	11	cc	en
train-s1263	11	NOUN	9	conj	en
train-s1263	12	VERB	2	acl:relcl	hi
train-s1263	13	PART	14	advmod	hi
train-s1263	14	VERB	12	conj	hi
train-s1263	15	CCONJ	18	cc	hi
train-s1263	16	NOUN	18	obj	en
train-s1263	17	ADV	18	advmod	hi
train-s1263	18	VERB	12	conj	hi
train-s1264	2	NOUN	3	nmod	en
train-s1264	3	VERB	7	advcl	hi
train-s1264	4	SCONJ	7	mark	hi
train-s1264	5	PRON	7	nsubj	hi
train-s1264	6	ADJ	7	xcomp	hi
train-s1264	7	VERB	0	root	hi
train-s1264	8	AUX	7	aux	hi
train-s1264	10	AUX	14	cop	en
train-s1264	11	ADV	14	advmod	en
train-s1264	12	DET	14	det	en
train-s1264	13	ADJ	14	amod	en
train-s1264	14	NOUN	5	nmod	en
train-s1264	15	ADP	17	case	en
train-s1264	16	NOUN	17	compound	en
train-s1264	17	NOUN	14	nmod	en
train-s1265	3	ADV	6	advmod	en
train-s1265	4	AUX	6	aux	en
train-s1265	5	PRON	6	iobj	en
train-s1265	6	VERB	0	root	en
train-s1265	7	NOUN	6	obj	en
train-s1265	8	ADP	11	case	en
train-s1265	10	ADJ	11	amod	hi
train-s1265	11	NOUN	7	nmod	hi
train-s1266	1	VERB	7	advcl	hi
train-s1266	2	AUX	1	aux	hi
train-s1266	3	AUX	1	aux	hi
train-s1266	4	SCONJ	7	mark	hi
train-s1266	5	NOUN	7	nsubj	en
train-s1266	6	AUX	7	aux	en
train-s1266	7	VERB	0	root	en
train-s1266	8	ADJ	7	compound	en
train-s1266	9	PART	8	advmod	en
train-s1267	1	ADV	6	mark	hi
train-s1267	3	ADP	2	case	hi
train-s1267	4	DET	5	det	hi
train-s1267	5	NOUN	6	nsubj	hi
train-s1267	6	VERB	12	advcl	hi
train-s1267	7	AUX	6	aux	hi
train-s1267	8	AUX	6	aux	hi
train-s1267	9	AUX	6	aux	hi
train-s1267	12	VERB	0	root	en
train-s1267	13	ADP	14	case	en
train-s1268	1	ADV	2	advmod	hi
train-s1268	2	ADJ	5	amod	en
train-s1268	3	PART	2	advmod	hi
train-s1268	4	PRON	5	nmod	hi
train-s1268	5	NOUN	0	root	en
train-s1268	6	PART	5	advmod	hi
train-s1268	7	PART	5	advmod	hi
train-s1268	8	AUX	5	cop	hi
train-s1268	9	NOUN	5	vocative	hi
train-s1269	3	ADJ	0	root	en
train-s1269	4	AUX	3	cop	hi
train-s1269	5	PART	6	advmod	hi
train-s1269	6	VERB	3	conj	hi
train-s1269	8	DET	9	det	en
train-s1269	9	NOUN	12	nsubj	en
train-s1269	10	AUX	12	aux	en
train-s1269	11	ADV	12	advmod	en
train-s1269	12	VERB	3	conj	en
train-s1270	2	SCONJ	7	mark	en
train-s1270	3	PRON	7	expl	en
train-s1270	4	AUX	7	cop	en
train-s1270	5	PRON	7	obj	en
train-s1270	6	NOUN	7	nsubj	en
train-s1270	7	VERB	0	root	en
train-s1270	8	ADV	10	mark	en
train-s1270	9	PRON	10	nsubj	en
train-s1270	10	VERB	5	acl	en
train-s1270	12	PRON	13	nmod	hi
train-s1270	13	NOUN	16	obl	hi
train-s1270	14	ADP	13	case	hi
train-s1270	15	NOUN	16	obj	hi
train-s1270	16	VERB	10	xcomp	hi
train-s1271	1	PROPN	2	nmod	hi
train-s1271	2	NOUN	10	vocative	hi
train-s1271	5	ADP	4	case	hi
train-s1271	6	ADP	4	case	hi
train-s1271	7	NOUN	10	nsubj	en
train-s1271	8	ADJ	10	compound	en
train-s1271	9	PRON	10	advmod	hi
train-s1271	10	VERB	0	root	hi
train-s1271	11	AUX	10	aux	hi
train-s1272	1	NOUN	5	nmod	en
train-s1272	2	ADP	3	case	en
train-s1272	3	NOUN	1	nmod	en
train-s1272	4	ADP	1	case	hi
train-s1272	5	NOUN	14	obl	hi
train-s1272	6	ADP	5	case	hi
train-s1272	7	NOUN	14	nsubj	hi
train-s1272	9	ADP	8	case	hi
train-s1272	10	PRON	12	compound	hi
train-s1272	11	PART	10	advmod	hi
train-s1272	12	VERB	14	xcomp	hi
train-s1272	13	NOUN	14	compound	hi
train-s1272	14	VERB	0	root	hi
train-s1272	15	AUX	14	aux	hi
train-s1272	16	AUX	14	aux	hi
train-s1273	1	DET	2	det	en
train-s1273	2	NOUN	13	nmod	en
train-s1273	3	ADP	4	case	en
train-s1273	6	NOUN	8	nmod	hi
train-s1273	7	ADP	6	case	hi
train-s1273	8	NOUN	10	nmod	en
train-s1273	9	ADP	8	case	hi
train-s1273	10	NOUN	13	compound	en
train-s1273	11	NOUN	13	nmod	hi
train-s1273	12	PART	11	advmod	hi
train-s1273	13	VERB	0	root	hi
train-s1273	14	AUX	13	aux	hi
train-s1273	15	AUX	13	aux	hi
train-s1274	1	PRON	2	nsubj	en
train-s1274	2	VERB	0	root	en
train-s1274	3	SCONJ	10	mark	hi
train-s1274	5	ADP	4	case	hi
train-s1274	7	ADP	6	case	hi
train-s1274	8	ADJ	9	amod	hi
train-s1274	9	NOUN	10	compound	hi
train-s1274	10	VERB	2	xcomp	hi
train-s1274	11	AUX	10	aux	hi
train-s1274	12	AUX	10	aux	hi
train-s1275	1	VERB	0	root	en
train-s1275	2	PRON	3	nmod	en
train-s1275	3	NOUN	1	obj	en
train-s1275	4	SCONJ	8	mark	hi
train-s1275	5	PRON	8	nsubj	hi
train-s1275	6	NOUN	8	obj	hi
train-s1275	7	PART	8	advmod	hi
train-s1275	8	VERB	1	advcl	hi
train-s1276	1	AUX	3	aux	en
train-s1276	2	ADV	3	advmod	en
train-s1276	3	VERB	0	root	en
train-s1276	4	VERB	3	xcomp	en
train-s1276	6	ADP	7	case	en
train-s1276	7	ADV	4	advmod	en
train-s1276	8	ADV	7	nmod	en
train-s1276	11	PART	10	advmod	hi
train-s1276	12	ADV	15	advmod	hi
train-s1276	13	PART	12	advmod	hi
train-s1276	14	ADJ	15	amod	hi
train-s1276	15	NOUN	3	nmod	en
train-s1276	16	AUX	15	cop	hi
train-s1277	1	ADV	4	advmod	hi
train-s1277	2	PRON	4	nsubj	en
train-s1277	3	AUX	4	aux	en
train-s1277	4	VERB	0	root	en
train-s1277	5	NOUN	12	nsubj	hi
train-s1277	6	ADP	5	case	hi
train-s1277	7	PART	5	advmod	hi
train-s1277	8	NOUN	9	compound	en
train-s1277	9	NOUN	11	nmod	en
train-s1277	10	ADP	9	case	hi
train-s1277	11	NOUN	12	compound	hi
train-s1277	12	VERB	4	xcomp	hi
train-s1278	3	ADP	2	case	hi
train-s1278	4	ADJ	5	amod	hi
train-s1278	5	NOUN	7	nsubj	hi
train-s1278	6	PART	5	advmod	hi
train-s1278	8	ADP	7	case	hi
train-s1278	9	AUX	7	cop	hi
train-s1278	10	CCONJ	15	cc	en
train-s1278	11	VERB	15	advcl	en
train-s1278	12	PRON	15	obj	en
train-s1278	13	PRON	15	nsubj	en
train-s1278	14	AUX	15	aux	en
train-s1278	15	VERB	7	conj	en
train-s1279	1	SCONJ	7	mark	hi
train-s1279	2	PRON	7	nsubj	hi
train-s1279	3	PRON	7	obj	hi
train-s1279	4	ADV	7	advmod	hi
train-s1279	5	ADV	4	compound	hi
train-s1279	6	NOUN	7	compound	hi
train-s1279	7	VERB	14	advcl	hi
train-s1279	8	AUX	7	aux	hi
train-s1279	9	AUX	7	aux	hi
train-s1279	10	AUX	7	aux	hi
train-s1279	12	PRON	14	nsubj	en
train-s1279	13	ADV	14	advmod	en
train-s1279	14	VERB	0	root	en
train-s1279	15	PRON	17	nsubj	en
train-s1279	16	AUX	17	cop	en
train-s1279	17	ADJ	14	xcomp	en
train-s1279	18	ADP	19	case	en
train-s1279	19	PRON	17	nmod	en
train-s1280	1	NUM	2	nummod	en
train-s1280	2	NOUN	4	nmod	en
train-s1280	3	ADP	2	case	hi
train-s1280	4	NOUN	8	iobj	hi
train-s1280	5	ADP	4	case	hi
train-s1280	6	PROPN	8	nsubj	hi
train-s1280	7	NOUN	8	compound	hi
train-s1280	8	VERB	0	root	hi
train-s1281	1	CCONJ	3	cc	hi
train-s1281	2	NOUN	3	compound	hi
train-s1281	3	VERB	0	root	hi
train-s1281	5	NOUN	9	nsubj	en
train-s1281	6	ADP	8	case	en
train-s1281	7	PRON	8	nmod	en
train-s1281	8	NOUN	5	nmod	hi
train-s1281	9	VERB	3	xcomp	en
train-s1281	10	SCONJ	13	mark	en
train-s1281	11	ADV	13	advmod	en
train-s1281	12	PRON	13	nsubj	en
train-s1281	13	VERB	9	advcl	en
train-s1281	14	PRON	15	nmod	en
train-s1281	15	NOUN	13	obj	en
train-s1282	1	NOUN	2	compound	en
train-s1282	2	NOUN	3	obj	en
train-s1282	3	VERB	0	root	hi
train-s1282	4	AUX	3	aux	hi
train-s1282	5	CCONJ	6	cc	hi
train-s1282	6	VERB	3	conj	hi
train-s1282	7	PART	6	advmod	hi
train-s1282	8	PART	6	advmod	hi
train-s1282	9	AUX	6	aux	hi
train-s1283	1	DET	2	det	hi
train-s1283	2	NOUN	6	nsubj	hi
train-s1283	3	NOUN	6	obl	hi
train-s1283	4	ADP	3	case	hi
train-s1283	5	ADJ	6	compound	hi
train-s1283	6	VERB	14	advcl	hi
train-s1283	7	SCONJ	6	mark	hi
train-s1283	8	SCONJ	6	mark	hi
train-s1283	10	PRON	11	nsubj	en
train-s1283	11	VERB	14	advcl	en
train-s1283	14	VERB	0	root	hi
train-s1283	15	AUX	14	aux	hi
train-s1284	1	NOUN	8	vocative	en
train-s1284	3	NOUN	4	compound	en
train-s1284	4	NOUN	6	obj	en
train-s1284	5	NOUN	6	compound	en
train-s1284	6	VERB	8	advcl	hi
train-s1284	7	AUX	6	aux	hi
train-s1284	8	VERB	0	root	hi
train-s1284	9	AUX	8	aux	hi
train-s1284	10	AUX	8	aux	hi
train-s1285	1	PRON	3	nsubj	en
train-s1285	2	AUX	3	aux	en
train-s1285	3	VERB	0	root	en
train-s1285	4	ADP	5	case	en
train-s1285	6	NOUN	3	vocative	hi
train-s1285	7	ADJ	8	amod	en
train-s1285	8	NOUN	9	nsubj	en
train-s1285	9	VERB	5	acl:relcl	hi
train-s1285	10	AUX	9	aux	hi
train-s1285	11	ADV	9	advmod	hi
train-s1285	12	ADV	9	advmod	hi
train-s1285	13	PART	12	advmod	hi
train-s1286	1	NOUN	2	compound	hi
train-s1286	2	VERB	0	root	hi
train-s1286	3	AUX	2	aux	hi
train-s1286	4	VERB	2	advcl	hi
train-s1286	5	AUX	4	aux	hi
train-s1286	6	PRON	9	obj	en
train-s1286	7	NOUN	9	nsubj	en
train-s1286	8	AUX	9	aux	en
train-s1286	9	VERB	4	xcomp	en
train-s1286	10	ADP	11	case	en
train-s1286	11	NOUN	9	obl	en
train-s1287	2	DET	4	det	en
train-s1287	4	NOUN	6	nmod	en
train-s1287	5	ADJ	6	amod	en
train-s1287	6	NOUN	8	nsubj	en
train-s1287	7	AUX	8	aux	en
train-s1287	8	VERB	0	root	en
train-s1287	9	PRON	8	iobj	en
train-s1287	11	NOUN	15	obl	hi
train-s1287	12	ADP	11	case	hi
train-s1287	13	NOUN	15	obj	hi
train-s1287	14	PART	15	advmod	hi
train-s1287	15	VERB	18	advcl	hi
train-s1287	17	NOUN	18	nsubj	hi
train-s1287	18	VERB	8	xcomp	hi
train-s1287	19	AUX	18	aux	hi
train-s1287	20	AUX	18	aux	hi
train-s1288	1	PART	2	advmod	en
train-s1288	2	VERB	0	root	en
train-s1288	3	VERB	2	xcomp	en
train-s1288	4	PRON	3	obj	en
train-s1288	5	NOUN	3	nmod	en
train-s1288	6	SCONJ	8	mark	en
train-s1288	7	PRON	8	nsubj	en
train-s1288	8	VERB	2	advcl	en
train-s1288	9	PART	10	mark	en
train-s1288	10	VERB	8	xcomp	en
train-s1288	11	NOUN	10	obj	hi
train-s1288	12	NOUN	10	obl	hi
train-s1288	13	ADP	12	case	hi
train-s1289	1	NOUN	5	vocative	en
train-s1289	2	PRON	5	advmod	en
train-s1289	3	AUX	5	cop	en
train-s1289	4	DET	5	det	en
train-s1289	5	NOUN	0	root	en
train-s1289	6	SCONJ	7	mark	en
train-s1289	7	VERB	5	acl	hi
train-s1289	8	PRON	7	nsubj	hi
train-s1289	9	NOUN	10	compound	hi
train-s1289	10	NOUN	7	advmod	hi
train-s1289	11	ADP	10	case	hi
train-s1290	2	DET	3	det	en
train-s1290	3	NOUN	5	nmod	en
train-s1290	4	PRON	5	nsubj	en
train-s1290	5	VERB	0	root	en
train-s1290	6	SCONJ	8	mark	hi
train-s1290	7	NOUN	8	nsubj	en
train-s1290	8	NUM	5	obj	hi
train-s1290	9	AUX	8	cop	hi
train-s1290	10	CCONJ	13	cc	hi
train-s1290	11	NUM	13	nsubj	hi
train-s1290	12	PART	11	advmod	hi
train-s1290	13	VERB	8	conj	hi
train-s1291	1	PRON	2	nsubj	en
train-s1291	2	VERB	0	root	en
train-s1291	3	PRON	4	nmod	en
train-s1291	4	NOUN	10	nsubj	en
train-s1291	5	AUX	10	cop	en
train-s1291	6	DET	7	det	en
train-s1291	7	NOUN	8	obj	hi
train-s1291	8	VERB	10	amod	hi
train-s1291	9	AUX	8	aux	hi
train-s1291	10	NOUN	2	obj	en
train-s1292	1	ADJ	2	amod	en
train-s1292	2	NOUN	5	obl	en
train-s1292	3	ADP	2	case	hi
train-s1292	5	VERB	0	root	hi
train-s1292	6	AUX	5	aux	hi
train-s1293	1	VERB	0	root	en
train-s1293	2	NOUN	1	obj	en
train-s1293	3	ADP	4	case	en
train-s1293	4	NOUN	1	obl	en
train-s1293	5	ADP	8	case	en
train-s1293	6	NOUN	8	nmod	hi
train-s1293	7	ADP	6	case	hi
train-s1293	8	NOUN	1	nsubj	hi
train-s1294	1	ADV	4	advmod	en
train-s1294	3	AUX	4	aux	en
train-s1294	4	VERB	0	root	en
train-s1294	5	SCONJ	7	mark	en
train-s1294	6	PRON	7	nsubj	en
train-s1294	7	VERB	4	advcl	en
train-s1294	8	ADV	9	advmod	hi
train-s1294	9	ADJ	10	compound	hi
train-s1294	10	VERB	7	xcomp	hi
train-s1294	11	AUX	10	aux	hi
train-s1294	13	ADP	12	case	hi
train-s1295	1	PRON	3	nsubj	en
train-s1295	2	AUX	3	aux	en
train-s1295	3	VERB	0	root	en
train-s1295	4	VERB	3	xcomp	en
train-s1295	5	AUX	4	aux	en
train-s1295	7	DET	8	det	hi
train-s1295	8	NOUN	12	nsubj	en
train-s1295	9	ADJ	12	compound	hi
train-s1295	10	PART	11	advmod	hi
train-s1295	11	PART	12	advmod	hi
train-s1295	12	VERB	3	advcl	hi
train-s1296	1	NOUN	5	nsubj	hi
train-s1296	2	CCONJ	3	cc	hi
train-s1296	3	NOUN	1	conj	hi
train-s1296	4	ADV	5	advmod	en
train-s1296	5	ADJ	0	root	en
train-s1296	6	ADP	8	case	en
train-s1296	7	DET	8	det	en
train-s1296	8	PRON	5	nmod	en
train-s1297	1	ADV	3	advmod	en
train-s1297	2	AUX	3	aux	en
train-s1297	3	VERB	0	root	en
train-s1297	4	DET	5	det	en
train-s1297	5	NOUN	3	obj	en
train-s1297	6	SCONJ	10	mark	hi
train-s1297	7	ADV	10	advmod	hi
train-s1297	8	NOUN	10	compound	hi
train-s1297	9	PART	10	advmod	hi
train-s1297	10	VERB	5	acl	hi
train-s1298	2	ADJ	5	amod	en
train-s1298	3	ADP	2	case	en
train-s1298	4	PRON	5	nmod	en
train-s1298	5	NOUN	7	nsubj	en
train-s1298	6	AUX	7	aux	en
train-s1298	7	VERB	0	root	en
train-s1298	8	SCONJ	16	mark	en
train-s1298	11	NOUN	16	vocative	hi
train-s1298	12	PRON	13	nmod	hi
train-s1298	13	PRON	16	nsubj	hi
train-s1298	14	NOUN	15	compound	en
train-s1298	15	VERB	16	xcomp	hi
train-s1298	16	VERB	7	advcl	hi
train-s1298	17	AUX	16	aux	hi
train-s1298	18	AUX	16	aux	hi
train-s1299	2	DET	3	det	en
train-s1299	3	NOUN	16	nsubj	en
train-s1299	4	PRON	5	nsubj	en
train-s1299	5	VERB	3	acl:relcl	en
train-s1299	7	NOUN	8	compound	hi
train-s1299	8	VERB	5	xcomp	hi
train-s1299	10	NOUN	12	compound	hi
train-s1299	11	PART	12	advmod	hi
train-s1299	12	VERB	8	conj	hi
train-s1299	14	ADV	16	advmod	en
train-s1299	15	ADV	16	advmod	en
train-s1299	16	VERB	0	root	en
train-s1299	17	NOUN	16	obj	en
train-s1299	18	PRON	16	nmod	en
train-s1299	20	PRON	18	conj	en
train-s1300	1	NOUN	4	vocative	hi
train-s1300	2	ADV	4	advmod	hi
train-s1300	3	PRON	4	nsubj	en
train-s1300	4	VERB	0	root	en
train-s1300	5	ADP	6	case	en
train-s1301	2	NOUN	5	obl	hi
train-s1301	3	ADP	2	case	hi
train-s1301	4	ADP	2	case	hi
train-s1301	5	VERB	0	root	hi
train-s1301	6	PART	5	advmod	hi
train-s1301	7	CCONJ	15	cc	hi
train-s1301	8	ADV	11	advmod	en
train-s1301	9	NOUN	11	obj	en
train-s1301	10	PART	9	advmod	hi
train-s1301	11	VERB	5	conj	hi
train-s1301	13	PRON	15	obj	en
train-s1301	15	VERB	5	conj	en
train-s1302	2	ADP	1	case	hi
train-s1302	3	PROPN	5	nmod	en
train-s1302	4	NOUN	5	compound	en
train-s1302	5	NOUN	7	nsubj	en
train-s1302	6	PART	7	advmod	hi
train-s1302	7	VERB	9	acl	hi
train-s1302	8	PRON	9	nmod	hi
train-s1302	9	NOUN	10	nsubj	hi
train-s1302	10	VERB	0	root	hi
train-s1303	1	DET	3	det	en
train-s1303	2	ADJ	3	amod	en
train-s1303	3	NOUN	0	root	en
train-s1303	4	ADP	5	case	en
train-s1303	7	CCONJ	10	cc	en
train-s1303	8	PRON	9	nmod	hi
train-s1303	9	NOUN	10	obj	en
train-s1303	10	VERB	3	conj	hi
train-s1303	11	AUX	10	aux	hi
train-s1303	12	AUX	10	aux	hi
train-s1303	13	ADP	16	case	en
train-s1303	14	ADP	16	case	en
train-s1303	15	PRON	16	nmod	en
train-s1303	16	NOUN	10	obl	en
train-s1304	1	NOUN	3	nsubj	en
train-s1304	2	AUX	3	cop	en
train-s1304	3	ADJ	0	root	en
train-s1304	5	CCONJ	11	cc	hi
train-s1304	6	PRON	11	obl	hi
train-s1304	7	ADP	6	case	hi
train-s1304	8	PRON	11	nsubj	hi
train-s1304	9	NOUN	11	compound	hi
train-s1304	10	PART	11	advmod	hi
train-s1304	11	VERB	3	conj	hi
train-s1305	1	NOUN	5	vocative	hi
train-s1305	2	DET	3	det	hi
train-s1305	3	PRON	5	nsubj	hi
train-s1305	4	PART	3	advmod	hi
train-s1305	5	ADJ	0	root	hi
train-s1305	6	AUX	5	cop	hi
train-s1305	7	CCONJ	13	cc	en
train-s1305	8	PRON	13	obj	en
train-s1305	9	ADV	13	advmod	en
train-s1305	10	AUX	13	aux	en
train-s1305	13	VERB	5	conj	en
train-s1305	14	PART	15	mark	en
train-s1305	15	VERB	13	xcomp	en
train-s1305	16	VERB	15	xcomp	en
train-s1305	17	ADP	19	case	en
train-s1305	18	DET	19	det	en
train-s1305	19	NOUN	16	obj	en
train-s1306	2	PRON	3	nmod	hi
train-s1306	3	NOUN	5	iobj	hi
train-s1306	4	ADP	3	case	hi
train-s1306	5	VERB	0	root	hi
train-s1306	7	NOUN	10	nsubj	en
train-s1306	8	AUX	10	aux	en
train-s1306	9	PART	10	advmod	en
train-s1306	10	VERB	5	xcomp	en
train-s1307	2	NOUN	0	root	en
train-s1307	3	ADP	5	case	en
train-s1307	4	DET	5	det	en
train-s1307	5	NOUN	2	nmod	en
train-s1307	6	SCONJ	7	mark	hi
train-s1307	7	NOUN	2	nmod	en
train-s1307	8	PART	7	advmod	hi
train-s1307	9	AUX	7	cop	hi
train-s1308	2	NOUN	0	root	en
train-s1308	3	ADP	4	case	en
train-s1308	4	NOUN	6	nmod	en
train-s1308	5	PART	4	case	en
train-s1308	6	NOUN	2	nmod	en
train-s1308	8	VERB	12	advcl	en
train-s1308	9	SCONJ	8	mark	hi
train-s1308	10	VERB	8	advcl	en
train-s1308	11	SCONJ	10	mark	hi
train-s1308	12	VERB	2	ccomp	hi
train-s1308	13	AUX	12	aux	hi
train-s1309	2	ADV	6	advmod	en
train-s1309	3	ADV	5	advmod	en
train-s1309	4	DET	5	det	en
train-s1309	5	NOUN	6	nsubj	en
train-s1309	6	VERB	0	root	en
train-s1309	7	DET	9	det	en
train-s1309	8	ADJ	9	amod	en
train-s1309	9	NOUN	6	obj	en
train-s1309	10	ADP	11	case	en
train-s1309	11	NOUN	9	nmod	en
train-s1309	12	PRON	18	nsubj	en
train-s1309	13	AUX	18	cop	en
train-s1309	16	NOUN	18	obl	hi
train-s1309	17	ADP	16	case	hi
train-s1309	18	VERB	5	acl	hi
train-s1309	19	PRON	18	nsubj	hi
train-s1310	1	NOUN	4	nmod	hi
train-s1310	2	ADP	1	case	hi
train-s1310	3	NOUN	4	compound	en
train-s1310	4	NOUN	5	obj	en
train-s1310	5	VERB	7	advcl	hi
train-s1310	6	AUX	5	aux	hi
train-s1310	7	VERB	0	root	hi
train-s1310	8	AUX	7	aux	hi
train-s1311	1	NOUN	5	iobj	en
train-s1311	2	ADP	1	case	hi
train-s1311	3	ADJ	4	amod	en
train-s1311	4	NOUN	5	obj	en
train-s1311	5	VERB	12	xcomp	hi
train-s1311	6	SCONJ	5	mark	hi
train-s1311	7	SCONJ	5	mark	hi
train-s1311	8	ADJ	9	amod	hi
train-s1311	9	NOUN	11	nmod	hi
train-s1311	10	ADP	9	case	hi
train-s1311	11	NOUN	12	nsubj	hi
train-s1311	12	VERB	0	root	hi
train-s1312	1	ADV	3	advmod	en
train-s1312	2	PRON	3	nsubj	en
train-s1312	3	VERB	0	root	en
train-s1312	4	ADJ	6	amod	hi
train-s1312	6	NOUN	3	obj	hi
train-s1312	7	ADP	11	case	en
train-s1312	8	DET	11	det	en
train-s1312	9	ADJ	11	amod	en
train-s1312	10	ADJ	11	amod	en
train-s1312	11	NOUN	6	nmod	en
train-s1313	1	NOUN	8	obl	hi
train-s1313	2	ADP	1	case	hi
train-s1313	3	NOUN	8	nsubj	en
train-s1313	4	PRON	8	obl	hi
train-s1313	5	ADP	4	case	hi
train-s1313	6	NOUN	8	obj	en
train-s1313	7	PART	6	advmod	en
train-s1313	8	VERB	0	root	hi
train-s1313	9	AUX	8	aux	hi
train-s1313	10	AUX	8	aux	hi
train-s1313	11	CCONJ	12	cc	hi
train-s1313	12	ADV	8	conj	hi
train-s1313	13	ADJ	14	amod	en
train-s1313	14	NOUN	12	orphan	en
train-s1313	16	PART	17	advmod	hi
train-s1313	17	ADJ	18	amod	hi
train-s1313	18	NOUN	8	parataxis	hi
train-s1313	19	AUX	18	cop	hi
train-s1314	2	NOUN	5	nmod	en
train-s1314	3	PRON	4	nmod	en
train-s1314	4	NOUN	5	nsubj	en
train-s1314	5	VERB	0	root	en
train-s1314	6	PRON	5	iobj	en
train-s1314	8	NOUN	14	obl	en
train-s1314	9	ADP	8	case	hi
train-s1314	10	PART	12	advmod	hi
train-s1314	11	NOUN	12	compound	en
train-s1314	12	NOUN	14	nsubj	en
train-s1314	13	ADV	14	advmod	hi
train-s1314	14	VERB	5	xcomp	hi
train-s1314	15	AUX	14	aux	hi
train-s1315	2	VERB	0	root	en
train-s1315	3	NOUN	2	iobj	en
train-s1315	4	PRON	7	nsubj	hi
train-s1315	5	ADV	6	advmod	hi
train-s1315	6	ADJ	7	amod	hi
train-s1315	7	NOUN	11	xcomp	hi
train-s1315	8	AUX	7	cop	hi
train-s1315	9	PRON	11	obj	hi
train-s1315	10	PRON	11	nsubj	hi
train-s1315	11	VERB	2	xcomp	hi
train-s1315	12	AUX	11	aux	hi
train-s1315	13	AUX	11	aux	hi
train-s1316	1	NOUN	7	obl	hi
train-s1316	2	ADP	1	case	hi
train-s1316	3	PRON	4	nsubj	en
train-s1316	4	VERB	7	advcl	en
train-s1316	5	PRON	4	obj	en
train-s1316	6	PART	5	advmod	en
train-s1316	7	VERB	0	root	hi
train-s1317	2	ADP	1	case	hi
train-s1317	4	NOUN	8	nmod	en
train-s1317	5	CCONJ	6	cc	hi
train-s1317	6	NOUN	4	conj	en
train-s1317	7	ADP	4	case	hi
train-s1317	8	NOUN	10	compound	en
train-s1317	9	PART	8	advmod	hi
train-s1318	1	DET	2	det	hi
train-s1318	2	PRON	3	nsubj	hi
train-s1318	3	VERB	0	root	hi
train-s1318	4	AUX	3	aux	hi
train-s1318	5	AUX	3	aux	hi
train-s1318	6	ADJ	8	amod	en
train-s1318	8	NOUN	3	obl	en
train-s1318	9	ADP	8	case	hi
train-s1319	1	PRON	2	nsubj	en
train-s1319	2	VERB	0	root	en
train-s1319	3	ADJ	2	xcomp	en
train-s1319	4	ADP	5	case	en
train-s1319	5	PROPN	7	nmod	en
train-s1319	6	ADJ	7	amod	en
train-s1319	7	NOUN	2	nmod	en
train-s1319	9	NOUN	17	obl	hi
train-s1319	10	ADP	9	case	hi
train-s1319	11	NOUN	14	nmod	en
train-s1319	12	NOUN	11	compound	en
train-s1319	13	ADP	11	case	hi
train-s1319	14	NOUN	17	obl	en
train-s1319	15	ADP	14	case	hi
train-s1319	16	ADJ	17	compound	hi
train-s1319	17	VERB	2	advcl	hi
train-s1319	18	AUX	17	aux	hi
train-s1319	19	AUX	17	aux	hi
train-s1320	1	ADV	2	advmod	hi
train-s1320	2	VERB	0	root	hi
train-s1320	3	PROPN	2	obl	hi
train-s1320	4	ADP	3	case	hi
train-s1320	5	CCONJ	9	cc	hi
train-s1320	6	PART	9	advmod	hi
train-s1320	7	NOUN	9	nsubj	en
train-s1320	8	NOUN	9	compound	en
train-s1320	9	VERB	2	conj	hi
train-s1320	10	AUX	9	aux	hi
train-s1321	1	PRON	3	nsubj	en
train-s1321	2	AUX	3	aux	en
train-s1321	3	VERB	0	root	en
train-s1321	4	PRON	5	nmod	en
train-s1321	5	NOUN	3	obj	en
train-s1321	6	SCONJ	9	mark	en
train-s1321	7	NOUN	9	nmod	hi
train-s1321	8	ADP	7	case	hi
train-s1321	9	NOUN	3	nmod	hi
train-s1322	1	INTJ	2	discourse	en
train-s1322	2	VERB	0	root	en
train-s1322	3	PRON	2	iobj	en
train-s1322	4	SCONJ	7	mark	hi
train-s1322	5	NOUN	7	nsubj	hi
train-s1322	6	NOUN	7	compound	hi
train-s1322	7	VERB	2	xcomp	hi
train-s1322	8	AUX	7	aux	hi
train-s1322	9	AUX	7	aux	hi
train-s1323	1	NOUN	3	nmod	en
train-s1323	2	DET	3	det	hi
train-s1323	3	NOUN	5	advmod	hi
train-s1323	4	ADP	3	case	hi
train-s1323	5	ADJ	12	vocative	hi
train-s1323	7	NUM	9	nmod	en
train-s1323	8	ADP	9	case	en
train-s1323	9	NOUN	12	nsubj	en
train-s1323	10	AUX	12	aux	en
train-s1323	11	PART	12	advmod	en
train-s1323	12	VERB	0	root	en
train-s1323	13	NOUN	12	obj	en
train-s1323	14	ADP	16	case	en
train-s1323	15	DET	16	det	en
train-s1323	16	NOUN	13	nmod	en
train-s1323	18	INTJ	19	discourse	en
train-s1323	19	VERB	12	advcl	en
train-s1323	20	PRON	19	obj	en
train-s1324	1	DET	3	det	hi
train-s1324	2	ADJ	3	amod	en
train-s1324	3	NOUN	11	nsubj	en
train-s1324	4	PART	3	advmod	hi
train-s1324	5	ADJ	7	amod	hi
train-s1324	6	ADJ	5	fixed	hi
train-s1324	7	NOUN	9	nmod	hi
train-s1324	8	ADP	7	case	hi
train-s1324	9	NOUN	11	obj	hi
train-s1324	10	ADJ	11	compound	hi
train-s1324	11	VERB	0	root	hi
train-s1324	12	AUX	11	aux	hi
train-s1325	1	PRON	3	expl	en
train-s1325	2	AUX	3	cop	en
train-s1325	3	NOUN	0	root	en
train-s1325	4	ADV	9	advmod	en
train-s1325	5	ADP	9	case	en
train-s1325	6	DET	9	det	en
train-s1325	7	ADJ	9	amod	en
train-s1325	9	NOUN	3	nmod	en
train-s1325	10	PRON	14	nmod	hi
train-s1325	11	ADP	10	case	hi
train-s1325	12	PART	11	advmod	hi
train-s1325	13	ADJ	14	amod	hi
train-s1325	14	NOUN	3	advcl	hi
train-s1325	15	AUX	14	cop	hi
train-s1325	16	ADJ	17	amod	hi
train-s1325	17	NOUN	14	conj	hi
train-s1326	1	PRON	2	nsubj	en
train-s1326	2	VERB	0	root	en
train-s1326	3	DET	4	det	en
train-s1326	4	NOUN	2	obj	en
train-s1326	5	PRON	6	nmod	hi
train-s1326	6	NOUN	7	nsubj	hi
train-s1326	7	VERB	4	acl	hi
train-s1326	8	SCONJ	7	mark	hi
train-s1326	9	NOUN	7	nmod	hi
train-s1326	10	ADV	7	advmod	hi
train-s1326	11	ADP	14	case	en
train-s1326	12	DET	14	det	en
train-s1326	14	NOUN	7	obl	en
train-s1327	1	NOUN	2	nsubj	en
train-s1327	2	VERB	0	root	en
train-s1327	3	NOUN	5	nmod	en
train-s1327	4	ADP	3	case	hi
train-s1327	5	NOUN	6	compound	hi
train-s1327	6	VERB	2	ccomp	hi
train-s1327	7	CCONJ	13	cc	en
train-s1327	8	PRON	13	nsubj	hi
train-s1327	9	NOUN	13	obl	en
train-s1327	10	ADP	9	case	hi
train-s1327	12	NOUN	13	compound	en
train-s1327	13	VERB	6	conj	hi
train-s1328	2	ADV	10	advmod	en
train-s1328	3	ADP	4	case	en
train-s1328	5	PRON	10	expl	en
train-s1328	6	AUX	10	cop	en
train-s1328	8	NUM	10	nummod	en
train-s1328	9	NOUN	10	compound	en
train-s1328	10	NOUN	0	root	en
train-s1328	12	CCONJ	20	cc	en
train-s1328	13	ADP	14	case	en
train-s1328	15	ADV	20	advmod	en
train-s1328	17	NUM	18	nummod	hi
train-s1328	18	NOUN	20	nmod	hi
train-s1328	19	ADP	18	case	hi
train-s1328	20	NOUN	10	conj	hi
train-s1329	2	ADV	5	advmod	en
train-s1329	3	PRON	5	nsubj	en
train-s1329	4	AUX	5	aux	en
train-s1329	5	VERB	0	root	en
train-s1329	6	DET	15	det	en
train-s1329	8	NOUN	11	vocative	hi
train-s1329	9	NOUN	11	nsubj	hi
train-s1329	10	ADV	11	advmod	hi
train-s1329	11	ADJ	15	amod	hi
train-s1329	12	AUX	11	cop	hi
train-s1329	14	ADP	11	case	hi
train-s1329	15	NOUN	5	obj	en
train-s1329	16	SCONJ	19	mark	en
train-s1329	17	PRON	19	nsubj	en
train-s1329	18	AUX	19	cop	en
train-s1329	19	ADJ	5	advcl	en
train-s1330	2	NOUN	4	nsubj	hi
train-s1330	3	ADP	2	case	hi
train-s1330	4	VERB	0	root	hi
train-s1330	5	AUX	4	aux	hi
train-s1330	7	VERB	4	xcomp	hi
train-s1330	8	AUX	7	aux	hi
train-s1330	9	PART	7	advmod	hi
train-s1330	10	SCONJ	12	mark	en
train-s1330	11	ADJ	12	amod	en
train-s1330	12	NOUN	4	nmod	en
train-s1331	1	PRON	3	nsubj	en
train-s1331	2	AUX	3	cop	en
train-s1331	3	ADJ	0	root	en
train-s1331	4	PART	5	mark	en
train-s1331	5	VERB	3	advcl	en
train-s1331	6	ADP	7	case	en
train-s1331	8	SCONJ	10	mark	hi
train-s1331	9	PRON	10	nsubj	hi
train-s1331	10	NOUN	3	nmod	hi
train-s1331	11	ADP	10	case	hi
train-s1331	12	AUX	10	cop	hi
train-s1332	1	SCONJ	3	mark	en
train-s1332	2	PRON	3	nsubj	en
train-s1332	3	VERB	12	advcl	en
train-s1332	4	SCONJ	8	mark	hi
train-s1332	5	PRON	8	nsubj	hi
train-s1332	6	NOUN	8	obl	en
train-s1332	7	ADP	6	case	hi
train-s1332	8	VERB	3	xcomp	hi
train-s1332	10	SCONJ	12	mark	hi
train-s1332	11	ADJ	12	amod	hi
train-s1332	12	NOUN	0	root	hi
train-s1332	13	AUX	12	cop	hi
train-s1332	14	PRON	12	nmod	hi
train-s1332	15	ADP	14	case	hi
train-s1333	2	ADP	1	case	hi
train-s1333	3	ADJ	4	amod	en
train-s1333	4	NOUN	0	root	en
train-s1333	5	ADP	7	case	en
train-s1333	6	ADJ	7	amod	en
train-s1333	7	NOUN	4	nmod	en
train-s1334	1	PRON	2	nsubj	en
train-s1334	2	VERB	0	root	en
train-s1334	3	ADP	7	case	en
train-s1334	4	PRON	7	nmod	en
train-s1334	5	ADP	7	case	en
train-s1334	6	PRON	7	nmod	en
train-s1334	7	NOUN	2	obl	en
train-s1334	8	NOUN	10	nsubj	hi
train-s1334	9	ADV	10	advmod	hi
train-s1334	10	ADJ	7	acl	hi
train-s1334	11	AUX	10	cop	hi
train-s1335	1	NOUN	2	compound	en
train-s1335	2	NOUN	4	nmod	en
train-s1335	3	ADP	2	case	hi
train-s1335	4	NOUN	7	nsubj	en
train-s1335	5	PART	4	advmod	hi
train-s1335	6	ADJ	7	xcomp	hi
train-s1335	7	VERB	0	root	hi
train-s1335	8	AUX	7	aux	hi
train-s1335	9	AUX	7	aux	hi
train-s1336	1	SCONJ	4	mark	en
train-s1336	2	NOUN	4	nsubj	en
train-s1336	3	AUX	4	cop	en
train-s1336	4	ADJ	10	advcl	en
train-s1336	5	ADP	7	case	en
train-s1336	6	PRON	7	nmod	en
train-s1336	7	NOUN	4	nmod	en
train-s1336	8	SCONJ	10	mark	hi
train-s1336	9	NOUN	10	nsubj	en
train-s1336	10	ADJ	0	root	hi
train-s1336	11	AUX	10	cop	hi
train-s1337	1	NOUN	12	obl	hi
train-s1337	2	ADP	1	case	hi
train-s1337	3	ADV	12	advmod	hi
train-s1337	4	PRON	12	nsubj	hi
train-s1337	5	ADP	4	case	hi
train-s1337	7	PART	6	case	en
train-s1337	8	NOUN	12	obl	en
train-s1337	9	ADP	8	case	hi
train-s1337	10	NOUN	12	compound	en
train-s1337	11	PART	12	advmod	hi
train-s1337	12	VERB	0	root	hi
train-s1338	1	ADV	4	advmod	en
train-s1338	2	PRON	3	nmod	en
train-s1338	3	NOUN	4	nsubj	en
train-s1338	4	VERB	9	acl	en
train-s1338	5	PRON	6	nmod	en
train-s1338	6	NOUN	4	obj	en
train-s1338	7	AUX	8	aux	en
train-s1338	8	VERB	0	root	en
train-s1338	9	PRON	8	obj	en
train-s1338	10	ADP	8	compound	en
train-s1338	12	VERB	8	advcl	hi
train-s1338	13	AUX	12	aux	hi
train-s1338	15	CCONJ	16	cc	hi
train-s1338	17	ADP	16	case	hi
train-s1338	18	PRON	20	nsubj	hi
train-s1338	19	PART	18	advmod	hi
train-s1338	20	VERB	12	xcomp	hi
train-s1338	21	AUX	20	aux	hi
train-s1339	3	AUX	5	cop	en
train-s1339	4	ADV	5	advmod	en
train-s1339	5	ADJ	0	root	en
train-s1339	6	ADV	8	mark	en
train-s1339	7	PRON	8	nsubj	en
train-s1339	8	VERB	5	advcl	en
train-s1339	10	ADV	15	advmod	hi
train-s1339	11	PART	10	advmod	hi
train-s1339	12	DET	13	det	hi
train-s1339	13	NOUN	15	obl	hi
train-s1339	14	ADP	13	case	hi
train-s1339	15	VERB	8	xcomp	hi
train-s1339	17	PRON	19	nmod	hi
train-s1339	18	PART	17	advmod	hi
train-s1339	19	NOUN	15	compound	hi
train-s1340	4	ADV	5	advmod	en
train-s1340	5	VERB	0	root	en
train-s1340	6	PRON	13	nmod	en
train-s1340	8	NOUN	10	nsubj	hi
train-s1340	9	ADJ	10	xcomp	hi
train-s1340	10	VERB	13	acl	hi
train-s1340	11	AUX	10	aux	hi
train-s1340	13	NOUN	5	obj	en
train-s1340	14	SCONJ	17	mark	en
train-s1340	15	PRON	17	nsubj	en
train-s1340	16	AUX	17	aux	en
train-s1340	17	VERB	5	advcl	en
train-s1340	18	ADP	19	case	en
train-s1341	1	NOUN	3	nsubj	en
train-s1341	2	ADJ	3	xcomp	en
train-s1341	3	VERB	6	advcl	hi
train-s1341	4	SCONJ	3	mark	hi
train-s1341	5	ADJ	6	xcomp	hi
train-s1341	6	VERB	0	root	hi
train-s1341	7	ADJ	8	amod	hi
train-s1341	8	NOUN	10	obj	en
train-s1341	9	ADJ	10	compound	hi
train-s1341	10	VERB	5	acl	hi
train-s1341	11	AUX	10	aux	hi
train-s1342	1	ADJ	2	amod	en
train-s1342	2	NOUN	5	nmod	en
train-s1342	3	ADP	2	case	hi
train-s1342	4	NOUN	5	compound	en
train-s1342	5	NOUN	6	obj	en
train-s1342	6	VERB	0	root	hi
train-s1342	7	AUX	6	aux	hi
train-s1342	8	AUX	6	aux	hi
train-s1342	9	PRON	6	nsubj	hi
train-s1342	10	ADV	6	obl	hi
train-s1342	11	ADP	10	case	hi
train-s1343	1	ADP	7	case	en
train-s1343	3	ADV	4	advmod	hi
train-s1343	4	ADJ	5	amod	hi
train-s1343	5	NOUN	7	nsubj	en
train-s1343	6	NOUN	7	compound	en
train-s1343	7	VERB	0	root	hi
train-s1343	8	AUX	7	aux	hi
train-s1343	9	SCONJ	14	mark	hi
train-s1343	10	PRON	14	nsubj	en
train-s1343	11	AUX	14	aux	en
train-s1343	12	PART	14	advmod	en
train-s1343	13	ADV	14	advmod	en
train-s1343	14	VERB	7	advcl	en
train-s1343	15	ADP	14	compound	en
train-s1343	16	ADP	17	case	en
train-s1343	17	PRON	14	obj	en
train-s1343	18	CCONJ	19	cc	en
train-s1343	19	VERB	14	conj	en
train-s1343	20	VERB	19	xcomp	hi
train-s1344	1	CCONJ	6	cc	en
train-s1344	2	PRON	6	nsubj	en
train-s1344	3	AUX	6	cop	en
train-s1344	4	DET	6	det	en
train-s1344	5	ADJ	6	amod	en
train-s1344	6	NOUN	0	root	en
train-s1344	7	PART	8	mark	en
train-s1344	8	VERB	6	advcl	en
train-s1344	10	NOUN	12	vocative	hi
train-s1344	11	DET	12	det	hi
train-s1344	12	NOUN	8	obj	hi
train-s1344	13	PART	12	advmod	hi
train-s1344	14	AUX	12	cop	hi
train-s1344	16	PRON	18	nsubj	hi
train-s1344	17	ADV	18	advmod	hi
train-s1344	18	VERB	12	parataxis	hi
train-s1345	1	ADJ	3	amod	en
train-s1345	2	NOUN	3	compound	en
train-s1345	3	NOUN	7	nmod	en
train-s1345	4	ADP	3	case	hi
train-s1345	5	PRON	7	nsubj	hi
train-s1345	6	ADJ	7	amod	en
train-s1345	7	NOUN	0	root	en
train-s1345	8	ADP	7	case	hi
train-s1345	9	PART	7	advmod	hi
train-s1345	10	ADV	7	advmod	hi
train-s1345	11	AUX	7	cop	hi
train-s1346	1	DET	2	det	hi
train-s1346	2	NOUN	0	root	hi
train-s1346	4	ADV	9	nmod	hi
train-s1346	5	ADP	4	case	hi
train-s1346	6	ADV	7	advmod	hi
train-s1346	7	DET	9	det	hi
train-s1346	8	ADJ	9	amod	en
train-s1346	9	NOUN	2	conj	en
train-s1346	10	CCONJ	14	cc	en
train-s1346	11	ADV	14	advmod	hi
train-s1346	12	PRON	13	advmod	hi
train-s1346	13	ADJ	14	amod	hi
train-s1346	14	NOUN	9	conj	en
train-s1347	1	PRON	3	nsubj	en
train-s1347	2	ADV	3	advmod	en
train-s1347	3	VERB	0	root	en
train-s1347	4	ADP	5	case	en
train-s1347	5	PRON	3	iobj	en
train-s1347	6	NOUN	13	nmod	en
train-s1347	8	NOUN	12	nmod	en
train-s1347	9	CCONJ	10	cc	hi
train-s1347	10	NOUN	8	conj	en
train-s1347	11	ADP	8	case	hi
train-s1347	12	NOUN	13	obj	en
train-s1347	13	VERB	3	xcomp	hi
train-s1348	2	NOUN	3	nsubj	en
train-s1348	3	VERB	7	acl	en
train-s1348	4	ADP	5	case	en
train-s1348	5	NOUN	3	obl	en
train-s1348	7	NOUN	9	nsubj	en
train-s1348	8	AUX	9	cop	en
train-s1348	10	SCONJ	15	mark	en
train-s1348	12	ADJ	15	obj	hi
train-s1348	13	PART	12	advmod	hi
train-s1348	14	ADV	15	advmod	hi
train-s1348	15	VERB	9	advcl	hi
train-s1348	17	PRON	19	obj	hi
train-s1348	18	PART	17	advmod	hi
train-s1348	19	VERB	15	advcl	hi
train-s1348	20	AUX	19	aux	hi
train-s1349	1	NOUN	3	nmod	hi
train-s1349	3	VERB	6	advcl	hi
train-s1349	4	AUX	3	aux	hi
train-s1349	5	SCONJ	6	mark	hi
train-s1349	6	ADV	0	root	en
train-s1349	7	CCONJ	9	cc	hi
train-s1349	8	ADV	9	advmod	en
train-s1349	9	ADV	6	conj	en
train-s1350	2	NOUN	3	compound	en
train-s1350	3	NOUN	0	root	en
train-s1350	4	NOUN	3	nsubj	en
train-s1350	5	ADP	6	case	en
train-s1350	6	PRON	3	nmod	en
train-s1350	7	AUX	9	aux	en
train-s1350	8	PART	9	advmod	en
train-s1350	9	VERB	3	conj	en
train-s1350	10	ADV	9	advmod	en
train-s1350	11	SCONJ	12	mark	hi
train-s1350	12	VERB	9	xcomp	hi
train-s1350	13	CCONJ	15	cc	hi
train-s1350	14	PART	15	advmod	hi
train-s1350	15	VERB	12	conj	hi
train-s1351	2	SCONJ	3	mark	en
train-s1351	3	VERB	7	advcl	en
train-s1351	6	AUX	7	aux	en
train-s1351	7	VERB	0	root	en
train-s1351	8	ADP	7	compound	en
train-s1351	9	ADP	11	case	en
train-s1351	10	PRON	11	nmod	en
train-s1351	11	NOUN	7	obj	en
train-s1351	12	ADP	11	case	en
train-s1351	15	ADP	14	case	hi
train-s1351	16	NOUN	18	nsubj	hi
train-s1351	17	ADJ	18	amod	hi
train-s1351	18	NOUN	11	nmod	hi
train-s1351	19	ADP	18	case	hi
train-s1351	20	ADP	18	case	hi
train-s1352	1	PART	2	advmod	en
train-s1352	2	ADJ	0	root	en
train-s1352	3	SCONJ	6	mark	en
train-s1352	4	PRON	6	nsubj	en
train-s1352	5	AUX	6	cop	en
train-s1352	8	CCONJ	17	cc	en
train-s1352	10	NOUN	17	nmod	hi
train-s1352	11	ADP	10	case	hi
train-s1352	13	ADJ	15	amod	hi
train-s1352	15	NOUN	17	nmod	en
train-s1352	16	ADP	15	case	hi
train-s1352	17	NOUN	6	conj	en
train-s1353	1	DET	2	det	hi
train-s1353	2	PRON	4	nsubj	hi
train-s1353	3	PART	2	advmod	hi
train-s1353	4	ADJ	0	root	hi
train-s1353	5	AUX	4	cop	hi
train-s1353	6	CCONJ	10	cc	en
train-s1353	7	PRON	10	obj	en
train-s1353	8	AUX	10	aux	en
train-s1353	10	VERB	4	conj	en
train-s1353	11	SCONJ	10	mark	en
train-s1354	2	NOUN	6	nsubj	en
train-s1354	3	AUX	6	cop	en
train-s1354	4	ADV	6	advmod	en
train-s1354	5	ADP	6	case	en
train-s1354	6	PROPN	0	root	en
train-s1354	7	DET	8	det	hi
train-s1354	8	PRON	10	obj	hi
train-s1354	9	ADP	8	case	hi
train-s1354	10	VERB	6	acl:relcl	hi
train-s1354	11	PART	10	advmod	hi
train-s1354	12	AUX	10	aux	hi
train-s1355	2	AUX	5	cop	en
train-s1355	3	DET	5	det	en
train-s1355	4	ADJ	5	amod	en
train-s1355	5	NOUN	0	root	en
train-s1355	6	ADP	8	case	en
train-s1355	7	ADJ	8	amod	hi
train-s1355	8	NOUN	5	nmod	hi
train-s1356	1	PRON	2	nmod	en
train-s1356	2	NOUN	4	nsubj	en
train-s1356	3	AUX	4	cop	en
train-s1356	4	ADJ	0	root	en
train-s1356	5	SCONJ	9	mark	en
train-s1356	6	PRON	9	nsubj	en
train-s1356	7	AUX	9	aux	en
train-s1356	8	PART	9	advmod	en
train-s1356	9	VERB	4	advcl	en
train-s1356	11	NOUN	12	nsubj	hi
train-s1356	12	VERB	17	advcl	hi
train-s1356	13	SCONJ	12	mark	hi
train-s1356	14	SCONJ	12	mark	hi
train-s1356	15	NOUN	17	obj	en
train-s1356	16	ADJ	17	compound	hi
train-s1356	17	VERB	20	acl	hi
train-s1356	18	AUX	17	aux	hi
train-s1356	20	NOUN	9	obj	en
train-s1357	2	AUX	5	aux	en
train-s1357	3	ADV	5	advmod	en
train-s1357	4	ADV	3	compound	en
train-s1357	5	VERB	0	root	en
train-s1357	7	ADP	6	case	hi
train-s1357	8	NOUN	9	nmod	hi
train-s1357	10	CCONJ	14	cc	en
train-s1357	12	ADP	11	case	hi
train-s1357	13	NOUN	14	nmod	hi
train-s1358	1	NOUN	6	nsubj	hi
train-s1358	2	PRON	6	iobj	hi
train-s1358	3	NOUN	6	obj	en
train-s1358	4	PART	6	advmod	hi
train-s1358	5	NOUN	6	compound	en
train-s1358	6	VERB	0	root	hi
train-s1358	7	SCONJ	15	mark	hi
train-s1358	8	PRON	15	nsubj	hi
train-s1358	9	ADJ	12	amod	en
train-s1358	10	NOUN	12	compound	en
train-s1358	11	NOUN	12	compound	en
train-s1358	12	NOUN	15	obl	en
train-s1358	13	ADP	12	case	hi
train-s1358	14	PART	15	advmod	hi
train-s1358	15	VERB	3	acl	hi
train-s1358	16	AUX	15	aux	hi
train-s1359	1	PRON	11	nsubj	hi
train-s1359	2	DET	3	det	hi
train-s1359	3	NOUN	11	iobj	hi
train-s1359	4	ADP	3	case	hi
train-s1359	5	PRON	6	nmod	hi
train-s1359	6	NOUN	8	nmod	en
train-s1359	7	ADP	6	case	hi
train-s1359	8	NOUN	11	obj	en
train-s1359	9	NOUN	11	compound	en
train-s1359	10	PART	9	advmod	hi
train-s1359	11	VERB	0	root	hi
train-s1359	12	AUX	11	aux	hi
train-s1359	13	CCONJ	18	cc	en
train-s1359	14	CCONJ	13	fixed	en
train-s1359	15	CCONJ	13	fixed	en
train-s1359	16	PRON	18	nsubj	en
train-s1359	17	AUX	18	aux	en
train-s1359	18	VERB	11	conj	en
train-s1359	19	PRON	18	obj	en
train-s1360	1	PRON	2	nsubj	hi
train-s1360	2	VERB	0	root	hi
train-s1360	3	AUX	2	aux	hi
train-s1360	4	ADJ	6	amod	en
train-s1360	5	NOUN	6	compound	en
train-s1360	6	NOUN	9	obj	en
train-s1360	7	NOUN	9	obl	en
train-s1360	8	ADP	7	case	hi
train-s1360	9	VERB	1	acl	hi
train-s1360	10	AUX	9	aux	hi
train-s1361	1	VERB	0	root	hi
train-s1361	2	AUX	1	aux	hi
train-s1361	3	NOUN	7	obl	en
train-s1361	4	ADP	3	case	hi
train-s1361	5	PART	3	advmod	hi
train-s1361	6	NOUN	7	compound	en
train-s1361	7	VERB	1	xcomp	hi
train-s1361	8	AUX	7	aux	hi
train-s1361	9	AUX	7	aux	hi
train-s1362	2	NOUN	5	nsubj	en
train-s1362	4	AUX	5	aux	en
train-s1362	5	VERB	0	root	en
train-s1362	6	SCONJ	15	mark	en
train-s1362	8	NOUN	15	vocative	hi
train-s1362	9	PRON	15	nsubj	hi
train-s1362	10	PART	9	advmod	hi
train-s1362	11	PRON	12	nmod	hi
train-s1362	12	NOUN	13	obj	en
train-s1362	13	VERB	15	advcl	hi
train-s1362	14	AUX	13	aux	hi
train-s1362	15	VERB	5	advcl	hi
train-s1363	2	VERB	0	root	en
train-s1363	3	ADP	4	case	en
train-s1363	4	NOUN	2	obl	en
train-s1363	5	ADJ	6	amod	hi
train-s1363	6	NOUN	9	nsubj	hi
train-s1363	7	ADJ	8	amod	hi
train-s1363	8	NOUN	9	compound	en
train-s1363	9	VERB	2	advcl	hi
train-s1363	10	AUX	9	aux	hi
train-s1364	1	ADJ	2	amod	en
train-s1364	4	NOUN	12	nmod	en
train-s1364	5	PART	4	advmod	hi
train-s1364	6	SCONJ	12	mark	hi
train-s1364	7	DET	10	det	hi
train-s1364	8	ADJ	10	amod	hi
train-s1364	9	PART	8	advmod	hi
train-s1364	10	NOUN	12	obj	en
train-s1364	11	PART	10	advmod	hi
train-s1364	12	VERB	0	root	hi
train-s1364	13	AUX	12	aux	hi
train-s1365	1	VERB	0	root	en
train-s1365	2	PRON	4	nsubj	en
train-s1365	3	PART	4	advmod	en
train-s1365	4	VERB	1	ccomp	en
train-s1365	5	PROPN	9	nsubj	hi
train-s1365	7	NOUN	6	flat	hi
train-s1365	8	ADP	7	case	hi
train-s1365	9	NOUN	11	obj	hi
train-s1365	10	ADJ	11	compound	hi
train-s1365	11	VERB	4	xcomp	hi
train-s1366	3	AUX	4	aux	en
train-s1366	4	VERB	0	root	en
train-s1366	5	ADP	6	case	en
train-s1366	6	NOUN	4	obj	en
train-s1366	7	ADP	12	case	en
train-s1366	10	NOUN	12	nmod	hi
train-s1366	11	ADP	10	case	hi
train-s1366	12	NOUN	6	nmod	hi
train-s1366	14	ADP	16	case	en
train-s1366	15	NOUN	16	compound	en
train-s1366	16	NOUN	4	obl	en
train-s1367	1	NOUN	0	root	hi
train-s1367	2	PART	1	advmod	hi
train-s1367	3	PRON	5	nmod	hi
train-s1367	4	NOUN	5	compound	hi
train-s1367	5	VERB	1	acl	hi
train-s1367	6	AUX	5	aux	hi
train-s1367	7	DET	9	det	hi
train-s1367	8	ADJ	9	amod	en
train-s1367	9	NOUN	5	obl	en
train-s1367	10	ADP	9	case	hi
train-s1368	1	NOUN	4	obl	en
train-s1368	2	ADP	1	case	hi
train-s1368	3	NOUN	4	nsubj	en
train-s1368	4	VERB	0	root	hi
train-s1368	5	AUX	4	aux	hi
train-s1368	6	AUX	4	aux	hi
train-s1368	8	PRON	10	nsubj	en
train-s1368	9	AUX	10	aux	en
train-s1368	10	VERB	4	advcl	en
train-s1368	11	ADP	10	compound	en
train-s1368	12	ADP	14	case	en
train-s1368	13	PRON	14	nmod	en
train-s1368	14	NOUN	10	obl	en
train-s1369	1	PRON	2	iobj	hi
train-s1369	2	VERB	0	root	hi
train-s1369	3	DET	4	det	hi
train-s1369	4	NOUN	6	nsubj	en
train-s1369	5	NUM	6	nummod	en
train-s1369	6	ADJ	2	ccomp	en
train-s1369	7	AUX	6	cop	hi
train-s1370	1	NOUN	5	nsubj	hi
train-s1370	2	VERB	0	root	en
train-s1370	3	ADV	5	advmod	hi
train-s1370	4	ADJ	5	compound	en
train-s1370	5	VERB	2	xcomp	hi
train-s1370	6	AUX	5	aux	hi
train-s1370	7	AUX	5	aux	hi
train-s1371	1	PART	2	advmod	en
train-s1371	2	NOUN	4	nmod	en
train-s1371	3	PRON	4	nsubj	en
train-s1371	4	VERB	0	root	en
train-s1371	6	NOUN	9	obl	en
train-s1371	7	ADP	6	case	hi
train-s1371	8	NOUN	9	obj	hi
train-s1371	9	VERB	4	conj	hi
train-s1371	10	AUX	9	aux	hi
train-s1371	11	NOUN	9	nmod	hi
train-s1372	1	NOUN	6	vocative	hi
train-s1372	2	ADJ	3	obj	hi
train-s1372	3	VERB	6	advcl	hi
train-s1372	4	AUX	3	aux	hi
train-s1372	5	PRON	6	obj	hi
train-s1372	6	VERB	12	csubj	hi
train-s1372	7	AUX	6	aux	hi
train-s1372	8	AUX	12	cop	en
train-s1372	9	DET	12	det	en
train-s1372	10	ADV	11	advmod	en
train-s1372	11	ADJ	12	amod	en
train-s1372	12	NOUN	0	root	en
train-s1372	13	PRON	14	nsubj	en
train-s1372	14	VERB	12	acl	en
train-s1373	1	PRON	3	nsubj	en
train-s1373	2	AUX	3	cop	en
train-s1373	3	ADJ	0	root	en
train-s1373	4	ADP	6	case	en
train-s1373	5	ADJ	6	amod	hi
train-s1373	6	NOUN	3	nmod	hi
train-s1374	3	AUX	5	aux	en
train-s1374	4	PART	5	advmod	en
train-s1374	5	VERB	0	root	en
train-s1374	6	NOUN	7	compound	hi
train-s1374	7	NOUN	5	obj	hi
train-s1374	8	SCONJ	10	mark	en
train-s1374	9	ADJ	10	amod	hi
train-s1374	10	NOUN	5	advcl	hi
train-s1374	11	ADJ	12	amod	hi
train-s1374	12	NOUN	10	conj	hi
train-s1375	2	ADP	1	case	hi
train-s1375	3	ADP	1	case	hi
train-s1375	5	NOUN	11	nsubj	hi
train-s1375	6	NOUN	11	obl	en
train-s1375	7	ADP	6	case	hi
train-s1375	8	ADP	6	case	hi
train-s1375	9	NOUN	11	obj	en
train-s1375	10	NOUN	11	compound	en
train-s1375	11	VERB	0	root	hi
train-s1375	12	AUX	11	aux	hi
train-s1376	2	PRON	7	obj	hi
train-s1376	3	ADP	2	case	hi
train-s1376	4	DET	6	det	hi
train-s1376	5	PART	4	advmod	hi
train-s1376	6	NOUN	7	compound	hi
train-s1376	7	VERB	0	root	hi
train-s1376	8	AUX	7	aux	hi
train-s1376	10	DET	11	det	hi
train-s1376	11	NOUN	15	nmod	hi
train-s1376	12	PRON	15	iobj	hi
train-s1376	13	ADJ	14	amod	en
train-s1376	14	NOUN	15	nsubj	en
train-s1376	15	VERB	19	advcl	hi
train-s1376	16	AUX	15	aux	hi
train-s1376	17	PRON	19	nsubj	en
train-s1376	18	AUX	19	aux	en
train-s1376	19	VERB	7	parataxis	en
train-s1376	20	PRON	19	obj	en
train-s1377	1	ADJ	2	amod	en
train-s1377	2	NOUN	6	nsubj	en
train-s1377	3	AUX	6	cop	en
train-s1377	4	DET	6	det	en
train-s1377	5	DET	6	det	en
train-s1377	6	NOUN	0	root	en
train-s1377	7	ADP	8	case	en
train-s1377	8	NOUN	6	nmod	en
train-s1377	10	NOUN	13	compound	hi
train-s1377	11	DET	12	det	hi
train-s1377	12	NOUN	10	nmod	hi
train-s1377	13	VERB	6	advcl	hi
train-s1377	14	AUX	13	aux	hi
train-s1377	16	NOUN	20	obj	en
train-s1377	17	PRON	18	nmod	hi
train-s1377	18	NOUN	20	advmod	hi
train-s1377	19	ADP	18	case	hi
train-s1377	20	VERB	13	conj	hi
train-s1377	21	AUX	20	aux	hi
train-s1378	2	VERB	0	root	en
train-s1378	4	VERB	2	parataxis	en
train-s1378	5	INTJ	4	discourse	hi
train-s1378	6	CCONJ	10	cc	en
train-s1378	7	NOUN	10	compound	hi
train-s1378	8	PART	7	advmod	hi
train-s1378	9	PART	10	advmod	hi
train-s1378	10	VERB	2	conj	hi
train-s1379	2	DET	3	det	hi
train-s1379	3	NOUN	4	nsubj	hi
train-s1379	4	VERB	0	root	hi
train-s1379	5	AUX	4	aux	hi
train-s1379	6	AUX	4	aux	hi
train-s1379	7	SCONJ	16	mark	hi
train-s1379	8	INTJ	12	discourse	hi
train-s1379	9	DET	11	det	hi
train-s1379	10	PART	9	advmod	hi
train-s1379	11	NOUN	12	obj	hi
train-s1379	12	VERB	16	advcl	hi
train-s1379	13	AUX	12	aux	hi
train-s1379	14	PRON	16	nsubj	en
train-s1379	15	AUX	16	aux	en
train-s1379	16	VERB	3	acl	en
train-s1379	19	ADP	21	case	en
train-s1379	20	DET	21	det	en
train-s1379	21	NOUN	16	obl	en
train-s1380	1	PRON	2	nsubj	en
train-s1380	2	VERB	0	root	en
train-s1380	3	DET	4	det	en
train-s1380	4	NOUN	2	obj	en
train-s1380	6	ADV	9	advmod	hi
train-s1380	7	ADV	9	advmod	hi
train-s1380	8	ADJ	9	compound	hi
train-s1380	9	VERB	2	parataxis	hi
train-s1380	10	DET	11	det	hi
train-s1380	11	NOUN	9	nsubj	en
train-s1381	1	PART	5	advmod	en
train-s1381	2	NOUN	4	nmod	hi
train-s1381	3	ADP	2	case	hi
train-s1381	4	NOUN	5	nsubj	en
train-s1381	5	VERB	0	root	en
train-s1381	6	ADP	9	case	en
train-s1381	7	DET	9	det	en
train-s1381	8	NOUN	9	compound	en
train-s1381	9	NOUN	5	obl	en
train-s1382	1	PRON	3	expl	en
train-s1382	2	AUX	3	aux	en
train-s1382	3	VERB	0	root	en
train-s1382	4	DET	5	det	en
train-s1382	5	NOUN	3	nsubj	en
train-s1382	6	SCONJ	8	mark	en
train-s1382	7	PRON	8	nmod	hi
train-s1382	8	NOUN	3	obl	hi
train-s1382	9	ADP	8	case	hi
train-s1382	10	ADP	8	case	hi
train-s1382	11	AUX	8	cop	hi
train-s1383	1	VERB	0	root	en
train-s1383	2	ADP	5	case	en
train-s1383	3	DET	5	det	en
train-s1383	5	NOUN	1	obj	en
train-s1383	6	PRON	14	nsubj	hi
train-s1383	7	NOUN	14	nmod	hi
train-s1383	9	NOUN	14	nmod	hi
train-s1383	10	NOUN	11	obj	en
train-s1383	11	VERB	14	advcl	hi
train-s1383	12	SCONJ	11	mark	hi
train-s1383	13	SCONJ	11	mark	hi
train-s1383	14	VERB	5	acl:relcl	hi
train-s1383	15	CCONJ	16	cc	hi
train-s1383	16	VERB	14	conj	hi
train-s1383	17	PRON	16	nsubj	hi
train-s1383	18	NOUN	21	nmod	hi
train-s1383	19	PART	18	advmod	hi
train-s1383	20	ADP	18	case	hi
train-s1383	21	NOUN	16	xcomp	hi
train-s1384	2	ADP	1	case	hi
train-s1384	3	ADJ	4	amod	hi
train-s1384	4	NOUN	6	nsubj	en
train-s1384	5	PART	6	advmod	hi
train-s1384	6	VERB	9	advcl	hi
train-s1384	7	PRON	9	nsubj	en
train-s1384	8	AUX	9	aux	en
train-s1384	9	VERB	0	root	en
train-s1384	10	PRON	9	obj	en
train-s1385	1	PRON	2	advmod	en
train-s1385	2	VERB	0	root	en
train-s1385	5	VERB	2	xcomp	hi
train-s1385	6	ADV	5	advmod	hi
train-s1385	7	AUX	5	aux	hi
train-s1385	8	AUX	5	aux	hi
train-s1386	1	VERB	0	root	en
train-s1386	2	NOUN	1	obj	en
train-s1386	3	ADP	4	case	en
train-s1386	4	NOUN	1	obl	en
train-s1386	5	ADP	6	case	en
train-s1386	6	NOUN	1	obl	en
train-s1386	7	SCONJ	12	mark	en
train-s1386	8	NOUN	12	obl	en
train-s1386	9	ADP	8	case	hi
train-s1386	10	ADV	11	advmod	hi
train-s1386	11	ADJ	12	compound	en
train-s1386	12	VERB	1	advcl	hi
train-s1386	13	AUX	12	aux	hi
train-s1387	2	PRON	4	nsubj	en
train-s1387	3	AUX	4	aux	en
train-s1387	4	VERB	0	root	en
train-s1387	5	DET	6	det	en
train-s1387	6	NOUN	4	obj	en
train-s1387	7	SCONJ	20	mark	hi
train-s1387	9	ADP	8	case	hi
train-s1387	11	ADP	10	case	hi
train-s1387	12	NOUN	20	obl	hi
train-s1387	13	ADP	12	case	hi
train-s1387	14	NOUN	15	obj	hi
train-s1387	15	VERB	20	advcl	hi
train-s1387	16	AUX	15	aux	hi
train-s1387	17	AUX	15	aux	hi
train-s1387	18	ADJ	19	amod	hi
train-s1387	19	NOUN	20	compound	hi
train-s1387	20	VERB	6	acl	hi
train-s1388	1	VERB	0	root	en
train-s1388	2	NOUN	4	nmod	hi
train-s1388	3	ADP	2	case	hi
train-s1388	4	NOUN	1	obj	hi
train-s1388	5	SCONJ	8	mark	en
train-s1388	6	PRON	8	nsubj	en
train-s1388	7	AUX	8	cop	en
train-s1388	8	ADJ	1	advcl	en
train-s1389	1	NOUN	3	compound	en
train-s1389	2	NOUN	3	compound	en
train-s1389	3	NOUN	5	nsubj	en
train-s1389	4	AUX	5	cop	en
train-s1389	5	ADJ	0	root	en
train-s1389	6	SCONJ	14	mark	en
train-s1389	7	NOUN	14	nmod	en
train-s1389	8	ADP	7	case	hi
train-s1389	9	ADV	14	advmod	hi
train-s1389	10	PART	9	advmod	hi
train-s1389	11	NOUN	13	nmod	hi
train-s1389	12	ADP	11	case	hi
train-s1389	13	NOUN	14	nsubj	en
train-s1389	14	ADV	5	advmod	hi
train-s1389	15	AUX	14	cop	hi
train-s1389	16	PART	14	advmod	hi
train-s1390	1	PRON	3	nsubj	en
train-s1390	2	AUX	3	cop	en
train-s1390	3	NUM	0	root	en
train-s1390	4	ADP	7	case	en
train-s1390	5	DET	7	det	en
train-s1390	7	NOUN	3	nmod	en
train-s1390	8	ADP	10	case	en
train-s1390	9	DET	10	det	en
train-s1390	10	NOUN	3	nmod	en
train-s1390	11	PRON	12	nsubj	en
train-s1390	12	VERB	7	acl:relcl	en
train-s1390	13	NOUN	15	nmod	hi
train-s1390	14	ADP	13	case	hi
train-s1390	15	NOUN	12	nsubj	hi
train-s1391	1	NOUN	3	compound	hi
train-s1391	2	ADV	3	mark	hi
train-s1391	3	VERB	0	root	hi
train-s1391	4	AUX	3	aux	hi
train-s1391	5	ADV	15	mark	hi
train-s1391	6	DET	7	det	hi
train-s1391	7	PRON	8	compound	hi
train-s1391	8	VERB	15	advcl	hi
train-s1391	9	SCONJ	8	mark	hi
train-s1391	10	SCONJ	8	mark	hi
train-s1391	11	PART	10	advmod	hi
train-s1391	12	PRON	15	nsubj	en
train-s1391	13	AUX	15	aux	en
train-s1391	14	PART	15	advmod	en
train-s1391	15	VERB	2	acl:relcl	en
train-s1391	16	PRON	18	obj	en
train-s1391	17	PRON	18	nsubj	en
train-s1391	18	VERB	15	advcl	en
train-s1392	1	ADJ	2	amod	en
train-s1392	2	PROPN	3	nmod	en
train-s1392	3	NOUN	4	nsubj	en
train-s1392	4	VERB	0	root	en
train-s1392	5	ADP	7	case	en
train-s1392	6	DET	7	det	en
train-s1392	7	NOUN	4	obl	en
train-s1392	8	ADP	13	case	en
train-s1392	10	ADJ	11	amod	hi
train-s1392	11	NOUN	13	nsubj	hi
train-s1392	12	PART	11	advmod	hi
train-s1392	14	ADP	13	case	hi
train-s1392	15	AUX	13	cop	hi
train-s1393	1	VERB	3	acl	en
train-s1393	2	ADJ	3	amod	en
train-s1393	3	NOUN	5	nmod	en
train-s1393	4	ADP	3	case	hi
train-s1393	5	NOUN	7	obj	en
train-s1393	6	PART	5	advmod	hi
train-s1393	7	VERB	0	root	hi
train-s1393	8	AUX	7	aux	hi
train-s1393	10	PART	9	advmod	hi
train-s1394	1	ADV	4	mark	en
train-s1394	3	AUX	4	aux	en
train-s1394	4	VERB	7	advcl	en
train-s1394	6	NOUN	7	nsubj	en
train-s1394	7	VERB	0	root	en
train-s1394	9	NOUN	10	compound	hi
train-s1394	10	NOUN	16	vocative	hi
train-s1394	12	ADJ	13	amod	hi
train-s1394	13	NOUN	16	obl	hi
train-s1394	14	ADP	13	case	hi
train-s1394	15	ADP	13	case	hi
train-s1394	16	VERB	7	xcomp	hi
train-s1394	18	X	19	amod	hi
train-s1394	19	NOUN	16	obj	hi
train-s1395	1	ADV	5	advmod	en
train-s1395	2	AUX	5	aux	en
train-s1395	3	PRON	5	nsubj	en
train-s1395	4	PART	5	advmod	en
train-s1395	5	VERB	0	root	en
train-s1395	7	ADP	6	case	hi
train-s1395	8	ADV	9	advmod	en
train-s1395	9	ADJ	10	amod	hi
train-s1395	10	NOUN	5	obj	hi
train-s1396	1	ADJ	3	amod	hi
train-s1396	2	ADJ	3	amod	en
train-s1396	3	NOUN	0	root	en
train-s1396	4	AUX	3	cop	hi
train-s1396	5	NOUN	3	vocative	hi
train-s1397	1	ADP	4	case	en
train-s1397	2	DET	4	det	en
train-s1397	3	ADJ	4	amod	en
train-s1397	4	NOUN	0	root	en
train-s1397	8	ADP	6	case	hi
train-s1397	9	NOUN	12	nmod	hi
train-s1397	10	ADP	9	case	hi
train-s1397	11	ADJ	12	amod	hi
train-s1397	12	NOUN	13	compound	hi
train-s1397	13	VERB	4	acl	hi
train-s1397	14	AUX	13	aux	hi
train-s1397	15	PRON	13	nsubj	hi
train-s1398	1	NOUN	6	nmod	hi
train-s1398	2	NOUN	4	compound	en
train-s1398	3	NOUN	4	compound	en
train-s1398	4	NOUN	6	nmod	en
train-s1398	5	ADP	4	case	hi
train-s1398	6	NOUN	0	root	en
train-s1398	7	AUX	6	cop	hi
train-s1399	2	AUX	4	cop	en
train-s1399	3	ADV	4	advmod	en
train-s1399	4	ADJ	0	root	en
train-s1399	5	ADP	6	case	en
train-s1399	7	ADV	4	advmod	en
train-s1399	8	ADJ	9	amod	en
train-s1399	9	NOUN	4	nmod	en
train-s1399	11	NOUN	9	conj	en
train-s1399	13	NOUN	9	conj	hi
train-s1399	15	NOUN	9	conj	hi
train-s1399	16	CCONJ	18	cc	hi
train-s1399	17	PART	18	advmod	hi
train-s1399	18	VERB	9	conj	hi
train-s1399	19	PRON	18	nsubj	hi
train-s1399	20	PRON	19	compound	hi
train-s1400	1	VERB	0	root	hi
train-s1400	2	AUX	1	aux	hi
train-s1400	3	AUX	1	aux	hi
train-s1400	4	ADV	1	advmod	hi
train-s1400	5	NOUN	7	nmod	en
train-s1400	6	ADP	5	case	hi
train-s1400	7	NOUN	9	nsubj	hi
train-s1400	8	NOUN	9	compound	en
train-s1400	9	VERB	4	acl:relcl	hi
train-s1400	10	ADV	9	advmod	hi
train-s1401	1	AUX	2	cop	en
train-s1401	2	PRON	0	root	en
train-s1401	3	DET	5	det	en
train-s1401	4	ADJ	5	amod	en
train-s1401	6	ADP	5	case	hi
train-s1401	7	PRON	12	nsubj	en
train-s1401	8	AUX	12	aux	en
train-s1401	9	PART	12	advmod	en
train-s1401	10	AUX	12	cop	en
train-s1401	11	ADP	12	case	en
train-s1401	12	NOUN	5	acl:relcl	hi
train-s1401	13	ADP	12	case	hi
train-s1402	1	PRON	5	nsubj	en
train-s1402	2	AUX	5	cop	en
train-s1402	3	ADP	5	case	en
train-s1402	4	DET	5	det	en
train-s1402	5	NOUN	0	root	en
train-s1402	6	ADP	8	case	en
train-s1402	7	PRON	8	nmod	en
train-s1402	8	NOUN	5	nmod	en
train-s1402	9	ADV	22	advmod	en
train-s1402	10	NOUN	17	obj	en
train-s1402	12	NOUN	10	conj	en
train-s1402	13	CCONJ	14	cc	en
train-s1402	14	NOUN	10	conj	en
train-s1402	15	ADV	16	compound	hi
train-s1402	16	ADV	17	advmod	hi
train-s1402	17	VERB	22	advcl	hi
train-s1402	18	SCONJ	17	mark	hi
train-s1402	19	PART	17	advmod	hi
train-s1402	20	PRON	22	obj	hi
train-s1402	21	PART	22	advmod	hi
train-s1402	22	VERB	5	acl:relcl	hi
train-s1403	1	PRON	2	nsubj	en
train-s1403	2	VERB	0	root	en
train-s1403	3	PRON	6	nsubj	en
train-s1403	4	AUX	6	cop	en
train-s1403	5	PRON	6	nmod	en
train-s1403	6	NOUN	2	obj	en
train-s1403	8	CCONJ	11	cc	en
train-s1403	9	ADV	11	advmod	en
train-s1403	10	PRON	11	nsubj	en
train-s1403	11	VERB	6	conj	en
train-s1403	12	SCONJ	20	mark	hi
train-s1403	13	ADV	20	advmod	hi
train-s1403	14	NOUN	20	nsubj	hi
train-s1403	15	ADP	14	case	hi
train-s1403	16	PRON	20	nmod	hi
train-s1403	17	ADP	16	case	hi
train-s1403	18	ADJ	20	amod	hi
train-s1403	19	DET	20	det	hi
train-s1403	20	NOUN	11	obj	hi
train-s1403	21	PART	20	advmod	hi
train-s1403	22	AUX	20	cop	hi
train-s1404	1	PROPN	4	obl	en
train-s1404	2	ADP	1	case	hi
train-s1404	3	NOUN	4	compound	hi
train-s1404	4	VERB	11	advcl	hi
train-s1404	5	AUX	4	aux	hi
train-s1404	6	NUM	9	nmod	en
train-s1404	7	ADP	6	case	hi
train-s1404	8	PART	6	advmod	hi
train-s1404	9	NOUN	11	obj	en
train-s1404	10	NOUN	11	compound	en
train-s1404	11	VERB	0	root	hi
train-s1404	12	AUX	11	aux	hi
train-s1404	13	AUX	11	aux	hi
train-s1405	2	DET	3	det	en
train-s1405	3	PRON	19	nsubj	en
train-s1405	5	NOUN	7	nsubj	hi
train-s1405	6	DET	7	det	hi
train-s1405	7	ADJ	14	acl:relcl	hi
train-s1405	8	AUX	7	cop	hi
train-s1405	9	AUX	7	aux	hi
train-s1405	11	PRON	14	nsubj	hi
train-s1405	12	DET	14	det	hi
train-s1405	13	PART	12	advmod	hi
train-s1405	14	ADV	3	advmod	hi
train-s1405	15	AUX	14	cop	hi
train-s1405	16	AUX	14	aux	hi
train-s1405	18	AUX	19	cop	en
train-s1405	19	NOUN	0	root	en
train-s1406	1	NUM	3	nmod	en
train-s1406	2	ADP	1	case	hi
train-s1406	3	NOUN	0	root	en
train-s1406	4	AUX	3	cop	hi
train-s1406	5	CCONJ	10	cc	en
train-s1406	6	ADV	10	advmod	en
train-s1406	7	ADP	10	case	en
train-s1406	9	NUM	10	nummod	en
train-s1406	10	NOUN	3	conj	en
train-s1407	1	INTJ	10	discourse	hi
train-s1407	2	NUM	4	obj	en
train-s1407	3	ADV	4	advmod	hi
train-s1407	4	VERB	10	ccomp	hi
train-s1407	5	AUX	4	aux	hi
train-s1407	6	ADV	4	advmod	en
train-s1407	7	AUX	10	aux	en
train-s1407	8	PART	10	advmod	en
train-s1407	9	ADV	10	advmod	en
train-s1407	10	VERB	0	root	en
train-s1408	1	NOUN	3	nsubj	hi
train-s1408	2	AUX	3	cop	en
train-s1408	3	ADJ	0	root	en
train-s1408	4	CCONJ	8	cc	en
train-s1408	7	AUX	8	aux	en
train-s1408	8	VERB	3	conj	en
train-s1408	9	ADP	8	compound	en
train-s1408	10	SCONJ	15	mark	en
train-s1408	12	NOUN	15	nsubj	hi
train-s1408	13	ADV	15	advmod	hi
train-s1408	14	PART	15	advmod	hi
train-s1408	15	VERB	8	advcl	hi
train-s1408	16	AUX	15	aux	hi
train-s1408	17	PART	16	advmod	hi
train-s1408	19	SYM	3	discourse	hi
train-s1409	1	PRON	3	nsubj	en
train-s1409	2	AUX	3	aux	en
train-s1409	3	VERB	0	root	en
train-s1409	4	PART	5	mark	en
train-s1409	5	VERB	3	xcomp	en
train-s1409	6	CCONJ	9	cc	en
train-s1409	7	NOUN	9	nmod	hi
train-s1409	8	ADP	7	case	hi
train-s1409	9	NOUN	3	conj	hi
train-s1410	2	SCONJ	4	mark	hi
train-s1410	3	PRON	2	advmod	hi
train-s1410	4	VERB	9	csubj	hi
train-s1410	5	AUX	4	aux	hi
train-s1410	8	AUX	9	cop	en
train-s1410	9	PRON	0	root	en
train-s1410	10	PRON	12	nsubj	en
train-s1410	11	ADV	12	advmod	en
train-s1410	12	VERB	9	acl	en
train-s1410	13	ADP	15	case	en
train-s1410	14	DET	15	det	en
train-s1410	15	NOUN	12	iobj	en
train-s1411	1	DET	2	det	en
train-s1411	2	NOUN	4	nsubj	en
train-s1411	3	ADV	4	advmod	en
train-s1411	4	VERB	0	root	en
train-s1411	6	PRON	8	nsubj	hi
train-s1411	8	NOUN	4	obj	hi
train-s1411	9	ADP	8	case	hi
train-s1411	10	ADP	8	case	hi
train-s1411	11	AUX	8	cop	hi
train-s1412	1	ADV	4	mark	en
train-s1412	2	PRON	4	nsubj	en
train-s1412	3	AUX	4	cop	en
train-s1412	4	ADJ	9	advcl	en
train-s1412	5	ADV	9	advmod	en
train-s1412	6	DET	8	det	en
train-s1412	7	ADJ	8	amod	hi
train-s1412	8	NOUN	9	nsubj	hi
train-s1412	9	VERB	0	root	en
train-s1412	10	ADJ	9	xcomp	en
train-s1413	1	PRON	2	nmod	hi
train-s1413	2	NOUN	7	obj	hi
train-s1413	3	ADP	2	case	hi
train-s1413	4	NOUN	7	nsubj	hi
train-s1413	5	ADJ	6	amod	en
train-s1413	6	NOUN	7	acl	en
train-s1413	7	VERB	0	root	hi
train-s1413	8	AUX	7	aux	hi
train-s1414	1	DET	2	det	en
train-s1414	2	NOUN	4	nmod	hi
train-s1414	3	ADP	2	case	hi
train-s1414	4	NOUN	6	nsubj	hi
train-s1414	5	ADV	6	advmod	en
train-s1414	6	VERB	0	root	en
train-s1414	7	PRON	6	obj	en
train-s1415	4	AUX	6	aux	en
train-s1415	5	AUX	6	aux	hi
train-s1415	6	VERB	0	root	en
train-s1415	7	PRON	9	nsubj	hi
train-s1415	8	PART	7	advmod	hi
train-s1415	9	VERB	6	xcomp	hi
train-s1415	11	ADP	10	case	hi
train-s1416	2	ADP	3	case	en
train-s1416	3	NOUN	7	nmod	en
train-s1416	5	DET	7	det	en
train-s1416	6	ADJ	7	amod	en
train-s1416	7	NOUN	0	root	en
train-s1416	8	ADP	10	case	en
train-s1416	9	DET	10	det	en
train-s1416	10	NOUN	7	nmod	en
train-s1416	13	DET	16	det	hi
train-s1416	14	NOUN	19	obl	hi
train-s1416	15	ADP	14	case	hi
train-s1416	16	NOUN	19	nsubj	hi
train-s1416	17	ADV	19	obl	hi
train-s1416	18	ADP	17	case	hi
train-s1416	19	VERB	7	acl	hi
train-s1416	20	AUX	19	aux	hi
train-s1416	21	AUX	19	aux	hi
train-s1417	1	NOUN	6	obl	hi
train-s1417	2	ADP	1	case	hi
train-s1417	3	NOUN	6	obj	en
train-s1417	4	ADP	3	case	hi
train-s1417	5	ADV	6	advmod	en
train-s1417	6	VERB	0	root	hi
train-s1417	7	AUX	6	aux	hi
train-s1418	1	NOUN	3	nsubj	en
train-s1418	2	ADJ	3	compound	hi
train-s1418	3	VERB	9	advcl	hi
train-s1418	4	PART	3	advmod	hi
train-s1418	5	NOUN	9	obl	en
train-s1418	6	ADP	5	case	hi
train-s1418	7	NOUN	8	nmod	en
train-s1418	8	NOUN	9	compound	hi
train-s1418	9	VERB	0	root	hi
train-s1418	10	AUX	9	aux	hi
train-s1418	11	AUX	9	aux	hi
train-s1419	1	DET	2	det	hi
train-s1419	3	NOUN	13	vocative	hi
train-s1419	4	NOUN	13	nmod	hi
train-s1419	5	NOUN	7	obl	en
train-s1419	6	ADP	5	case	hi
train-s1419	7	VERB	13	advcl	hi
train-s1419	8	SCONJ	7	mark	hi
train-s1419	9	SCONJ	7	mark	hi
train-s1419	10	NUM	12	nummod	hi
train-s1419	11	ADJ	12	amod	en
train-s1419	12	NOUN	13	obj	en
train-s1419	13	VERB	0	root	en
train-s1419	14	AUX	13	aux	hi
train-s1419	15	AUX	13	aux	hi
train-s1419	16	AUX	13	aux	hi
train-s1420	1	NOUN	5	nmod	en
train-s1420	2	PRON	4	nmod	en
train-s1420	3	NOUN	4	compound	hi
train-s1420	4	NOUN	5	nsubj	hi
train-s1420	5	VERB	0	root	en
train-s1420	6	NOUN	5	compound	en
train-s1420	8	NOUN	9	nmod	en
train-s1420	9	VERB	6	acl	hi
train-s1420	10	AUX	9	aux	hi
train-s1420	11	NOUN	13	compound	hi
train-s1420	12	NOUN	15	nsubj	hi
train-s1420	13	PART	15	advmod	hi
train-s1420	14	ADJ	15	compound	hi
train-s1420	15	VERB	9	parataxis	hi
train-s1421	1	ADV	7	advmod	en
train-s1421	2	DET	3	det	hi
train-s1421	3	NOUN	7	obl	en
train-s1421	4	ADP	3	case	hi
train-s1421	5	PRON	6	nmod	hi
train-s1421	6	NOUN	7	nsubj	en
train-s1421	7	VERB	14	advcl	hi
train-s1421	8	ADP	10	case	en
train-s1421	10	NOUN	7	obl	en
train-s1421	11	PRON	14	nsubj	en
train-s1421	12	AUX	14	cop	en
train-s1421	13	ADV	14	advmod	en
train-s1421	14	ADJ	0	root	en
train-s1422	1	ADV	4	advmod	en
train-s1422	2	ADP	4	case	en
train-s1422	3	DET	4	det	en
train-s1422	4	NOUN	14	nmod	en
train-s1422	5	ADP	7	case	en
train-s1422	6	PRON	7	nmod	en
train-s1422	7	NOUN	14	nmod	en
train-s1422	8	NOUN	13	nmod	en
train-s1422	9	CCONJ	11	cc	hi
train-s1422	10	PRON	11	nmod	hi
train-s1422	11	NOUN	8	conj	hi
train-s1422	12	ADP	8	case	hi
train-s1422	13	NOUN	14	nsubj	hi
train-s1422	14	ADJ	0	root	en
train-s1422	15	AUX	14	cop	hi
train-s1423	1	NOUN	2	compound	en
train-s1423	2	NOUN	4	nmod	en
train-s1423	3	ADP	2	case	hi
train-s1423	4	NOUN	7	obj	en
train-s1423	5	ADP	4	case	hi
train-s1423	6	NOUN	7	compound	hi
train-s1423	7	VERB	0	root	hi
train-s1423	8	AUX	7	aux	hi
train-s1423	9	AUX	7	aux	hi
train-s1424	2	NOUN	5	nsubj	hi
train-s1424	3	NOUN	5	obj	en
train-s1424	4	NOUN	5	compound	en
train-s1424	5	VERB	0	root	hi
train-s1424	6	AUX	5	aux	hi
train-s1424	7	AUX	5	aux	hi
train-s1424	8	AUX	5	aux	hi
train-s1424	9	PRON	18	nsubj	hi
train-s1424	10	ADV	18	advmod	hi
train-s1424	11	PART	10	advmod	hi
train-s1424	12	NOUN	14	nmod	en
train-s1424	13	ADP	12	case	hi
train-s1424	14	NOUN	18	obj	en
train-s1424	15	PART	14	advmod	hi
train-s1424	16	NOUN	18	compound	en
train-s1424	17	PART	18	advmod	hi
train-s1424	18	VERB	5	parataxis	hi
train-s1424	19	AUX	18	aux	hi
train-s1425	1	NOUN	2	vocative	en
train-s1425	2	VERB	0	root	en
train-s1425	3	ADP	5	case	en
train-s1425	4	ADJ	5	amod	hi
train-s1425	5	NOUN	2	obj	hi
train-s1425	7	ADJ	8	amod	hi
train-s1425	8	NOUN	5	conj	hi
train-s1425	10	ADJ	11	amod	hi
train-s1425	11	NOUN	5	conj	hi
train-s1425	13	ADJ	14	amod	en
train-s1425	14	NOUN	5	conj	hi
train-s1425	15	CCONJ	17	cc	en
train-s1425	16	ADJ	17	amod	en
train-s1425	17	NOUN	5	conj	hi
train-s1425	18	ADP	20	case	en
train-s1425	19	DET	20	det	en
train-s1425	20	NOUN	2	obl	en
train-s1425	21	ADP	22	case	en
train-s1425	22	NOUN	20	nmod	en
train-s1426	2	DET	3	det	en
train-s1426	3	NOUN	7	nmod	en
train-s1426	4	ADV	7	mark	en
train-s1426	5	PRON	6	nmod	en
train-s1426	6	NOUN	7	nsubj	en
train-s1426	7	VERB	0	root	en
train-s1426	9	NOUN	14	vocative	hi
train-s1426	11	NOUN	13	nmod	en
train-s1426	12	ADP	11	case	hi
train-s1426	13	NOUN	14	compound	hi
train-s1426	14	VERB	7	xcomp	hi
train-s1426	17	CCONJ	19	cc	en
train-s1426	18	PRON	19	nsubj	en
train-s1426	19	VERB	14	conj	en
train-s1426	20	ADJ	19	compound	en
train-s1427	1	NOUN	2	obj	hi
train-s1427	2	VERB	4	acl	hi
train-s1427	3	SCONJ	2	mark	hi
train-s1427	4	NOUN	0	root	hi
train-s1427	5	PART	4	advmod	hi
train-s1427	6	CCONJ	15	cc	hi
train-s1427	7	NOUN	15	vocative	hi
train-s1427	8	ADP	7	case	hi
train-s1427	9	NUM	13	nmod	en
train-s1427	10	ADP	11	case	en
train-s1427	11	NOUN	9	nmod	en
train-s1427	12	ADP	11	case	hi
train-s1427	13	NOUN	14	nmod	en
train-s1427	14	NOUN	15	compound	hi
train-s1427	15	VERB	4	conj	hi
train-s1427	16	AUX	15	aux	hi
train-s1427	17	AUX	15	aux	hi
train-s1428	1	PRON	3	nsubj	en
train-s1428	2	AUX	3	cop	en
train-s1428	3	ADJ	7	csubj	en
train-s1428	4	PRON	6	nsubj	en
train-s1428	5	AUX	6	cop	en
train-s1428	6	ADJ	3	conj	en
train-s1428	7	VERB	14	advcl	hi
train-s1428	8	VERB	7	compound	hi
train-s1428	9	AUX	7	aux	hi
train-s1428	10	NOUN	14	nsubj	hi
train-s1428	11	ADP	10	case	hi
train-s1428	12	ADV	14	advmod	hi
train-s1428	13	NOUN	14	compound	hi
train-s1428	14	VERB	0	root	hi
train-s1428	15	AUX	14	aux	hi
train-s1428	16	AUX	14	aux	hi
train-s1429	1	NUM	2	nummod	hi
train-s1429	2	NOUN	4	obj	hi
train-s1429	3	PART	4	advmod	hi
train-s1429	4	VERB	10	advcl	hi
train-s1429	5	SCONJ	4	mark	hi
train-s1429	6	SCONJ	4	mark	hi
train-s1429	7	SCONJ	4	mark	hi
train-s1429	8	PRON	10	nsubj	en
train-s1429	9	AUX	10	aux	en
train-s1429	10	VERB	0	root	en
train-s1429	11	VERB	10	xcomp	en
train-s1429	12	ADP	14	case	en
train-s1429	13	PRON	14	nmod	en
train-s1429	14	NOUN	11	obl	hi
train-s1429	15	CCONJ	18	cc	en
train-s1429	16	PRON	18	nsubj	en
train-s1429	17	AUX	18	cop	en
train-s1429	18	ADJ	10	conj	en
train-s1430	2	PRON	7	expl	en
train-s1430	3	AUX	7	cop	en
train-s1430	4	ADV	7	advmod	en
train-s1430	5	NOUN	7	nmod	en
train-s1430	6	ADP	5	case	en
train-s1430	7	NOUN	0	root	en
train-s1430	8	VERB	7	acl	en
train-s1430	9	ADP	12	case	en
train-s1430	10	ADV	12	mark	en
train-s1430	11	PRON	12	nsubj	en
train-s1430	12	VERB	8	advcl	en
train-s1430	14	PRON	16	nsubj	hi
train-s1430	15	PART	16	advmod	hi
train-s1430	16	VERB	12	xcomp	hi
train-s1430	17	VERB	16	advcl	hi
train-s1430	18	SCONJ	17	mark	hi
train-s1431	1	VERB	14	advcl	hi
train-s1431	2	AUX	1	aux	hi
train-s1431	3	SCONJ	14	mark	hi
train-s1431	4	DET	6	det	en
train-s1431	5	NOUN	6	compound	en
train-s1431	6	NOUN	14	nsubj	en
train-s1431	7	ADP	9	case	en
train-s1431	9	CCONJ	10	cc	en
train-s1431	10	PRON	8	conj	en
train-s1431	11	AUX	14	cop	en
train-s1431	12	PART	14	advmod	en
train-s1431	13	DET	14	det	en
train-s1431	14	ADJ	0	root	en
train-s1432	6	CCONJ	7	cc	en
train-s1432	9	DET	10	det	hi
train-s1432	11	ADP	10	case	hi
train-s1432	12	VERB	24	advcl	hi
train-s1432	13	AUX	12	aux	hi
train-s1432	14	PRON	16	nsubj	en
train-s1432	15	AUX	16	aux	en
train-s1432	16	VERB	0	root	en
train-s1432	17	SCONJ	24	mark	hi
train-s1432	20	ADP	18	case	hi
train-s1432	22	ADP	21	case	hi
train-s1432	23	NOUN	24	nsubj	hi
train-s1432	24	VERB	16	xcomp	hi
train-s1433	1	PRON	2	nsubj	en
train-s1433	2	VERB	0	root	en
train-s1433	3	DET	4	det	en
train-s1433	4	NOUN	2	obj	hi
train-s1433	5	PRON	8	nsubj	hi
train-s1433	6	ADJ	8	compound	hi
train-s1433	7	PART	8	advmod	hi
train-s1433	8	VERB	4	acl:relcl	hi
train-s1433	9	CCONJ	10	cc	hi
train-s1433	10	VERB	8	conj	hi
train-s1433	11	AUX	10	aux	hi
train-s1434	1	NOUN	2	nmod	hi
train-s1434	2	NOUN	0	root	en
train-s1434	3	AUX	2	cop	hi
train-s1434	4	CCONJ	9	cc	en
train-s1434	5	PRON	9	nsubj	en
train-s1434	6	AUX	9	aux	en
train-s1434	7	PART	8	advmod	en
train-s1434	8	ADV	9	advmod	en
train-s1434	9	VERB	2	conj	en
train-s1435	1	AUX	3	aux	en
train-s1435	2	PART	3	advmod	en
train-s1435	3	VERB	0	root	en
train-s1435	4	PRON	3	obj	en
train-s1435	5	SCONJ	9	mark	hi
train-s1435	6	NOUN	9	nmod	hi
train-s1435	7	PROPN	9	nsubj	hi
train-s1435	8	ADJ	9	compound	hi
train-s1435	9	VERB	3	advcl	hi
train-s1435	10	AUX	9	aux	hi
train-s1435	13	NOUN	3	discourse	en
train-s1436	3	ADP	1	case	hi
train-s1436	4	NOUN	6	nsubj	en
train-s1436	5	ADV	6	advmod	hi
train-s1436	6	ADJ	0	root	en
train-s1436	7	PRON	6	advmod	hi
train-s1436	8	AUX	6	cop	hi
train-s1436	9	NOUN	6	vocative	hi
train-s1437	1	PRON	2	nsubj	en
train-s1437	2	VERB	0	root	en
train-s1437	3	ADJ	2	xcomp	en
train-s1437	4	ADP	7	case	en
train-s1437	5	PRON	7	nmod	en
train-s1437	7	NOUN	3	nmod	en
train-s1437	8	CCONJ	13	cc	en
train-s1437	9	PRON	12	nmod	hi
train-s1437	10	ADP	9	case	hi
train-s1437	11	PART	9	advmod	hi
train-s1437	12	ADJ	13	nsubj	hi
train-s1437	13	VERB	2	conj	hi
train-s1437	14	AUX	13	aux	hi
train-s1438	1	PRON	3	nsubj	en
train-s1438	2	AUX	3	aux	en
train-s1438	3	VERB	0	root	en
train-s1438	4	PART	5	mark	en
train-s1438	5	VERB	3	xcomp	en
train-s1438	6	ADJ	5	xcomp	en
train-s1438	7	CCONJ	14	cc	en
train-s1438	9	DET	10	det	hi
train-s1438	10	NOUN	14	nsubj	hi
train-s1438	11	ADP	10	case	hi
train-s1438	12	ADJ	14	compound	hi
train-s1438	13	PART	14	advmod	hi
train-s1438	14	VERB	3	conj	hi
train-s1438	15	AUX	14	aux	hi
train-s1439	2	NOUN	4	nmod	en
train-s1439	3	PRON	4	nsubj	en
train-s1439	4	VERB	0	root	en
train-s1439	5	PRON	4	iobj	en
train-s1439	6	ADP	7	case	en
train-s1439	7	NOUN	4	obl	en
train-s1439	9	NOUN	11	vocative	hi
train-s1439	10	NOUN	11	nsubj	en
train-s1439	11	PRON	4	obj	hi
train-s1439	12	AUX	11	cop	hi
train-s1439	15	PRON	16	nsubj	en
train-s1439	16	VERB	11	conj	en
train-s1439	18	ADV	20	advmod	hi
train-s1439	19	PART	18	advmod	hi
train-s1439	20	ADJ	16	ccomp	hi
train-s1439	21	AUX	20	cop	hi
train-s1440	1	ADV	3	mark	en
train-s1440	2	PRON	3	nsubj	en
train-s1440	3	VERB	13	advcl	en
train-s1440	5	PRON	6	nmod	hi
train-s1440	6	NOUN	8	vocative	hi
train-s1440	7	NOUN	8	nsubj	hi
train-s1440	8	VERB	3	xcomp	hi
train-s1440	9	AUX	8	aux	hi
train-s1440	11	AUX	13	aux	en
train-s1440	12	PRON	13	nsubj	en
train-s1440	13	VERB	0	root	en
train-s1440	15	ADV	16	advmod	hi
train-s1440	16	ADJ	17	amod	hi
train-s1440	17	NOUN	13	xcomp	hi
train-s1440	18	AUX	17	cop	hi
train-s1441	1	PRON	3	advmod	en
train-s1441	2	PRON	3	nsubj	en
train-s1441	3	VERB	0	root	en
train-s1441	4	PRON	7	nsubj	hi
train-s1441	5	NOUN	6	nmod	en
train-s1441	6	NOUN	7	compound	en
train-s1441	7	VERB	3	xcomp	hi
train-s1441	8	AUX	7	aux	hi
train-s1442	1	NOUN	8	vocative	hi
train-s1442	2	SCONJ	5	mark	en
train-s1442	3	PRON	8	nsubj	en
train-s1442	4	AUX	5	aux	en
train-s1442	5	VERB	17	advcl	en
train-s1442	6	PART	7	mark	en
train-s1442	7	AUX	8	aux	en
train-s1442	8	VERB	5	xcomp	en
train-s1442	10	NOUN	8	obj	en
train-s1442	11	SCONJ	17	mark	en
train-s1442	13	ADJ	14	compound	en
train-s1442	14	VERB	17	acl	hi
train-s1442	15	SCONJ	14	mark	hi
train-s1442	16	DET	17	det	hi
train-s1442	17	NOUN	0	root	en
train-s1442	18	AUX	17	cop	hi
train-s1443	1	PRON	5	expl	en
train-s1443	2	AUX	5	aux	en
train-s1443	3	AUX	5	cop	en
train-s1443	4	DET	5	det	en
train-s1443	5	NOUN	0	root	en
train-s1443	6	SCONJ	17	mark	en
train-s1443	7	PRON	10	obj	hi
train-s1443	8	PRON	10	nsubj	hi
train-s1443	9	NOUN	10	compound	en
train-s1443	10	VERB	11	acl:relcl	hi
train-s1443	11	PRON	12	nmod	hi
train-s1443	12	NOUN	17	obl	en
train-s1443	13	ADP	12	case	hi
train-s1443	14	PART	12	advmod	hi
train-s1443	15	NOUN	16	compound	en
train-s1443	16	NOUN	17	nsubj	en
train-s1443	17	VERB	5	advcl	hi
train-s1443	18	AUX	17	aux	hi
train-s1444	1	NOUN	11	nsubj	en
train-s1444	2	AUX	11	cop	en
train-s1444	3	NOUN	5	obj	en
train-s1444	4	ADP	3	case	hi
train-s1444	5	VERB	11	acl	hi
train-s1444	6	CCONJ	7	cc	en
train-s1444	7	VERB	5	conj	en
train-s1444	8	DET	10	det	en
train-s1444	9	ADJ	10	amod	en
train-s1444	11	NOUN	0	root	en
train-s1445	1	DET	3	det	en
train-s1445	2	AUX	3	cop	en
train-s1445	3	PRON	0	root	en
train-s1445	4	NOUN	6	nmod	hi
train-s1445	5	ADP	4	case	hi
train-s1445	6	NOUN	3	nmod	hi
train-s1446	1	DET	3	det	en
train-s1446	2	NOUN	3	compound	en
train-s1446	3	NOUN	11	nsubj	en
train-s1446	5	NOUN	6	nsubj	hi
train-s1446	6	VERB	3	acl	hi
train-s1446	7	AUX	6	aux	hi
train-s1446	8	AUX	6	aux	hi
train-s1446	10	AUX	11	aux	en
train-s1446	11	VERB	0	root	en
train-s1446	12	ADP	15	case	en
train-s1446	13	DET	15	det	en
train-s1446	14	ADJ	15	amod	en
train-s1446	15	NOUN	11	obl	en
train-s1446	16	ADP	17	case	en
train-s1446	17	NOUN	15	nmod	en
train-s1446	18	NOUN	11	nmod	en
train-s1447	2	AUX	12	cop	en
train-s1447	3	SCONJ	12	mark	en
train-s1447	4	INTJ	12	discourse	hi
train-s1447	5	NOUN	12	vocative	hi
train-s1447	6	ADV	12	advmod	hi
train-s1447	7	NOUN	11	obj	en
train-s1447	8	PART	7	advmod	hi
train-s1447	9	PRON	12	nsubj	hi
train-s1447	10	PART	9	advmod	hi
train-s1447	11	VERB	12	advcl	hi
train-s1447	12	VERB	0	root	hi
train-s1448	2	ADP	1	case	hi
train-s1448	3	NOUN	6	nsubj	hi
train-s1448	4	AUX	6	cop	en
train-s1448	5	ADV	6	advmod	en
train-s1448	6	ADJ	0	root	en
train-s1448	7	CCONJ	10	cc	en
train-s1448	8	ADV	10	advmod	en
train-s1448	9	ADV	10	advmod	en
train-s1448	10	ADJ	6	conj	en
