sent_id	tok_i_id	tok_j_id	upos_i	upos_j	lang_i	lang_j	switch	relation
train-s1	1	2	PRON	VERB	en	en	false	within
train-s1	2	3	VERB	NOUN	en	hi	true	boundary
train-s1	3	4	NOUN	ADJ	hi	en	true	within
train-s1	4	5	ADJ	AUX	en	hi	true	within
train-s1	5	6	AUX	PART	hi	hi	false	boundary
train-s1	6	7	PART	NOUN	hi	en	true	within
train-s1	7	8	NOUN	AUX	en	hi	true	within
train-s2	1	2	PRON	NOUN	hi	en	true	within
train-s2	2	3	NOUN	ADP	en	en	false	boundary
train-s2	3	5	ADP	ADP	en	hi	true	boundary
train-s2	5	6	ADP	VERB	hi	hi	false	boundary
train-s2	6	7	VERB	AUX	hi	hi	false	within
train-s2	7	8	AUX	AUX	hi	hi	false	within
train-s2	8	9	AUX	CCONJ	hi	en	true	boundary
train-s2	9	10	CCONJ	PRON	en	en	false	within
train-s2	10	11	PRON	AUX	en	en	false	within
train-s2	11	12	AUX	VERB	en	en	false	within
train-s2	12	13	VERB	ADV	en	en	false	within
train-s2	13	14	ADV	ADP	en	en	false	boundary
train-s2	14	15	ADP	DET	en	en	false	within
train-s2	15	16	DET	NOUN	en	en	false	within
train-s3	2	3	DET	NOUN	en	en	false	within
train-s3	3	4	NOUN	PRON	en	en	false	boundary
train-s3	4	5	PRON	VERB	en	en	false	within
train-s3	5	6	VERB	NOUN	en	en	false	boundary
train-s3	6	7	NOUN	NOUN	en	en	false	within
train-s3	7	8	NOUN	AUX	en	en	false	boundary
train-s3	8	10	AUX	VERB	en	hi	true	within
train-s3	10	11	VERB	AUX	hi	hi	false	within
train-s3	11	12	AUX	NOUN	hi	en	true	boundary
train-s3	12	13	NOUN	ADP	en	hi	true	within
train-s3	13	14	ADP	NOUN	hi	hi	false	boundary
train-s3	14	15	NOUN	ADV	hi	hi	false	boundary
train-s3	15	16	ADV	NOUN	hi	en	true	within
train-s3	16	17	NOUN	VERB	en	hi	true	within
train-s3	17	18	VERB	AUX	hi	hi	false	within
train-s4	2	3	NOUN	ADP	en	hi	true	within
train-s4	3	5	ADP	ADP	hi	hi	false	boundary
train-s4	5	6	ADP	PART	hi	hi	false	within
train-s4	6	7	PART	NOUN	hi	hi	false	boundary
train-s4	7	8	NOUN	AUX	hi	hi	false	within
train-s4	8	10	AUX	PART	hi	en	true	boundary
train-s4	10	11	PART	ADV	en	en	false	within
train-s5	1	2	PRON	VERB	en	en	false	within
train-s5	2	3	VERB	NOUN	en	en	false	within
train-s5	3	4	NOUN	PRON	en	hi	true	boundary
train-s5	4	5	PRON	ADP	hi	hi	false	within
train-s5	5	6	ADP	PRON	hi	en	true	boundary
train-s5	6	7	PRON	VERB	en	en	false	within
train-s5	7	8	VERB	ADJ	en	en	false	boundary
train-s5	8	9	ADJ	NOUN	en	en	false	within
train-s5	9	10	NOUN	CCONJ	en	en	false	boundary
train-s5	10	11	CCONJ	PRON	en	en	false	within
train-s5	11	12	PRON	VERB	en	en	false	within
train-s5	12	13	VERB	ADP	en	en	false	boundary
train-s5	13	14	ADP	ADJ	en	en	false	within
train-s5	14	15	ADJ	NOUN	en	en	false	within
train-s6	2	3	PRON	VERB	en	en	false	within
train-s6	3	4	VERB	VERB	en	en	false	within
train-s6	4	5	VERB	SCONJ	en	en	false	boundary
train-s6	5	7	SCONJ	VERB	en	hi	true	within
train-s6	7	8	VERB	AUX	hi	hi	false	within
train-s6	8	9	AUX	AUX	hi	hi	false	within
train-s6	9	11	AUX	ADV	hi	en	true	boundary
train-s6	11	12	ADV	ADJ	en	en	false	within
train-s7	2	3	NOUN	ADP	hi	hi	false	within
train-s7	3	4	ADP	NOUN	hi	hi	false	boundary
train-s7	4	5	NOUN	DET	hi	en	true	within
train-s7	5	6	DET	NOUN	en	en	false	within
train-s7	6	7	NOUN	ADP	en	en	false	boundary
train-s7	7	8	ADP	DET	en	en	false	within
train-s7	8	9	DET	NOUN	en	hi	true	within
train-s7	9	10	NOUN	PART	hi	en	true	boundary
train-s7	10	11	PART	VERB	en	en	false	within
train-s7	11	12	VERB	DET	en	en	false	boundary
train-s7	12	13	DET	NOUN	en	en	false	within
train-s8	2	3	PRON	NOUN	en	en	false	within
train-s8	3	4	NOUN	AUX	en	en	false	within
train-s8	4	5	AUX	ADP	en	en	false	within
train-s8	5	7	ADP	CCONJ	en	hi	true	boundary
train-s8	7	8	CCONJ	PRON	hi	hi	false	boundary
train-s8	8	9	PRON	NOUN	hi	hi	false	within
train-s8	9	10	NOUN	VERB	hi	hi	false	within
train-s8	10	11	VERB	VERB	hi	hi	false	within
train-s8	11	12	VERB	AUX	hi	hi	false	within
train-s8	12	13	AUX	NOUN	hi	hi	false	boundary
train-s8	13	14	NOUN	ADP	hi	hi	false	within
train-s8	14	16	ADP	INTJ	hi	hi	false	boundary
train-s8	16	18	INTJ	VERB	hi	hi	false	within
train-s8	18	19	VERB	AUX	hi	hi	false	within
train-s8	19	20	AUX	AUX	hi	hi	false	within
train-s9	1	2	ADV	ADP	hi	hi	false	within
train-s9	2	3	ADP	VERB	hi	hi	false	boundary
train-s9	3	4	VERB	AUX	hi	hi	false	within
train-s9	4	5	AUX	NOUN	hi	en	true	boundary
train-s9	5	6	NOUN	ADP	en	hi	true	within
train-s9	6	7	ADP	NOUN	hi	en	true	boundary
train-s9	7	8	NOUN	VERB	en	hi	true	within
train-s9	8	9	VERB	AUX	hi	hi	false	within
train-s9	9	10	AUX	AUX	hi	hi	false	within
train-s9	10	11	AUX	CCONJ	hi	en	true	boundary
train-s9	11	12	CCONJ	ADV	en	en	false	within
train-s9	12	13	ADV	PRON	en	en	false	within
train-s9	13	14	PRON	VERB	en	en	false	within
train-s9	14	15	VERB	SCONJ	en	en	false	boundary
train-s9	15	16	SCONJ	PRON	en	en	false	within
train-s9	16	17	PRON	AUX	en	en	false	within
train-s9	17	18	AUX	DET	en	en	false	within
train-s9	18	19	DET	NOUN	en	en	false	within
train-s9	19	20	NOUN	PRON	en	en	false	boundary
train-s9	20	21	PRON	AUX	en	en	false	within
train-s9	21	22	AUX	PART	en	en	false	within
train-s9	22	23	PART	VERB	en	en	false	within
train-s10	4	5	NOUN	ADP	hi	hi	false	within
train-s10	5	6	ADP	NOUN	hi	hi	false	boundary
train-s10	6	8	NOUN	ADP	hi	hi	false	boundary
train-s10	8	9	ADP	NOUN	hi	en	true	boundary
train-s10	9	10	NOUN	VERB	en	hi	true	within
train-s10	10	11	VERB	AUX	hi	hi	false	within
train-s10	11	12	AUX	AUX	hi	hi	false	within
train-s10	12	13	AUX	NOUN	hi	en	true	within
train-s10	13	14	NOUN	ADP	en	hi	true	within
train-s11	2	3	PART	PRON	hi	hi	false	boundary
train-s11	3	4	PRON	PART	hi	en	true	within
train-s11	4	5	PART	NOUN	en	en	false	within
train-s11	5	6	NOUN	PART	en	hi	true	within
train-s11	6	7	PART	AUX	hi	hi	false	within
train-s11	7	8	AUX	CCONJ	hi	hi	false	boundary
train-s11	8	10	CCONJ	PART	hi	hi	false	boundary
train-s11	10	11	PART	ADV	hi	en	true	boundary
train-s11	11	12	ADV	NOUN	en	en	false	within
train-s11	12	13	NOUN	AUX	en	hi	true	within
train-s12	1	2	ADV	VERB	hi	hi	false	within
train-s12	2	3	VERB	PART	hi	hi	false	within
train-s12	3	4	PART	PART	hi	hi	false	within
train-s12	4	5	PART	AUX	hi	hi	false	within
train-s12	5	7	AUX	ADP	hi	hi	false	boundary
train-s12	7	8	ADP	VERB	hi	hi	false	boundary
train-s12	8	9	VERB	SCONJ	hi	hi	false	within
train-s12	9	10	SCONJ	NOUN	hi	en	true	boundary
train-s12	10	11	NOUN	VERB	en	hi	true	within
train-s12	11	12	VERB	AUX	hi	hi	false	within
train-s12	12	13	AUX	NOUN	hi	en	true	boundary
train-s12	13	14	NOUN	ADP	en	hi	true	within
train-s13	1	2	NOUN	PART	en	hi	true	within
train-s13	2	3	PART	ADV	hi	hi	false	boundary
train-s13	3	4	ADV	VERB	hi	hi	false	within
train-s13	4	5	VERB	AUX	hi	hi	false	within
train-s13	5	6	AUX	AUX	hi	hi	false	within
train-s13	6	7	AUX	ADV	hi	hi	false	boundary
train-s13	7	8	ADV	PART	hi	hi	false	within
train-s13	8	9	PART	NOUN	hi	en	true	boundary
train-s13	9	10	NOUN	NOUN	en	en	false	within
train-s13	10	11	NOUN	VERB	en	hi	true	within
train-s13	11	12	VERB	AUX	hi	hi	false	within
train-s13	12	13	AUX	AUX	hi	hi	false	within
train-s14	1	2	ADP	DET	en	en	false	within
train-s14	2	3	DET	ADJ	en	en	false	within
train-s14	3	4	ADJ	NOUN	en	en	false	within
train-s14	4	6	NOUN	PRON	en	hi	true	within
train-s14	6	7	PRON	NOUN	hi	hi	false	within
train-s14	7	8	NOUN	PART	hi	hi	false	within
train-s14	8	9	PART	VERB	hi	hi	false	within
train-s15	1	3	SCONJ	CCONJ	en	en	false	boundary
train-s15	3	5	CCONJ	VERB	en	en	false	boundary
train-s15	5	6	VERB	PART	en	en	false	boundary
train-s15	6	7	PART	VERB	en	en	false	within
train-s15	7	9	VERB	ADP	en	en	false	boundary
train-s15	9	11	ADP	SCONJ	en	hi	true	boundary
train-s15	11	12	SCONJ	PRON	hi	hi	false	within
train-s15	12	13	PRON	NOUN	hi	en	true	boundary
train-s15	13	14	NOUN	NOUN	en	en	false	within
train-s15	14	15	NOUN	VERB	en	hi	true	within
train-s15	15	16	VERB	AUX	hi	hi	false	within
train-s16	2	3	NOUN	VERB	hi	hi	false	within
train-s16	3	4	VERB	AUX	hi	en	true	within
train-s16	4	5	AUX	ADV	en	en	false	within
train-s16	5	6	ADV	ADV	en	en	false	within
train-s16	6	7	ADV	ADJ	en	en	false	within
train-s16	7	8	ADJ	SCONJ	en	en	false	boundary
train-s16	8	9	SCONJ	ADV	en	en	false	within
train-s16	9	10	ADV	PRON	en	en	false	within
train-s16	10	11	PRON	VERB	en	en	false	within
train-s16	11	12	VERB	NOUN	en	hi	true	boundary
train-s16	12	13	NOUN	VERB	hi	hi	false	within
train-s16	13	14	VERB	ADV	hi	hi	false	within
train-s16	14	15	ADV	PRON	hi	hi	false	within
train-s16	15	16	PRON	VERB	hi	hi	false	within
train-s16	16	17	VERB	VERB	hi	hi	false	within
train-s16	17	18	VERB	PART	hi	hi	false	within
train-s17	1	2	VERB	PART	en	en	false	within
train-s17	2	3	PART	ADP	en	en	false	boundary
train-s17	3	4	ADP	NOUN	en	hi	true	within
train-s17	4	5	NOUN	ADP	hi	hi	false	within
train-s17	5	6	ADP	NOUN	hi	hi	false	boundary
train-s17	6	7	NOUN	NOUN	hi	en	true	within
train-s17	7	8	NOUN	ADV	en	en	false	boundary
train-s17	8	9	ADV	ADP	en	en	false	within
train-s17	9	10	ADP	DET	en	en	false	within
train-s17	10	11	DET	NOUN	en	en	false	within
train-s18	1	2	ADJ	NOUN	hi	hi	false	within
train-s18	2	4	NOUN	ADP	hi	hi	false	boundary
train-s18	4	5	ADP	NOUN	hi	en	true	boundary
train-s18	5	6	NOUN	NOUN	en	en	false	within
train-s18	6	7	NOUN	ADP	en	hi	true	within
train-s18	7	8	ADP	NOUN	hi	en	true	boundary
train-s18	8	9	NOUN	VERB	en	hi	true	within
train-s18	9	10	VERB	AUX	hi	hi	false	within
train-s19	2	3	ADP	NOUN	hi	en	true	boundary
train-s19	3	4	NOUN	ADP	en	hi	true	within
train-s19	4	5	ADP	NOUN	hi	en	true	boundary
train-s19	5	6	NOUN	AUX	en	en	false	within
train-s19	6	7	AUX	ADV	en	en	false	within
train-s19	7	8	ADV	ADJ	en	en	false	within
train-s20	1	2	CCONJ	PRON	en	en	false	within
train-s20	2	3	PRON	AUX	en	en	false	within
train-s20	3	4	AUX	VERB	en	en	false	within
train-s20	4	5	VERB	ADV	en	hi	true	boundary
train-s20	5	6	ADV	ADJ	hi	hi	false	within
train-s20	6	7	ADJ	VERB	hi	hi	false	within
train-s20	7	8	VERB	AUX	hi	hi	false	within
train-s20	8	9	AUX	ADV	hi	hi	false	boundary
train-s20	9	10	ADV	ADJ	hi	hi	false	within
train-s20	10	11	ADJ	VERB	hi	hi	false	within
train-s20	11	12	VERB	AUX	hi	hi	false	within
train-s21	2	3	NOUN	NOUN	hi	hi	false	within
train-s21	3	4	NOUN	NOUN	hi	hi	false	boundary
train-s21	4	5	NOUN	ADP	hi	hi	false	within
train-s21	5	6	ADP	VERB	hi	hi	false	boundary
train-s21	6	7	VERB	AUX	hi	hi	false	within
train-s21	7	8	AUX	VERB	hi	hi	false	boundary
train-s21	8	10	VERB	AUX	hi	en	true	boundary
train-s21	10	11	AUX	PART	en	en	false	within
train-s21	11	12	PART	PRON	en	en	false	within
train-s21	12	13	PRON	VERB	en	en	false	within
train-s21	13	14	VERB	PRON	en	en	false	within
train-s22	1	2	ADJ	NOUN	en	en	false	within
train-s22	2	3	NOUN	ADP	en	hi	true	within
train-s22	3	4	ADP	PRON	hi	en	true	boundary
train-s22	4	5	PRON	NOUN	en	en	false	within
train-s22	5	6	NOUN	PRON	en	en	false	boundary
train-s22	6	7	PRON	NOUN	en	en	false	within
train-s22	7	8	NOUN	VERB	en	hi	true	boundary
train-s22	8	9	VERB	SCONJ	hi	hi	false	within
train-s22	9	10	SCONJ	NOUN	hi	hi	false	boundary
train-s22	10	11	NOUN	ADP	hi	hi	false	within
train-s22	11	12	ADP	NOUN	hi	hi	false	boundary
train-s22	12	13	NOUN	ADP	hi	hi	false	within
train-s22	13	14	ADP	VERB	hi	en	true	boundary
train-s22	14	15	VERB	NOUN	en	hi	true	within
train-s22	15	16	NOUN	VERB	hi	hi	false	within
train-s22	16	17	VERB	AUX	hi	hi	false	within
train-s23	1	2	NUM	NOUN	en	en	false	within
train-s23	2	3	NOUN	ADP	en	hi	true	within
train-s23	3	5	ADP	VERB	hi	hi	false	boundary
train-s23	5	6	VERB	NOUN	hi	en	true	boundary
train-s23	6	7	NOUN	AUX	en	en	false	within
train-s23	7	8	AUX	PRON	en	en	false	within
train-s23	8	9	PRON	NOUN	en	en	false	within
train-s24	1	2	VERB	ADP	en	en	false	boundary
train-s24	2	3	ADP	DET	en	en	false	within
train-s24	3	4	DET	NOUN	en	en	false	within
train-s24	4	5	NOUN	ADV	en	hi	true	boundary
train-s24	5	6	ADV	PRON	hi	hi	false	boundary
train-s24	6	7	PRON	NOUN	hi	en	true	within
train-s24	7	8	NOUN	PART	en	hi	true	within
train-s24	8	9	PART	NOUN	hi	hi	false	boundary
train-s24	9	10	NOUN	ADP	hi	hi	false	within
train-s24	10	11	ADP	ADJ	hi	hi	false	boundary
train-s24	11	12	ADJ	NOUN	hi	hi	false	boundary
train-s24	12	13	NOUN	VERB	hi	hi	false	within
train-s24	13	14	VERB	NOUN	hi	hi	false	within
train-s24	14	15	NOUN	VERB	hi	hi	false	within
train-s25	1	2	PRON	NUM	hi	hi	false	within
train-s25	2	3	NUM	ADJ	hi	en	true	within
train-s25	3	4	ADJ	NOUN	en	en	false	within
train-s25	4	5	NOUN	ADP	en	hi	true	within
train-s25	5	6	ADP	NOUN	hi	hi	false	boundary
train-s25	6	7	NOUN	PART	hi	hi	false	within
train-s25	7	8	PART	PRON	hi	hi	false	boundary
train-s25	8	9	PRON	NOUN	hi	en	true	within
train-s26	1	2	SCONJ	NOUN	hi	en	true	boundary
train-s26	2	3	NOUN	NOUN	en	en	false	within
train-s26	3	4	NOUN	ADP	en	en	false	within
train-s26	4	5	ADP	AUX	en	hi	true	within
train-s26	5	6	AUX	SCONJ	hi	hi	false	boundary
train-s26	6	7	SCONJ	PRON	hi	hi	false	within
train-s26	7	10	PRON	ADP	hi	hi	false	boundary
train-s26	10	11	ADP	VERB	hi	hi	false	boundary
train-s27	1	2	DET	NOUN	hi	hi	false	within
train-s27	2	3	NOUN	ADJ	hi	en	true	boundary
train-s27	3	4	ADJ	NOUN	en	en	false	within
train-s27	4	5	NOUN	VERB	en	hi	true	within
train-s27	5	6	VERB	AUX	hi	hi	false	within
train-s27	6	7	AUX	PART	hi	hi	false	within
train-s27	7	8	PART	PROPN	hi	hi	false	boundary
train-s27	8	9	PROPN	VERB	hi	hi	false	within
train-s27	9	10	VERB	PRON	hi	hi	false	boundary
train-s27	10	11	PRON	NOUN	hi	hi	false	within
train-s27	11	12	NOUN	PART	hi	hi	false	within
train-s27	12	13	PART	ADJ	hi	en	true	boundary
train-s27	13	14	ADJ	VERB	en	hi	true	within
train-s28	1	2	VERB	ADJ	hi	hi	false	boundary
train-s28	2	3	ADJ	VERB	hi	hi	false	within
train-s28	3	5	VERB	PROPN	hi	en	true	boundary
train-s28	5	6	PROPN	ADP	en	hi	true	within
train-s28	6	7	ADP	ADJ	hi	en	true	boundary
train-s28	7	8	ADJ	NOUN	en	en	false	within
train-s28	8	9	NOUN	CCONJ	en	hi	true	boundary
train-s28	9	10	CCONJ	NOUN	hi	en	true	within
train-s28	10	11	NOUN	ADP	en	hi	true	within
train-s28	11	12	ADP	NOUN	hi	hi	false	boundary
train-s28	12	13	NOUN	VERB	hi	hi	false	within
train-s28	13	14	VERB	AUX	hi	hi	false	within
train-s29	1	2	VERB	ADP	en	en	false	boundary
train-s29	2	3	ADP	DET	en	en	false	within
train-s29	3	4	DET	NOUN	en	en	false	within
train-s29	4	5	NOUN	ADP	en	en	false	boundary
train-s29	5	6	ADP	NOUN	en	hi	true	within
train-s29	6	8	NOUN	NOUN	hi	en	true	within
train-s29	8	9	NOUN	ADP	en	en	false	boundary
train-s29	9	10	ADP	NOUN	en	en	false	within
train-s29	10	12	NOUN	NOUN	en	hi	true	boundary
train-s29	12	13	NOUN	ADP	hi	hi	false	within
train-s29	13	14	ADP	NOUN	hi	hi	false	boundary
train-s29	14	15	NOUN	CCONJ	hi	hi	false	boundary
train-s29	15	16	CCONJ	NUM	hi	hi	false	within
train-s29	16	17	NUM	NOUN	hi	en	true	within
train-s29	17	18	NOUN	NOUN	en	en	false	within
train-s30	1	2	ADV	VERB	en	en	false	within
train-s30	2	3	VERB	ADP	en	en	false	boundary
train-s30	3	4	ADP	DET	en	en	false	within
train-s30	4	5	DET	NOUN	en	en	false	within
train-s30	5	6	NOUN	NOUN	en	en	false	within
train-s30	6	10	NOUN	ADP	en	hi	true	boundary
train-s30	10	11	ADP	NOUN	hi	hi	false	boundary
train-s30	11	12	NOUN	NOUN	hi	en	true	within
train-s30	12	13	NOUN	ADV	en	hi	true	within
train-s30	13	14	ADV	ADJ	hi	en	true	within
train-s30	14	15	ADJ	AUX	en	hi	true	within
train-s31	1	2	VERB	ADP	en	en	false	boundary
train-s31	2	3	ADP	NOUN	en	en	false	within
train-s31	3	4	NOUN	VERB	en	hi	true	boundary
train-s31	4	5	VERB	SCONJ	hi	hi	false	within
train-s31	5	6	SCONJ	PART	hi	hi	false	boundary
train-s31	6	7	PART	VERB	hi	hi	false	within
train-s32	1	2	PRON	VERB	en	en	false	within
train-s32	2	3	VERB	PRON	en	en	false	boundary
train-s32	3	4	PRON	NOUN	en	en	false	within
train-s32	4	5	NOUN	ADP	en	en	false	boundary
train-s32	5	6	ADP	PRON	en	en	false	within
train-s32	6	7	PRON	NOUN	en	en	false	within
train-s32	7	8	NOUN	CCONJ	en	en	false	boundary
train-s32	8	9	CCONJ	VERB	en	en	false	boundary
train-s32	9	11	VERB	NOUN	en	hi	true	boundary
train-s32	11	12	NOUN	VERB	hi	hi	false	within
train-s32	12	13	VERB	PRON	hi	hi	false	boundary
train-s32	13	14	PRON	NOUN	hi	hi	false	within
train-s32	14	15	NOUN	ADV	hi	hi	false	within
train-s32	15	16	ADV	VERB	hi	hi	false	within
train-s33	1	2	ADV	ADV	hi	hi	false	within
train-s33	2	3	ADV	NOUN	hi	en	true	within
train-s33	3	4	NOUN	ADJ	en	en	false	within
train-s33	4	5	ADJ	NOUN	en	en	false	within
train-s34	2	3	PRON	AUX	en	en	false	within
train-s34	3	4	AUX	ADV	en	en	false	within
train-s34	4	5	ADV	DET	en	en	false	within
train-s34	5	6	DET	ADJ	en	en	false	within
train-s34	6	7	ADJ	NOUN	en	en	false	within
train-s34	7	8	NOUN	ADP	en	en	false	boundary
train-s34	8	10	ADP	PRON	en	hi	true	within
train-s34	10	11	PRON	DET	hi	hi	false	boundary
train-s34	11	12	DET	NOUN	hi	hi	false	within
train-s34	12	13	NOUN	PART	hi	hi	false	within
train-s34	13	14	PART	VERB	hi	hi	false	within
train-s35	1	2	DET	NOUN	hi	hi	false	within
train-s35	2	3	NOUN	ADP	hi	hi	false	within
train-s35	3	4	ADP	ADJ	hi	en	true	boundary
train-s35	4	5	ADJ	NOUN	en	en	false	within
train-s35	5	6	NOUN	AUX	en	hi	true	within
train-s35	6	7	AUX	NOUN	hi	hi	false	within
train-s36	2	3	NOUN	ADP	en	hi	true	within
train-s36	3	4	ADP	NOUN	hi	hi	false	boundary
train-s36	4	5	NOUN	AUX	hi	hi	false	within
train-s36	5	7	AUX	CCONJ	hi	en	true	boundary
train-s36	7	8	CCONJ	ADV	en	en	false	within
train-s36	8	9	ADV	DET	en	en	false	within
train-s36	9	10	DET	ADJ	en	en	false	within
train-s36	10	11	ADJ	NOUN	en	en	false	within
train-s37	2	3	ADP	NOUN	hi	hi	false	boundary
train-s37	3	4	NOUN	ADJ	hi	en	true	boundary
train-s37	4	5	ADJ	NOUN	en	en	false	within
train-s37	5	6	NOUN	ADP	en	hi	true	within
train-s37	6	7	ADP	ADP	hi	hi	false	within
train-s37	7	8	ADP	NOUN	hi	en	true	boundary
train-s37	8	9	NOUN	VERB	en	hi	true	within
train-s37	9	10	VERB	AUX	hi	hi	false	within
train-s38	1	2	PRON	VERB	en	en	false	within
train-s38	2	3	VERB	VERB	en	en	false	boundary
train-s38	3	5	VERB	PROPN	en	hi	true	boundary
train-s38	5	6	PROPN	ADP	hi	hi	false	within
train-s38	6	7	ADP	NOUN	hi	hi	false	boundary
train-s38	7	8	NOUN	AUX	hi	en	true	boundary
train-s38	8	9	AUX	DET	en	en	false	within
train-s38	9	10	DET	NOUN	en	en	false	within
train-s38	10	11	NOUN	ADP	en	en	false	boundary
train-s38	11	12	ADP	NOUN	en	en	false	within
train-s39	1	2	PRON	DET	hi	hi	false	boundary
train-s39	2	3	DET	ADJ	hi	en	true	within
train-s39	3	4	ADJ	NOUN	en	en	false	within
train-s39	4	5	NOUN	VERB	en	hi	true	within
train-s40	2	3	PRON	AUX	en	en	false	within
train-s40	3	4	AUX	VERB	en	en	false	within
train-s40	4	7	VERB	NOUN	en	en	false	boundary
train-s40	7	8	NOUN	ADV	en	hi	true	within
train-s40	8	9	ADV	ADJ	hi	hi	false	within
train-s40	9	10	ADJ	AUX	hi	hi	false	within
train-s41	4	5	AUX	VERB	en	en	false	within
train-s41	5	6	VERB	DET	en	en	false	boundary
train-s41	6	7	DET	NOUN	en	en	false	within
train-s41	7	8	NOUN	SCONJ	en	en	false	boundary
train-s41	8	11	SCONJ	ADP	en	hi	true	boundary
train-s41	11	12	ADP	NOUN	hi	hi	false	boundary
train-s41	12	13	NOUN	VERB	hi	hi	false	within
train-s41	13	14	VERB	CCONJ	hi	hi	false	boundary
train-s41	14	15	CCONJ	NOUN	hi	en	true	within
train-s41	15	16	NOUN	NOUN	en	hi	true	within
train-s41	16	17	NOUN	VERB	hi	hi	false	within
train-s42	1	3	ADJ	PART	hi	hi	false	within
train-s42	3	4	PART	ADP	hi	en	true	boundary
train-s42	4	5	ADP	NOUN	en	en	false	within
train-s42	5	6	NOUN	VERB	en	hi	true	within
train-s42	6	7	VERB	AUX	hi	hi	false	within
train-s42	7	8	AUX	AUX	hi	hi	false	within
train-s43	1	2	DET	ADJ	hi	hi	false	within
train-s43	2	3	ADJ	NOUN	hi	hi	false	within
train-s43	3	4	NOUN	PRON	hi	hi	false	within
train-s43	4	5	PRON	VERB	hi	hi	false	within
train-s43	5	6	VERB	ADJ	hi	en	true	boundary
train-s43	6	7	ADJ	NOUN	en	en	false	within
train-s43	7	8	NOUN	AUX	en	en	false	within
train-s43	8	9	AUX	ADV	en	en	false	within
train-s43	9	10	ADV	ADJ	en	en	false	within
train-s44	1	2	VERB	NOUN	en	hi	true	boundary
train-s44	2	3	NOUN	ADP	hi	hi	false	within
train-s44	3	4	ADP	NOUN	hi	hi	false	boundary
train-s44	4	5	NOUN	ADP	hi	hi	false	within
train-s44	5	6	ADP	NOUN	hi	en	true	boundary
train-s45	1	2	ADJ	NOUN	en	en	false	within
train-s45	2	3	NOUN	CCONJ	en	en	false	within
train-s45	3	5	CCONJ	ADP	en	hi	true	boundary
train-s45	5	6	ADP	NOUN	hi	hi	false	boundary
train-s45	6	7	NOUN	ADP	hi	en	true	boundary
train-s45	7	8	ADP	DET	en	en	false	within
train-s45	8	9	DET	NOUN	en	en	false	within
train-s45	9	10	NOUN	INTJ	en	en	false	boundary
train-s46	1	2	PRON	VERB	hi	hi	false	within
train-s46	2	3	VERB	PART	hi	hi	false	within
train-s46	3	4	PART	PART	hi	hi	false	within
train-s46	4	5	PART	AUX	hi	hi	false	within
train-s46	5	6	AUX	CCONJ	hi	hi	false	boundary
train-s46	6	7	CCONJ	NOUN	hi	en	true	boundary
train-s46	7	8	NOUN	NOUN	en	en	false	within
train-s46	8	9	NOUN	VERB	en	hi	true	within
train-s46	9	10	VERB	VERB	hi	hi	false	within
train-s46	10	11	VERB	AUX	hi	hi	false	within
train-s47	1	2	SCONJ	PRON	en	en	false	within
train-s47	2	3	PRON	AUX	en	en	false	within
train-s47	3	4	AUX	ADJ	en	en	false	within
train-s47	4	5	ADJ	SCONJ	en	hi	true	boundary
train-s47	5	6	SCONJ	NOUN	hi	hi	false	within
train-s47	6	7	NOUN	VERB	hi	hi	false	within
train-s47	7	8	VERB	PART	hi	hi	false	within
train-s47	8	9	PART	VERB	hi	hi	false	boundary
train-s47	9	10	VERB	AUX	hi	hi	false	within
train-s48	1	2	AUX	VERB	en	en	false	within
train-s48	2	3	VERB	PROPN	en	en	false	within
train-s48	3	4	PROPN	AUX	en	hi	true	within
train-s48	4	5	AUX	PART	hi	hi	false	within
train-s49	3	5	CCONJ	ADP	en	hi	true	boundary
train-s49	5	6	ADP	ADJ	hi	en	true	boundary
train-s49	6	8	ADJ	NOUN	en	en	false	within
train-s49	8	9	NOUN	ADP	en	hi	true	within
train-s49	9	10	ADP	NOUN	hi	en	true	boundary
train-s49	10	11	NOUN	VERB	en	hi	true	within
train-s49	11	12	VERB	PRON	hi	en	true	boundary
train-s49	12	13	PRON	AUX	en	en	false	within
train-s49	13	14	AUX	PRON	en	en	false	within
train-s50	2	3	PRON	AUX	en	en	false	within
train-s50	3	4	AUX	PART	en	en	false	within
train-s50	4	5	PART	VERB	en	en	false	within
train-s50	5	6	VERB	PRON	en	hi	true	boundary
train-s50	6	7	PRON	ADV	hi	hi	false	within
train-s50	7	9	ADV	NOUN	hi	en	true	boundary
train-s50	9	11	NOUN	VERB	en	hi	true	within
train-s50	11	12	VERB	SCONJ	hi	hi	false	within
train-s50	12	13	SCONJ	NOUN	hi	hi	false	boundary
train-s50	13	14	NOUN	VERB	hi	hi	false	within
train-s50	14	15	VERB	CCONJ	hi	hi	false	boundary
train-s50	15	16	CCONJ	NOUN	hi	hi	false	within
train-s50	16	17	NOUN	VERB	hi	hi	false	within
train-s51	1	2	ADV	AUX	en	en	false	within
train-s51	2	3	AUX	ADJ	en	hi	true	boundary
train-s51	3	4	ADJ	NOUN	hi	hi	false	within
train-s51	4	5	NOUN	ADV	hi	en	true	within
train-s51	5	6	ADV	ADJ	en	en	false	within
train-s52	2	3	NOUN	ADP	en	hi	true	within
train-s52	3	4	ADP	ADV	hi	hi	false	boundary
train-s52	4	5	ADV	PART	hi	hi	false	within
train-s52	5	6	PART	NOUN	hi	en	true	boundary
train-s52	6	7	NOUN	ADV	en	en	false	within
train-s52	7	8	ADV	VERB	en	hi	true	within
train-s52	8	9	VERB	AUX	hi	hi	false	within
train-s52	9	10	AUX	AUX	hi	hi	false	within
train-s52	10	12	AUX	PRON	hi	en	true	boundary
train-s52	12	13	PRON	VERB	en	en	false	within
train-s52	13	14	VERB	PART	en	en	false	boundary
train-s52	14	15	PART	VERB	en	en	false	within
train-s52	15	16	VERB	PART	en	en	false	boundary
train-s52	16	17	PART	VERB	en	en	false	within
train-s52	17	18	VERB	NOUN	en	en	false	within
train-s52	18	19	NOUN	ADJ	en	en	false	boundary
train-s52	19	20	ADJ	NOUN	en	en	false	within
train-s53	1	2	PRON	ADJ	en	en	false	within
train-s53	2	3	ADJ	NOUN	en	en	false	within
train-s53	3	4	NOUN	PRON	en	hi	true	within
train-s53	4	5	PRON	VERB	hi	hi	false	within
train-s53	5	6	VERB	PART	hi	hi	false	within
train-s53	6	7	PART	AUX	hi	hi	false	within
train-s53	7	8	AUX	AUX	hi	hi	false	within
train-s53	8	9	AUX	CCONJ	hi	hi	false	boundary
train-s53	9	10	CCONJ	PART	hi	hi	false	within
train-s54	1	2	NOUN	ADP	hi	hi	false	within
train-s54	2	3	ADP	VERB	hi	hi	false	boundary
train-s54	3	4	VERB	AUX	hi	en	true	within
train-s54	4	5	AUX	DET	en	en	false	within
train-s54	5	6	DET	DET	en	en	false	within
train-s54	6	7	DET	NOUN	en	en	false	within
train-s55	1	2	NOUN	VERB	en	hi	true	within
train-s55	2	3	VERB	AUX	hi	hi	false	within
train-s55	3	4	AUX	PRON	hi	hi	false	boundary
train-s55	4	5	PRON	ADP	hi	hi	false	within
train-s55	5	6	ADP	NOUN	hi	hi	false	boundary
train-s55	6	7	NOUN	ADP	hi	hi	false	within
train-s55	7	8	ADP	NOUN	hi	en	true	boundary
train-s55	8	9	NOUN	NOUN	en	en	false	within
train-s55	9	10	NOUN	VERB	en	hi	true	within
train-s56	1	2	NOUN	VERB	en	en	false	within
train-s56	2	3	VERB	PRON	en	en	false	within
train-s56	3	4	PRON	SCONJ	en	en	false	boundary
train-s56	4	5	SCONJ	VERB	en	en	false	within
train-s56	5	7	VERB	NOUN	en	hi	true	boundary
train-s56	7	8	NOUN	PRON	hi	hi	false	within
train-s56	8	9	PRON	ADP	hi	hi	false	within
train-s56	9	10	ADP	PART	hi	hi	false	within
train-s56	10	11	PART	ADV	hi	hi	false	boundary
train-s56	11	12	ADV	ADJ	hi	en	true	within
train-s56	12	13	ADJ	VERB	en	hi	true	within
train-s56	13	14	VERB	AUX	hi	hi	false	within
train-s56	14	15	AUX	AUX	hi	hi	false	within
train-s56	15	16	AUX	NOUN	hi	en	true	within
train-s57	1	2	NOUN	ADP	hi	hi	false	within
train-s57	2	3	ADP	NOUN	hi	hi	false	boundary
train-s57	3	4	NOUN	VERB	hi	hi	false	within
train-s57	4	5	VERB	AUX	hi	en	true	within
train-s57	5	6	AUX	PART	en	en	false	boundary
train-s57	6	7	PART	NOUN	en	en	false	within
train-s57	7	8	NOUN	DET	en	en	false	within
train-s57	8	9	DET	NOUN	en	hi	true	within
train-s57	9	11	NOUN	NOUN	hi	hi	false	within
train-s57	11	12	NOUN	ADP	hi	en	true	boundary
train-s57	12	13	ADP	DET	en	en	false	within
train-s57	13	14	DET	NOUN	en	en	false	within
train-s57	14	15	NOUN	DET	en	en	false	boundary
train-s57	15	16	DET	NOUN	en	en	false	within
train-s58	1	2	PRON	DET	hi	hi	false	within
train-s58	2	3	DET	NOUN	hi	en	true	within
train-s58	3	4	NOUN	ADP	en	en	false	boundary
train-s58	4	5	ADP	NOUN	en	en	false	within
train-s58	5	6	NOUN	AUX	en	hi	true	within
train-s58	6	7	AUX	SCONJ	hi	hi	false	boundary
train-s58	7	8	SCONJ	NOUN	hi	hi	false	within
train-s58	8	9	NOUN	ADP	hi	hi	false	within
train-s58	9	10	ADP	VERB	hi	hi	false	boundary
train-s58	10	11	VERB	AUX	hi	hi	false	within
train-s59	1	2	DET	NOUN	en	en	false	within
train-s59	2	3	NOUN	PRON	en	en	false	boundary
train-s59	3	4	PRON	VERB	en	en	false	within
train-s59	4	6	VERB	NOUN	en	hi	true	boundary
train-s59	6	7	NOUN	VERB	hi	hi	false	within
train-s59	7	8	VERB	NOUN	hi	hi	false	within
train-s59	8	9	NOUN	VERB	hi	hi	false	within
train-s59	9	12	VERB	VERB	hi	hi	false	boundary
train-s59	12	13	VERB	VERB	hi	hi	false	within
train-s59	13	14	VERB	AUX	hi	hi	false	within
train-s59	14	16	AUX	AUX	hi	en	true	boundary
train-s59	16	17	AUX	ADV	en	en	false	within
train-s59	17	18	ADV	ADV	en	en	false	within
train-s59	18	19	ADV	ADJ	en	en	false	within
train-s60	2	3	PRON	VERB	en	en	false	within
train-s60	3	4	VERB	VERB	en	en	false	within
train-s60	4	6	VERB	DET	en	hi	true	boundary
train-s60	6	7	DET	NOUN	hi	hi	false	within
train-s60	7	8	NOUN	PART	hi	hi	false	within
train-s60	8	9	PART	ADJ	hi	hi	false	boundary
train-s60	9	10	ADJ	AUX	hi	hi	false	within
train-s60	10	11	AUX	VERB	hi	hi	false	boundary
train-s60	11	12	VERB	AUX	hi	hi	false	within
train-s61	3	5	ADP	AUX	en	en	false	boundary
train-s61	5	6	AUX	DET	en	en	false	within
train-s61	6	7	DET	ADJ	en	hi	true	within
train-s61	7	8	ADJ	NOUN	hi	hi	false	within
train-s62	2	3	PRON	NOUN	hi	en	true	within
train-s62	3	4	NOUN	ADV	en	hi	true	within
train-s62	4	5	ADV	ADJ	hi	hi	false	within
train-s62	5	6	ADJ	NOUN	hi	en	true	within
train-s62	6	7	NOUN	VERB	en	hi	true	within
train-s62	7	8	VERB	AUX	hi	hi	false	within
train-s63	1	2	NOUN	AUX	hi	en	true	within
train-s63	2	3	AUX	ADJ	en	en	false	within
train-s63	3	4	ADJ	ADV	en	en	false	boundary
train-s63	4	5	ADV	PRON	en	en	false	within
train-s63	5	6	PRON	VERB	en	en	false	within
train-s63	6	7	VERB	PRON	en	hi	true	boundary
train-s63	7	8	PRON	ADJ	hi	hi	false	within
train-s63	8	9	ADJ	PART	hi	hi	false	within
train-s63	9	10	PART	VERB	hi	hi	false	boundary
train-s63	10	11	VERB	AUX	hi	hi	false	within
train-s64	2	4	PART	AUX	en	en	false	boundary
train-s64	4	5	AUX	DET	en	en	false	within
train-s64	5	6	DET	ADJ	en	en	false	within
train-s64	6	7	ADJ	CCONJ	en	en	false	boundary
train-s64	7	8	CCONJ	NOUN	en	en	false	boundary
train-s64	8	9	NOUN	NOUN	en	en	false	within
train-s64	9	10	NOUN	ADP	en	hi	true	within
train-s64	10	11	ADP	ADV	hi	hi	false	boundary
train-s64	11	12	ADV	DET	hi	hi	false	within
train-s64	12	13	DET	NOUN	hi	hi	false	within
train-s64	13	14	NOUN	PRON	hi	hi	false	within
train-s64	14	15	PRON	ADP	hi	hi	false	within
train-s64	15	16	ADP	VERB	hi	hi	false	boundary
train-s64	16	17	VERB	AUX	hi	hi	false	within
train-s64	17	18	AUX	AUX	hi	hi	false	within
train-s64	18	21	AUX	ADV	hi	en	true	boundary
train-s64	21	22	ADV	PROPN	en	en	false	within
train-s64	22	23	PROPN	VERB	en	en	false	within
train-s65	2	3	PRON	PRON	en	en	false	within
train-s65	3	4	PRON	AUX	en	en	false	boundary
train-s65	4	5	AUX	VERB	en	en	false	within
train-s65	5	6	VERB	PART	en	en	false	boundary
train-s65	6	7	PART	VERB	en	en	false	within
train-s65	7	8	VERB	PRON	en	en	false	within
train-s65	8	10	PRON	ADV	en	hi	true	boundary
train-s65	10	11	ADV	ADP	hi	hi	false	within
train-s65	11	12	ADP	ADJ	hi	en	true	boundary
train-s65	12	13	ADJ	CCONJ	en	hi	true	boundary
train-s65	13	14	CCONJ	PRON	hi	hi	false	within
train-s65	14	15	PRON	ADP	hi	hi	false	within
train-s65	15	16	ADP	ADJ	hi	en	true	boundary
train-s65	16	17	ADJ	VERB	en	hi	true	boundary
train-s65	17	18	VERB	NOUN	hi	hi	false	within
train-s65	18	19	NOUN	ADP	hi	hi	false	within
train-s65	19	20	ADP	VERB	hi	hi	false	boundary
train-s66	1	2	ADJ	NOUN	en	en	false	within
train-s66	2	3	NOUN	ADV	en	hi	true	within
train-s66	3	4	ADV	ADP	hi	hi	false	within
train-s66	4	5	ADP	NOUN	hi	hi	false	boundary
train-s66	5	6	NOUN	VERB	hi	hi	false	within
train-s66	6	7	VERB	SCONJ	hi	hi	false	within
train-s66	7	8	SCONJ	ADV	hi	hi	false	within
train-s66	8	9	ADV	PRON	hi	hi	false	within
train-s66	9	10	PRON	PART	hi	hi	false	within
train-s66	10	11	PART	AUX	hi	hi	false	within
train-s66	11	12	AUX	NOUN	hi	en	true	within
train-s66	12	13	NOUN	ADP	en	hi	true	within
train-s67	1	2	ADV	NOUN	hi	hi	false	within
train-s67	2	3	NOUN	VERB	hi	hi	false	within
train-s67	3	4	VERB	AUX	hi	hi	false	within
train-s67	4	5	AUX	ADP	hi	en	true	boundary
train-s67	5	7	ADP	NOUN	en	en	false	within
train-s68	1	2	NOUN	PART	hi	hi	false	within
train-s68	2	3	PART	ADP	hi	hi	false	within
train-s68	3	4	ADP	NOUN	hi	en	true	boundary
train-s68	4	5	NOUN	NOUN	en	en	false	within
train-s68	5	6	NOUN	ADP	en	hi	true	within
train-s68	6	7	ADP	NOUN	hi	en	true	boundary
train-s68	7	8	NOUN	ADJ	en	hi	true	within
train-s69	1	2	INTJ	VERB	hi	hi	false	within
train-s69	2	3	VERB	PRON	hi	hi	false	within
train-s69	3	4	PRON	ADJ	hi	en	true	boundary
train-s69	4	5	ADJ	NOUN	en	en	false	within
train-s69	5	6	NOUN	VERB	en	hi	true	within
train-s69	6	7	VERB	AUX	hi	hi	false	within
train-s70	1	2	NOUN	NOUN	en	en	false	within
train-s70	2	3	NOUN	VERB	en	hi	true	within
train-s70	3	4	VERB	AUX	hi	hi	false	within
train-s70	4	5	AUX	AUX	hi	hi	false	within
train-s70	5	6	AUX	PRON	hi	hi	false	within
train-s71	2	3	DET	NOUN	en	en	false	within
train-s71	3	4	NOUN	AUX	en	en	false	within
train-s71	4	5	AUX	VERB	en	en	false	within
train-s71	5	6	VERB	ADP	en	en	false	boundary
train-s71	6	7	ADP	PRON	en	en	false	within
train-s71	7	8	PRON	SCONJ	en	en	false	boundary
train-s71	8	9	SCONJ	DET	en	hi	true	boundary
train-s71	9	10	DET	NOUN	hi	hi	false	within
train-s71	10	11	NOUN	PART	hi	hi	false	within
train-s71	11	12	PART	VERB	hi	hi	false	within
train-s72	1	2	CCONJ	ADV	en	en	false	within
train-s72	2	3	ADV	NOUN	en	en	false	within
train-s72	3	4	NOUN	ADP	en	hi	true	within
train-s72	4	5	ADP	NOUN	hi	en	true	boundary
train-s72	5	6	NOUN	ADJ	en	hi	true	within
train-s72	6	7	ADJ	ADV	hi	hi	false	within
train-s72	7	8	ADV	AUX	hi	hi	false	within
train-s72	8	9	AUX	AUX	hi	hi	false	within
train-s72	9	10	AUX	PART	hi	hi	false	within
train-s73	3	4	ADP	NOUN	hi	hi	false	boundary
train-s73	4	5	NOUN	ADP	hi	hi	false	within
train-s73	5	6	ADP	NOUN	hi	en	true	boundary
train-s73	6	7	NOUN	NOUN	en	en	false	within
train-s73	7	8	NOUN	PART	en	hi	true	within
train-s73	8	9	PART	VERB	hi	hi	false	boundary
train-s73	9	10	VERB	AUX	hi	hi	false	within
train-s74	3	4	VERB	PRON	en	en	false	within
train-s74	4	5	PRON	ADP	en	en	false	boundary
train-s74	5	7	ADP	ADP	en	hi	true	boundary
train-s74	7	8	ADP	NOUN	hi	hi	false	boundary
train-s75	2	3	PRON	NOUN	en	en	false	within
train-s75	3	4	NOUN	ADP	en	en	false	boundary
train-s75	4	5	ADP	PRON	en	en	false	within
train-s75	5	8	PRON	ADV	en	hi	true	within
train-s75	8	9	ADV	VERB	hi	hi	false	within
train-s75	9	10	VERB	AUX	hi	hi	false	within
train-s75	10	11	AUX	AUX	hi	hi	false	within
train-s75	11	13	AUX	AUX	hi	en	true	boundary
train-s75	13	14	AUX	ADJ	en	en	false	within
train-s75	14	15	ADJ	SCONJ	en	en	false	boundary
train-s75	15	17	SCONJ	NOUN	en	en	false	within
train-s75	17	18	NOUN	VERB	en	hi	true	within
train-s75	18	19	VERB	AUX	hi	hi	false	within
train-s75	19	20	AUX	PRON	hi	hi	false	within
train-s76	1	2	VERB	NOUN	en	en	false	boundary
train-s76	2	3	NOUN	ADP	en	hi	true	within
train-s76	3	4	ADP	ADP	hi	hi	false	within
train-s76	4	5	ADP	VERB	hi	hi	false	boundary
train-s76	5	6	VERB	SCONJ	hi	hi	false	within
train-s76	6	7	SCONJ	NOUN	hi	en	true	boundary
train-s77	2	3	VERB	PRON	en	en	false	within
train-s77	3	5	PRON	AUX	en	en	false	boundary
train-s77	5	6	AUX	DET	en	en	false	within
train-s77	6	7	DET	ADJ	en	en	false	within
train-s77	7	8	ADJ	NOUN	en	en	false	within
train-s77	8	9	NOUN	SCONJ	en	en	false	boundary
train-s77	9	10	SCONJ	VERB	en	en	false	within
train-s77	10	12	VERB	PRON	en	hi	true	boundary
train-s77	12	13	PRON	PRON	hi	hi	false	within
train-s77	13	14	PRON	NOUN	hi	hi	false	within
train-s78	1	2	ADV	NOUN	en	en	false	within
train-s78	2	3	NOUN	AUX	en	en	false	within
train-s78	3	4	AUX	VERB	en	en	false	within
train-s78	4	6	VERB	PART	en	hi	true	boundary
train-s78	6	7	PART	NOUN	hi	hi	false	boundary
train-s78	7	8	NOUN	AUX	hi	hi	false	within
train-s79	1	2	PRON	PRON	hi	hi	false	within
train-s79	2	3	PRON	ADP	hi	hi	false	within
train-s79	3	4	ADP	PART	hi	hi	false	within
train-s79	4	5	PART	PRON	hi	hi	false	boundary
train-s79	5	6	PRON	ADP	hi	en	true	boundary
train-s79	6	7	ADP	ADP	en	en	false	within
train-s79	7	8	ADP	DET	en	en	false	within
train-s79	8	9	DET	NOUN	en	en	false	within
train-s79	9	10	NOUN	VERB	en	hi	true	within
train-s79	10	11	VERB	AUX	hi	hi	false	within
train-s79	11	12	AUX	NOUN	hi	en	true	boundary
train-s79	12	13	NOUN	VERB	en	hi	true	within
train-s79	13	14	VERB	AUX	hi	hi	false	within
train-s80	1	2	PRON	AUX	en	en	false	within
train-s80	2	3	AUX	ADV	en	en	false	within
train-s80	3	4	ADV	VERB	en	en	false	within
train-s80	4	5	VERB	DET	en	en	false	boundary
train-s80	5	6	DET	NOUN	en	en	false	within
train-s80	6	7	NOUN	ADJ	en	en	false	boundary
train-s80	7	8	ADJ	ADP	en	en	false	within
train-s80	8	9	ADP	DET	en	en	false	within
train-s80	9	10	DET	NOUN	en	en	false	within
train-s80	10	12	NOUN	CCONJ	en	en	false	boundary
train-s80	12	13	CCONJ	DET	en	en	false	boundary
train-s80	13	14	DET	ADJ	en	en	false	within
train-s80	14	15	ADJ	NOUN	en	en	false	within
train-s80	15	16	NOUN	AUX	en	en	false	within
train-s80	16	17	AUX	SCONJ	en	hi	true	within
train-s80	17	18	SCONJ	NOUN	hi	hi	false	within
train-s80	18	19	NOUN	NOUN	hi	hi	false	within
train-s80	19	20	NOUN	ADP	hi	hi	false	within
train-s80	20	21	ADP	VERB	hi	hi	false	boundary
train-s80	21	22	VERB	AUX	hi	hi	false	within
train-s80	22	23	AUX	VERB	hi	hi	false	boundary
train-s81	1	2	ADJ	NOUN	en	en	false	within
train-s81	2	3	NOUN	ADP	en	hi	true	within
train-s81	3	4	ADP	NOUN	hi	hi	false	boundary
train-s81	4	5	NOUN	VERB	hi	hi	false	within
train-s81	5	6	VERB	ADV	hi	hi	false	boundary
train-s81	6	7	ADV	NOUN	hi	en	true	within
train-s81	7	8	NOUN	DET	en	hi	true	within
train-s81	8	9	DET	ADJ	hi	hi	false	within
train-s81	9	10	ADJ	AUX	hi	hi	false	within
train-s82	1	2	ADV	ADJ	hi	en	true	boundary
train-s82	2	3	ADJ	NOUN	en	en	false	within
train-s82	3	4	NOUN	ADP	en	hi	true	within
train-s82	4	5	ADP	PART	hi	hi	false	within
train-s82	5	6	PART	NOUN	hi	hi	false	boundary
train-s82	6	7	NOUN	VERB	hi	hi	false	within
train-s82	7	8	VERB	VERB	hi	hi	false	within
train-s82	8	9	VERB	AUX	hi	hi	false	within
train-s83	1	2	NOUN	PRON	en	en	false	boundary
train-s83	2	3	PRON	NOUN	en	en	false	within
train-s83	3	4	NOUN	AUX	en	en	false	within
train-s83	4	5	AUX	PART	en	en	false	within
train-s83	5	6	PART	NOUN	en	en	false	within
train-s83	6	7	NOUN	PRON	en	hi	true	boundary
train-s83	7	8	PRON	PRON	hi	hi	false	within
train-s83	8	9	PRON	PART	hi	hi	false	within
train-s83	9	10	PART	VERB	hi	hi	false	boundary
train-s83	10	11	VERB	AUX	hi	hi	false	within
train-s83	11	12	AUX	AUX	hi	hi	false	within
train-s84	1	2	PRON	PART	hi	hi	false	within
train-s84	2	3	PART	VERB	hi	hi	false	boundary
train-s84	3	4	VERB	AUX	hi	hi	false	within
train-s84	4	6	AUX	AUX	hi	en	true	boundary
train-s84	6	7	AUX	DET	en	en	false	boundary
train-s84	7	8	DET	PROPN	en	en	false	within
train-s84	8	9	PROPN	NOUN	en	en	false	within
train-s84	9	10	NOUN	NOUN	en	en	false	within
train-s85	1	2	VERB	ADV	en	en	false	within
train-s85	2	3	ADV	DET	en	hi	true	boundary
train-s85	3	4	DET	ADJ	hi	hi	false	within
train-s85	4	5	ADJ	NOUN	hi	en	true	within
train-s86	1	2	ADV	NOUN	en	en	false	within
train-s86	2	3	NOUN	VERB	en	hi	true	within
train-s86	3	4	VERB	SCONJ	hi	hi	false	within
train-s86	4	5	SCONJ	NOUN	hi	en	true	boundary
train-s86	5	6	NOUN	PRON	en	hi	true	boundary
train-s86	6	7	PRON	NOUN	hi	hi	false	boundary
train-s86	7	8	NOUN	ADP	hi	hi	false	within
train-s86	8	9	ADP	VERB	hi	hi	false	boundary
train-s86	9	10	VERB	AUX	hi	hi	false	within
train-s86	10	11	AUX	VERB	hi	hi	false	boundary
train-s87	1	2	ADV	PRON	en	en	false	within
train-s87	2	3	PRON	VERB	en	en	false	within
train-s87	3	4	VERB	DET	en	hi	true	boundary
train-s87	4	5	DET	NOUN	hi	hi	false	within
train-s87	5	6	NOUN	PART	hi	hi	false	within
train-s87	6	7	PART	AUX	hi	hi	false	within
train-s87	7	8	AUX	AUX	hi	hi	false	within
train-s87	8	10	AUX	NOUN	hi	hi	false	boundary
train-s87	10	11	NOUN	PRON	hi	hi	false	boundary
train-s87	11	12	PRON	VERB	hi	hi	false	within
train-s87	12	13	VERB	AUX	hi	hi	false	within
train-s87	13	14	AUX	NOUN	hi	hi	false	boundary
train-s87	14	15	NOUN	ADP	hi	hi	false	within
train-s87	15	16	ADP	VERB	hi	hi	false	boundary
train-s88	1	2	AUX	PRON	en	en	false	within
train-s88	2	3	PRON	DET	en	en	false	boundary
train-s88	3	4	DET	ADJ	en	en	false	within
train-s88	4	5	ADJ	NOUN	en	en	false	within
train-s88	5	6	NOUN	PRON	en	en	false	boundary
train-s88	6	7	PRON	AUX	en	en	false	within
train-s88	7	8	AUX	PART	en	en	false	within
train-s88	8	9	PART	VERB	en	en	false	within
train-s88	9	10	VERB	DET	en	en	false	boundary
train-s88	10	11	DET	NOUN	en	en	false	within
train-s88	11	12	NOUN	SCONJ	en	en	false	boundary
train-s88	12	14	SCONJ	DET	en	hi	true	boundary
train-s88	14	15	DET	VERB	hi	hi	false	boundary
train-s88	15	16	VERB	AUX	hi	hi	false	within
train-s88	16	17	AUX	AUX	hi	hi	false	within
train-s88	17	18	AUX	NOUN	hi	en	true	within
train-s89	2	3	NOUN	VERB	en	en	false	within
train-s89	3	4	VERB	SCONJ	en	en	false	boundary
train-s89	4	6	SCONJ	NOUN	en	en	false	boundary
train-s89	6	7	NOUN	PRON	en	hi	true	within
train-s89	7	8	PRON	VERB	hi	hi	false	boundary
train-s89	8	9	VERB	NOUN	hi	en	true	within
train-s89	9	10	NOUN	VERB	en	hi	true	within
train-s89	10	11	VERB	AUX	hi	hi	false	within
train-s90	1	2	NOUN	ADP	hi	hi	false	within
train-s90	2	3	ADP	ADP	hi	hi	false	within
train-s90	3	4	ADP	DET	hi	hi	false	boundary
train-s90	4	5	DET	NOUN	hi	hi	false	within
train-s90	5	6	NOUN	ADV	hi	hi	false	within
train-s90	6	7	ADV	AUX	hi	hi	false	within
train-s90	7	8	AUX	SCONJ	hi	hi	false	boundary
train-s90	8	9	SCONJ	PRON	hi	en	true	within
train-s90	9	10	PRON	VERB	en	en	false	within
train-s90	10	11	VERB	DET	en	en	false	boundary
train-s90	11	12	DET	DET	en	en	false	within
train-s90	12	13	DET	NOUN	en	en	false	within
train-s90	13	14	NOUN	ADP	en	en	false	boundary
train-s90	14	18	ADP	NOUN	en	en	false	boundary
train-s91	1	2	PRON	AUX	en	en	false	within
train-s91	2	3	AUX	ADV	en	en	false	within
train-s91	3	4	ADV	CCONJ	en	hi	true	within
train-s91	4	5	CCONJ	PRON	hi	hi	false	within
train-s91	5	6	PRON	NOUN	hi	hi	false	within
train-s91	6	7	NOUN	VERB	hi	hi	false	within
train-s91	7	8	VERB	AUX	hi	hi	false	within
train-s92	1	2	SCONJ	PRON	en	en	false	within
train-s92	2	3	PRON	VERB	en	en	false	within
train-s92	3	4	VERB	SCONJ	en	hi	true	within
train-s92	4	5	SCONJ	VERB	hi	hi	false	within
train-s92	5	6	VERB	AUX	hi	hi	false	within
train-s93	1	2	DET	NOUN	hi	en	true	within
train-s93	2	3	NOUN	VERB	en	hi	true	within
train-s93	3	4	VERB	ADV	hi	hi	false	within
train-s93	4	5	ADV	NOUN	hi	en	true	boundary
train-s93	5	6	NOUN	VERB	en	en	false	boundary
train-s93	6	7	VERB	PART	en	en	false	boundary
train-s93	7	8	PART	VERB	en	en	false	within
train-s94	1	2	DET	NOUN	hi	hi	false	within
train-s94	2	3	NOUN	ADJ	hi	hi	false	within
train-s94	3	4	ADJ	VERB	hi	hi	false	within
train-s94	4	5	VERB	AUX	hi	hi	false	within
train-s94	5	6	AUX	DET	hi	hi	false	boundary
train-s94	6	7	DET	ADJ	hi	hi	false	within
train-s94	7	8	ADJ	NOUN	hi	en	true	within
train-s94	8	9	NOUN	ADP	en	hi	true	within
train-s94	9	10	ADP	VERB	hi	hi	false	boundary
train-s94	10	11	VERB	AUX	hi	hi	false	within
train-s94	11	12	AUX	AUX	hi	hi	false	within
train-s94	12	13	AUX	AUX	hi	hi	false	within
train-s94	13	14	AUX	ADP	hi	en	true	boundary
train-s94	14	16	ADP	NOUN	en	en	false	boundary
train-s95	1	2	PRON	AUX	en	en	false	within
train-s95	2	3	AUX	ADP	en	en	false	within
train-s95	3	4	ADP	DET	en	en	false	boundary
train-s95	4	5	DET	NOUN	en	en	false	within
train-s95	5	6	NOUN	ADP	en	en	false	within
train-s95	6	7	ADP	NOUN	en	en	false	boundary
train-s95	7	8	NOUN	CCONJ	en	hi	true	boundary
train-s95	8	9	CCONJ	NUM	hi	hi	false	boundary
train-s95	9	10	NUM	ADJ	hi	en	true	within
train-s95	10	11	ADJ	NOUN	en	hi	true	within
train-s95	11	12	NOUN	ADP	hi	hi	false	within
train-s95	12	13	ADP	NOUN	hi	en	true	boundary
train-s95	13	14	NOUN	VERB	en	hi	true	within
train-s95	14	15	VERB	AUX	hi	hi	false	within
train-s95	15	16	AUX	NOUN	hi	hi	false	boundary
train-s95	16	17	NOUN	VERB	hi	hi	false	within
train-s96	1	2	ADP	NOUN	en	hi	true	within
train-s96	2	3	NOUN	ADP	hi	hi	false	within
train-s96	3	4	ADP	NOUN	hi	hi	false	boundary
train-s96	4	5	NOUN	PRON	hi	en	true	within
train-s96	5	6	PRON	VERB	en	en	false	within
train-s96	6	8	VERB	SCONJ	en	en	false	boundary
train-s96	8	9	SCONJ	ADP	en	en	false	boundary
train-s96	9	10	ADP	DET	en	en	false	within
train-s96	10	11	DET	NOUN	en	en	false	within
train-s96	11	12	NOUN	PRON	en	en	false	within
train-s96	12	13	PRON	VERB	en	en	false	within
train-s96	13	14	VERB	NOUN	en	en	false	within
train-s96	14	15	NOUN	ADP	en	en	false	boundary
train-s96	15	16	ADP	NOUN	en	hi	true	within
train-s96	16	17	NOUN	ADP	hi	hi	false	within
train-s96	17	18	ADP	NOUN	hi	hi	false	boundary
train-s97	1	2	PRON	AUX	en	en	false	within
train-s97	2	3	AUX	PART	en	en	false	within
train-s97	3	4	PART	VERB	en	en	false	within
train-s97	4	5	VERB	PART	en	en	false	boundary
train-s97	5	6	PART	VERB	en	en	false	within
train-s97	6	7	VERB	VERB	en	en	false	within
train-s97	7	9	VERB	CCONJ	en	en	false	boundary
train-s97	9	10	CCONJ	PRON	en	hi	true	boundary
train-s97	10	11	PRON	ADP	hi	hi	false	within
train-s97	11	12	ADP	NOUN	hi	hi	false	boundary
train-s97	12	13	NOUN	ADP	hi	hi	false	within
train-s97	13	14	ADP	NOUN	hi	hi	false	boundary
train-s97	14	15	NOUN	VERB	hi	hi	false	within
train-s97	15	16	VERB	SCONJ	hi	hi	false	within
train-s97	16	17	SCONJ	DET	hi	hi	false	boundary
train-s97	17	18	DET	NOUN	hi	hi	false	within
train-s97	18	19	NOUN	VERB	hi	hi	false	within
train-s97	19	20	VERB	AUX	hi	hi	false	within
train-s98	2	4	PRON	PRON	en	hi	true	boundary
train-s98	4	5	PRON	VERB	hi	hi	false	within
train-s98	5	6	VERB	AUX	hi	hi	false	within
train-s98	6	7	AUX	AUX	hi	hi	false	within
train-s98	7	9	AUX	NOUN	hi	en	true	boundary
train-s98	9	10	NOUN	PRON	en	en	false	within
train-s98	10	11	PRON	VERB	en	en	false	within
train-s98	11	12	VERB	SCONJ	en	en	false	boundary
train-s98	12	13	SCONJ	VERB	en	en	false	within
train-s98	13	14	VERB	NOUN	en	hi	true	within
train-s99	1	2	DET	NOUN	en	en	false	within
train-s99	2	3	NOUN	VERB	en	en	false	within
train-s99	3	4	VERB	PART	en	en	false	boundary
train-s99	4	5	PART	VERB	en	en	false	within
train-s99	5	6	VERB	DET	en	en	false	boundary
train-s99	6	9	DET	CCONJ	en	hi	true	boundary
train-s99	9	10	CCONJ	NOUN	hi	en	true	within
train-s99	10	11	NOUN	ADP	en	hi	true	within
train-s99	11	12	ADP	NOUN	hi	hi	false	boundary
train-s99	12	13	NOUN	ADJ	hi	hi	false	within
train-s99	13	14	ADJ	PART	hi	hi	false	within
train-s99	14	15	PART	VERB	hi	hi	false	within
train-s100	1	2	ADJ	NOUN	en	en	false	within
train-s100	2	3	NOUN	ADJ	en	en	false	within
train-s100	3	4	ADJ	PART	en	hi	true	within
train-s100	4	5	PART	ADJ	hi	en	true	within
train-s100	5	6	ADJ	AUX	en	hi	true	boundary
train-s100	6	7	AUX	AUX	hi	hi	false	within
train-s100	7	8	AUX	AUX	hi	hi	false	within
train-s100	8	9	AUX	AUX	hi	hi	false	within
train-s101	1	2	NOUN	NOUN	en	en	false	within
train-s101	2	3	NOUN	NOUN	en	en	false	within
train-s101	3	4	NOUN	PART	en	hi	true	within
train-s101	4	5	PART	VERB	hi	hi	false	within
train-s101	5	6	VERB	AUX	hi	hi	false	within
train-s102	2	3	ADP	NOUN	hi	en	true	boundary
train-s102	3	4	NOUN	ADP	en	hi	true	within
train-s102	4	5	ADP	NOUN	hi	en	true	boundary
train-s102	5	6	NOUN	ADP	en	hi	true	within
train-s102	6	7	ADP	ADP	hi	hi	false	within
train-s102	7	8	ADP	ADP	hi	hi	false	within
train-s102	8	9	ADP	NOUN	hi	en	true	boundary
train-s102	9	10	NOUN	AUX	en	hi	true	within
train-s102	10	11	AUX	CCONJ	hi	hi	false	within
train-s102	11	12	CCONJ	PRON	hi	hi	false	boundary
train-s102	12	13	PRON	NOUN	hi	en	true	within
train-s102	13	14	NOUN	SCONJ	en	hi	true	within
train-s102	14	15	SCONJ	NOUN	hi	en	true	boundary
train-s102	15	16	NOUN	NOUN	en	en	false	within
train-s102	16	17	NOUN	VERB	en	hi	true	within
train-s102	17	18	VERB	SCONJ	hi	hi	false	within
train-s102	18	19	SCONJ	SCONJ	hi	hi	false	within
train-s102	19	20	SCONJ	SCONJ	hi	hi	false	within
train-s103	1	2	NOUN	VERB	en	hi	true	within
train-s103	2	3	VERB	AUX	hi	hi	false	within
train-s103	3	5	AUX	CCONJ	hi	en	true	boundary
train-s103	5	6	CCONJ	ADV	en	en	false	within
train-s103	6	7	ADV	ADJ	en	en	false	within
train-s103	7	8	ADJ	PART	en	en	false	boundary
train-s103	8	9	PART	VERB	en	en	false	within
train-s103	9	10	VERB	DET	en	en	false	boundary
train-s103	10	11	DET	NOUN	en	en	false	within
train-s104	3	4	NOUN	VERB	en	en	false	within
train-s104	4	5	VERB	DET	en	en	false	boundary
train-s104	5	6	DET	NOUN	en	en	false	within
train-s104	6	7	NOUN	ADP	en	en	false	boundary
train-s104	7	8	ADP	PROPN	en	en	false	within
train-s104	8	9	PROPN	CCONJ	en	en	false	boundary
train-s104	9	10	CCONJ	DET	en	en	false	within
train-s104	10	12	DET	NOUN	en	hi	true	boundary
train-s104	12	13	NOUN	PRON	hi	hi	false	within
train-s104	13	15	PRON	DET	hi	hi	false	boundary
train-s104	15	16	DET	NOUN	hi	en	true	within
train-s104	16	17	NOUN	VERB	en	hi	true	within
train-s104	17	19	VERB	NOUN	hi	en	true	boundary
train-s105	1	2	PRON	AUX	en	en	false	within
train-s105	2	3	AUX	PRON	en	en	false	within
train-s105	3	4	PRON	ADV	en	en	false	boundary
train-s105	4	5	ADV	VERB	en	en	false	within
train-s105	5	6	VERB	SCONJ	en	en	false	boundary
train-s105	6	7	SCONJ	VERB	en	en	false	within
train-s105	7	8	VERB	ADJ	en	en	false	boundary
train-s105	8	9	ADJ	NUM	en	hi	true	within
train-s105	9	10	NUM	NOUN	hi	hi	false	within
train-s105	10	11	NOUN	ADP	hi	en	true	boundary
train-s105	11	12	ADP	DET	en	en	false	within
train-s105	12	13	DET	ADJ	en	hi	true	within
train-s105	13	14	ADJ	NOUN	hi	en	true	within
train-s106	1	2	NOUN	ADV	hi	hi	false	within
train-s106	2	3	ADV	ADJ	hi	hi	false	within
train-s106	3	4	ADJ	AUX	hi	hi	false	within
train-s106	4	5	AUX	SCONJ	hi	hi	false	boundary
train-s106	5	7	SCONJ	NOUN	hi	en	true	boundary
train-s106	7	8	NOUN	NOUN	en	en	false	within
train-s106	8	9	NOUN	ADP	en	hi	true	within
train-s106	9	10	ADP	PART	hi	hi	false	within
train-s106	10	11	PART	NOUN	hi	en	true	boundary
train-s106	11	12	NOUN	VERB	en	hi	true	within
train-s106	12	13	VERB	AUX	hi	hi	false	within
train-s106	13	14	AUX	AUX	hi	hi	false	within
train-s107	1	2	AUX	PRON	en	en	false	within
train-s107	2	3	PRON	VERB	en	en	false	within
train-s107	3	5	VERB	NOUN	en	hi	true	boundary
train-s107	5	6	NOUN	PRON	hi	hi	false	within
train-s107	6	7	PRON	AUX	hi	hi	false	within
train-s108	2	3	VERB	NOUN	en	hi	true	boundary
train-s108	3	4	NOUN	ADP	hi	hi	false	within
train-s108	4	5	ADP	NOUN	hi	hi	false	boundary
train-s108	5	6	NOUN	ADP	hi	en	true	boundary
train-s108	6	7	ADP	DET	en	en	false	within
train-s108	7	8	DET	ADJ	en	en	false	within
train-s108	8	9	ADJ	NOUN	en	en	false	within
train-s108	9	10	NOUN	ADP	en	en	false	boundary
train-s108	10	11	ADP	NOUN	en	en	false	within
train-s108	11	13	NOUN	PRON	en	en	false	boundary
train-s108	13	14	PRON	VERB	en	en	false	within
train-s108	14	15	VERB	NOUN	en	hi	true	within
train-s109	1	2	ADV	PART	hi	hi	false	within
train-s109	2	3	PART	NOUN	hi	hi	false	boundary
train-s109	3	4	NOUN	VERB	hi	hi	false	within
train-s109	4	5	VERB	AUX	hi	hi	false	within
train-s109	5	7	AUX	PRON	hi	en	true	boundary
train-s109	7	8	PRON	VERB	en	en	false	within
train-s109	8	9	VERB	PART	en	en	false	boundary
train-s109	9	10	PART	VERB	en	en	false	boundary
train-s110	1	2	NOUN	ADJ	hi	en	true	within
train-s110	2	3	ADJ	AUX	en	hi	true	within
train-s110	3	4	AUX	CCONJ	hi	hi	false	boundary
train-s110	4	5	CCONJ	ADJ	hi	en	true	within
train-s110	5	6	ADJ	ADJ	en	en	false	within
train-s110	6	7	ADJ	PART	en	hi	true	within
train-s110	7	8	PART	AUX	hi	hi	false	within
train-s111	1	2	NOUN	NOUN	hi	en	true	within
train-s111	2	3	NOUN	ADP	en	hi	true	within
train-s111	3	4	ADP	NOUN	hi	en	true	boundary
train-s111	4	5	NOUN	AUX	en	hi	true	within
train-s111	5	6	AUX	DET	hi	hi	false	boundary
train-s111	6	7	DET	NOUN	hi	en	true	within
train-s111	7	8	NOUN	ADP	en	hi	true	within
train-s112	1	2	DET	NOUN	hi	en	true	within
train-s112	2	3	NOUN	ADP	en	en	false	boundary
train-s112	3	4	ADP	DET	en	en	false	within
train-s112	4	5	DET	NOUN	en	en	false	within
train-s112	5	6	NOUN	NOUN	en	en	false	within
train-s112	6	7	NOUN	PART	en	hi	true	within
train-s112	7	8	PART	NOUN	hi	en	true	boundary
train-s112	8	9	NOUN	PART	en	hi	true	within
train-s112	9	10	PART	PART	hi	hi	false	boundary
train-s112	10	11	PART	VERB	hi	hi	false	within
train-s112	11	13	VERB	NOUN	hi	en	true	boundary
train-s112	13	14	NOUN	NOUN	en	en	false	within
train-s112	14	15	NOUN	VERB	en	hi	true	within
train-s112	15	16	VERB	NOUN	hi	hi	false	within
train-s113	1	2	NOUN	ADP	en	hi	true	within
train-s113	2	3	ADP	NOUN	hi	hi	false	boundary
train-s113	3	4	NOUN	VERB	hi	hi	false	within
train-s113	4	6	VERB	ADV	hi	en	true	boundary
train-s113	6	7	ADV	NOUN	en	en	false	boundary
train-s113	7	8	NOUN	NOUN	en	en	false	within
train-s113	8	9	NOUN	AUX	en	en	false	within
train-s113	9	10	AUX	ADJ	en	en	false	within
train-s114	1	2	ADJ	NOUN	hi	en	true	within
train-s114	2	3	NOUN	ADP	en	en	false	boundary
train-s114	3	4	ADP	ADJ	en	en	false	within
train-s114	4	5	ADJ	ADJ	en	en	false	within
train-s114	5	6	ADJ	AUX	en	hi	true	within
train-s115	2	3	AUX	AUX	en	en	false	within
train-s115	3	5	AUX	VERB	en	en	false	within
train-s115	5	7	VERB	SCONJ	en	en	false	boundary
train-s115	7	8	SCONJ	NOUN	en	hi	true	within
train-s115	8	9	NOUN	ADP	hi	hi	false	within
train-s115	9	10	ADP	ADP	hi	hi	false	within
train-s115	10	11	ADP	NOUN	hi	hi	false	boundary
train-s115	11	12	NOUN	AUX	hi	hi	false	within
train-s115	12	14	AUX	CCONJ	hi	hi	false	boundary
train-s115	14	15	CCONJ	NOUN	hi	hi	false	within
train-s115	15	16	NOUN	ADP	hi	hi	false	within
train-s115	16	17	ADP	ADP	hi	hi	false	within
train-s115	17	18	ADP	NOUN	hi	hi	false	boundary
train-s115	18	19	NOUN	AUX	hi	hi	false	within
train-s116	1	2	NOUN	PRON	en	en	false	within
train-s116	2	3	PRON	VERB	en	en	false	within
train-s116	3	4	VERB	DET	en	en	false	boundary
train-s116	4	5	DET	ADJ	en	en	false	within
train-s116	5	6	ADJ	NOUN	en	en	false	within
train-s116	6	8	NOUN	PRON	en	hi	true	boundary
train-s116	8	9	PRON	NOUN	hi	hi	false	within
train-s116	9	10	NOUN	AUX	hi	hi	false	within
train-s116	10	11	AUX	PROPN	hi	hi	false	within
train-s116	11	12	PROPN	ADP	hi	hi	false	within
train-s116	12	13	ADP	PRON	hi	hi	false	boundary
train-s116	13	14	PRON	ADV	hi	hi	false	within
train-s116	14	15	ADV	AUX	hi	hi	false	within
train-s117	1	2	ADV	DET	hi	hi	false	boundary
train-s117	2	3	DET	NOUN	hi	en	true	within
train-s117	3	4	NOUN	NOUN	en	en	false	within
train-s117	4	5	NOUN	PART	en	hi	true	within
train-s117	5	6	PART	VERB	hi	hi	false	within
train-s117	6	7	VERB	AUX	hi	hi	false	within
train-s118	1	2	PRON	ADP	en	en	false	boundary
train-s118	2	3	ADP	PRON	en	en	false	within
train-s118	3	4	PRON	VERB	en	en	false	boundary
train-s118	4	5	VERB	DET	en	en	false	boundary
train-s118	5	6	DET	NUM	en	en	false	within
train-s118	6	7	NUM	NOUN	en	en	false	within
train-s118	7	8	NOUN	PRON	en	hi	true	boundary
train-s118	8	9	PRON	NOUN	hi	en	true	boundary
train-s118	9	10	NOUN	ADP	en	hi	true	within
train-s118	10	11	ADP	NOUN	hi	hi	false	boundary
train-s118	11	12	NOUN	VERB	hi	hi	false	within
train-s118	12	13	VERB	ADJ	hi	hi	false	boundary
train-s118	13	14	ADJ	NOUN	hi	en	true	within
train-s118	14	15	NOUN	VERB	en	hi	true	within
train-s118	15	16	VERB	AUX	hi	hi	false	within
train-s118	16	17	AUX	NOUN	hi	hi	false	boundary
train-s118	17	18	NOUN	VERB	hi	hi	false	within
train-s118	18	19	VERB	AUX	hi	hi	false	within
train-s118	19	20	AUX	AUX	hi	hi	false	within
train-s119	2	3	DET	NOUN	en	en	false	within
train-s119	3	4	NOUN	ADP	en	en	false	boundary
train-s119	4	6	ADP	VERB	en	en	false	boundary
train-s119	6	7	VERB	SCONJ	en	en	false	boundary
train-s119	7	8	SCONJ	ADV	en	hi	true	boundary
train-s119	8	9	ADV	VERB	hi	hi	false	within
train-s119	9	10	VERB	AUX	hi	hi	false	within
train-s119	10	11	AUX	PRON	hi	hi	false	boundary
train-s119	11	12	PRON	ADP	hi	hi	false	within
train-s119	12	13	ADP	PART	hi	hi	false	within
train-s119	13	14	PART	VERB	hi	hi	false	boundary
train-s119	14	15	VERB	AUX	hi	hi	false	within
train-s119	15	16	AUX	PRON	hi	hi	false	boundary
train-s119	16	17	PRON	VERB	hi	hi	false	within
train-s119	17	18	VERB	AUX	hi	hi	false	within
train-s120	2	3	ADV	ADP	en	en	false	boundary
train-s120	3	4	ADP	DET	en	en	false	within
train-s120	4	5	DET	NOUN	en	en	false	within
train-s120	5	6	NOUN	PRON	en	en	false	within
train-s120	6	7	PRON	VERB	en	en	false	within
train-s120	7	9	VERB	NOUN	en	en	false	boundary
train-s120	9	11	NOUN	PRON	en	hi	true	within
train-s120	11	12	PRON	ADV	hi	hi	false	boundary
train-s120	12	13	ADV	ADJ	hi	en	true	within
train-s120	13	14	ADJ	VERB	en	hi	true	within
train-s120	14	15	VERB	AUX	hi	hi	false	within
train-s120	15	16	AUX	AUX	hi	hi	false	within
train-s121	2	3	NOUN	ADP	hi	hi	false	within
train-s121	3	4	ADP	NOUN	hi	en	true	boundary
train-s121	4	5	NOUN	CCONJ	en	hi	true	boundary
train-s121	5	6	CCONJ	PRON	hi	en	true	within
train-s121	6	7	PRON	AUX	en	en	false	within
train-s121	7	8	AUX	PART	en	en	false	within
train-s121	8	9	PART	ADV	en	en	false	within
train-s121	9	10	ADV	VERB	en	en	false	within
train-s122	2	3	VERB	ADP	en	en	false	boundary
train-s122	3	4	ADP	NOUN	en	en	false	within
train-s122	4	5	NOUN	PART	en	en	false	within
train-s122	5	6	PART	NOUN	en	en	false	boundary
train-s122	6	7	NOUN	SCONJ	en	en	false	boundary
train-s122	7	8	SCONJ	ADV	en	hi	true	within
train-s122	8	9	ADV	NOUN	hi	hi	false	boundary
train-s122	9	10	NOUN	ADP	hi	hi	false	within
train-s122	10	11	ADP	PART	hi	hi	false	within
train-s122	11	13	PART	VERB	hi	hi	false	boundary
train-s122	13	14	VERB	AUX	hi	hi	false	within
train-s122	14	15	AUX	ADV	hi	hi	false	boundary
train-s122	15	16	ADV	VERB	hi	hi	false	within
train-s123	2	3	ADV	ADP	en	en	false	boundary
train-s123	3	4	ADP	NOUN	en	en	false	within
train-s123	4	5	NOUN	PRON	en	en	false	within
train-s123	5	6	PRON	AUX	en	en	false	within
train-s123	6	7	AUX	VERB	en	en	false	within
train-s123	7	9	VERB	PRON	en	hi	true	boundary
train-s123	9	10	PRON	VERB	hi	hi	false	within
train-s123	10	11	VERB	AUX	hi	hi	false	within
train-s123	11	12	AUX	VERB	hi	hi	false	boundary
train-s123	12	14	VERB	PRON	hi	en	true	within
train-s123	14	15	PRON	VERB	en	en	false	within
train-s123	15	17	VERB	NOUN	en	en	false	boundary
train-s123	17	18	NOUN	PRON	en	hi	true	within
train-s123	18	19	PRON	AUX	hi	hi	false	within
train-s124	2	3	PRON	NOUN	en	en	false	within
train-s124	3	4	NOUN	ADP	en	en	false	boundary
train-s124	4	5	ADP	DET	en	en	false	within
train-s124	5	6	DET	NOUN	en	en	false	within
train-s124	6	7	NOUN	PRON	en	en	false	boundary
train-s124	7	8	PRON	VERB	en	en	false	within
train-s124	8	9	VERB	ADP	en	en	false	boundary
train-s124	9	10	ADP	DET	en	en	false	within
train-s124	10	11	DET	NOUN	en	en	false	within
train-s124	11	12	NOUN	AUX	en	en	false	boundary
train-s124	12	14	AUX	NOUN	en	en	false	within
train-s124	14	15	NOUN	VERB	en	hi	true	within
train-s124	15	16	VERB	NOUN	hi	hi	false	boundary
train-s124	16	17	NOUN	PART	hi	hi	false	within
train-s124	17	18	PART	VERB	hi	hi	false	within
train-s125	2	3	PRON	VERB	hi	hi	false	within
train-s125	3	4	VERB	AUX	hi	hi	false	within
train-s125	4	5	AUX	PRON	hi	hi	false	boundary
train-s125	5	6	PRON	VERB	hi	hi	false	within
train-s125	6	7	VERB	AUX	hi	hi	false	within
train-s125	7	9	AUX	VERB	hi	en	true	boundary
train-s125	9	10	VERB	PART	en	en	false	boundary
train-s125	10	11	PART	AUX	en	en	false	within
train-s125	11	12	AUX	PRON	en	en	false	within
train-s125	12	13	PRON	ADJ	en	en	false	within
train-s125	13	14	ADJ	NOUN	en	en	false	within
train-s125	14	15	NOUN	ADP	en	en	false	boundary
train-s125	15	16	ADP	NOUN	en	en	false	within
train-s126	3	4	ADP	NOUN	hi	hi	false	boundary
train-s126	4	5	NOUN	AUX	hi	en	true	within
train-s126	5	6	AUX	ADV	en	en	false	within
train-s126	6	7	ADV	VERB	en	en	false	within
train-s126	7	8	VERB	PRON	en	en	false	within
train-s126	8	9	PRON	NOUN	en	en	false	within
train-s127	1	2	DET	ADJ	en	en	false	within
train-s127	2	3	ADJ	NOUN	en	en	false	within
train-s127	3	4	NOUN	ADV	en	en	false	boundary
train-s127	4	5	ADV	PRON	en	en	false	within
train-s127	5	6	PRON	AUX	en	en	false	within
train-s127	6	7	AUX	VERB	en	en	false	within
train-s127	7	8	VERB	DET	en	en	false	boundary
train-s127	8	9	DET	NOUN	en	en	false	within
train-s127	9	10	NOUN	CCONJ	en	en	false	boundary
train-s127	10	11	CCONJ	NOUN	en	en	false	within
train-s127	11	12	NOUN	VERB	en	hi	true	within
train-s127	12	13	VERB	AUX	hi	hi	false	within
train-s127	13	14	AUX	AUX	hi	hi	false	within
train-s128	2	3	NOUN	VERB	hi	hi	false	within
train-s128	3	4	VERB	CCONJ	hi	hi	false	boundary
train-s128	4	5	CCONJ	NOUN	hi	hi	false	within
train-s128	5	6	NOUN	NOUN	hi	en	true	boundary
train-s128	6	7	NOUN	NOUN	en	en	false	within
train-s128	7	8	NOUN	PART	en	hi	true	within
train-s128	8	9	PART	VERB	hi	hi	false	boundary
train-s128	9	10	VERB	PART	hi	hi	false	within
train-s128	10	11	PART	AUX	hi	hi	false	within
train-s129	1	2	CCONJ	PART	hi	hi	false	within
train-s129	2	4	PART	ADP	hi	hi	false	boundary
train-s129	4	5	ADP	NOUN	hi	en	true	boundary
train-s129	5	6	NOUN	PART	en	hi	true	within
train-s129	6	7	PART	PRON	hi	hi	false	boundary
train-s129	7	8	PRON	AUX	hi	hi	false	within
train-s129	8	9	AUX	SCONJ	hi	hi	false	boundary
train-s129	9	10	SCONJ	NOUN	hi	en	true	within
train-s129	10	11	NOUN	NOUN	en	en	false	within
train-s129	11	12	NOUN	VERB	en	hi	true	within
train-s130	2	3	ADP	NOUN	hi	hi	false	boundary
train-s130	3	4	NOUN	PRON	hi	en	true	within
train-s130	4	5	PRON	AUX	en	en	false	within
train-s130	5	6	AUX	PART	en	en	false	within
train-s130	6	7	PART	DET	en	en	false	within
train-s130	7	9	DET	NOUN	en	en	false	within
train-s130	9	10	NOUN	NOUN	en	en	false	within
train-s131	1	2	PRON	VERB	en	en	false	within
train-s131	2	3	VERB	NOUN	en	hi	true	within
train-s131	3	5	NOUN	NOUN	hi	hi	false	boundary
train-s131	5	6	NOUN	ADP	hi	hi	false	within
train-s131	6	7	ADP	ADP	hi	hi	false	within
train-s131	7	8	ADP	NOUN	hi	en	true	boundary
train-s131	8	9	NOUN	VERB	en	hi	true	within
train-s131	9	10	VERB	AUX	hi	hi	false	within
train-s131	10	11	AUX	AUX	hi	hi	false	within
train-s132	1	2	PRON	ADV	hi	hi	false	within
train-s132	2	3	ADV	PART	hi	hi	false	within
train-s132	3	4	PART	ADJ	hi	en	true	boundary
train-s132	4	5	ADJ	NOUN	en	en	false	within
train-s132	5	6	NOUN	NOUN	en	en	false	within
train-s132	6	7	NOUN	VERB	en	hi	true	within
train-s132	7	8	VERB	AUX	hi	hi	false	within
train-s132	8	9	AUX	AUX	hi	hi	false	within
train-s133	1	2	PRON	AUX	en	en	false	within
train-s133	2	3	AUX	ADP	en	en	false	within
train-s133	3	4	ADP	DET	en	en	false	within
train-s133	4	5	DET	NOUN	en	en	false	within
train-s133	5	6	NOUN	ADP	en	en	false	boundary
train-s133	6	7	ADP	NOUN	en	en	false	within
train-s133	7	8	NOUN	ADV	en	hi	true	boundary
train-s133	8	9	ADV	NOUN	hi	hi	false	within
train-s133	9	10	NOUN	ADP	hi	hi	false	within
train-s133	10	11	ADP	PART	hi	hi	false	within
train-s133	11	12	PART	NOUN	hi	hi	false	boundary
train-s133	12	13	NOUN	VERB	hi	hi	false	within
train-s133	13	14	VERB	AUX	hi	hi	false	within
train-s133	14	15	AUX	AUX	hi	hi	false	within
train-s134	1	2	ADV	VERB	en	en	false	within
train-s134	2	3	VERB	NUM	en	en	false	boundary
train-s134	3	4	NUM	NOUN	en	en	false	within
train-s134	4	5	NOUN	VERB	en	en	false	within
train-s134	5	6	VERB	NOUN	en	en	false	within
train-s134	6	7	NOUN	PART	en	en	false	boundary
train-s134	7	8	PART	NOUN	en	en	false	within
train-s134	8	9	NOUN	SCONJ	en	en	false	boundary
train-s134	9	10	SCONJ	NOUN	en	en	false	within
train-s134	10	11	NOUN	PART	en	hi	true	within
train-s134	11	12	PART	ADJ	hi	en	true	boundary
train-s134	12	13	ADJ	ADP	en	hi	true	within
train-s134	13	14	ADP	PART	hi	hi	false	within
train-s134	14	15	PART	VERB	hi	hi	false	boundary
train-s134	15	16	VERB	AUX	hi	hi	false	within
train-s134	16	17	AUX	AUX	hi	hi	false	within
train-s135	2	3	AUX	VERB	en	en	false	within
train-s135	3	4	VERB	ADP	en	en	false	boundary
train-s135	4	5	ADP	DET	en	en	false	within
train-s135	5	6	DET	NOUN	en	en	false	within
train-s135	6	7	NOUN	ADP	en	en	false	boundary
train-s135	7	8	ADP	PRON	en	en	false	within
train-s135	8	9	PRON	NOUN	en	hi	true	within
train-s135	9	11	NOUN	PRON	hi	hi	false	boundary
train-s135	11	12	PRON	PART	hi	hi	false	boundary
train-s135	12	13	PART	NOUN	hi	en	true	within
train-s135	13	14	NOUN	VERB	en	hi	true	within
train-s135	14	15	VERB	VERB	hi	hi	false	within
train-s135	15	16	VERB	AUX	hi	hi	false	within
train-s135	16	17	AUX	AUX	hi	hi	false	within
train-s136	1	2	DET	PROPN	hi	en	true	within
train-s136	2	6	PROPN	ADP	en	hi	true	boundary
train-s136	6	7	ADP	ADJ	hi	en	true	boundary
train-s136	7	8	ADJ	NOUN	en	en	false	within
train-s136	8	9	NOUN	AUX	en	hi	true	within
train-s136	9	10	AUX	AUX	hi	hi	false	within
train-s137	1	2	INTJ	PART	hi	en	true	within
train-s137	2	4	PART	NOUN	en	hi	true	within
train-s137	4	5	NOUN	ADV	hi	hi	false	within
train-s137	5	6	ADV	VERB	hi	hi	false	within
train-s137	6	7	VERB	AUX	hi	hi	false	within
train-s137	7	9	AUX	PRON	hi	en	true	boundary
train-s137	9	10	PRON	VERB	en	en	false	within
train-s137	10	12	VERB	NOUN	en	en	false	boundary
train-s137	12	13	NOUN	ADP	en	hi	true	within
train-s137	13	14	ADP	VERB	hi	hi	false	boundary
train-s137	14	15	VERB	AUX	hi	hi	false	within
train-s137	15	16	AUX	AUX	hi	hi	false	within
train-s138	1	2	NOUN	PRON	en	en	false	boundary
train-s138	2	3	PRON	VERB	en	en	false	within
train-s138	3	4	VERB	NOUN	en	en	false	within
train-s138	4	5	NOUN	ADP	en	en	false	boundary
train-s138	5	6	ADP	PRON	en	en	false	within
train-s138	6	7	PRON	PART	en	en	false	within
train-s138	7	8	PART	NOUN	en	en	false	boundary
train-s138	8	9	NOUN	AUX	en	en	false	boundary
train-s138	9	10	AUX	ADV	en	en	false	within
train-s138	10	11	ADV	ADV	en	en	false	within
train-s138	11	12	ADV	ADV	en	en	false	within
train-s138	12	13	ADV	VERB	en	hi	true	boundary
train-s138	13	14	VERB	AUX	hi	hi	false	within
train-s138	14	15	AUX	NOUN	hi	en	true	boundary
train-s138	15	16	NOUN	ADP	en	hi	true	within
train-s138	16	17	ADP	NOUN	hi	hi	false	boundary
train-s139	2	3	ADJ	NOUN	en	en	false	within
train-s139	3	4	NOUN	ADP	en	en	false	boundary
train-s139	4	5	ADP	NOUN	en	en	false	within
train-s139	5	6	NOUN	ADJ	en	hi	true	boundary
train-s139	6	7	ADJ	NOUN	hi	hi	false	within
train-s139	7	8	NOUN	PART	hi	hi	false	within
train-s139	8	9	PART	VERB	hi	hi	false	within
train-s139	9	10	VERB	PART	hi	hi	false	within
train-s140	1	2	VERB	PART	en	en	false	boundary
train-s140	2	3	PART	VERB	en	en	false	within
train-s140	3	4	VERB	NUM	en	hi	true	boundary
train-s140	4	5	NUM	ADJ	hi	hi	false	within
train-s140	5	6	ADJ	NOUN	hi	hi	false	within
train-s140	6	7	NOUN	ADP	hi	hi	false	within
train-s140	7	8	ADP	NOUN	hi	hi	false	boundary
train-s141	1	2	VERB	PRON	en	en	false	boundary
train-s141	2	3	PRON	AUX	en	en	false	within
train-s141	3	4	AUX	VERB	en	en	false	within
train-s141	4	5	VERB	ADP	en	en	false	within
train-s141	5	6	ADP	PRON	en	hi	true	within
train-s141	6	7	PRON	PRON	hi	hi	false	boundary
train-s141	7	8	PRON	AUX	hi	hi	false	boundary
train-s141	8	9	AUX	PRON	hi	hi	false	within
train-s142	2	3	DET	ADJ	en	en	false	within
train-s142	3	4	ADJ	NOUN	en	en	false	within
train-s142	4	5	NOUN	ADV	en	en	false	boundary
train-s142	5	6	ADV	PRON	en	en	false	within
train-s142	6	7	PRON	VERB	en	en	false	within
train-s142	7	9	VERB	PRON	en	hi	true	boundary
train-s142	9	10	PRON	ADP	hi	hi	false	within
train-s142	10	11	ADP	VERB	hi	hi	false	boundary
train-s142	11	12	VERB	AUX	hi	hi	false	within
train-s142	12	13	AUX	SCONJ	hi	hi	false	boundary
train-s142	13	14	SCONJ	VERB	hi	hi	false	within
train-s142	14	16	VERB	ADP	hi	en	true	boundary
train-s142	16	17	ADP	DET	en	en	false	within
train-s142	17	18	DET	NOUN	en	en	false	within
train-s143	1	2	NOUN	NOUN	hi	en	true	within
train-s143	2	3	NOUN	PART	en	hi	true	within
train-s143	3	4	PART	PRON	hi	hi	false	boundary
train-s143	4	5	PRON	VERB	hi	hi	false	within
train-s143	5	6	VERB	AUX	hi	hi	false	within
train-s143	6	7	AUX	PRON	hi	hi	false	boundary
train-s143	7	8	PRON	PRON	hi	hi	false	within
train-s143	8	9	PRON	PRON	hi	hi	false	boundary
train-s143	9	10	PRON	NOUN	hi	hi	false	within
train-s143	10	11	NOUN	VERB	hi	hi	false	within
train-s143	11	12	VERB	AUX	hi	hi	false	within
train-s143	12	13	AUX	AUX	hi	hi	false	within
train-s143	13	14	AUX	CCONJ	hi	hi	false	boundary
train-s143	14	15	CCONJ	ADV	hi	hi	false	within
train-s143	15	16	ADV	ADP	hi	hi	false	within
train-s143	16	17	ADP	DET	hi	en	true	boundary
train-s143	17	18	DET	NOUN	en	en	false	within
train-s143	18	19	NOUN	VERB	en	en	false	within
train-s143	19	20	VERB	DET	en	en	false	boundary
train-s143	20	21	DET	NOUN	en	en	false	within
train-s144	1	2	DET	NOUN	hi	hi	false	within
train-s144	2	3	NOUN	ADP	hi	hi	false	within
train-s144	3	4	ADP	ADP	hi	hi	false	within
train-s144	4	5	ADP	VERB	hi	hi	false	boundary
train-s144	5	6	VERB	ADJ	hi	hi	false	within
train-s144	6	7	ADJ	PRON	hi	en	true	within
train-s144	7	8	PRON	VERB	en	en	false	within
train-s144	8	9	VERB	ADV	en	en	false	within
train-s145	1	2	NOUN	VERB	en	en	false	within
train-s145	2	3	VERB	CCONJ	en	en	false	boundary
train-s145	3	4	CCONJ	VERB	en	en	false	within
train-s145	4	5	VERB	PRON	en	hi	true	boundary
train-s145	5	6	PRON	ADJ	hi	hi	false	boundary
train-s145	6	7	ADJ	NOUN	hi	en	true	within
train-s145	7	8	NOUN	ADP	en	hi	true	within
train-s145	8	9	ADP	NOUN	hi	hi	false	boundary
train-s145	9	10	NOUN	AUX	hi	hi	false	within
train-s146	3	4	ADV	PRON	en	hi	true	within
train-s146	4	5	PRON	NOUN	hi	hi	false	boundary
train-s146	5	6	NOUN	VERB	hi	hi	false	within
train-s146	6	7	VERB	SCONJ	hi	hi	false	within
train-s146	7	8	SCONJ	NOUN	hi	hi	false	boundary
train-s146	8	9	NOUN	PART	hi	hi	false	within
train-s146	9	10	PART	VERB	hi	hi	false	within
train-s146	10	11	VERB	SCONJ	hi	en	true	boundary
train-s146	11	12	SCONJ	PRON	en	en	false	within
train-s146	12	13	PRON	VERB	en	en	false	within
train-s146	13	14	VERB	PRON	en	en	false	within
train-s147	1	2	INTJ	NOUN	en	en	false	boundary
train-s147	2	3	NOUN	NOUN	en	en	false	within
train-s147	3	4	NOUN	VERB	en	hi	true	within
train-s147	4	5	VERB	AUX	hi	hi	false	within
train-s147	5	6	AUX	AUX	hi	hi	false	within
train-s148	2	3	DET	ADJ	en	en	false	within
train-s148	3	4	ADJ	NOUN	en	en	false	within
train-s148	4	5	NOUN	ADP	en	en	false	boundary
train-s148	5	6	ADP	PRON	en	en	false	within
train-s148	6	7	PRON	VERB	en	en	false	within
train-s148	7	8	VERB	DET	en	en	false	boundary
train-s148	8	9	DET	NOUN	en	hi	true	within
train-s148	9	10	NOUN	VERB	hi	en	true	boundary
train-s148	10	11	VERB	ADV	en	en	false	boundary
train-s148	11	12	ADV	PRON	en	en	false	within
train-s148	12	13	PRON	VERB	en	en	false	within
train-s148	13	15	VERB	NOUN	en	hi	true	boundary
train-s148	15	16	NOUN	VERB	hi	hi	false	within
train-s148	16	17	VERB	AUX	hi	hi	false	within
train-s148	17	18	AUX	AUX	hi	hi	false	within
train-s148	18	20	AUX	ADP	hi	en	true	boundary
train-s148	20	21	ADP	PRON	en	en	false	within
train-s149	1	2	ADP	NOUN	en	en	false	within
train-s149	2	3	NOUN	NOUN	en	hi	true	within
train-s149	3	4	NOUN	ADP	hi	hi	false	within
train-s149	4	5	ADP	PRON	hi	hi	false	boundary
train-s149	5	6	PRON	NOUN	hi	hi	false	within
train-s149	6	7	NOUN	AUX	hi	hi	false	within
train-s150	1	2	NOUN	PRON	en	en	false	within
train-s150	2	3	PRON	VERB	en	en	false	within
train-s150	3	5	VERB	ADP	en	hi	true	boundary
train-s150	5	6	ADP	DET	hi	hi	false	boundary
train-s150	6	7	DET	ADJ	hi	en	true	within
train-s150	7	8	ADJ	NOUN	en	en	false	within
train-s151	2	3	CCONJ	ADP	en	en	false	boundary
train-s151	3	4	ADP	PRON	en	en	false	within
train-s151	4	5	PRON	PRON	en	en	false	within
train-s151	5	6	PRON	VERB	en	en	false	within
train-s151	6	7	VERB	SCONJ	en	en	false	boundary
train-s151	7	9	SCONJ	VERB	en	hi	true	within
train-s151	9	10	VERB	NOUN	hi	en	true	within
train-s151	10	12	NOUN	PRON	en	hi	true	boundary
train-s151	12	13	PRON	PART	hi	hi	false	within
train-s151	13	14	PART	VERB	hi	hi	false	within
train-s152	2	3	VERB	SCONJ	en	en	false	within
train-s152	3	5	SCONJ	PART	en	en	false	boundary
train-s152	5	6	PART	VERB	en	en	false	within
train-s152	6	9	VERB	NOUN	en	hi	true	boundary
train-s152	9	11	NOUN	NOUN	hi	hi	false	within
train-s152	11	12	NOUN	ADP	hi	hi	false	within
train-s152	12	14	ADP	NOUN	hi	en	true	boundary
train-s152	14	15	NOUN	ADP	en	hi	true	within
train-s152	15	16	ADP	NOUN	hi	en	true	boundary
train-s152	16	17	NOUN	ADJ	en	hi	true	within
train-s153	1	2	PART	ADJ	hi	en	true	within
train-s153	2	3	ADJ	NOUN	en	en	false	within
train-s153	3	4	NOUN	ADP	en	hi	true	within
train-s153	4	6	ADP	ADP	hi	hi	false	boundary
train-s153	6	7	ADP	VERB	hi	hi	false	boundary
train-s153	7	8	VERB	AUX	hi	hi	false	within
train-s154	1	2	NOUN	VERB	hi	hi	false	within
train-s154	2	3	VERB	AUX	hi	hi	false	within
train-s154	3	4	AUX	ADJ	hi	en	true	boundary
train-s154	4	5	ADJ	NOUN	en	en	false	within
train-s154	5	6	NOUN	VERB	en	en	false	within
train-s154	6	7	VERB	ADP	en	en	false	boundary
train-s154	7	8	ADP	NOUN	en	hi	true	within
train-s155	2	3	ADJ	NOUN	en	en	false	within
train-s155	3	4	NOUN	PRON	en	hi	true	within
train-s155	4	5	PRON	NUM	hi	hi	false	boundary
train-s155	5	6	NUM	ADP	hi	hi	false	within
train-s155	6	7	ADP	PART	hi	hi	false	within
train-s155	7	8	PART	VERB	hi	hi	false	boundary
train-s155	8	9	VERB	AUX	hi	hi	false	within
train-s155	9	10	AUX	PRON	hi	hi	false	within
train-s156	1	2	ADV	PART	hi	hi	false	within
train-s156	2	3	PART	ADV	hi	hi	false	boundary
train-s156	3	4	ADV	NOUN	hi	en	true	boundary
train-s156	4	5	NOUN	NOUN	en	en	false	within
train-s156	5	6	NOUN	VERB	en	hi	true	within
train-s156	6	7	VERB	AUX	hi	hi	false	within
train-s157	1	2	DET	NOUN	hi	hi	false	within
train-s157	2	3	NOUN	PRON	hi	hi	false	boundary
train-s157	3	5	PRON	NOUN	hi	en	true	within
train-s157	5	6	NOUN	NOUN	en	en	false	within
train-s157	6	7	NOUN	ADV	en	hi	true	within
train-s157	7	8	ADV	VERB	hi	hi	false	within
train-s157	8	9	VERB	AUX	hi	hi	false	within
train-s157	9	10	AUX	AUX	hi	hi	false	within
train-s158	3	4	VERB	NOUN	en	en	false	within
train-s158	4	5	NOUN	PART	en	hi	true	boundary
train-s158	5	6	PART	NOUN	hi	hi	false	within
train-s158	6	7	NOUN	NOUN	hi	en	true	within
train-s158	7	8	NOUN	ADP	en	hi	true	within
train-s158	8	9	ADP	PART	hi	hi	false	within
train-s158	9	10	PART	VERB	hi	hi	false	boundary
train-s158	10	11	VERB	AUX	hi	hi	false	within
train-s158	11	12	AUX	AUX	hi	hi	false	within
train-s159	1	2	PRON	VERB	en	en	false	within
train-s159	2	3	VERB	NOUN	en	en	false	within
train-s159	3	5	NOUN	ADP	en	hi	true	boundary
train-s159	5	6	ADP	NOUN	hi	en	true	boundary
train-s159	6	7	NOUN	VERB	en	hi	true	within
train-s159	7	8	VERB	SCONJ	hi	hi	false	within
train-s159	8	9	SCONJ	NOUN	hi	en	true	boundary
train-s159	9	10	NOUN	PART	en	hi	true	within
train-s159	10	11	PART	AUX	hi	hi	false	within
train-s160	2	3	NOUN	NOUN	en	en	false	within
train-s160	3	4	NOUN	VERB	en	en	false	within
train-s160	4	5	VERB	SCONJ	en	en	false	boundary
train-s160	5	6	SCONJ	NOUN	en	en	false	boundary
train-s160	6	7	NOUN	VERB	en	hi	true	within
train-s160	7	8	VERB	AUX	hi	hi	false	within
train-s160	8	9	AUX	SCONJ	hi	hi	false	boundary
train-s160	9	10	SCONJ	VERB	hi	hi	false	within
train-s160	10	11	VERB	AUX	hi	hi	false	within
train-s160	11	12	AUX	PART	hi	hi	false	boundary
train-s160	12	13	PART	SCONJ	hi	hi	false	within
train-s160	13	14	SCONJ	VERB	hi	hi	false	within
train-s160	14	15	VERB	AUX	hi	hi	false	within
train-s161	1	2	ADJ	NOUN	en	hi	true	within
train-s161	2	3	NOUN	PART	hi	hi	false	within
train-s161	3	4	PART	VERB	hi	hi	false	within
train-s161	4	5	VERB	AUX	hi	hi	false	within
train-s161	5	6	AUX	PRON	hi	en	true	boundary
train-s161	6	7	PRON	VERB	en	en	false	within
train-s161	7	8	VERB	ADP	en	en	false	boundary
train-s161	8	9	ADP	DET	en	en	false	within
train-s161	9	10	DET	ADJ	en	en	false	within
train-s161	10	11	ADJ	NOUN	en	en	false	within
train-s162	1	2	PRON	PRON	hi	hi	false	within
train-s162	2	3	PRON	ADV	hi	hi	false	within
train-s162	3	4	ADV	VERB	hi	hi	false	within
train-s162	4	5	VERB	AUX	hi	hi	false	within
train-s162	5	6	AUX	AUX	hi	hi	false	within
train-s162	6	7	AUX	SCONJ	hi	hi	false	boundary
train-s162	7	8	SCONJ	NOUN	hi	en	true	boundary
train-s162	8	10	NOUN	VERB	en	hi	true	boundary
train-s162	10	12	VERB	ADP	hi	en	true	boundary
train-s163	2	3	ADP	NOUN	hi	hi	false	boundary
train-s163	3	4	NOUN	VERB	hi	hi	false	within
train-s163	4	5	VERB	AUX	hi	hi	false	within
train-s163	5	6	AUX	NOUN	hi	en	true	boundary
train-s163	6	7	NOUN	NOUN	en	en	false	within
train-s163	7	8	NOUN	ADJ	en	hi	true	within
train-s163	8	9	ADJ	VERB	hi	hi	false	within
train-s163	9	10	VERB	AUX	hi	hi	false	within
train-s164	1	2	CCONJ	PRON	en	en	false	within
train-s164	2	3	PRON	VERB	en	en	false	within
train-s164	3	4	VERB	AUX	en	en	false	boundary
train-s164	4	5	AUX	VERB	en	en	false	within
train-s164	5	6	VERB	ADV	en	en	false	within
train-s164	6	7	ADV	CCONJ	en	en	false	boundary
train-s164	7	8	CCONJ	ADJ	en	en	false	boundary
train-s164	8	9	ADJ	NOUN	en	en	false	within
train-s164	9	10	NOUN	AUX	en	en	false	within
train-s164	10	11	AUX	SCONJ	en	hi	true	within
train-s164	11	12	SCONJ	VERB	hi	hi	false	within
train-s164	12	13	VERB	AUX	hi	hi	false	within
train-s165	1	2	NOUN	ADP	en	hi	true	within
train-s165	2	3	ADP	ADP	hi	hi	false	within
train-s165	3	4	ADP	NOUN	hi	en	true	boundary
train-s165	4	5	NOUN	ADP	en	hi	true	within
train-s165	5	6	ADP	ADP	hi	hi	false	within
train-s165	6	7	ADP	NOUN	hi	en	true	boundary
train-s165	7	8	NOUN	VERB	en	hi	true	within
train-s165	8	9	VERB	SCONJ	hi	hi	false	within
train-s165	9	10	SCONJ	NOUN	hi	en	true	boundary
train-s166	1	2	DET	ADJ	en	en	false	within
train-s166	2	3	ADJ	NOUN	en	en	false	within
train-s166	3	4	NOUN	ADV	en	en	false	within
train-s166	4	7	ADV	VERB	en	en	false	within
train-s166	7	8	VERB	ADP	en	en	false	boundary
train-s166	8	9	ADP	NOUN	en	en	false	within
train-s166	9	10	NOUN	SCONJ	en	en	false	boundary
train-s166	10	12	SCONJ	PART	en	hi	true	boundary
train-s166	12	14	PART	VERB	hi	hi	false	boundary
train-s166	14	15	VERB	AUX	hi	hi	false	within
train-s167	1	2	ADP	DET	en	en	false	within
train-s167	2	3	DET	ADJ	en	en	false	within
train-s167	3	4	ADJ	NOUN	en	en	false	within
train-s167	4	5	NOUN	VERB	en	en	false	within
train-s167	5	8	VERB	ADP	en	hi	true	boundary
train-s167	8	9	ADP	NOUN	hi	hi	false	boundary
train-s167	9	10	NOUN	ADP	hi	hi	false	within
train-s167	10	11	ADP	NOUN	hi	hi	false	boundary
train-s167	11	13	NOUN	CCONJ	hi	en	true	boundary
train-s167	13	15	CCONJ	NOUN	en	hi	true	within
train-s167	15	16	NOUN	ADP	hi	hi	false	within
train-s167	16	17	ADP	NOUN	hi	hi	false	boundary
train-s167	17	19	NOUN	DET	hi	en	true	boundary
train-s168	1	2	PART	AUX	en	en	false	within
train-s168	2	3	AUX	ADV	en	en	false	within
train-s168	3	4	ADV	ADJ	en	en	false	within
train-s168	4	5	ADJ	PRON	en	hi	true	boundary
train-s168	5	6	PRON	PRON	hi	hi	false	boundary
train-s168	6	7	PRON	NOUN	hi	en	true	within
train-s168	7	8	NOUN	ADP	en	hi	true	within
train-s168	8	9	ADP	NOUN	hi	hi	false	boundary
train-s168	9	10	NOUN	VERB	hi	hi	false	within
train-s168	10	11	VERB	NOUN	hi	en	true	within
train-s168	11	12	NOUN	VERB	en	hi	true	within
train-s168	12	13	VERB	CCONJ	hi	en	true	boundary
train-s168	13	14	CCONJ	NUM	en	hi	true	boundary
train-s168	14	15	NUM	DET	hi	hi	false	within
train-s168	15	16	DET	NOUN	hi	hi	false	within
train-s168	16	17	NOUN	VERB	hi	en	true	within
train-s168	17	18	VERB	PRON	en	en	false	boundary
train-s168	18	19	PRON	NOUN	en	en	false	within
train-s168	19	20	NOUN	VERB	en	en	false	within
train-s169	1	2	NOUN	NOUN	en	en	false	within
train-s169	2	3	NOUN	NOUN	en	en	false	within
train-s169	3	4	NOUN	AUX	en	en	false	within
train-s169	4	5	AUX	AUX	en	en	false	within
train-s169	5	6	AUX	VERB	en	en	false	within
train-s169	6	7	VERB	ADP	en	en	false	boundary
train-s169	7	8	ADP	NOUN	en	hi	true	within
train-s169	8	9	NOUN	ADP	hi	hi	false	within
train-s169	9	10	ADP	NOUN	hi	en	true	boundary
train-s170	1	2	SCONJ	DET	en	en	false	boundary
train-s170	2	3	DET	NOUN	en	en	false	within
train-s170	3	4	NOUN	VERB	en	en	false	within
train-s170	4	5	VERB	ADP	en	en	false	boundary
train-s170	5	6	ADP	NOUN	en	en	false	within
train-s170	6	8	NOUN	PRON	en	hi	true	boundary
train-s170	8	9	PRON	ADP	hi	hi	false	within
train-s170	9	10	ADP	NOUN	hi	hi	false	boundary
train-s170	10	11	NOUN	ADP	hi	hi	false	within
train-s170	11	12	ADP	NOUN	hi	hi	false	boundary
train-s170	12	13	NOUN	AUX	hi	hi	false	within
train-s171	1	2	ADV	ADP	hi	hi	false	within
train-s171	2	3	ADP	ADJ	hi	hi	false	boundary
train-s171	3	4	ADJ	ADJ	hi	hi	false	within
train-s171	4	5	ADJ	NOUN	hi	en	true	within
train-s171	5	6	NOUN	ADJ	en	en	false	within
train-s171	6	7	ADJ	NOUN	en	en	false	within
train-s171	7	8	NOUN	NOUN	en	en	false	within
train-s171	8	9	NOUN	ADP	en	hi	true	within
train-s171	9	10	ADP	AUX	hi	hi	false	within
train-s172	2	3	ADP	NOUN	hi	en	true	boundary
train-s172	3	4	NOUN	ADJ	en	hi	true	within
train-s172	4	5	ADJ	NOUN	hi	hi	false	within
train-s172	5	6	NOUN	AUX	hi	hi	false	within
train-s173	1	2	NOUN	NOUN	en	en	false	within
train-s173	2	3	NOUN	ADP	en	hi	true	within
train-s173	3	4	ADP	NOUN	hi	en	true	boundary
train-s173	4	5	NOUN	ADP	en	hi	true	within
train-s173	5	6	ADP	ADP	hi	hi	false	within
train-s173	6	7	ADP	NOUN	hi	hi	false	boundary
train-s174	1	2	PRON	NOUN	hi	en	true	within
train-s174	2	3	NOUN	NOUN	en	en	false	within
train-s174	3	4	NOUN	ADP	en	hi	true	within
train-s174	4	5	ADP	DET	hi	hi	false	boundary
train-s174	5	6	DET	NOUN	hi	hi	false	within
train-s174	6	7	NOUN	AUX	hi	hi	false	within
train-s175	1	2	ADJ	NOUN	en	en	false	within
train-s175	2	3	NOUN	ADP	en	hi	true	within
train-s175	3	4	ADP	NOUN	hi	en	true	boundary
train-s175	4	5	NOUN	DET	en	hi	true	boundary
train-s175	5	6	DET	NOUN	hi	hi	false	within
train-s175	6	7	NOUN	ADP	hi	hi	false	within
train-s175	7	8	ADP	VERB	hi	hi	false	boundary
train-s175	8	9	VERB	AUX	hi	hi	false	within
train-s176	1	2	PRON	NOUN	hi	hi	false	within
train-s176	2	3	NOUN	ADP	hi	hi	false	within
train-s176	3	4	ADP	ADJ	hi	en	true	boundary
train-s176	4	5	ADJ	NOUN	en	en	false	within
train-s176	5	6	NOUN	ADP	en	hi	true	within
train-s176	6	7	ADP	DET	hi	hi	false	boundary
train-s176	7	8	DET	NOUN	hi	en	true	within
train-s176	8	9	NOUN	PART	en	hi	true	within
train-s176	9	10	PART	AUX	hi	hi	false	within
train-s177	2	3	DET	ADJ	en	en	false	within
train-s177	3	4	ADJ	NOUN	en	en	false	within
train-s177	4	5	NOUN	ADP	en	en	false	boundary
train-s177	5	6	ADP	DET	en	en	false	within
train-s177	6	7	DET	NOUN	en	en	false	within
train-s177	7	8	NOUN	AUX	en	en	false	boundary
train-s177	8	10	AUX	PRON	en	hi	true	within
train-s177	10	11	PRON	NOUN	hi	hi	false	within
train-s178	1	2	NUM	ADJ	hi	hi	false	within
train-s178	2	3	ADJ	NOUN	hi	hi	false	within
train-s178	3	4	NOUN	ADP	hi	hi	false	within
train-s178	4	5	ADP	NOUN	hi	hi	false	boundary
train-s178	5	6	NOUN	VERB	hi	en	true	within
train-s178	6	7	VERB	PRON	en	en	false	within
train-s179	1	2	ADV	DET	hi	hi	false	boundary
train-s179	2	3	DET	ADJ	hi	en	true	within
train-s179	3	4	ADJ	NOUN	en	en	false	within
train-s179	4	5	NOUN	ADP	en	hi	true	within
train-s179	5	6	ADP	NOUN	hi	en	true	boundary
train-s179	6	7	NOUN	PART	en	hi	true	within
train-s179	7	8	PART	ADJ	hi	hi	false	boundary
train-s179	8	9	ADJ	PART	hi	hi	false	within
train-s180	2	3	PART	SCONJ	hi	hi	false	within
train-s180	3	4	SCONJ	PART	hi	hi	false	within
train-s180	4	6	PART	PRON	hi	en	true	boundary
train-s180	6	7	PRON	AUX	en	en	false	within
train-s180	7	8	AUX	ADJ	en	en	false	within
train-s180	8	10	ADJ	CCONJ	en	en	false	boundary
train-s180	10	12	CCONJ	AUX	en	en	false	within
train-s180	12	13	AUX	PART	en	en	false	within
train-s180	13	14	PART	VERB	en	en	false	within
train-s180	14	15	VERB	VERB	en	en	false	within
train-s180	15	16	VERB	ADP	en	en	false	within
train-s180	16	18	ADP	SCONJ	en	hi	true	boundary
train-s180	18	19	SCONJ	NOUN	hi	en	true	boundary
train-s180	19	20	NOUN	ADP	en	hi	true	within
train-s180	20	21	ADP	PART	hi	hi	false	within
train-s180	21	22	PART	VERB	hi	hi	false	boundary
train-s180	22	23	VERB	AUX	hi	hi	false	within
train-s181	2	3	NOUN	ADV	en	en	false	within
train-s181	3	4	ADV	NOUN	en	hi	true	within
train-s181	4	5	NOUN	ADP	hi	hi	false	within
train-s181	5	6	ADP	PRON	hi	hi	false	boundary
train-s181	6	7	PRON	NOUN	hi	en	true	within
train-s181	7	8	NOUN	PART	en	hi	true	within
train-s181	8	9	PART	VERB	hi	hi	false	within
train-s181	9	10	VERB	AUX	hi	hi	false	within
train-s182	1	2	PRON	AUX	en	en	false	within
train-s182	2	3	AUX	ADV	en	en	false	within
train-s182	3	4	ADV	ADJ	en	en	false	within
train-s182	4	5	ADJ	ADP	en	en	false	boundary
train-s182	5	6	ADP	DET	en	en	false	within
train-s182	6	7	DET	ADV	en	en	false	boundary
train-s182	7	8	ADV	ADJ	en	en	false	within
train-s182	8	9	ADJ	NOUN	en	en	false	within
train-s182	9	10	NOUN	SCONJ	en	en	false	boundary
train-s182	10	11	SCONJ	VERB	en	hi	true	within
train-s182	11	12	VERB	CCONJ	hi	hi	false	boundary
train-s182	12	13	CCONJ	PART	hi	hi	false	within
train-s182	13	14	PART	VERB	hi	hi	false	within
train-s182	14	15	VERB	AUX	hi	en	true	boundary
train-s182	15	16	AUX	ADJ	en	hi	true	within
train-s183	1	2	ADJ	VERB	en	hi	true	within
train-s183	2	3	VERB	AUX	hi	hi	false	within
train-s183	3	4	AUX	SCONJ	hi	hi	false	boundary
train-s183	4	5	SCONJ	PRON	hi	hi	false	within
train-s183	5	6	PRON	ADJ	hi	en	true	within
train-s183	6	7	ADJ	VERB	en	hi	true	within
train-s183	7	8	VERB	AUX	hi	hi	false	within
train-s184	2	3	DET	ADJ	en	en	false	within
train-s184	3	4	ADJ	NOUN	en	en	false	within
train-s184	4	5	NOUN	NOUN	en	en	false	within
train-s184	5	7	NOUN	ADV	en	hi	true	boundary
train-s184	7	8	ADV	ADJ	hi	hi	false	within
train-s184	8	9	ADJ	VERB	hi	hi	false	within
train-s184	9	10	VERB	CCONJ	hi	hi	false	boundary
train-s185	2	4	ADJ	NOUN	en	en	false	within
train-s185	4	6	NOUN	NOUN	en	en	false	within
train-s185	6	7	NOUN	ADJ	en	hi	true	within
train-s185	7	8	ADJ	CCONJ	hi	hi	false	boundary
train-s185	8	9	CCONJ	NOUN	hi	en	true	within
train-s185	9	10	NOUN	ADJ	en	hi	true	within
train-s185	10	11	ADJ	VERB	hi	hi	false	within
train-s186	1	3	INTJ	SCONJ	en	en	false	within
train-s186	3	4	SCONJ	PRON	en	en	false	within
train-s186	4	5	PRON	AUX	en	en	false	within
train-s186	5	6	AUX	ADJ	en	en	false	within
train-s186	6	7	ADJ	PART	en	en	false	boundary
train-s186	7	8	PART	VERB	en	en	false	within
train-s186	8	9	VERB	CCONJ	en	en	false	boundary
train-s186	9	11	CCONJ	DET	en	hi	true	boundary
train-s186	11	12	DET	NOUN	hi	hi	false	within
train-s186	12	13	NOUN	NOUN	hi	hi	false	within
train-s186	13	14	NOUN	VERB	hi	hi	false	within
train-s186	14	15	VERB	AUX	hi	hi	false	within
train-s186	15	16	AUX	AUX	hi	hi	false	within
train-s187	2	3	ADP	VERB	hi	en	true	boundary
train-s187	3	4	VERB	PART	en	hi	true	within
train-s187	4	5	PART	NOUN	hi	en	true	boundary
train-s187	5	6	NOUN	VERB	en	hi	true	within
train-s188	1	2	NOUN	PART	en	en	false	within
train-s188	2	3	PART	ADJ	en	en	false	boundary
train-s188	3	4	ADJ	NOUN	en	en	false	within
train-s188	4	5	NOUN	ADP	en	hi	true	within
train-s188	5	6	ADP	NOUN	hi	en	true	boundary
train-s188	6	7	NOUN	ADV	en	en	false	within
train-s188	7	8	ADV	PRON	en	hi	true	within
train-s188	8	9	PRON	AUX	hi	hi	false	within
train-s189	1	2	PRON	NOUN	hi	hi	false	within
train-s189	2	3	NOUN	VERB	hi	hi	false	within
train-s189	3	4	VERB	AUX	hi	hi	false	within
train-s189	4	5	AUX	ADP	hi	en	true	boundary
train-s189	5	6	ADP	NOUN	en	en	false	within
train-s189	6	7	NOUN	ADP	en	en	false	boundary
train-s189	7	8	ADP	NOUN	en	en	false	within
train-s189	8	9	NOUN	AUX	en	en	false	boundary
train-s189	9	10	AUX	ADJ	en	en	false	within
train-s189	10	11	ADJ	PART	en	en	false	within
train-s189	11	12	PART	VERB	en	en	false	within
train-s189	12	13	VERB	PRON	en	en	false	boundary
train-s189	13	14	PRON	NOUN	en	en	false	within
train-s189	14	15	NOUN	ADV	en	en	false	within
train-s190	1	2	NOUN	VERB	en	en	false	within
train-s190	2	3	VERB	NOUN	en	hi	true	within
train-s190	3	4	NOUN	ADP	hi	hi	false	within
train-s190	4	5	ADP	NOUN	hi	hi	false	boundary
train-s191	2	3	ADP	ADV	hi	hi	false	boundary
train-s191	3	4	ADV	DET	hi	hi	false	within
train-s191	4	5	DET	NOUN	hi	hi	false	within
train-s191	5	6	NOUN	PRON	hi	en	true	boundary
train-s191	6	7	PRON	ADJ	en	en	false	within
train-s191	7	8	ADJ	NOUN	en	en	false	within
train-s191	8	9	NOUN	CCONJ	en	en	false	boundary
train-s191	9	10	CCONJ	NOUN	en	en	false	within
train-s192	1	2	ADV	PART	hi	hi	false	within
train-s192	2	3	PART	NOUN	hi	en	true	boundary
train-s192	3	4	NOUN	VERB	en	hi	true	within
train-s192	4	5	VERB	AUX	hi	en	true	within
train-s192	5	6	AUX	ADV	en	en	false	within
train-s192	6	7	ADV	ADJ	en	en	false	within
train-s192	7	8	ADJ	CCONJ	en	en	false	boundary
train-s192	8	9	CCONJ	ADV	en	hi	true	within
train-s192	9	10	ADV	DET	hi	hi	false	within
train-s192	10	11	DET	NOUN	hi	hi	false	within
train-s192	11	12	NOUN	CCONJ	hi	hi	false	boundary
train-s192	12	13	CCONJ	NOUN	hi	hi	false	within
train-s192	13	14	NOUN	PART	hi	hi	false	within
train-s192	14	15	PART	AUX	hi	hi	false	within
train-s193	2	3	NOUN	ADP	hi	hi	false	within
train-s193	3	4	ADP	NOUN	hi	en	true	boundary
train-s193	4	5	NOUN	NOUN	en	en	false	within
train-s193	5	6	NOUN	ADJ	en	hi	true	within
train-s193	6	7	ADJ	AUX	hi	hi	false	within
train-s193	7	9	AUX	PRON	hi	en	true	boundary
train-s193	9	10	PRON	AUX	en	en	false	within
train-s193	10	11	AUX	DET	en	en	false	within
train-s193	11	12	DET	NOUN	en	en	false	within
train-s194	1	2	VERB	DET	en	en	false	boundary
train-s194	2	3	DET	NOUN	en	en	false	within
train-s194	3	4	NOUN	PRON	en	en	false	boundary
train-s194	4	5	PRON	VERB	en	en	false	within
train-s194	5	6	VERB	ADV	en	en	false	within
train-s194	6	7	ADV	ADP	en	en	false	boundary
train-s194	7	8	ADP	DET	en	en	false	within
train-s194	8	9	DET	NOUN	en	en	false	within
train-s194	9	10	NOUN	CCONJ	en	en	false	boundary
train-s194	10	11	CCONJ	VERB	en	en	false	within
train-s194	11	12	VERB	SCONJ	en	hi	true	boundary
train-s194	12	13	SCONJ	PRON	hi	hi	false	within
train-s194	13	14	PRON	NOUN	hi	en	true	within
train-s194	14	15	NOUN	ADP	en	hi	true	within
train-s194	15	16	ADP	NOUN	hi	en	true	boundary
train-s194	16	17	NOUN	VERB	en	hi	true	within
train-s194	17	18	VERB	AUX	hi	hi	false	within
train-s195	1	2	PRON	NOUN	hi	en	true	within
train-s195	2	3	NOUN	ADP	en	en	false	boundary
train-s195	3	4	ADP	DET	en	en	false	within
train-s195	4	5	DET	NOUN	en	en	false	within
train-s195	5	6	NOUN	ADJ	en	hi	true	boundary
train-s195	6	7	ADJ	NUM	hi	hi	false	within
train-s195	7	8	NUM	NOUN	hi	hi	false	within
train-s195	8	9	NOUN	ADP	hi	hi	false	within
train-s195	9	10	ADP	ADJ	hi	en	true	boundary
train-s195	10	11	ADJ	PART	en	hi	true	within
train-s195	11	12	PART	AUX	hi	hi	false	within
train-s196	3	4	VERB	SCONJ	en	en	false	boundary
train-s196	4	6	SCONJ	NOUN	en	en	false	within
train-s196	6	7	NOUN	ADP	en	hi	true	within
train-s196	7	8	ADP	ADP	hi	hi	false	within
train-s196	8	9	ADP	ADP	hi	hi	false	within
train-s196	9	12	ADP	ADP	hi	hi	false	boundary
train-s196	12	13	ADP	DET	hi	hi	false	boundary
train-s196	13	14	DET	NOUN	hi	en	true	within
train-s196	14	15	NOUN	VERB	en	hi	true	within
train-s196	15	16	VERB	AUX	hi	hi	false	within
train-s196	16	17	AUX	AUX	hi	hi	false	within
train-s196	17	18	AUX	AUX	hi	hi	false	within
train-s197	1	2	PRON	VERB	en	en	false	within
train-s197	2	4	VERB	ADJ	en	hi	true	boundary
train-s197	4	5	ADJ	NOUN	hi	hi	false	within
train-s197	5	6	NOUN	VERB	hi	hi	false	within
train-s197	6	7	VERB	AUX	hi	hi	false	within
train-s197	7	8	AUX	AUX	hi	hi	false	within
train-s197	8	11	AUX	ADV	hi	en	true	boundary
train-s197	11	12	ADV	PART	en	en	false	within
train-s197	12	15	PART	AUX	en	en	false	within
train-s197	15	16	AUX	AUX	en	en	false	within
train-s197	16	17	AUX	VERB	en	en	false	within
train-s197	17	18	VERB	ADV	en	en	false	within
train-s198	1	2	PRON	NOUN	en	hi	true	within
train-s198	2	3	NOUN	AUX	hi	en	true	within
train-s198	3	4	AUX	ADV	en	en	false	within
train-s198	4	5	ADV	ADJ	en	en	false	within
train-s198	5	6	ADJ	SCONJ	en	hi	true	boundary
train-s198	6	7	SCONJ	PRON	hi	hi	false	within
train-s198	7	8	PRON	VERB	hi	hi	false	within
train-s198	8	9	VERB	SCONJ	hi	hi	false	boundary
train-s198	9	10	SCONJ	PRON	hi	hi	false	boundary
train-s198	10	11	PRON	NOUN	hi	hi	false	within
train-s198	11	12	NOUN	ADV	hi	hi	false	within
train-s198	12	13	ADV	VERB	hi	hi	false	within
train-s198	13	14	VERB	AUX	hi	hi	false	within
train-s198	14	15	AUX	AUX	hi	hi	false	within
train-s199	1	2	PRON	NOUN	hi	en	true	within
train-s199	2	3	NOUN	NUM	en	hi	true	boundary
train-s199	3	4	NUM	NOUN	hi	hi	false	within
train-s199	4	5	NOUN	ADJ	hi	hi	false	within
train-s199	5	6	ADJ	NOUN	hi	en	true	within
train-s199	6	7	NOUN	VERB	en	hi	true	within
train-s199	7	8	VERB	AUX	hi	hi	false	within
train-s199	8	9	AUX	SCONJ	hi	en	true	boundary
train-s199	9	10	SCONJ	PRON	en	en	false	within
train-s199	10	11	PRON	AUX	en	en	false	within
train-s199	11	12	AUX	ADP	en	en	false	within
train-s199	12	13	ADP	NOUN	en	en	false	within
train-s199	13	14	NOUN	NOUN	en	hi	true	boundary
train-s199	14	15	NOUN	DET	hi	hi	false	boundary
train-s199	15	16	DET	NOUN	hi	en	true	within
train-s199	16	17	NOUN	ADP	en	hi	true	within
train-s199	17	18	ADP	NOUN	hi	en	true	boundary
train-s199	18	19	NOUN	ADP	en	hi	true	within
train-s199	19	20	ADP	NOUN	hi	en	true	boundary
train-s199	20	21	NOUN	VERB	en	hi	true	within
train-s200	1	2	PRON	NOUN	en	en	false	within
train-s200	2	3	NOUN	AUX	en	en	false	within
train-s200	3	4	AUX	AUX	en	en	false	within
train-s200	4	5	AUX	VERB	en	en	false	within
train-s200	5	6	VERB	VERB	en	hi	true	within
train-s200	6	7	VERB	AUX	hi	hi	false	within
train-s200	7	8	AUX	NOUN	hi	hi	false	within
train-s200	8	9	NOUN	ADJ	hi	hi	false	within
train-s201	1	2	ADJ	NOUN	en	en	false	within
train-s201	2	3	NOUN	ADP	en	hi	true	within
train-s201	3	4	ADP	NOUN	hi	hi	false	boundary
train-s201	4	5	NOUN	ADP	hi	hi	false	within
train-s201	5	7	ADP	AUX	hi	en	true	boundary
train-s201	7	8	AUX	NOUN	en	en	false	within
train-s202	1	2	NOUN	ADP	en	hi	true	within
train-s202	2	3	ADP	VERB	hi	hi	false	boundary
train-s202	3	4	VERB	AUX	hi	hi	false	within
train-s202	4	5	AUX	NOUN	hi	en	true	boundary
train-s202	5	6	NOUN	ADP	en	hi	true	within
train-s202	6	7	ADP	VERB	hi	hi	false	boundary
train-s202	7	8	VERB	AUX	hi	hi	false	within
train-s202	8	9	AUX	PRON	hi	en	true	boundary
train-s202	9	10	PRON	VERB	en	en	false	within
train-s202	10	11	VERB	ADJ	en	en	false	within
train-s202	11	12	ADJ	SCONJ	en	en	false	boundary
train-s202	12	13	SCONJ	SCONJ	en	en	false	within
train-s202	13	14	SCONJ	VERB	en	en	false	within
train-s202	14	15	VERB	ADV	en	en	false	within
train-s202	15	16	ADV	CCONJ	en	en	false	boundary
train-s202	16	17	CCONJ	VERB	en	en	false	within
train-s202	17	18	VERB	PART	en	en	false	within
train-s202	18	19	PART	ADV	en	en	false	within
train-s203	1	2	ADV	PRON	en	en	false	within
train-s203	2	3	PRON	VERB	en	en	false	within
train-s203	3	4	VERB	CCONJ	en	en	false	boundary
train-s203	4	6	CCONJ	PRON	en	en	false	boundary
train-s203	6	7	PRON	NOUN	en	en	false	within
train-s203	7	9	NOUN	PRON	en	en	false	boundary
train-s203	9	10	PRON	VERB	en	en	false	within
train-s203	10	11	VERB	PRON	en	en	false	boundary
train-s203	11	12	PRON	NOUN	en	en	false	within
train-s203	12	13	NOUN	PART	en	en	false	boundary
train-s203	13	14	PART	VERB	en	en	false	within
train-s203	14	15	VERB	PRON	en	hi	true	within
train-s203	15	16	PRON	AUX	hi	hi	false	within
train-s203	16	17	AUX	ADJ	hi	hi	false	boundary
train-s203	17	18	ADJ	NOUN	hi	hi	false	within
train-s204	1	2	NOUN	NOUN	en	en	false	within
train-s204	2	3	NOUN	ADP	en	hi	true	within
train-s204	3	4	ADP	PART	hi	en	true	boundary
train-s204	4	5	PART	VERB	en	hi	true	within
train-s204	5	6	VERB	SCONJ	hi	hi	false	within
train-s204	6	7	SCONJ	ADJ	hi	hi	false	boundary
train-s204	7	8	ADJ	NOUN	hi	hi	false	within
train-s204	8	9	NOUN	VERB	hi	hi	false	within
train-s204	9	10	VERB	AUX	hi	hi	false	within
train-s204	10	11	AUX	NOUN	hi	hi	false	within
train-s205	1	2	PRON	AUX	en	en	false	within
train-s205	2	3	AUX	ADJ	en	en	false	within
train-s205	3	4	ADJ	DET	en	en	false	within
train-s205	4	5	DET	NOUN	en	en	false	within
train-s205	5	6	NOUN	SCONJ	en	en	false	boundary
train-s205	6	7	SCONJ	ADV	en	en	false	boundary
train-s205	7	8	ADV	NOUN	en	en	false	within
train-s205	8	9	NOUN	VERB	en	en	false	within
train-s205	9	10	VERB	ADP	en	en	false	boundary
train-s205	10	11	ADP	DET	en	en	false	within
train-s205	11	12	DET	NOUN	en	en	false	within
train-s205	12	13	NOUN	NOUN	en	en	false	within
train-s205	13	14	NOUN	ADP	en	en	false	boundary
train-s205	14	17	ADP	NOUN	en	en	false	boundary
train-s205	17	18	NOUN	NOUN	en	en	false	within
train-s205	18	19	NOUN	VERB	en	hi	true	within
train-s205	19	20	VERB	AUX	hi	hi	false	within
train-s205	20	21	AUX	AUX	hi	hi	false	within
train-s205	21	22	AUX	AUX	hi	hi	false	within
train-s206	1	2	NOUN	PART	hi	hi	false	within
train-s206	2	3	PART	NOUN	hi	hi	false	boundary
train-s206	3	4	NOUN	NOUN	hi	en	true	within
train-s206	4	5	NOUN	ADP	en	hi	true	within
train-s206	5	6	ADP	NOUN	hi	en	true	boundary
train-s206	6	7	NOUN	ADV	en	hi	true	within
train-s206	7	8	ADV	VERB	hi	hi	false	within
train-s206	8	9	VERB	AUX	hi	hi	false	within
train-s206	9	10	AUX	AUX	hi	hi	false	within
train-s207	1	2	NOUN	NOUN	en	en	false	within
train-s207	2	3	NOUN	AUX	en	en	false	within
train-s207	3	4	AUX	ADJ	en	en	false	within
train-s207	4	5	ADJ	ADP	en	en	false	boundary
train-s207	5	6	ADP	ADJ	en	en	false	within
train-s207	6	7	ADJ	NOUN	en	en	false	within
train-s207	7	9	NOUN	NOUN	en	en	false	boundary
train-s207	9	10	NOUN	ADP	en	hi	true	within
train-s207	10	11	ADP	NOUN	hi	hi	false	boundary
train-s207	11	12	NOUN	ADP	hi	hi	false	within
train-s207	12	13	ADP	NOUN	hi	hi	false	boundary
train-s207	13	15	NOUN	NOUN	hi	hi	false	within
train-s207	15	16	NOUN	CCONJ	hi	hi	false	boundary
train-s207	16	17	CCONJ	NOUN	hi	hi	false	within
train-s208	1	2	PRON	NOUN	hi	hi	false	within
train-s208	2	3	NOUN	NOUN	hi	hi	false	within
train-s208	3	4	NOUN	ADP	hi	hi	false	within
train-s208	4	5	ADP	VERB	hi	en	true	boundary
train-s208	5	6	VERB	ADV	en	en	false	within
train-s208	6	7	ADV	VERB	en	hi	true	boundary
train-s209	1	2	ADV	ADJ	hi	hi	false	boundary
train-s209	2	3	ADJ	NOUN	hi	hi	false	within
train-s209	3	4	NOUN	PART	hi	hi	false	within
train-s209	4	5	PART	ADJ	hi	en	true	boundary
train-s209	5	6	ADJ	NOUN	en	en	false	within
train-s209	6	7	NOUN	ADP	en	hi	true	within
train-s209	7	8	ADP	AUX	hi	hi	false	within
train-s209	8	9	AUX	PRON	hi	hi	false	boundary
train-s209	9	10	PRON	NOUN	hi	en	true	boundary
train-s209	10	11	NOUN	NOUN	en	en	false	within
train-s209	11	12	NOUN	ADP	en	hi	true	within
train-s209	12	13	ADP	PRON	hi	hi	false	boundary
train-s209	13	14	PRON	NOUN	hi	hi	false	within
train-s210	2	3	NOUN	ADP	hi	hi	false	within
train-s210	3	4	ADP	ADJ	hi	en	true	boundary
train-s210	4	5	ADJ	NOUN	en	en	false	within
train-s210	5	6	NOUN	ADP	en	hi	true	within
train-s210	6	7	ADP	NOUN	hi	en	true	boundary
train-s210	7	8	NOUN	AUX	en	hi	true	within
train-s210	8	9	AUX	NOUN	hi	hi	false	within
train-s211	1	2	NOUN	ADV	hi	hi	false	within
train-s211	2	3	ADV	ADP	hi	hi	false	within
train-s211	3	4	ADP	PART	hi	hi	false	boundary
train-s211	4	5	PART	VERB	hi	hi	false	within
train-s211	5	6	VERB	ADV	hi	hi	false	boundary
train-s211	6	7	ADV	ADP	hi	hi	false	within
train-s211	7	8	ADP	ADJ	hi	en	true	boundary
train-s211	8	9	ADJ	CCONJ	en	en	false	boundary
train-s211	9	10	CCONJ	ADJ	en	en	false	within
train-s211	10	11	ADJ	NOUN	en	en	false	boundary
train-s211	11	12	NOUN	PART	en	hi	true	within
train-s211	12	13	PART	VERB	hi	hi	false	within
train-s212	1	2	PRON	ADP	hi	hi	false	within
train-s212	2	3	ADP	NOUN	hi	en	true	boundary
train-s212	3	4	NOUN	PART	en	hi	true	within
train-s212	4	5	PART	NOUN	hi	en	true	boundary
train-s212	5	6	NOUN	ADP	en	hi	true	within
train-s212	6	7	ADP	VERB	hi	hi	false	boundary
train-s212	7	8	VERB	AUX	hi	hi	false	within
train-s212	8	9	AUX	AUX	hi	hi	false	within
train-s213	2	3	PRON	AUX	en	en	false	within
train-s213	3	4	AUX	ADV	en	en	false	within
train-s213	4	5	ADV	VERB	en	en	false	within
train-s213	5	7	VERB	DET	en	hi	true	boundary
train-s213	7	8	DET	NOUN	hi	hi	false	within
train-s213	8	9	NOUN	ADP	hi	hi	false	within
train-s213	9	10	ADP	ADP	hi	hi	false	within
train-s213	10	12	ADP	ADP	hi	hi	false	boundary
train-s213	12	13	ADP	NOUN	hi	hi	false	boundary
train-s213	13	14	NOUN	ADV	hi	hi	false	within
train-s213	14	15	ADV	VERB	hi	hi	false	within
train-s213	15	16	VERB	AUX	hi	hi	false	within
train-s213	16	17	AUX	AUX	hi	hi	false	within
train-s213	17	18	AUX	NOUN	hi	hi	false	within
train-s214	1	2	PRON	PRON	en	en	false	within
train-s214	2	3	PRON	VERB	en	en	false	within
train-s214	3	4	VERB	ADJ	en	en	false	within
train-s214	4	6	ADJ	NOUN	en	en	false	boundary
train-s214	6	7	NOUN	DET	en	hi	true	boundary
train-s214	7	8	DET	NOUN	hi	hi	false	within
train-s214	8	9	NOUN	ADJ	hi	hi	false	within
train-s214	9	10	ADJ	PART	hi	hi	false	within
train-s214	10	11	PART	VERB	hi	hi	false	within
train-s215	1	2	ADJ	NOUN	en	en	false	within
train-s215	2	3	NOUN	ADP	en	hi	true	within
train-s215	3	4	ADP	ADJ	hi	en	true	boundary
train-s215	4	5	ADJ	NOUN	en	en	false	within
train-s215	5	6	NOUN	PRON	en	hi	true	within
train-s215	6	7	PRON	AUX	hi	hi	false	within
train-s216	2	4	SCONJ	AUX	en	en	false	within
train-s216	4	5	AUX	VERB	en	en	false	within
train-s216	5	6	VERB	DET	en	en	false	boundary
train-s216	6	7	DET	NOUN	en	en	false	within
train-s216	7	9	NOUN	PRON	en	en	false	boundary
train-s216	9	10	PRON	VERB	en	en	false	within
train-s216	10	11	VERB	SCONJ	en	en	false	boundary
train-s216	11	12	SCONJ	PRON	en	en	false	within
train-s216	12	13	PRON	AUX	en	en	false	within
train-s216	13	14	AUX	VERB	en	en	false	within
train-s216	14	16	VERB	ADV	en	hi	true	boundary
train-s216	16	17	ADV	NOUN	hi	hi	false	within
train-s216	17	18	NOUN	ADP	hi	hi	false	within
train-s216	18	19	ADP	NOUN	hi	en	true	boundary
train-s216	19	20	NOUN	AUX	en	hi	true	within
train-s217	3	4	ADP	NOUN	hi	hi	false	boundary
train-s217	4	5	NOUN	NOUN	hi	hi	false	within
train-s217	5	6	NOUN	VERB	hi	en	true	within
train-s217	6	7	VERB	ADJ	en	en	false	within
train-s217	7	8	ADJ	ADP	en	en	false	boundary
train-s218	1	2	ADJ	NOUN	en	en	false	within
train-s218	2	3	NOUN	ADV	en	hi	true	within
train-s218	3	4	ADV	ADP	hi	hi	false	within
train-s218	4	5	ADP	VERB	hi	hi	false	boundary
train-s218	5	6	VERB	AUX	hi	hi	false	within
train-s218	6	7	AUX	AUX	hi	hi	false	within
train-s218	7	8	AUX	NOUN	hi	hi	false	within
train-s219	1	2	NOUN	ADP	hi	hi	false	within
train-s219	2	3	ADP	NOUN	hi	hi	false	boundary
train-s219	3	4	NOUN	ADP	hi	hi	false	within
train-s219	4	5	ADP	PRON	hi	hi	false	boundary
train-s219	5	6	PRON	PRON	hi	hi	false	within
train-s219	6	7	PRON	NOUN	hi	hi	false	within
train-s219	7	8	NOUN	VERB	hi	hi	false	within
train-s219	8	9	VERB	AUX	hi	hi	false	within
train-s219	9	10	AUX	CCONJ	hi	en	true	boundary
train-s219	10	11	CCONJ	DET	en	en	false	boundary
train-s219	11	12	DET	NOUN	en	hi	true	within
train-s219	12	13	NOUN	AUX	hi	en	true	within
train-s219	13	14	AUX	ADV	en	en	false	within
train-s219	14	15	ADV	ADJ	en	en	false	within
train-s219	15	16	ADJ	SCONJ	en	hi	true	boundary
train-s219	16	17	SCONJ	PRON	hi	hi	false	within
train-s219	17	18	PRON	VERB	hi	hi	false	within
train-s219	18	19	VERB	PART	hi	hi	false	within
train-s219	19	20	PART	AUX	hi	hi	false	within
train-s220	2	3	AUX	AUX	en	en	false	within
train-s220	3	4	AUX	ADV	en	en	false	within
train-s220	4	5	ADV	VERB	en	en	false	within
train-s220	5	6	VERB	PRON	en	en	false	within
train-s220	6	7	PRON	ADP	en	en	false	boundary
train-s220	7	9	ADP	PRON	en	hi	true	boundary
train-s220	9	10	PRON	VERB	hi	hi	false	within
train-s220	10	11	VERB	AUX	hi	hi	false	within
train-s220	11	12	AUX	PRON	hi	hi	false	boundary
train-s220	12	13	PRON	NOUN	hi	hi	false	within
train-s220	13	14	NOUN	PRON	hi	hi	false	within
train-s220	14	15	PRON	AUX	hi	hi	false	within
train-s220	15	17	AUX	NOUN	hi	hi	false	boundary
train-s220	17	18	NOUN	PART	hi	en	true	within
train-s221	1	2	DET	ADV	hi	en	true	boundary
train-s221	2	3	ADV	ADJ	en	en	false	within
train-s221	3	4	ADJ	NOUN	en	en	false	within
train-s221	4	6	NOUN	ADP	en	hi	true	boundary
train-s221	6	7	ADP	DET	hi	hi	false	boundary
train-s221	7	8	DET	ADJ	hi	hi	false	within
train-s221	8	9	ADJ	PART	hi	hi	false	within
train-s221	9	10	PART	VERB	hi	hi	false	within
train-s221	10	11	VERB	AUX	hi	hi	false	within
train-s221	11	12	AUX	NOUN	hi	hi	false	within
train-s222	1	4	ADP	SCONJ	en	en	false	boundary
train-s222	4	5	SCONJ	PRON	en	en	false	within
train-s222	5	6	PRON	AUX	en	en	false	within
train-s222	6	7	AUX	VERB	en	en	false	within
train-s222	7	8	VERB	DET	en	en	false	boundary
train-s222	8	9	DET	NOUN	en	en	false	within
train-s222	9	10	NOUN	ADV	en	en	false	within
train-s222	10	12	ADV	NOUN	en	en	false	boundary
train-s222	12	13	NOUN	AUX	en	en	false	within
train-s222	13	14	AUX	NOUN	en	en	false	within
train-s222	14	15	NOUN	ADP	en	hi	true	within
train-s222	15	16	ADP	NOUN	hi	hi	false	boundary
train-s222	16	17	NOUN	ADJ	hi	hi	false	within
train-s222	17	18	ADJ	VERB	hi	hi	false	within
train-s222	18	19	VERB	AUX	hi	hi	false	within
train-s223	2	3	NOUN	PART	hi	hi	false	within
train-s223	3	4	PART	CCONJ	hi	en	true	boundary
train-s223	4	5	CCONJ	PRON	en	hi	true	boundary
train-s223	5	6	PRON	NOUN	hi	en	true	within
train-s223	6	8	NOUN	NOUN	en	en	false	within
train-s223	8	9	NOUN	PART	en	hi	true	within
train-s223	9	10	PART	AUX	hi	hi	false	within
train-s223	10	11	AUX	ADJ	hi	en	true	within
train-s224	2	3	INTJ	NOUN	en	en	false	within
train-s224	3	4	NOUN	CCONJ	en	en	false	boundary
train-s224	4	5	CCONJ	PRON	en	en	false	within
train-s224	5	6	PRON	ADJ	en	en	false	within
train-s224	6	7	ADJ	NOUN	en	en	false	within
train-s224	7	8	NOUN	PRON	en	hi	true	boundary
train-s224	8	9	PRON	ADP	hi	hi	false	within
train-s224	9	10	ADP	NOUN	hi	hi	false	boundary
train-s224	10	11	NOUN	VERB	hi	hi	false	within
train-s224	11	12	VERB	AUX	hi	hi	false	within
train-s224	12	13	AUX	ADV	hi	hi	false	boundary
train-s224	13	14	ADV	ADV	hi	hi	false	within
train-s224	14	15	ADV	ADJ	hi	hi	false	boundary
train-s224	15	16	ADJ	VERB	hi	hi	false	within
train-s225	1	2	ADV	PRON	en	en	false	boundary
train-s225	2	3	PRON	NOUN	en	en	false	within
train-s225	3	4	NOUN	AUX	en	en	false	within
train-s225	4	5	AUX	VERB	en	en	false	within
train-s225	5	6	VERB	ADV	en	en	false	boundary
train-s225	6	7	ADV	ADJ	en	en	false	within
train-s225	7	8	ADJ	SCONJ	en	en	false	boundary
train-s225	8	9	SCONJ	PRON	en	en	false	within
train-s225	9	10	PRON	VERB	en	en	false	within
train-s225	10	11	VERB	DET	en	en	false	boundary
train-s225	11	12	DET	NOUN	en	en	false	within
train-s225	12	13	NOUN	SCONJ	en	hi	true	boundary
train-s225	13	14	SCONJ	ADV	hi	hi	false	within
train-s225	14	15	ADV	DET	hi	hi	false	boundary
train-s225	15	16	DET	ADJ	hi	hi	false	within
train-s225	16	17	ADJ	VERB	hi	hi	false	within
train-s225	17	18	VERB	AUX	hi	hi	false	within
train-s225	18	19	AUX	AUX	hi	hi	false	within
train-s226	1	2	NOUN	NOUN	en	en	false	within
train-s226	2	3	NOUN	VERB	en	en	false	within
train-s226	3	4	VERB	VERB	en	hi	true	boundary
train-s226	4	6	VERB	ADP	hi	hi	false	boundary
train-s226	6	7	ADP	ADJ	hi	hi	false	boundary
train-s226	7	8	ADJ	PART	hi	hi	false	within
train-s226	8	9	PART	NOUN	hi	en	true	boundary
train-s226	9	10	NOUN	VERB	en	hi	true	within
train-s226	10	11	VERB	CCONJ	hi	hi	false	boundary
train-s226	11	12	CCONJ	ADJ	hi	hi	false	within
train-s226	12	13	ADJ	VERB	hi	hi	false	within
train-s227	1	2	DET	ADJ	hi	en	true	within
train-s227	2	3	ADJ	NOUN	en	en	false	within
train-s227	3	4	NOUN	NOUN	en	en	false	within
train-s227	4	5	NOUN	PRON	en	hi	true	within
train-s227	5	6	PRON	VERB	hi	hi	false	within
train-s227	6	7	VERB	AUX	hi	hi	false	within
train-s228	1	2	PART	NOUN	en	en	false	within
train-s228	2	3	NOUN	PRON	en	en	false	within
train-s228	3	4	PRON	NOUN	en	en	false	within
train-s228	4	5	NOUN	VERB	en	en	false	within
train-s228	5	7	VERB	DET	en	hi	true	boundary
train-s228	7	8	DET	NOUN	hi	en	true	within
train-s228	8	9	NOUN	NOUN	en	hi	true	within
train-s228	9	10	NOUN	ADP	hi	hi	false	within
train-s228	10	11	ADP	PART	hi	hi	false	within
train-s228	11	12	PART	AUX	hi	hi	false	boundary
train-s229	1	2	PRON	AUX	en	en	false	within
train-s229	2	3	AUX	VERB	en	en	false	within
train-s229	3	4	VERB	PRON	en	en	false	within
train-s229	4	5	PRON	SCONJ	en	en	false	boundary
train-s229	5	6	SCONJ	DET	en	hi	true	boundary
train-s229	6	7	DET	NOUN	hi	hi	false	within
train-s229	7	8	NOUN	PART	hi	hi	false	within
train-s229	8	9	PART	VERB	hi	hi	false	boundary
train-s229	9	10	VERB	PART	hi	hi	false	within
train-s230	1	2	VERB	PROPN	en	hi	true	boundary
train-s230	2	4	PROPN	AUX	hi	en	true	within
train-s230	4	5	AUX	DET	en	en	false	within
train-s230	5	6	DET	ADJ	en	en	false	within
train-s230	6	7	ADJ	NOUN	en	en	false	within
train-s230	7	8	NOUN	SCONJ	en	en	false	boundary
train-s230	8	9	SCONJ	NOUN	en	hi	true	boundary
train-s230	9	10	NOUN	ADP	hi	hi	false	within
train-s230	10	11	ADP	NOUN	hi	hi	false	boundary
train-s230	11	12	NOUN	ADP	hi	hi	false	within
train-s230	12	13	ADP	ADJ	hi	hi	false	boundary
train-s230	13	14	ADJ	AUX	hi	hi	false	within
train-s231	1	2	ADJ	ADJ	en	en	false	within
train-s231	2	3	ADJ	NOUN	en	en	false	boundary
train-s231	3	4	NOUN	NOUN	en	en	false	within
train-s231	4	5	NOUN	ADP	en	hi	true	within
train-s231	5	6	ADP	NOUN	hi	hi	false	boundary
train-s231	6	7	NOUN	VERB	hi	hi	false	within
train-s231	7	8	VERB	NOUN	hi	hi	false	boundary
train-s231	8	9	NOUN	VERB	hi	hi	false	within
train-s232	1	2	DET	NOUN	en	en	false	within
train-s232	2	3	NOUN	PRON	en	en	false	within
train-s232	3	4	PRON	VERB	en	en	false	within
train-s232	4	5	VERB	ADP	en	en	false	within
train-s232	5	6	ADP	PRON	en	en	false	boundary
train-s232	6	7	PRON	VERB	en	en	false	within
train-s232	7	8	VERB	PRON	en	hi	true	boundary
train-s232	8	9	PRON	VERB	hi	hi	false	within
train-s232	9	10	VERB	AUX	hi	hi	false	within
train-s232	10	11	AUX	VERB	hi	hi	false	boundary
train-s233	1	2	ADV	NOUN	hi	hi	false	within
train-s233	2	3	NOUN	NOUN	hi	en	true	within
train-s233	3	4	NOUN	PART	en	hi	true	within
train-s233	4	5	PART	VERB	hi	hi	false	within
train-s233	5	6	VERB	CCONJ	hi	hi	false	boundary
train-s233	6	7	CCONJ	NOUN	hi	en	true	within
train-s233	7	8	NOUN	NOUN	en	en	false	boundary
train-s233	8	9	NOUN	ADP	en	hi	true	within
train-s233	9	10	ADP	NOUN	hi	hi	false	boundary
train-s233	10	11	NOUN	VERB	hi	hi	false	within
train-s233	11	12	VERB	AUX	hi	hi	false	within
train-s234	2	4	CCONJ	AUX	en	en	false	boundary
train-s234	4	5	AUX	DET	en	en	false	within
train-s234	5	6	DET	ADJ	en	en	false	within
train-s234	6	7	ADJ	NOUN	en	en	false	within
train-s234	7	8	NOUN	PRON	en	hi	true	boundary
train-s234	8	10	PRON	ADJ	hi	hi	false	boundary
train-s234	10	11	ADJ	PRON	hi	hi	false	boundary
train-s234	11	12	PRON	NOUN	hi	hi	false	within
train-s234	12	13	NOUN	ADP	hi	hi	false	within
train-s234	13	14	ADP	VERB	hi	hi	false	boundary
train-s234	14	15	VERB	VERB	hi	hi	false	within
train-s234	15	16	VERB	AUX	hi	hi	false	within
train-s234	16	17	AUX	AUX	hi	hi	false	within
train-s235	3	4	INTJ	PRON	en	hi	true	within
train-s235	4	5	PRON	PART	hi	hi	false	within
train-s235	5	6	PART	NOUN	hi	en	true	boundary
train-s235	6	7	NOUN	VERB	en	hi	true	within
train-s235	7	8	VERB	ADJ	hi	hi	false	boundary
train-s235	8	9	ADJ	NOUN	hi	en	true	within
train-s236	1	2	ADP	PROPN	hi	hi	false	within
train-s236	2	3	PROPN	NOUN	hi	en	true	boundary
train-s236	3	4	NOUN	NOUN	en	en	false	within
train-s236	4	5	NOUN	VERB	en	hi	true	within
train-s236	5	6	VERB	SCONJ	hi	hi	false	within
train-s236	6	7	SCONJ	ADJ	hi	en	true	boundary
train-s236	7	8	ADJ	NOUN	en	en	false	within
train-s236	8	9	NOUN	NOUN	en	hi	true	within
train-s236	9	10	NOUN	PART	hi	hi	false	within
train-s236	10	11	PART	VERB	hi	hi	false	within
train-s236	11	12	VERB	PRON	hi	hi	false	within
train-s237	1	2	NOUN	AUX	en	en	false	within
train-s237	2	3	AUX	NOUN	en	en	false	boundary
train-s237	3	4	NOUN	VERB	en	en	false	within
train-s237	4	5	VERB	NOUN	en	en	false	within
train-s237	5	6	NOUN	ADP	en	hi	true	within
train-s237	6	7	ADP	ADJ	hi	hi	false	boundary
train-s237	7	8	ADJ	NOUN	hi	hi	false	within
train-s238	1	2	PRON	ADV	en	en	false	boundary
train-s238	2	3	ADV	ADV	en	en	false	within
train-s238	3	4	ADV	VERB	en	en	false	within
train-s238	4	5	VERB	SCONJ	en	en	false	boundary
train-s238	5	6	SCONJ	NOUN	en	en	false	boundary
train-s238	6	7	NOUN	NUM	en	hi	true	within
train-s238	7	8	NUM	ADP	hi	hi	false	within
train-s238	8	9	ADP	NOUN	hi	hi	false	boundary
train-s238	9	10	NOUN	NOUN	hi	hi	false	within
train-s238	10	11	NOUN	VERB	hi	hi	false	within
train-s238	11	12	VERB	VERB	hi	hi	false	within
train-s239	1	2	PRON	NOUN	en	en	false	within
train-s239	2	3	NOUN	AUX	en	en	false	within
train-s239	3	4	AUX	VERB	en	en	false	within
train-s239	4	5	VERB	NOUN	en	hi	true	boundary
train-s239	5	6	NOUN	ADP	hi	hi	false	within
train-s239	6	7	ADP	VERB	hi	hi	false	boundary
train-s239	7	8	VERB	VERB	hi	hi	false	within
train-s239	8	9	VERB	AUX	hi	hi	false	within
train-s240	2	3	ADP	ADP	en	en	false	within
train-s240	3	4	ADP	PRON	en	en	false	boundary
train-s240	4	5	PRON	NOUN	en	en	false	within
train-s240	5	7	NOUN	NOUN	en	hi	true	within
train-s240	7	8	NOUN	NOUN	hi	en	true	within
train-s240	8	9	NOUN	ADP	en	hi	true	within
train-s240	9	10	ADP	PRON	hi	hi	false	boundary
train-s240	10	11	PRON	NOUN	hi	hi	false	boundary
train-s240	11	12	NOUN	VERB	hi	hi	false	within
train-s240	12	13	VERB	PART	hi	hi	false	within
train-s240	13	14	PART	VERB	hi	hi	false	within
train-s241	1	2	VERB	PRON	hi	hi	false	within
train-s241	2	3	PRON	NOUN	hi	hi	false	within
train-s241	3	4	NOUN	VERB	hi	hi	false	within
train-s241	4	5	VERB	AUX	hi	hi	false	within
train-s241	5	6	AUX	PRON	hi	hi	false	boundary
train-s241	6	7	PRON	VERB	hi	hi	false	within
train-s241	7	8	VERB	SCONJ	hi	hi	false	within
train-s241	8	9	SCONJ	PRON	hi	en	true	within
train-s241	9	10	PRON	AUX	en	en	false	within
train-s241	10	11	AUX	AUX	en	en	false	within
train-s241	11	12	AUX	DET	en	en	false	within
train-s241	12	13	DET	ADJ	en	en	false	within
train-s242	1	2	NOUN	ADJ	hi	hi	false	boundary
train-s242	2	3	ADJ	NOUN	hi	en	true	within
train-s242	3	4	NOUN	NOUN	en	en	false	within
train-s242	4	5	NOUN	AUX	en	hi	true	within
train-s242	5	7	AUX	ADP	hi	hi	false	boundary
train-s242	7	8	ADP	ADJ	hi	en	true	boundary
train-s242	8	9	ADJ	NOUN	en	en	false	within
train-s243	1	2	PRON	AUX	en	en	false	within
train-s243	2	3	AUX	ADJ	en	en	false	within
train-s243	3	4	ADJ	ADV	en	en	false	boundary
train-s243	4	9	ADV	NOUN	en	en	false	boundary
train-s243	9	10	NOUN	ADV	en	hi	true	within
train-s243	10	11	ADV	ADV	hi	hi	false	within
train-s243	11	13	ADV	AUX	hi	en	true	within
train-s243	13	14	AUX	ADV	en	en	false	within
train-s243	14	15	ADV	ADJ	en	en	false	within
train-s243	15	16	ADJ	ADV	en	hi	true	within
train-s243	16	18	ADV	CCONJ	hi	en	true	boundary
train-s243	18	19	CCONJ	ADV	en	en	false	boundary
train-s243	19	20	ADV	ADV	en	en	false	within
train-s243	20	21	ADV	ADV	en	en	false	within
train-s243	21	22	ADV	ADV	en	hi	true	within
train-s244	2	3	NOUN	ADP	en	hi	true	within
train-s244	3	4	ADP	NOUN	hi	hi	false	boundary
train-s244	4	5	NOUN	ADP	hi	hi	false	within
train-s244	5	7	ADP	NOUN	hi	hi	false	boundary
train-s244	7	8	NOUN	NOUN	hi	hi	false	within
train-s244	8	9	NOUN	VERB	hi	hi	false	within
train-s244	9	10	VERB	NOUN	hi	en	true	within
train-s244	10	11	NOUN	VERB	en	hi	true	within
train-s245	1	2	ADV	PRON	en	hi	true	boundary
train-s245	2	3	PRON	NOUN	hi	hi	false	within
train-s245	3	4	NOUN	ADP	hi	hi	false	within
train-s245	4	6	ADP	NOUN	hi	en	true	boundary
train-s245	6	7	NOUN	PART	en	hi	true	within
train-s245	7	8	PART	VERB	hi	hi	false	within
train-s245	8	9	VERB	AUX	hi	hi	false	within
train-s245	9	10	AUX	AUX	hi	hi	false	within
train-s246	2	3	ADV	ADJ	en	en	false	within
train-s246	3	4	ADJ	SCONJ	en	en	false	boundary
train-s246	4	5	SCONJ	VERB	en	en	false	within
train-s246	5	7	VERB	NOUN	en	hi	true	boundary
train-s246	7	8	NOUN	ADP	hi	hi	false	within
train-s246	8	9	ADP	NOUN	hi	hi	false	boundary
train-s246	9	10	NOUN	VERB	hi	hi	false	within
train-s247	2	3	VERB	PRON	en	en	false	boundary
train-s247	3	4	PRON	NOUN	en	en	false	within
train-s247	4	5	NOUN	ADP	en	en	false	boundary
train-s247	5	7	ADP	ADV	en	hi	true	within
train-s247	7	8	ADV	VERB	hi	hi	false	within
train-s247	8	9	VERB	AUX	hi	hi	false	within
train-s247	9	10	AUX	PRON	hi	hi	false	within
train-s247	10	11	PRON	NOUN	hi	hi	false	within
train-s247	11	13	NOUN	ADV	hi	hi	false	boundary
train-s247	13	14	ADV	VERB	hi	hi	false	within
train-s248	1	2	ADJ	NOUN	en	en	false	within
train-s248	2	3	NOUN	ADP	en	hi	true	within
train-s248	3	4	ADP	NUM	hi	hi	false	boundary
train-s248	4	5	NUM	NOUN	hi	en	true	within
train-s248	5	6	NOUN	VERB	en	hi	true	within
train-s248	6	7	VERB	SCONJ	hi	hi	false	within
train-s248	7	8	SCONJ	DET	hi	hi	false	boundary
train-s248	8	9	DET	NOUN	hi	hi	false	within
train-s248	9	10	NOUN	ADV	hi	hi	false	boundary
train-s248	10	11	ADV	ADJ	hi	hi	false	within
train-s248	11	12	ADJ	VERB	hi	hi	false	within
train-s248	12	13	VERB	AUX	hi	hi	false	within
train-s249	1	2	PRON	AUX	en	en	false	within
train-s249	2	3	AUX	DET	en	en	false	within
train-s249	3	4	DET	ADJ	en	hi	true	within
train-s249	4	5	ADJ	NOUN	hi	hi	false	within
train-s249	5	6	NOUN	ADP	hi	en	true	boundary
train-s249	6	7	ADP	DET	en	en	false	within
train-s249	7	8	DET	NOUN	en	hi	true	within
train-s250	1	2	PROPN	NOUN	hi	hi	false	within
train-s250	2	3	NOUN	NOUN	hi	hi	false	within
train-s250	3	4	NOUN	AUX	hi	en	true	within
train-s250	4	5	AUX	DET	en	en	false	within
train-s250	5	6	DET	ADV	en	en	false	boundary
train-s250	6	7	ADV	ADJ	en	en	false	within
train-s250	7	8	ADJ	CCONJ	en	en	false	boundary
train-s250	8	9	CCONJ	ADJ	en	en	false	within
train-s250	9	10	ADJ	NOUN	en	en	false	boundary
train-s250	10	11	NOUN	ADP	en	en	false	boundary
train-s250	11	12	ADP	NOUN	en	en	false	within
train-s251	1	2	NOUN	VERB	en	en	false	within
train-s251	2	4	VERB	ADP	en	hi	true	boundary
train-s251	4	5	ADP	NOUN	hi	en	true	boundary
train-s251	5	6	NOUN	PART	en	hi	true	within
train-s251	6	7	PART	DET	hi	hi	false	boundary
train-s251	7	8	DET	PART	hi	hi	false	within
train-s251	8	9	PART	NOUN	hi	en	true	within
train-s251	9	10	NOUN	ADP	en	hi	true	within
train-s251	10	11	ADP	VERB	hi	hi	false	boundary
train-s252	1	2	VERB	NOUN	hi	hi	false	within
train-s252	2	5	NOUN	ADP	hi	hi	false	boundary
train-s252	5	6	ADP	VERB	hi	en	true	boundary
train-s252	6	7	VERB	PART	en	en	false	within
train-s252	7	8	PART	NOUN	en	en	false	boundary
train-s252	8	9	NOUN	NOUN	en	hi	true	within
train-s253	1	2	ADP	NOUN	en	en	false	within
train-s253	2	3	NOUN	PRON	en	en	false	within
train-s253	3	4	PRON	VERB	en	en	false	within
train-s253	4	5	VERB	ADP	en	en	false	boundary
train-s253	5	6	ADP	PRON	en	en	false	within
train-s253	6	7	PRON	SCONJ	en	en	false	boundary
train-s253	7	8	SCONJ	PRON	en	hi	true	boundary
train-s253	8	9	PRON	NOUN	hi	hi	false	within
train-s253	9	10	NOUN	ADP	hi	hi	false	within
train-s253	10	11	ADP	PART	hi	hi	false	within
train-s253	11	12	PART	PRON	hi	hi	false	boundary
train-s253	12	13	PRON	PART	hi	hi	false	within
train-s253	13	14	PART	NOUN	hi	hi	false	boundary
train-s253	14	15	NOUN	VERB	hi	hi	false	within
train-s254	1	2	DET	NOUN	en	en	false	within
train-s254	2	3	NOUN	PRON	en	en	false	boundary
train-s254	3	4	PRON	AUX	en	en	false	within
train-s254	4	5	AUX	PART	en	en	false	within
train-s254	5	6	PART	VERB	en	en	false	within
train-s254	6	7	VERB	VERB	en	en	false	within
train-s254	7	8	VERB	PRON	en	en	false	boundary
train-s254	8	9	PRON	NOUN	en	en	false	within
train-s254	9	10	NOUN	ADP	en	en	false	boundary
train-s254	10	11	ADP	PRON	en	en	false	within
train-s254	11	13	PRON	NOUN	en	hi	true	boundary
train-s254	13	14	NOUN	ADP	hi	hi	false	within
train-s254	14	15	ADP	NOUN	hi	hi	false	boundary
train-s254	15	16	NOUN	AUX	hi	hi	false	within
train-s255	1	2	ADV	ADP	hi	hi	false	within
train-s255	2	3	ADP	CCONJ	hi	hi	false	boundary
train-s255	3	4	CCONJ	ADV	hi	hi	false	within
train-s255	4	5	ADV	NOUN	hi	en	true	boundary
train-s255	5	6	NOUN	VERB	en	hi	true	within
train-s255	6	7	VERB	NOUN	hi	en	true	within
train-s256	1	2	DET	NOUN	en	en	false	within
train-s256	2	3	NOUN	SCONJ	en	en	false	boundary
train-s256	3	4	SCONJ	VERB	en	en	false	within
train-s256	4	5	VERB	ADP	en	en	false	boundary
train-s256	5	8	ADP	NOUN	en	en	false	within
train-s256	8	10	NOUN	ADP	en	en	false	within
train-s256	10	12	ADP	NOUN	en	hi	true	within
train-s256	12	14	NOUN	NOUN	hi	hi	false	within
train-s256	14	15	NOUN	ADV	hi	hi	false	within
train-s256	15	16	ADV	ADJ	hi	hi	false	within
train-s256	16	17	ADJ	VERB	hi	hi	false	within
train-s256	17	19	VERB	AUX	hi	en	true	within
train-s256	19	20	AUX	ADJ	en	en	false	within
train-s257	1	2	NOUN	NOUN	en	en	false	within
train-s257	2	3	NOUN	VERB	en	hi	true	within
train-s257	3	4	VERB	AUX	hi	hi	false	within
train-s257	4	5	AUX	AUX	hi	hi	false	within
train-s258	1	2	PRON	VERB	en	en	false	within
train-s258	2	3	VERB	ADP	en	en	false	boundary
train-s258	3	4	ADP	VERB	en	hi	true	within
train-s258	4	5	VERB	PRON	hi	hi	false	within
train-s258	5	6	PRON	ADP	hi	hi	false	within
train-s258	6	7	ADP	CCONJ	hi	en	true	boundary
train-s258	7	8	CCONJ	VERB	en	hi	true	within
train-s258	8	9	VERB	PRON	hi	hi	false	within
train-s259	1	2	ADV	PART	hi	hi	false	within
train-s259	2	4	PART	PART	hi	hi	false	boundary
train-s259	4	5	PART	NOUN	hi	en	true	boundary
train-s259	5	6	NOUN	PART	en	hi	true	within
train-s259	6	7	PART	VERB	hi	hi	false	within
train-s259	7	8	VERB	PRON	hi	hi	false	within
train-s259	8	9	PRON	ADP	hi	hi	false	within
train-s259	9	10	ADP	CCONJ	hi	en	true	boundary
train-s259	10	11	CCONJ	ADJ	en	en	false	within
train-s259	11	12	ADJ	ADP	en	en	false	boundary
train-s259	12	13	ADP	PRON	en	en	false	within
train-s259	13	14	PRON	PART	en	en	false	boundary
train-s259	14	15	PART	PART	en	en	false	within
train-s259	15	16	PART	VERB	en	en	false	within
train-s260	1	2	NOUN	ADP	en	hi	true	within
train-s260	2	3	ADP	ADV	hi	hi	false	boundary
train-s260	3	4	ADV	ADJ	hi	hi	false	within
train-s260	4	5	ADJ	NOUN	hi	en	true	within
train-s260	5	6	NOUN	AUX	en	hi	true	within
train-s260	6	7	AUX	CCONJ	hi	en	true	boundary
train-s260	7	8	CCONJ	PRON	en	en	false	within
train-s260	8	9	PRON	VERB	en	en	false	within
train-s260	9	10	VERB	AUX	en	en	false	boundary
train-s260	10	11	AUX	PART	en	en	false	within
train-s260	11	12	PART	VERB	en	en	false	within
train-s260	12	13	VERB	ADP	en	en	false	boundary
train-s260	13	14	ADP	ADJ	en	en	false	within
train-s260	14	16	ADJ	NOUN	en	en	false	within
train-s261	1	3	ADV	NOUN	en	hi	true	boundary
train-s261	3	4	NOUN	ADP	hi	hi	false	within
train-s261	4	5	ADP	NOUN	hi	hi	false	boundary
train-s261	5	6	NOUN	NOUN	hi	en	true	within
train-s261	6	7	NOUN	VERB	en	en	false	within
train-s261	7	8	VERB	DET	en	en	false	boundary
train-s261	8	9	DET	NOUN	en	en	false	within
train-s261	9	10	NOUN	ADV	en	en	false	within
train-s262	1	2	NOUN	ADV	hi	hi	false	within
train-s262	2	3	ADV	PART	hi	hi	false	within
train-s262	3	4	PART	VERB	hi	hi	false	boundary
train-s262	4	5	VERB	PART	hi	hi	false	within
train-s262	5	6	PART	AUX	hi	hi	false	within
train-s262	6	7	AUX	ADV	hi	hi	false	boundary
train-s262	7	8	ADV	VERB	hi	hi	false	within
train-s262	8	9	VERB	AUX	hi	hi	false	within
train-s262	9	10	AUX	AUX	hi	hi	false	within
train-s262	10	11	AUX	PRON	hi	hi	false	boundary
train-s262	11	12	PRON	ADJ	hi	en	true	boundary
train-s262	12	13	ADJ	PART	en	en	false	within
train-s262	13	14	PART	NOUN	en	en	false	boundary
train-s262	14	15	NOUN	AUX	en	en	false	within
train-s262	15	16	AUX	PART	en	en	false	within
train-s262	16	17	PART	VERB	en	en	false	within
train-s262	17	18	VERB	PRON	en	en	false	boundary
train-s262	18	19	PRON	VERB	en	en	false	within
train-s262	19	20	VERB	ADP	en	en	false	boundary
train-s262	20	21	ADP	ADV	en	en	false	within
train-s263	1	2	PRON	ADV	en	en	false	within
train-s263	2	3	ADV	VERB	en	en	false	within
train-s263	3	5	VERB	VERB	en	hi	true	within
train-s264	1	2	NOUN	NOUN	en	en	false	within
train-s264	2	3	NOUN	ADP	en	hi	true	within
train-s264	3	4	ADP	DET	hi	hi	false	boundary
train-s264	4	5	DET	NOUN	hi	en	true	within
train-s264	5	6	NOUN	ADJ	en	hi	true	boundary
train-s264	6	8	ADJ	ADP	hi	hi	false	within
train-s264	8	9	ADP	VERB	hi	hi	false	boundary
train-s264	9	10	VERB	AUX	hi	hi	false	within
train-s264	10	11	AUX	AUX	hi	hi	false	within
train-s264	11	13	AUX	ADV	hi	hi	false	within
train-s264	13	14	ADV	PART	hi	hi	false	within
train-s264	14	15	PART	NOUN	hi	en	true	within
train-s265	1	2	PRON	NOUN	en	en	false	within
train-s265	2	3	NOUN	VERB	en	en	false	within
train-s265	3	4	VERB	PRON	en	en	false	within
train-s265	4	5	PRON	DET	en	en	false	boundary
train-s265	5	7	DET	NOUN	en	en	false	within
train-s265	7	8	NOUN	NOUN	en	en	false	within
train-s265	8	9	NOUN	PART	en	en	false	boundary
train-s265	9	10	PART	VERB	en	en	false	within
train-s265	10	11	VERB	ADP	en	en	false	boundary
train-s265	11	14	ADP	PART	en	hi	true	boundary
train-s265	14	15	PART	DET	hi	hi	false	boundary
train-s265	15	16	DET	PROPN	hi	hi	false	within
train-s265	16	17	PROPN	VERB	hi	hi	false	within
train-s265	17	18	VERB	AUX	hi	hi	false	within
train-s265	18	19	AUX	CCONJ	hi	hi	false	boundary
train-s265	19	20	CCONJ	PART	hi	hi	false	within
train-s265	20	21	PART	PART	hi	hi	false	within
train-s265	21	22	PART	DET	hi	hi	false	boundary
train-s266	1	2	PRON	INTJ	en	en	false	within
train-s266	2	3	INTJ	VERB	en	en	false	within
train-s266	3	4	VERB	PRON	en	en	false	within
train-s266	4	5	PRON	NOUN	en	en	false	boundary
train-s266	5	6	NOUN	PRON	en	hi	true	within
train-s266	6	7	PRON	ADP	hi	hi	false	within
train-s266	7	8	ADP	ADV	hi	en	true	boundary
train-s266	8	9	ADV	VERB	en	hi	true	within
train-s266	9	10	VERB	AUX	hi	hi	false	within
train-s266	10	11	AUX	NOUN	hi	hi	false	within
train-s267	2	3	NUM	DET	hi	hi	false	within
train-s267	3	4	DET	NOUN	hi	hi	false	within
train-s267	4	5	NOUN	PART	hi	hi	false	within
train-s267	5	6	PART	VERB	hi	hi	false	boundary
train-s267	6	7	VERB	NOUN	hi	hi	false	boundary
train-s267	7	8	NOUN	NOUN	hi	en	true	boundary
train-s267	8	9	NOUN	VERB	en	hi	true	within
train-s267	9	10	VERB	AUX	hi	hi	false	within
train-s267	10	11	AUX	VERB	hi	hi	false	boundary
train-s267	11	13	VERB	PRON	hi	en	true	boundary
train-s267	13	14	PRON	AUX	en	en	false	within
train-s267	14	15	AUX	ADV	en	en	false	within
train-s267	15	16	ADV	VERB	en	en	false	within
train-s268	2	3	ADP	DET	en	en	false	within
train-s268	3	4	DET	ADJ	en	en	false	within
train-s268	4	6	ADJ	NOUN	en	en	false	within
train-s268	6	7	NOUN	PRON	en	en	false	within
train-s268	7	8	PRON	AUX	en	en	false	within
train-s268	8	9	AUX	DET	en	en	false	within
train-s268	9	11	DET	SCONJ	en	hi	true	boundary
train-s268	11	12	SCONJ	PRON	hi	hi	false	within
train-s268	12	13	PRON	VERB	hi	hi	false	within
train-s268	13	14	VERB	AUX	hi	hi	false	within
train-s268	14	16	AUX	NOUN	hi	hi	false	boundary
train-s268	16	17	NOUN	VERB	hi	hi	false	within
train-s268	17	18	VERB	AUX	hi	hi	false	within
train-s268	18	19	AUX	PRON	hi	hi	false	within
train-s269	1	2	DET	NOUN	hi	en	true	within
train-s269	2	3	NOUN	PART	en	hi	true	within
train-s269	3	4	PART	NOUN	hi	en	true	boundary
train-s269	4	5	NOUN	VERB	en	hi	true	within
train-s269	5	6	VERB	AUX	hi	hi	false	within
train-s269	6	7	AUX	AUX	hi	hi	false	within
train-s270	1	2	PRON	VERB	en	en	false	within
train-s270	2	3	VERB	PRON	en	hi	true	boundary
train-s270	3	4	PRON	ADJ	hi	hi	false	within
train-s270	4	5	ADJ	VERB	hi	hi	false	within
train-s270	5	6	VERB	AUX	hi	hi	false	within
train-s270	6	7	AUX	AUX	hi	hi	false	within
train-s271	2	3	VERB	AUX	hi	hi	false	within
train-s271	3	4	AUX	PROPN	hi	en	true	boundary
train-s271	4	5	PROPN	AUX	en	en	false	within
train-s271	5	6	AUX	VERB	en	en	false	within
train-s271	6	7	VERB	PRON	en	en	false	within
train-s271	7	8	PRON	ADP	en	en	false	boundary
train-s272	1	2	PRON	VERB	en	en	false	within
train-s272	2	3	VERB	ADJ	en	hi	true	boundary
train-s272	3	4	ADJ	NOUN	hi	hi	false	within
train-s272	4	5	NOUN	ADP	hi	hi	false	within
train-s272	5	6	ADP	NOUN	hi	hi	false	boundary
train-s272	6	7	NOUN	PRON	hi	hi	false	boundary
train-s272	7	8	PRON	PRON	hi	hi	false	within
train-s272	8	9	PRON	PRON	hi	hi	false	within
train-s272	9	10	PRON	ADP	hi	hi	false	within
train-s272	10	11	ADP	ADP	hi	hi	false	within
train-s272	11	12	ADP	VERB	hi	hi	false	boundary
train-s272	12	13	VERB	AUX	hi	hi	false	within
train-s273	2	3	SCONJ	PRON	en	en	false	within
train-s273	3	4	PRON	VERB	en	en	false	within
train-s273	4	5	VERB	NOUN	en	hi	true	boundary
train-s273	5	6	NOUN	ADP	hi	hi	false	within
train-s273	6	7	ADP	ADP	hi	hi	false	within
train-s273	7	8	ADP	PRON	hi	hi	false	boundary
train-s273	8	9	PRON	AUX	hi	hi	false	within
train-s274	2	3	NOUN	AUX	en	en	false	within
train-s274	3	4	AUX	DET	en	en	false	within
train-s274	4	5	DET	ADJ	en	hi	true	within
train-s274	5	6	ADJ	NOUN	hi	hi	false	within
train-s274	6	7	NOUN	ADV	hi	en	true	boundary
train-s274	7	8	ADV	ADP	en	en	false	within
train-s274	8	9	ADP	DET	en	en	false	within
train-s274	9	10	DET	NOUN	en	en	false	within
train-s275	2	3	NOUN	ADP	en	en	false	boundary
train-s275	3	4	ADP	NOUN	en	en	false	within
train-s275	4	5	NOUN	VERB	en	en	false	within
train-s275	5	6	VERB	PRON	en	en	false	boundary
train-s275	6	7	PRON	NOUN	en	en	false	within
train-s275	7	9	NOUN	PROPN	en	hi	true	boundary
train-s275	9	10	PROPN	PART	hi	hi	false	within
train-s275	10	11	PART	ADV	hi	hi	false	boundary
train-s275	11	12	ADV	ADJ	hi	en	true	within
train-s275	12	13	ADJ	AUX	en	hi	true	within
train-s275	13	15	AUX	AUX	hi	en	true	boundary
train-s275	15	16	AUX	ADV	en	en	false	within
train-s275	16	17	ADV	ADV	en	en	false	within
train-s275	17	18	ADV	ADJ	en	en	false	within
train-s275	18	19	ADJ	ADV	en	en	false	boundary
train-s275	19	20	ADV	ADV	en	en	false	within
train-s276	1	2	NOUN	NOUN	hi	en	true	within
train-s276	2	3	NOUN	NOUN	en	en	false	within
train-s276	3	4	NOUN	VERB	en	hi	true	within
train-s276	4	5	VERB	ADV	hi	hi	false	within
train-s277	1	2	INTJ	NOUN	hi	hi	false	within
train-s277	2	3	NOUN	ADJ	hi	en	true	boundary
train-s277	3	4	ADJ	NOUN	en	en	false	within
train-s277	4	5	NOUN	ADV	en	hi	true	boundary
train-s277	5	6	ADV	ADJ	hi	hi	false	within
train-s277	6	7	ADJ	VERB	hi	hi	false	within
train-s277	7	8	VERB	AUX	hi	hi	false	within
train-s277	8	9	AUX	AUX	hi	hi	false	within
train-s278	2	5	ADJ	VERB	en	hi	true	boundary
train-s278	5	6	VERB	AUX	hi	hi	false	within
train-s278	6	7	AUX	SCONJ	hi	hi	false	within
train-s278	7	8	SCONJ	PRON	hi	en	true	boundary
train-s278	8	9	PRON	AUX	en	en	false	within
train-s278	9	10	AUX	VERB	en	en	false	within
train-s278	10	11	VERB	VERB	en	en	false	within
train-s278	11	12	VERB	PRON	en	en	false	within
train-s279	2	3	DET	NOUN	en	en	false	within
train-s279	3	4	NOUN	VERB	en	en	false	within
train-s279	4	5	VERB	SCONJ	en	en	false	boundary
train-s279	5	7	SCONJ	DET	en	hi	true	boundary
train-s279	7	8	DET	NOUN	hi	hi	false	within
train-s279	8	9	NOUN	PRON	hi	hi	false	within
train-s279	9	10	PRON	PART	hi	hi	false	within
train-s279	10	11	PART	VERB	hi	hi	false	within
train-s279	11	13	VERB	VERB	hi	en	true	within
train-s279	13	14	VERB	SCONJ	en	en	false	boundary
train-s279	14	16	SCONJ	NOUN	en	hi	true	within
train-s279	16	17	NOUN	NOUN	hi	hi	false	within
train-s279	17	18	NOUN	PART	hi	hi	false	within
train-s279	18	19	PART	VERB	hi	hi	false	within
train-s280	4	5	AUX	VERB	en	en	false	within
train-s280	5	8	VERB	VERB	en	en	false	within
train-s280	8	10	VERB	NOUN	en	hi	true	boundary
train-s280	10	11	NOUN	DET	hi	hi	false	boundary
train-s280	11	12	DET	ADJ	hi	hi	false	within
train-s280	12	13	ADJ	NOUN	hi	en	true	within
train-s280	13	14	NOUN	NOUN	en	en	false	within
train-s280	14	15	NOUN	ADV	en	hi	true	within
train-s280	15	16	ADV	PART	hi	hi	false	within
train-s280	16	17	PART	VERB	hi	hi	false	within
train-s281	2	3	AUX	VERB	en	en	false	within
train-s281	3	4	VERB	ADJ	en	hi	true	boundary
train-s281	4	5	ADJ	PART	hi	hi	false	within
train-s281	5	6	PART	VERB	hi	hi	false	within
train-s281	6	8	VERB	AUX	hi	hi	false	within
train-s281	8	9	AUX	ADP	hi	en	true	boundary
train-s281	9	10	ADP	NOUN	en	en	false	within
train-s281	10	11	NOUN	PRON	en	hi	true	within
train-s281	11	12	PRON	PRON	hi	hi	false	within
train-s281	12	13	PRON	ADP	hi	hi	false	within
train-s281	13	14	ADP	VERB	hi	hi	false	boundary
train-s281	14	15	VERB	PRON	hi	hi	false	within
train-s281	15	16	PRON	AUX	hi	hi	false	within
train-s282	1	2	DET	PART	hi	hi	false	within
train-s282	2	3	PART	DET	hi	hi	false	boundary
train-s282	3	4	DET	NOUN	hi	en	true	within
train-s282	4	5	NOUN	SCONJ	en	hi	true	boundary
train-s282	5	6	SCONJ	NOUN	hi	hi	false	within
train-s282	6	7	NOUN	NOUN	hi	en	true	boundary
train-s282	7	8	NOUN	NOUN	en	en	false	within
train-s282	8	9	NOUN	ADP	en	hi	true	within
train-s282	9	10	ADP	NOUN	hi	en	true	boundary
train-s282	10	11	NOUN	PART	en	hi	true	within
train-s282	11	12	PART	PART	hi	hi	false	boundary
train-s282	12	13	PART	VERB	hi	hi	false	within
train-s282	13	14	VERB	VERB	hi	hi	false	within
train-s283	2	3	ADP	NOUN	hi	en	true	boundary
train-s283	3	4	NOUN	ADP	en	hi	true	within
train-s283	4	5	ADP	NOUN	hi	en	true	boundary
train-s283	5	6	NOUN	ADP	en	hi	true	within
train-s283	6	8	ADP	NOUN	hi	en	true	boundary
train-s283	8	10	NOUN	ADJ	en	en	false	within
train-s283	10	11	ADJ	AUX	en	hi	true	within
train-s283	11	12	AUX	AUX	hi	hi	false	within
train-s284	1	2	NOUN	NOUN	hi	hi	false	within
train-s284	2	3	NOUN	ADP	hi	hi	false	within
train-s284	3	4	ADP	CCONJ	hi	hi	false	boundary
train-s284	4	5	CCONJ	NOUN	hi	hi	false	within
train-s284	5	6	NOUN	NOUN	hi	hi	false	within
train-s284	6	7	NOUN	ADP	hi	hi	false	within
train-s284	7	8	ADP	AUX	hi	en	true	boundary
train-s284	8	9	AUX	VERB	en	en	false	within
train-s284	9	10	VERB	PRON	en	en	false	boundary
train-s284	10	11	PRON	NOUN	en	en	false	within
train-s284	11	12	NOUN	SCONJ	en	en	false	boundary
train-s284	12	13	SCONJ	VERB	en	en	false	within
train-s284	13	14	VERB	NOUN	en	en	false	within
train-s285	2	3	VERB	PRON	en	en	false	boundary
train-s285	3	4	PRON	NOUN	en	en	false	within
train-s285	4	5	NOUN	PRON	en	en	false	boundary
train-s285	5	6	PRON	VERB	en	en	false	within
train-s285	6	8	VERB	SCONJ	en	hi	true	boundary
train-s285	8	9	SCONJ	PRON	hi	hi	false	within
train-s285	9	10	PRON	ADJ	hi	hi	false	boundary
train-s285	10	11	ADJ	NOUN	hi	hi	false	within
train-s285	11	12	NOUN	VERB	hi	hi	false	within
train-s285	12	13	VERB	AUX	hi	hi	false	within
train-s285	13	14	AUX	SCONJ	hi	hi	false	boundary
train-s285	14	15	SCONJ	NOUN	hi	hi	false	within
train-s285	15	16	NOUN	PART	hi	hi	false	within
train-s285	16	17	PART	VERB	hi	hi	false	boundary
train-s285	17	18	VERB	AUX	hi	hi	false	within
train-s286	2	3	PRON	ADV	en	en	false	within
train-s286	3	4	ADV	VERB	en	en	false	within
train-s286	4	5	VERB	PART	en	en	false	boundary
train-s286	5	6	PART	VERB	en	en	false	within
train-s286	6	7	VERB	ADJ	en	en	false	within
train-s286	7	8	ADJ	PART	en	en	false	boundary
train-s286	8	9	PART	PART	en	en	false	within
train-s286	9	10	PART	VERB	en	en	false	within
train-s286	10	11	VERB	DET	en	en	false	boundary
train-s286	11	12	DET	NOUN	en	en	false	within
train-s286	12	14	NOUN	PRON	en	hi	true	boundary
train-s286	14	15	PRON	DET	hi	hi	false	boundary
train-s286	15	16	DET	NOUN	hi	en	true	within
train-s286	16	17	NOUN	VERB	en	hi	true	within
train-s286	17	18	VERB	AUX	hi	hi	false	within
train-s287	2	3	ADV	DET	en	en	false	within
train-s287	3	4	DET	NOUN	en	en	false	within
train-s287	4	5	NOUN	PRON	en	en	false	boundary
train-s287	5	6	PRON	VERB	en	en	false	within
train-s287	6	7	VERB	DET	en	en	false	boundary
train-s287	7	8	DET	ADJ	en	en	false	within
train-s287	8	9	ADJ	NOUN	en	en	false	within
train-s287	9	10	NOUN	NOUN	en	en	false	within
train-s287	10	12	NOUN	NOUN	en	hi	true	boundary
train-s287	12	13	NOUN	PRON	hi	hi	false	within
train-s287	13	14	PRON	PRON	hi	hi	false	within
train-s287	14	15	PRON	VERB	hi	hi	false	within
train-s287	15	16	VERB	AUX	hi	hi	false	within
train-s287	16	17	AUX	AUX	hi	hi	false	within
train-s288	2	3	DET	NOUN	en	en	false	within
train-s288	3	6	NOUN	VERB	en	en	false	within
train-s288	6	7	VERB	DET	en	en	false	boundary
train-s288	7	9	DET	ADP	en	en	false	boundary
train-s288	9	10	ADP	DET	en	en	false	within
train-s288	10	11	DET	NOUN	en	en	false	within
train-s288	11	13	NOUN	ADV	en	hi	true	boundary
train-s288	13	14	ADV	PRON	hi	hi	false	within
train-s288	14	15	PRON	AUX	hi	hi	false	within
train-s288	15	17	AUX	PART	hi	hi	false	boundary
train-s288	17	19	PART	VERB	hi	hi	false	boundary
train-s288	19	20	VERB	AUX	hi	hi	false	within
train-s288	20	21	AUX	NOUN	hi	hi	false	within
train-s289	2	4	CCONJ	ADP	hi	hi	false	boundary
train-s289	4	5	ADP	ADJ	hi	hi	false	boundary
train-s289	5	6	ADJ	NOUN	hi	hi	false	within
train-s289	6	7	NOUN	NOUN	hi	en	true	within
train-s289	7	8	NOUN	NOUN	en	en	false	within
train-s289	8	9	NOUN	NOUN	en	en	false	within
train-s289	9	10	NOUN	AUX	en	hi	true	within
train-s290	2	3	NOUN	PART	en	hi	true	within
train-s290	3	4	PART	PRON	hi	hi	false	boundary
train-s290	4	5	PRON	PRON	hi	hi	false	boundary
train-s290	5	6	PRON	NOUN	hi	en	true	within
train-s290	6	7	NOUN	NOUN	en	en	false	within
train-s290	7	8	NOUN	ADP	en	hi	true	within
train-s290	8	9	ADP	ADP	hi	hi	false	within
train-s290	9	10	ADP	NOUN	hi	en	true	boundary
train-s290	10	11	NOUN	VERB	en	hi	true	within
train-s290	11	12	VERB	AUX	hi	hi	false	within
train-s290	12	13	AUX	PART	hi	hi	false	within
train-s291	2	3	PRON	AUX	en	en	false	within
train-s291	3	4	AUX	DET	en	en	false	within
train-s291	4	6	DET	NUM	en	hi	true	boundary
train-s291	6	7	NUM	NUM	hi	hi	false	within
train-s291	7	8	NUM	NOUN	hi	en	true	within
train-s291	8	9	NOUN	ADP	en	hi	true	within
train-s291	9	10	ADP	ADP	hi	hi	false	within
train-s291	10	11	ADP	VERB	hi	hi	false	boundary
train-s291	11	12	VERB	SCONJ	hi	hi	false	within
train-s291	12	13	SCONJ	NOUN	hi	en	true	boundary
train-s291	13	15	NOUN	PRON	en	en	false	boundary
train-s291	15	16	PRON	VERB	en	en	false	within
train-s291	16	17	VERB	PRON	en	en	false	within
train-s291	17	18	PRON	VERB	en	en	false	within
train-s291	18	19	VERB	PART	en	en	false	boundary
train-s291	19	20	PART	VERB	en	en	false	within
train-s291	20	21	VERB	NOUN	en	en	false	within
train-s292	1	2	ADJ	NOUN	en	hi	true	within
train-s292	2	3	NOUN	ADP	hi	hi	false	within
train-s292	3	4	ADP	VERB	hi	en	true	boundary
train-s292	4	5	VERB	AUX	en	hi	true	within
train-s292	5	6	AUX	AUX	hi	en	true	boundary
train-s292	6	7	AUX	DET	en	en	false	within
train-s292	7	8	DET	ADV	en	en	false	boundary
train-s292	8	9	ADV	ADJ	en	en	false	within
train-s292	9	10	ADJ	NOUN	en	en	false	within
train-s293	1	3	NOUN	ADP	hi	hi	false	boundary
train-s293	3	5	ADP	ADP	hi	hi	false	boundary
train-s293	5	6	ADP	NOUN	hi	en	true	boundary
train-s293	6	7	NOUN	VERB	en	hi	true	within
train-s293	7	8	VERB	VERB	hi	hi	false	within
train-s293	8	9	VERB	AUX	hi	hi	false	within
train-s293	9	10	AUX	SCONJ	hi	hi	false	boundary
train-s293	10	11	SCONJ	NOUN	hi	en	true	boundary
train-s293	11	12	NOUN	VERB	en	hi	true	within
train-s293	12	13	VERB	NOUN	hi	hi	false	boundary
train-s293	13	14	NOUN	ADP	hi	hi	false	within
train-s293	14	15	ADP	VERB	hi	hi	false	boundary
train-s293	15	16	VERB	AUX	hi	en	true	within
train-s293	16	17	AUX	ADJ	en	en	false	within
train-s294	1	2	NOUN	PRON	hi	hi	false	within
train-s294	2	3	PRON	ADV	hi	hi	false	boundary
train-s294	3	4	ADV	ADV	hi	hi	false	within
train-s294	4	5	ADV	ADJ	hi	hi	false	within
train-s294	5	6	ADJ	VERB	hi	hi	false	within
train-s294	6	7	VERB	AUX	hi	hi	false	within
train-s294	7	8	AUX	ADP	hi	en	true	boundary
train-s294	8	9	ADP	DET	en	en	false	within
train-s294	9	10	DET	NOUN	en	en	false	within
train-s295	2	3	PRON	AUX	en	en	false	within
train-s295	3	4	AUX	VERB	en	en	false	within
train-s295	4	5	VERB	DET	en	en	false	boundary
train-s295	5	6	DET	NOUN	en	en	false	within
train-s295	6	7	NOUN	NOUN	en	en	false	within
train-s295	7	8	NOUN	CCONJ	en	en	false	boundary
train-s295	8	9	CCONJ	PART	en	en	false	within
train-s295	9	10	PART	NOUN	en	en	false	within
train-s295	10	11	NOUN	PART	en	en	false	within
train-s295	11	13	PART	VERB	en	hi	true	boundary
train-s295	13	14	VERB	PRON	hi	hi	false	boundary
train-s295	14	15	PRON	NOUN	hi	hi	false	within
train-s296	1	2	ADV	VERB	en	en	false	within
train-s296	2	3	VERB	NOUN	en	en	false	within
train-s296	3	4	NOUN	PRON	en	en	false	boundary
train-s296	4	5	PRON	VERB	en	en	false	within
train-s296	5	6	VERB	NOUN	en	en	false	boundary
train-s296	6	7	NOUN	PART	en	hi	true	within
train-s296	7	8	PART	VERB	hi	hi	false	within
train-s296	8	9	VERB	CCONJ	hi	hi	false	boundary
train-s296	9	10	CCONJ	NOUN	hi	en	true	within
train-s296	10	11	NOUN	VERB	en	hi	true	within
train-s296	11	12	VERB	AUX	hi	hi	false	within
train-s296	12	13	AUX	AUX	hi	hi	false	within
train-s297	1	2	NOUN	ADV	hi	hi	false	within
train-s297	2	3	ADV	DET	hi	hi	false	boundary
train-s297	3	4	DET	ADJ	hi	en	true	boundary
train-s297	4	5	ADJ	ADP	en	en	false	within
train-s297	5	6	ADP	PRON	en	en	false	within
train-s297	6	7	PRON	PROPN	en	en	false	boundary
train-s297	7	9	PROPN	ADP	en	hi	true	within
train-s297	9	10	ADP	ADJ	hi	en	true	boundary
train-s297	10	11	ADJ	NOUN	en	en	false	within
train-s297	11	12	NOUN	ADP	en	hi	true	within
train-s297	12	13	ADP	ADJ	hi	hi	false	boundary
train-s297	13	14	ADJ	VERB	hi	hi	false	within
train-s298	1	2	NOUN	NOUN	en	en	false	within
train-s298	2	3	NOUN	CCONJ	en	en	false	boundary
train-s298	3	4	CCONJ	VERB	en	en	false	within
train-s298	4	5	VERB	ADJ	en	en	false	within
train-s298	5	6	ADJ	ADP	en	en	false	boundary
train-s298	6	7	ADP	DET	en	en	false	within
train-s298	7	8	DET	NOUN	en	en	false	within
train-s298	8	9	NOUN	PRON	en	hi	true	boundary
train-s298	9	10	PRON	ADP	hi	hi	false	within
train-s298	10	11	ADP	PRON	hi	hi	false	boundary
train-s298	11	12	PRON	NOUN	hi	en	true	within
train-s298	12	13	NOUN	AUX	en	hi	true	within
train-s298	13	14	AUX	PRON	hi	hi	false	boundary
train-s298	14	15	PRON	PART	hi	hi	false	within
train-s298	15	16	PART	NOUN	hi	en	true	boundary
train-s298	16	17	NOUN	VERB	en	hi	true	within
train-s298	17	18	VERB	AUX	hi	hi	false	within
train-s298	18	19	AUX	AUX	hi	hi	false	within
train-s299	1	2	AUX	PRON	en	en	false	within
train-s299	2	3	PRON	ADV	en	en	false	within
train-s299	3	4	ADV	VERB	en	en	false	within
train-s299	4	5	VERB	DET	en	en	false	boundary
train-s299	5	6	DET	PRON	en	hi	true	within
train-s299	6	7	PRON	PRON	hi	hi	false	boundary
train-s299	7	8	PRON	AUX	hi	hi	false	boundary
train-s299	8	9	AUX	PRON	hi	hi	false	within
train-s299	9	10	PRON	NOUN	hi	en	true	boundary
train-s300	1	2	ADV	NOUN	hi	en	true	within
train-s300	2	3	NOUN	VERB	en	hi	true	within
train-s300	3	4	VERB	AUX	hi	hi	false	within
train-s300	4	5	AUX	AUX	hi	hi	false	within
train-s300	5	6	AUX	NOUN	hi	hi	false	boundary
train-s300	6	7	NOUN	ADP	hi	hi	false	within
train-s300	7	8	ADP	NOUN	hi	en	true	boundary
train-s300	8	9	NOUN	NOUN	en	en	false	within
train-s300	9	10	NOUN	VERB	en	hi	true	within
train-s300	10	11	VERB	SCONJ	hi	hi	false	within
train-s301	2	3	PRON	PART	en	en	false	within
train-s301	3	4	PART	VERB	en	en	false	within
train-s301	4	6	VERB	NOUN	en	hi	true	boundary
train-s301	6	7	NOUN	VERB	hi	hi	false	within
train-s301	7	8	VERB	AUX	hi	hi	false	within
train-s301	8	9	AUX	AUX	hi	hi	false	within
train-s301	9	11	AUX	CCONJ	hi	en	true	boundary
train-s301	11	12	CCONJ	AUX	en	en	false	within
train-s301	12	13	AUX	VERB	en	en	false	within
train-s301	13	14	VERB	NOUN	en	en	false	within
train-s301	14	15	NOUN	ADP	en	en	false	within
train-s302	2	3	NOUN	PART	en	hi	true	within
train-s302	3	4	PART	VERB	hi	hi	false	boundary
train-s302	4	5	VERB	PART	hi	hi	false	within
train-s302	5	6	PART	AUX	hi	hi	false	within
train-s302	6	7	AUX	AUX	hi	hi	false	within
train-s302	7	10	AUX	PROPN	hi	en	true	boundary
train-s302	10	11	PROPN	NOUN	en	en	false	within
train-s303	1	2	DET	NUM	en	en	false	within
train-s303	2	3	NUM	NOUN	en	en	false	within
train-s303	3	4	NOUN	PRON	en	hi	true	within
train-s303	4	5	PRON	NUM	hi	hi	false	boundary
train-s303	5	6	NUM	NOUN	hi	hi	false	within
train-s303	6	7	NOUN	PART	hi	hi	false	within
train-s303	7	8	PART	NOUN	hi	hi	false	boundary
train-s303	8	9	NOUN	PART	hi	hi	false	within
train-s303	9	10	PART	VERB	hi	hi	false	within
train-s303	10	11	VERB	SCONJ	hi	hi	false	within
train-s303	11	12	SCONJ	NOUN	hi	en	true	within
train-s303	12	13	NOUN	ADV	en	en	false	within
train-s303	13	14	ADV	PART	en	hi	true	within
train-s303	14	15	PART	PART	hi	hi	false	within
train-s303	15	16	PART	VERB	hi	hi	false	boundary
train-s303	16	17	VERB	AUX	hi	hi	false	within
train-s303	17	18	AUX	DET	hi	hi	false	boundary
train-s303	18	19	DET	NOUN	hi	hi	false	within
train-s304	1	2	NOUN	PRON	hi	hi	false	within
train-s304	2	3	PRON	PART	hi	hi	false	within
train-s304	3	4	PART	NOUN	hi	en	true	boundary
train-s304	4	5	NOUN	PART	en	hi	true	within
train-s304	5	6	PART	VERB	hi	hi	false	within
train-s304	6	7	VERB	AUX	hi	hi	false	within
train-s304	7	8	AUX	SCONJ	hi	en	true	boundary
train-s304	8	9	SCONJ	VERB	en	en	false	within
train-s304	9	12	VERB	NOUN	en	en	false	within
train-s305	1	2	PRON	NOUN	en	en	false	within
train-s305	2	3	NOUN	AUX	en	en	false	within
train-s305	3	4	AUX	ADV	en	en	false	within
train-s305	4	5	ADV	ADJ	en	en	false	within
train-s305	5	6	ADJ	VERB	en	en	false	within
train-s305	6	7	VERB	ADP	en	en	false	boundary
train-s305	7	8	ADP	PRON	en	en	false	within
train-s305	8	9	PRON	NOUN	en	en	false	within
train-s305	9	10	NOUN	PRON	en	hi	true	boundary
train-s305	10	11	PRON	PRON	hi	hi	false	within
train-s305	11	12	PRON	NOUN	hi	en	true	boundary
train-s305	12	13	NOUN	VERB	en	hi	true	within
train-s305	13	14	VERB	AUX	hi	hi	false	within
train-s305	14	15	AUX	PART	hi	hi	false	boundary
train-s305	15	16	PART	VERB	hi	hi	false	within
train-s305	16	17	VERB	AUX	hi	hi	false	within
train-s306	1	4	ADJ	ADV	en	en	false	boundary
train-s306	4	5	ADV	SCONJ	en	en	false	within
train-s306	5	6	SCONJ	PRON	en	en	false	boundary
train-s306	6	7	PRON	NOUN	en	en	false	within
train-s306	7	8	NOUN	NOUN	en	en	false	within
train-s306	8	9	NOUN	AUX	en	en	false	within
train-s306	9	10	AUX	ADJ	en	en	false	within
train-s306	10	12	ADJ	PRON	en	hi	true	within
train-s306	12	13	PRON	PART	hi	hi	false	within
train-s306	13	14	PART	NOUN	hi	hi	false	boundary
train-s306	14	15	NOUN	VERB	hi	hi	false	within
train-s306	15	16	VERB	PRON	hi	hi	false	within
train-s306	16	17	PRON	ADP	hi	hi	false	within
train-s307	1	2	ADV	PRON	en	en	false	boundary
train-s307	2	3	PRON	NOUN	en	en	false	within
train-s307	3	4	NOUN	NOUN	en	en	false	within
train-s307	4	5	NOUN	AUX	en	en	false	within
train-s307	5	7	AUX	NOUN	en	hi	true	within
train-s307	7	8	NOUN	VERB	hi	hi	false	within
train-s307	8	9	VERB	AUX	hi	hi	false	within
train-s307	9	10	AUX	AUX	hi	hi	false	within
train-s308	1	2	ADJ	NOUN	en	en	false	within
train-s308	2	3	NOUN	ADP	en	en	false	within
train-s308	3	4	ADP	ADJ	en	en	false	within
train-s308	4	5	ADJ	PRON	en	en	false	within
train-s308	5	6	PRON	NOUN	en	en	false	within
train-s308	6	7	NOUN	CCONJ	en	en	false	boundary
train-s308	7	9	CCONJ	ADP	en	hi	true	boundary
train-s308	9	10	ADP	ADJ	hi	hi	false	boundary
train-s308	10	11	ADJ	NOUN	hi	hi	false	within
train-s309	1	2	NOUN	ADP	en	hi	true	within
train-s309	2	3	ADP	NOUN	hi	en	true	boundary
train-s309	3	4	NOUN	ADP	en	hi	true	within
train-s309	4	5	ADP	ADP	hi	hi	false	within
train-s309	5	6	ADP	PART	hi	hi	false	within
train-s309	6	7	PART	NOUN	hi	en	true	boundary
train-s309	7	8	NOUN	PART	en	hi	true	within
train-s309	8	9	PART	VERB	hi	en	true	boundary
train-s309	9	10	VERB	INTJ	en	en	false	within
train-s310	2	3	PRON	PART	en	en	false	boundary
train-s310	3	4	PART	VERB	en	en	false	within
train-s310	4	5	VERB	ADP	en	en	false	boundary
train-s310	5	6	ADP	ADJ	en	hi	true	within
train-s310	6	7	ADJ	NOUN	hi	hi	false	within
train-s310	7	8	NOUN	ADP	hi	en	true	boundary
train-s310	8	10	ADP	PROPN	en	hi	true	within
train-s311	1	2	DET	NOUN	en	hi	true	within
train-s311	2	3	NOUN	ADP	hi	hi	false	within
train-s311	3	4	ADP	NOUN	hi	en	true	boundary
train-s311	4	5	NOUN	ADP	en	en	false	boundary
train-s311	5	6	ADP	DET	en	en	false	within
train-s311	6	7	DET	NOUN	en	en	false	within
train-s312	2	3	ADV	ADJ	en	en	false	within
train-s312	3	4	ADJ	NOUN	en	en	false	within
train-s312	4	7	NOUN	PRON	en	hi	true	boundary
train-s312	7	8	PRON	VERB	hi	hi	false	within
train-s312	8	9	VERB	AUX	hi	hi	false	within
train-s312	9	10	AUX	AUX	hi	hi	false	within
train-s312	10	11	AUX	NOUN	hi	hi	false	within
train-s313	1	2	ADJ	NOUN	en	en	false	within
train-s313	2	3	NOUN	NOUN	en	hi	true	within
train-s313	3	4	NOUN	VERB	hi	hi	false	within
train-s313	4	6	VERB	NOUN	hi	hi	false	boundary
train-s313	6	7	NOUN	ADP	hi	hi	false	within
train-s313	7	8	ADP	NOUN	hi	hi	false	boundary
train-s313	8	9	NOUN	VERB	hi	hi	false	within
train-s313	9	10	VERB	AUX	hi	hi	false	within
train-s313	10	11	AUX	AUX	hi	hi	false	within
train-s314	4	5	PRON	AUX	en	en	false	within
train-s314	5	6	AUX	NOUN	en	en	false	within
train-s314	6	7	NOUN	CCONJ	en	en	false	boundary
train-s314	7	8	CCONJ	PRON	en	hi	true	within
train-s314	8	9	PRON	NOUN	hi	hi	false	boundary
train-s314	9	10	NOUN	VERB	hi	hi	false	within
train-s314	10	11	VERB	SCONJ	hi	hi	false	within
train-s314	11	12	SCONJ	PRON	hi	hi	false	boundary
train-s314	12	13	PRON	VERB	hi	hi	false	within
train-s314	13	14	VERB	PART	hi	hi	false	within
train-s314	14	15	PART	AUX	hi	hi	false	within
train-s315	2	3	ADP	ADJ	hi	en	true	boundary
train-s315	3	4	ADJ	NOUN	en	en	false	within
train-s315	4	5	NOUN	AUX	en	hi	true	within
train-s315	5	6	AUX	CCONJ	hi	hi	false	boundary
train-s315	6	7	CCONJ	DET	hi	en	true	within
train-s315	7	8	DET	NOUN	en	en	false	within
train-s315	8	9	NOUN	NOUN	en	en	false	within
train-s315	9	10	NOUN	NOUN	en	en	false	within
train-s315	10	11	NOUN	PRON	en	en	false	boundary
train-s315	11	12	PRON	VERB	en	en	false	within
train-s315	12	13	VERB	PART	en	en	false	within
train-s315	13	14	PART	ADP	en	en	false	boundary
train-s315	14	15	ADP	DET	en	en	false	within
train-s315	15	16	DET	NOUN	en	en	false	within
train-s316	1	2	NOUN	ADV	hi	hi	false	within
train-s316	2	3	ADV	PART	hi	hi	false	within
train-s316	3	4	PART	INTJ	hi	en	true	boundary
train-s316	4	5	INTJ	NOUN	en	en	false	boundary
train-s316	5	6	NOUN	PART	en	en	false	within
train-s316	6	7	PART	NOUN	en	en	false	boundary
train-s316	7	8	NOUN	ADP	en	hi	true	within
train-s316	8	9	ADP	NOUN	hi	hi	false	boundary
train-s316	9	10	NOUN	VERB	hi	hi	false	within
train-s316	10	11	VERB	AUX	hi	hi	false	within
train-s317	1	2	NOUN	NOUN	en	en	false	within
train-s317	2	3	NOUN	CCONJ	en	en	false	boundary
train-s317	3	4	CCONJ	VERB	en	hi	true	within
train-s317	4	5	VERB	ADP	hi	hi	false	within
train-s317	5	6	ADP	PART	hi	en	true	boundary
train-s317	6	7	PART	NOUN	en	en	false	within
train-s318	1	2	ADV	ADP	hi	hi	false	within
train-s318	2	3	ADP	NOUN	hi	en	true	boundary
train-s318	3	4	NOUN	NOUN	en	en	false	within
train-s318	4	5	NOUN	VERB	en	hi	true	within
train-s318	5	6	VERB	AUX	hi	hi	false	within
train-s318	6	7	AUX	PRON	hi	hi	false	boundary
train-s318	7	8	PRON	NOUN	hi	en	true	within
train-s318	8	9	NOUN	DET	en	hi	true	boundary
train-s318	9	10	DET	NOUN	hi	en	true	within
train-s318	10	11	NOUN	VERB	en	hi	true	within
train-s318	11	12	VERB	AUX	hi	hi	false	within
train-s318	12	13	AUX	AUX	hi	hi	false	within
train-s319	1	2	ADJ	NOUN	hi	en	true	within
train-s319	2	3	NOUN	ADP	en	hi	true	within
train-s319	3	4	ADP	PART	hi	hi	false	within
train-s319	4	5	PART	ADJ	hi	en	true	boundary
train-s319	5	6	ADJ	NOUN	en	en	false	within
train-s319	6	7	NOUN	VERB	en	hi	true	within
train-s319	7	8	VERB	AUX	hi	hi	false	within
train-s320	1	2	NOUN	NOUN	hi	hi	false	within
train-s320	2	3	NOUN	ADP	hi	hi	false	within
train-s320	3	4	ADP	PART	hi	hi	false	boundary
train-s320	4	5	PART	VERB	hi	hi	false	within
train-s320	5	6	VERB	CCONJ	hi	hi	false	boundary
train-s320	6	7	CCONJ	PRON	hi	en	true	boundary
train-s320	7	8	PRON	ADJ	en	en	false	within
train-s320	8	9	ADJ	NOUN	en	en	false	within
train-s320	9	10	NOUN	VERB	en	hi	true	within
train-s321	1	2	PART	ADV	en	en	false	within
train-s321	2	3	ADV	NOUN	en	hi	true	within
train-s321	3	5	NOUN	NOUN	hi	hi	false	within
train-s321	5	6	NOUN	VERB	hi	hi	false	within
train-s321	6	7	VERB	INTJ	hi	en	true	within
train-s322	2	3	NOUN	VERB	en	hi	true	within
train-s322	3	4	VERB	SCONJ	hi	hi	false	within
train-s322	4	5	SCONJ	VERB	hi	hi	false	boundary
train-s322	5	6	VERB	PART	hi	hi	false	within
train-s322	6	7	PART	AUX	hi	hi	false	within
train-s322	7	8	AUX	SCONJ	hi	hi	false	boundary
train-s322	8	11	SCONJ	NOUN	hi	en	true	within
train-s322	11	12	NOUN	ADJ	en	en	false	within
train-s322	12	13	ADJ	VERB	en	hi	true	within
train-s322	13	14	VERB	AUX	hi	hi	false	within
train-s322	14	15	AUX	AUX	hi	hi	false	within
train-s323	1	2	VERB	ADP	en	en	false	boundary
train-s323	2	3	ADP	PRON	en	en	false	boundary
train-s323	3	4	PRON	PRON	en	en	false	within
train-s323	4	5	PRON	NOUN	en	hi	true	within
train-s323	5	6	NOUN	ADP	hi	hi	false	within
train-s323	6	7	ADP	NOUN	hi	hi	false	boundary
train-s324	1	2	ADV	DET	en	hi	true	boundary
train-s324	2	3	DET	PART	hi	hi	false	within
train-s324	3	4	PART	NOUN	hi	en	true	boundary
train-s324	4	5	NOUN	VERB	en	hi	true	within
train-s324	5	6	VERB	AUX	hi	hi	false	within
train-s324	6	7	AUX	AUX	hi	hi	false	within
train-s325	2	3	ADJ	ADJ	en	en	false	within
train-s325	3	4	ADJ	AUX	en	hi	true	within
train-s325	4	5	AUX	AUX	hi	hi	false	within
train-s326	1	2	SCONJ	PRON	en	en	false	within
train-s326	2	4	PRON	PRON	en	en	false	boundary
train-s326	4	5	PRON	NOUN	en	hi	true	within
train-s326	5	7	NOUN	VERB	hi	en	true	boundary
train-s326	7	8	VERB	ADP	en	en	false	boundary
train-s326	8	10	ADP	ADP	en	en	false	boundary
train-s326	10	11	ADP	NOUN	en	en	false	within
train-s326	11	12	NOUN	SCONJ	en	en	false	boundary
train-s326	12	13	SCONJ	PRON	en	hi	true	within
train-s326	13	14	PRON	PART	hi	hi	false	within
train-s326	14	15	PART	NOUN	hi	hi	false	boundary
train-s326	15	16	NOUN	NOUN	hi	hi	false	within
train-s327	2	3	ADP	ADJ	hi	hi	false	boundary
train-s327	3	4	ADJ	NOUN	hi	hi	false	within
train-s327	4	5	NOUN	AUX	hi	en	true	within
train-s327	5	6	AUX	ADJ	en	en	false	within
train-s327	6	7	ADJ	CCONJ	en	en	false	boundary
train-s327	7	8	CCONJ	ADJ	en	hi	true	boundary
train-s327	8	9	ADJ	NOUN	hi	hi	false	within
train-s327	9	10	NOUN	VERB	hi	en	true	within
train-s327	10	11	VERB	PART	en	en	false	within
train-s328	2	3	ADV	PRON	en	en	false	within
train-s328	3	4	PRON	VERB	en	en	false	within
train-s328	4	6	VERB	PRON	en	hi	true	boundary
train-s328	6	7	PRON	ADP	hi	hi	false	within
train-s328	7	8	ADP	NOUN	hi	hi	false	boundary
train-s328	8	9	NOUN	VERB	hi	hi	false	within
train-s328	9	10	VERB	AUX	hi	hi	false	within
train-s328	10	11	AUX	AUX	hi	hi	false	within
train-s328	11	12	AUX	CCONJ	hi	hi	false	boundary
train-s328	12	13	CCONJ	PRON	hi	hi	false	boundary
train-s328	13	14	PRON	NOUN	hi	hi	false	within
train-s328	14	15	NOUN	VERB	hi	hi	false	within
train-s328	15	16	VERB	AUX	hi	hi	false	within
train-s328	16	17	AUX	AUX	hi	hi	false	within
train-s329	2	3	PRON	AUX	en	en	false	within
train-s329	3	4	AUX	ADV	en	en	false	boundary
train-s329	4	5	ADV	ADJ	en	en	false	within
train-s329	5	6	ADJ	NOUN	en	en	false	within
train-s329	6	8	NOUN	PRON	en	en	false	boundary
train-s329	8	9	PRON	VERB	en	en	false	within
train-s329	9	10	VERB	ADJ	en	en	false	boundary
train-s329	10	11	ADJ	NOUN	en	en	false	within
train-s329	11	12	NOUN	ADP	en	en	false	boundary
train-s329	12	13	ADP	NOUN	en	en	false	within
train-s329	13	15	NOUN	VERB	en	en	false	within
train-s329	15	17	VERB	PRON	en	hi	true	boundary
train-s329	17	18	PRON	NOUN	hi	hi	false	within
train-s329	18	19	NOUN	VERB	hi	hi	false	within
train-s329	19	20	VERB	ADV	hi	hi	false	within
train-s329	20	21	ADV	ADP	hi	hi	false	within
train-s330	2	5	NOUN	ADV	en	hi	true	boundary
train-s330	5	6	ADV	ADV	hi	hi	false	within
train-s330	6	7	ADV	ADV	hi	hi	false	within
train-s330	7	8	ADV	VERB	hi	hi	false	within
train-s330	8	9	VERB	PRON	hi	hi	false	within
train-s331	1	2	NOUN	VERB	en	en	false	within
train-s331	2	3	VERB	PRON	en	en	false	boundary
train-s331	3	4	PRON	AUX	en	en	false	within
train-s331	4	5	AUX	ADJ	en	en	false	within
train-s331	5	6	ADJ	ADP	en	en	false	boundary
train-s331	6	7	ADP	PRON	en	en	false	within
train-s331	7	9	PRON	ADJ	en	hi	true	within
train-s331	9	10	ADJ	NOUN	hi	hi	false	within
train-s332	2	3	NOUN	ADP	hi	hi	false	within
train-s332	3	4	ADP	NOUN	hi	hi	false	boundary
train-s332	4	5	NOUN	VERB	hi	hi	false	within
train-s332	5	6	VERB	VERB	hi	hi	false	within
train-s332	6	8	VERB	AUX	hi	en	true	within
train-s332	8	9	AUX	DET	en	en	false	within
train-s332	9	10	DET	ADJ	en	en	false	within
train-s332	10	11	ADJ	NOUN	en	en	false	within
train-s332	11	12	NOUN	ADP	en	en	false	boundary
train-s332	12	14	ADP	PRON	en	en	false	within
train-s332	14	15	PRON	AUX	en	en	false	within
train-s332	15	16	AUX	ADJ	en	en	false	within
train-s332	16	17	ADJ	ADP	en	en	false	boundary
train-s332	17	18	ADP	PRON	en	en	false	within
train-s333	3	4	PRON	VERB	en	en	false	within
train-s333	4	5	VERB	PRON	en	hi	true	boundary
train-s333	5	6	PRON	PRON	hi	hi	false	within
train-s333	6	7	PRON	VERB	hi	hi	false	within
train-s333	7	8	VERB	AUX	hi	hi	false	within
train-s333	8	9	AUX	AUX	hi	hi	false	within
train-s333	9	10	AUX	NOUN	hi	hi	false	within
train-s333	10	11	NOUN	ADP	hi	hi	false	within
train-s333	11	12	ADP	ADP	hi	hi	false	within
train-s334	1	3	VERB	ADP	en	hi	true	boundary
train-s334	3	4	ADP	NOUN	hi	hi	false	boundary
train-s334	4	5	NOUN	VERB	hi	en	true	boundary
train-s334	5	6	VERB	VERB	en	en	false	within
train-s334	6	7	VERB	ADP	en	en	false	boundary
train-s334	7	8	ADP	PRON	en	en	false	within
train-s334	8	9	PRON	ADV	en	en	false	within
train-s335	1	2	ADP	DET	en	en	false	within
train-s335	2	3	DET	NOUN	en	en	false	within
train-s335	3	6	NOUN	NOUN	en	en	false	boundary
train-s335	6	7	NOUN	VERB	en	hi	true	within
train-s335	7	8	VERB	PART	hi	hi	false	within
train-s335	8	9	PART	VERB	hi	hi	false	within
train-s335	9	10	VERB	AUX	hi	hi	false	within
train-s335	10	11	AUX	AUX	hi	hi	false	within
train-s336	1	2	ADV	ADV	hi	hi	false	within
train-s336	2	3	ADV	DET	hi	hi	false	boundary
train-s336	3	4	DET	PART	hi	hi	false	within
train-s336	4	5	PART	NOUN	hi	en	true	boundary
train-s336	5	6	NOUN	VERB	en	hi	true	within
train-s336	6	7	VERB	AUX	hi	hi	false	within
train-s336	7	9	AUX	PRON	hi	en	true	boundary
train-s336	9	10	PRON	AUX	en	en	false	within
train-s336	10	11	AUX	VERB	en	en	false	within
train-s336	11	12	VERB	ADV	en	en	false	within
train-s337	1	2	PRON	DET	hi	hi	false	within
train-s337	2	3	DET	NOUN	hi	en	true	within
train-s337	3	5	NOUN	ADP	en	hi	true	boundary
train-s337	5	6	ADP	ADJ	hi	en	true	boundary
train-s337	6	7	ADJ	AUX	en	hi	true	within
train-s338	1	2	ADJ	NOUN	en	en	false	within
train-s338	2	3	NOUN	ADP	en	hi	true	within
train-s338	3	4	ADP	PART	hi	hi	false	within
train-s338	4	5	PART	NOUN	hi	en	true	boundary
train-s338	5	6	NOUN	PART	en	hi	true	within
train-s338	6	7	PART	VERB	hi	hi	false	within
train-s338	7	8	VERB	AUX	hi	hi	false	within
train-s339	1	2	PRON	VERB	en	en	false	within
train-s339	2	3	VERB	PRON	en	en	false	within
train-s339	3	4	PRON	ADV	en	en	false	within
train-s339	4	5	ADV	SCONJ	en	en	false	boundary
train-s339	5	6	SCONJ	PRON	en	en	false	within
train-s339	6	7	PRON	VERB	en	en	false	within
train-s339	7	8	VERB	NOUN	en	en	false	boundary
train-s339	8	9	NOUN	ADP	en	hi	true	within
train-s339	9	10	ADP	NOUN	hi	hi	false	boundary
train-s340	1	2	ADJ	PART	en	en	false	boundary
train-s340	2	3	PART	VERB	en	en	false	within
train-s340	3	4	VERB	DET	en	en	false	boundary
train-s340	4	5	DET	ADJ	en	hi	true	within
train-s340	5	6	ADJ	NOUN	hi	hi	false	within
train-s340	6	7	NOUN	VERB	hi	en	true	within
train-s340	7	8	VERB	ADP	en	en	false	boundary
train-s340	8	9	ADP	DET	en	en	false	within
train-s340	9	10	DET	NOUN	en	en	false	within
train-s341	1	2	VERB	ADV	hi	hi	false	within
train-s341	2	3	ADV	PRON	hi	hi	false	within
train-s341	3	4	PRON	PRON	hi	hi	false	boundary
train-s341	4	5	PRON	PRON	hi	hi	false	within
train-s341	5	6	PRON	ADJ	hi	en	true	within
train-s341	6	7	ADJ	NOUN	en	en	false	within
train-s341	7	8	NOUN	ADP	en	hi	true	within
train-s341	8	9	ADP	NOUN	hi	en	true	boundary
train-s341	9	10	NOUN	VERB	en	hi	true	within
train-s341	10	11	VERB	AUX	hi	hi	false	within
train-s342	1	2	SCONJ	PRON	hi	hi	false	within
train-s342	2	3	PRON	VERB	hi	hi	false	within
train-s342	3	4	VERB	PART	hi	hi	false	within
train-s342	4	5	PART	AUX	hi	hi	false	within
train-s342	5	7	AUX	PRON	hi	en	true	boundary
train-s342	7	8	PRON	AUX	en	en	false	within
train-s342	8	9	AUX	PART	en	en	false	within
train-s342	9	10	PART	VERB	en	en	false	within
train-s342	10	11	VERB	SCONJ	en	hi	true	boundary
train-s342	11	12	SCONJ	PRON	hi	hi	false	within
train-s342	12	13	PRON	VERB	hi	hi	false	within
train-s342	13	14	VERB	AUX	hi	hi	false	within
train-s342	14	15	AUX	PART	hi	hi	false	within
train-s342	15	16	PART	AUX	hi	hi	false	within
train-s343	1	2	NUM	NOUN	en	en	false	within
train-s343	2	3	NOUN	VERB	en	hi	true	within
train-s343	3	4	VERB	PART	hi	hi	false	within
train-s343	4	5	PART	AUX	hi	hi	false	within
train-s343	5	6	AUX	SCONJ	hi	hi	false	boundary
train-s343	6	7	SCONJ	PRON	hi	hi	false	boundary
train-s343	7	8	PRON	NOUN	hi	en	true	within
train-s343	8	9	NOUN	CCONJ	en	en	false	boundary
train-s343	9	10	CCONJ	NOUN	en	en	false	within
train-s343	10	11	NOUN	ADP	en	hi	true	within
train-s343	11	12	ADP	VERB	hi	hi	false	boundary
train-s344	1	2	INTJ	PRON	hi	hi	false	boundary
train-s344	2	3	PRON	ADJ	hi	en	true	within
train-s344	3	5	ADJ	ADJ	en	en	false	within
train-s344	5	6	ADJ	NOUN	en	en	false	boundary
train-s344	6	7	NOUN	VERB	en	hi	true	within
train-s344	7	8	VERB	NOUN	hi	en	true	boundary
train-s344	8	9	NOUN	VERB	en	en	false	within
train-s344	9	10	VERB	VERB	en	hi	true	within
train-s344	10	11	VERB	AUX	hi	hi	false	within
train-s345	1	2	PRON	PRON	hi	hi	false	within
train-s345	2	3	PRON	DET	hi	hi	false	boundary
train-s345	3	4	DET	NOUN	hi	hi	false	within
train-s345	4	5	NOUN	ADP	hi	hi	false	within
train-s345	5	6	ADP	PRON	hi	en	true	boundary
train-s345	6	7	PRON	VERB	en	en	false	within
train-s345	7	8	VERB	PRON	en	en	false	boundary
train-s345	8	9	PRON	NOUN	en	en	false	within
train-s345	9	10	NOUN	NOUN	en	en	false	within
train-s345	10	11	NOUN	VERB	en	hi	true	boundary
train-s345	11	12	VERB	AUX	hi	hi	false	within
train-s345	12	13	AUX	ADJ	hi	hi	false	boundary
train-s345	13	14	ADJ	VERB	hi	hi	false	within
train-s346	1	2	ADV	PRON	en	en	false	within
train-s346	2	3	PRON	AUX	en	en	false	within
train-s346	3	4	AUX	NOUN	en	en	false	within
train-s346	4	6	NOUN	NUM	en	hi	true	boundary
train-s346	6	7	NUM	ADJ	hi	hi	false	within
train-s346	7	8	ADJ	NOUN	hi	hi	false	within
train-s346	8	9	NOUN	ADP	hi	hi	false	within
train-s346	9	10	ADP	NOUN	hi	hi	false	boundary
train-s347	1	2	ADJ	NOUN	en	en	false	within
train-s347	2	3	NOUN	ADP	en	hi	true	within
train-s347	3	4	ADP	NOUN	hi	hi	false	boundary
train-s347	4	5	NOUN	NOUN	hi	hi	false	within
train-s348	1	3	DET	ADJ	hi	en	true	boundary
train-s348	3	4	ADJ	NOUN	en	en	false	within
train-s348	4	5	NOUN	ADP	en	hi	true	within
train-s348	5	6	ADP	ADV	hi	hi	false	boundary
train-s348	6	7	ADV	ADJ	hi	hi	false	within
train-s348	7	8	ADJ	PART	hi	hi	false	within
train-s348	8	9	PART	VERB	hi	hi	false	within
train-s348	9	10	VERB	AUX	hi	hi	false	within
train-s349	2	3	NOUN	ADP	en	hi	true	within
train-s349	3	4	ADP	ADP	hi	hi	false	within
train-s349	4	6	ADP	PRON	hi	en	true	boundary
train-s349	6	7	PRON	AUX	en	en	false	within
train-s349	7	8	AUX	VERB	en	en	false	within
train-s349	8	10	VERB	ADV	en	en	false	within
train-s349	10	12	ADV	ADP	en	hi	true	within
train-s349	12	13	ADP	NOUN	hi	en	true	boundary
train-s349	13	14	NOUN	VERB	en	hi	true	within
train-s349	14	15	VERB	AUX	hi	hi	false	within
train-s350	1	2	NUM	ADJ	en	en	false	within
train-s350	2	3	ADJ	NOUN	en	en	false	within
train-s350	3	4	NOUN	ADV	en	en	false	within
train-s350	4	5	ADV	PRON	en	en	false	within
train-s350	5	6	PRON	AUX	en	en	false	within
train-s350	6	7	AUX	VERB	en	en	false	within
train-s350	7	9	VERB	NOUN	en	hi	true	within
train-s350	9	10	NOUN	ADP	hi	hi	false	within
train-s350	10	11	ADP	ADV	hi	hi	false	boundary
train-s350	11	12	ADV	NOUN	hi	en	true	within
train-s351	2	3	VERB	SCONJ	en	en	false	boundary
train-s351	3	4	SCONJ	PRON	en	en	false	within
train-s351	4	5	PRON	VERB	en	en	false	within
train-s351	5	9	VERB	ADJ	en	hi	true	within
train-s351	9	10	ADJ	AUX	hi	hi	false	within
train-s351	10	12	AUX	ADP	hi	en	true	boundary
train-s351	12	13	ADP	PRON	en	en	false	within
train-s351	13	14	PRON	NOUN	en	en	false	within
train-s352	2	3	DET	NOUN	hi	hi	false	within
train-s352	3	4	NOUN	ADP	hi	hi	false	within
train-s352	4	5	ADP	NOUN	hi	hi	false	boundary
train-s352	5	6	NOUN	VERB	hi	hi	false	within
train-s352	6	7	VERB	AUX	hi	hi	false	within
train-s352	7	8	AUX	ADV	hi	en	true	within
train-s352	8	9	ADV	CCONJ	en	en	false	boundary
train-s352	9	10	CCONJ	ADV	en	en	false	within
train-s352	10	11	ADV	NOUN	en	en	false	boundary
train-s352	11	12	NOUN	NOUN	en	en	false	within
train-s352	12	13	NOUN	ADP	en	hi	true	within
train-s353	1	2	INTJ	PRON	en	en	false	within
train-s353	2	3	PRON	VERB	en	en	false	within
train-s353	3	4	VERB	PRON	en	en	false	within
train-s353	4	5	PRON	SCONJ	en	hi	true	boundary
train-s353	5	6	SCONJ	SCONJ	hi	hi	false	boundary
train-s353	6	7	SCONJ	NOUN	hi	en	true	boundary
train-s353	7	8	NOUN	NOUN	en	en	false	within
train-s353	8	9	NOUN	NUM	en	hi	true	boundary
train-s353	9	10	NUM	NOUN	hi	en	true	within
train-s353	10	11	NOUN	ADP	en	hi	true	within
train-s353	11	12	ADP	VERB	hi	hi	false	boundary
train-s353	12	13	VERB	SCONJ	hi	hi	false	within
train-s353	13	14	SCONJ	ADV	hi	en	true	within
train-s353	14	15	ADV	DET	en	hi	true	within
train-s353	15	16	DET	NOUN	hi	en	true	within
train-s353	16	17	NOUN	ADP	en	hi	true	within
train-s353	17	18	ADP	AUX	hi	hi	false	within
train-s353	18	19	AUX	AUX	hi	hi	false	within
train-s354	2	3	NOUN	ADP	hi	hi	false	within
train-s354	3	4	ADP	ADV	hi	en	true	boundary
train-s354	4	5	ADV	NOUN	en	en	false	within
train-s354	5	6	NOUN	AUX	en	en	false	within
train-s354	6	7	AUX	VERB	en	en	false	within
train-s354	7	8	VERB	DET	en	en	false	boundary
train-s354	8	9	DET	NOUN	en	en	false	within
train-s354	9	10	NOUN	ADP	en	en	false	boundary
train-s354	10	11	ADP	DET	en	en	false	within
train-s355	1	3	INTJ	DET	en	hi	true	boundary
train-s355	3	4	DET	NOUN	hi	en	true	within
train-s355	4	5	NOUN	VERB	en	hi	true	within
train-s355	5	6	VERB	AUX	hi	hi	false	within
train-s355	6	7	AUX	ADV	hi	en	true	boundary
train-s355	7	8	ADV	PRON	en	en	false	within
train-s355	8	9	PRON	VERB	en	en	false	within
train-s355	9	10	VERB	NUM	en	en	false	boundary
train-s355	10	11	NUM	ADJ	en	en	false	within
train-s355	11	12	ADJ	NOUN	en	en	false	within
train-s356	1	2	NOUN	NOUN	hi	en	true	boundary
train-s356	2	3	NOUN	ADP	en	hi	true	within
train-s356	3	4	ADP	PART	hi	hi	false	within
train-s356	4	5	PART	NOUN	hi	en	true	boundary
train-s356	5	6	NOUN	NOUN	en	en	false	within
train-s356	6	7	NOUN	VERB	en	hi	true	within
train-s356	7	8	VERB	AUX	hi	hi	false	within
train-s356	8	9	AUX	AUX	hi	hi	false	within
train-s357	1	2	NOUN	ADJ	hi	en	true	within
train-s357	2	3	ADJ	CCONJ	en	hi	true	boundary
train-s357	3	4	CCONJ	NOUN	hi	en	true	within
train-s357	4	5	NOUN	VERB	en	en	false	within
train-s357	5	6	VERB	AUX	en	hi	true	within
train-s357	6	7	AUX	AUX	hi	hi	false	within
train-s357	7	8	AUX	AUX	hi	hi	false	within
train-s358	1	2	PRON	VERB	en	en	false	within
train-s358	2	3	VERB	PRON	en	en	false	boundary
train-s358	3	4	PRON	NOUN	en	hi	true	within
train-s358	4	5	NOUN	ADP	hi	hi	false	within
train-s359	1	2	VERB	PRON	en	en	false	within
train-s359	2	3	PRON	ADP	en	en	false	boundary
train-s359	3	4	ADP	NOUN	en	en	false	within
train-s359	4	5	NOUN	ADP	en	en	false	boundary
train-s359	5	6	ADP	PRON	en	en	false	boundary
train-s359	6	7	PRON	NOUN	en	en	false	within
train-s359	7	8	NOUN	ADP	en	hi	true	within
train-s359	8	9	ADP	NOUN	hi	hi	false	boundary
train-s359	9	10	NOUN	ADP	hi	en	true	boundary
train-s359	10	11	ADP	PRON	en	en	false	within
train-s359	11	12	PRON	NOUN	en	hi	true	within
train-s360	3	4	AUX	VERB	en	en	false	within
train-s360	4	5	VERB	DET	en	en	false	boundary
train-s360	5	6	DET	ADJ	en	hi	true	within
train-s360	6	7	ADJ	NOUN	hi	hi	false	within
train-s360	7	8	NOUN	ADJ	hi	en	true	within
train-s360	8	9	ADJ	ADP	en	en	false	boundary
train-s360	9	10	ADP	NOUN	en	en	false	within
train-s360	10	11	NOUN	ADV	en	en	false	within
train-s361	2	3	NOUN	AUX	en	en	false	within
train-s361	3	4	AUX	ADV	en	en	false	within
train-s361	4	5	ADV	ADJ	en	en	false	within
train-s361	5	6	ADJ	ADV	en	en	false	boundary
train-s361	6	7	ADV	DET	en	en	false	boundary
train-s361	7	9	DET	VERB	en	en	false	boundary
train-s361	9	11	VERB	PART	en	hi	true	boundary
train-s361	11	12	PART	VERB	hi	hi	false	within
train-s361	12	13	VERB	PRON	hi	hi	false	boundary
train-s361	13	14	PRON	VERB	hi	hi	false	within
train-s361	14	15	VERB	AUX	hi	hi	false	within
train-s362	1	2	DET	NOUN	en	en	false	within
train-s362	2	3	NOUN	NOUN	en	en	false	within
train-s362	3	4	NOUN	AUX	en	en	false	within
train-s362	4	5	AUX	ADP	en	en	false	boundary
train-s362	5	6	ADP	PART	en	hi	true	within
train-s362	6	7	PART	PROPN	hi	hi	false	within
train-s362	7	8	PROPN	NOUN	hi	hi	false	within
train-s363	1	2	ADJ	NOUN	en	en	false	within
train-s363	2	5	NOUN	ADV	en	hi	true	within
train-s363	5	6	ADV	NOUN	hi	en	true	within
train-s363	6	7	NOUN	VERB	en	hi	true	within
train-s363	7	8	VERB	AUX	hi	hi	false	within
train-s363	8	9	AUX	PRON	hi	hi	false	boundary
train-s363	9	10	PRON	PART	hi	hi	false	within
train-s363	10	11	PART	PART	hi	hi	false	within
train-s363	11	12	PART	NOUN	hi	hi	false	boundary
train-s364	1	2	NOUN	VERB	en	en	false	within
train-s364	2	3	VERB	SCONJ	en	hi	true	boundary
train-s364	3	4	SCONJ	PRON	hi	hi	false	within
train-s364	4	5	PRON	VERB	hi	en	true	within
train-s364	5	6	VERB	AUX	en	hi	true	within
train-s364	6	7	AUX	AUX	hi	hi	false	within
train-s364	7	8	AUX	AUX	hi	hi	false	within
train-s365	1	2	DET	NOUN	hi	en	true	within
train-s365	2	3	NOUN	ADJ	en	en	false	within
train-s365	3	4	ADJ	NOUN	en	en	false	within
train-s365	4	5	NOUN	ADP	en	hi	true	within
train-s365	5	6	ADP	AUX	hi	hi	false	within
train-s365	6	7	AUX	NOUN	hi	en	true	boundary
train-s365	7	8	NOUN	NOUN	en	en	false	within
train-s365	8	9	NOUN	NOUN	en	hi	true	within
train-s365	9	10	NOUN	NOUN	hi	en	true	within
train-s365	10	11	NOUN	VERB	en	hi	true	within
train-s365	11	12	VERB	AUX	hi	hi	false	within
train-s365	12	13	AUX	AUX	hi	hi	false	within
train-s366	1	2	NOUN	DET	hi	hi	false	boundary
train-s366	2	5	DET	ADJ	hi	en	true	boundary
train-s366	5	6	ADJ	NOUN	en	en	false	within
train-s366	6	7	NOUN	ADV	en	hi	true	within
train-s366	7	8	ADV	VERB	hi	hi	false	within
train-s366	8	9	VERB	AUX	hi	hi	false	within
train-s367	1	2	ADJ	NOUN	hi	hi	false	within
train-s367	2	3	NOUN	AUX	hi	en	true	within
train-s367	3	4	AUX	VERB	en	en	false	within
train-s367	4	5	VERB	ADP	en	en	false	boundary
train-s367	5	7	ADP	ADP	en	en	false	boundary
train-s367	7	10	ADP	PART	en	en	false	boundary
train-s367	10	11	PART	NOUN	en	en	false	boundary
train-s368	1	2	DET	NOUN	hi	hi	false	within
train-s368	2	3	NOUN	ADP	hi	hi	false	within
train-s368	3	4	ADP	NOUN	hi	en	true	boundary
train-s368	4	5	NOUN	PART	en	hi	true	within
train-s368	5	6	PART	ADJ	hi	en	true	boundary
train-s368	6	7	ADJ	VERB	en	hi	true	within
train-s368	7	8	VERB	AUX	hi	hi	false	within
train-s368	8	9	AUX	AUX	hi	hi	false	within
train-s369	1	2	NOUN	ADP	en	en	false	boundary
train-s369	2	3	ADP	ADJ	en	en	false	within
train-s369	3	4	ADJ	NOUN	en	hi	true	within
train-s369	4	5	NOUN	CCONJ	hi	en	true	boundary
train-s369	5	6	CCONJ	NOUN	en	hi	true	within
train-s369	6	7	NOUN	ADP	hi	hi	false	within
train-s369	7	8	ADP	NOUN	hi	hi	false	boundary
train-s370	1	3	ADV	ADP	en	hi	true	boundary
train-s370	3	4	ADP	NOUN	hi	en	true	boundary
train-s370	4	5	NOUN	NOUN	en	en	false	within
train-s370	5	6	NOUN	ADJ	en	hi	true	within
train-s370	6	7	ADJ	VERB	hi	hi	false	within
train-s371	1	2	PRON	VERB	en	en	false	within
train-s371	2	3	VERB	PRON	en	en	false	within
train-s371	3	4	PRON	DET	en	hi	true	boundary
train-s371	4	5	DET	NOUN	hi	hi	false	within
train-s371	5	6	NOUN	ADP	hi	hi	false	within
train-s371	6	7	ADP	NOUN	hi	hi	false	boundary
train-s371	7	8	NOUN	VERB	hi	hi	false	within
train-s371	8	9	VERB	AUX	hi	hi	false	within
train-s372	1	2	ADV	PRON	en	en	false	within
train-s372	2	3	PRON	VERB	en	en	false	within
train-s372	3	4	VERB	PART	en	en	false	boundary
train-s372	4	5	PART	VERB	en	en	false	within
train-s372	5	6	VERB	PROPN	en	hi	true	boundary
train-s372	6	7	PROPN	ADP	hi	hi	false	within
train-s372	7	8	ADP	NOUN	hi	hi	false	boundary
train-s372	8	9	NOUN	ADP	hi	en	true	boundary
train-s372	9	10	ADP	PRON	en	en	false	within
train-s372	10	11	PRON	NOUN	en	en	false	within
train-s372	11	12	NOUN	NOUN	en	en	false	within
train-s373	1	2	NOUN	ADP	en	en	false	within
train-s373	2	3	ADP	NOUN	en	en	false	within
train-s373	3	4	NOUN	ADP	en	hi	true	within
train-s373	4	5	ADP	NOUN	hi	hi	false	boundary
train-s373	5	6	NOUN	VERB	hi	hi	false	within
train-s373	6	7	VERB	SCONJ	hi	hi	false	within
train-s373	7	8	SCONJ	SCONJ	hi	hi	false	within
train-s373	8	9	SCONJ	PRON	hi	hi	false	boundary
train-s373	9	10	PRON	VERB	hi	hi	false	within
train-s373	10	11	VERB	AUX	hi	hi	false	within
train-s373	11	12	AUX	SCONJ	hi	hi	false	boundary
train-s373	12	13	SCONJ	NOUN	hi	en	true	within
train-s373	13	14	NOUN	VERB	en	hi	true	within
train-s373	14	15	VERB	AUX	hi	hi	false	within
train-s373	15	16	AUX	AUX	hi	hi	false	within
train-s374	1	2	ADP	ADP	en	en	false	within
train-s374	2	3	ADP	DET	en	en	false	within
train-s374	3	4	DET	NOUN	en	en	false	within
train-s374	4	5	NOUN	NOUN	en	en	false	within
train-s374	5	9	NOUN	ADP	en	hi	true	boundary
train-s374	9	11	ADP	ADP	hi	hi	false	boundary
train-s374	11	12	ADP	ADJ	hi	hi	false	boundary
train-s374	12	13	ADJ	NOUN	hi	hi	false	within
train-s374	13	14	NOUN	VERB	hi	hi	false	within
train-s374	14	15	VERB	SCONJ	hi	hi	false	within
train-s374	15	16	SCONJ	NOUN	hi	hi	false	boundary
train-s375	1	2	NOUN	NOUN	en	en	false	within
train-s375	2	3	NOUN	ADP	en	hi	true	within
train-s375	3	4	ADP	NUM	hi	hi	false	boundary
train-s375	4	5	NUM	PART	hi	hi	false	within
train-s375	5	6	PART	NOUN	hi	hi	false	boundary
train-s375	6	7	NOUN	VERB	hi	hi	false	within
train-s375	7	8	VERB	AUX	hi	hi	false	within
train-s375	8	9	AUX	AUX	hi	hi	false	within
train-s375	9	10	AUX	ADJ	hi	hi	false	boundary
train-s375	10	11	ADJ	NOUN	hi	en	true	within
train-s375	11	12	NOUN	VERB	en	hi	true	within
train-s376	2	3	PRON	ADP	hi	hi	false	within
train-s376	3	4	ADP	NOUN	hi	hi	false	boundary
train-s376	4	5	NOUN	ADP	hi	hi	false	within
train-s376	5	6	ADP	NOUN	hi	en	true	boundary
train-s376	6	7	NOUN	VERB	en	hi	true	within
train-s376	7	8	VERB	AUX	hi	hi	false	within
train-s376	8	9	AUX	AUX	hi	en	true	boundary
train-s376	9	10	AUX	ADJ	en	en	false	within
train-s376	10	11	ADJ	NOUN	en	en	false	within
train-s376	11	12	NOUN	SCONJ	en	en	false	boundary
train-s376	12	13	SCONJ	VERB	en	en	false	within
train-s376	13	14	VERB	NOUN	en	hi	true	within
train-s377	1	2	ADV	VERB	en	en	false	within
train-s377	2	3	VERB	PRON	en	hi	true	boundary
train-s377	3	4	PRON	NOUN	hi	en	true	within
train-s377	4	5	NOUN	ADP	en	hi	true	within
train-s377	5	6	ADP	NUM	hi	hi	false	boundary
train-s377	6	7	NUM	NOUN	hi	en	true	within
train-s377	7	8	NOUN	ADP	en	hi	true	within
train-s377	8	9	ADP	PRON	hi	hi	false	boundary
train-s377	9	10	PRON	NOUN	hi	en	true	within
train-s377	10	11	NOUN	VERB	en	hi	true	within
train-s377	11	12	VERB	AUX	hi	hi	false	within
train-s377	12	13	AUX	AUX	hi	hi	false	within
train-s377	13	15	AUX	ADP	hi	hi	false	boundary
train-s378	1	2	PRON	AUX	en	en	false	within
train-s378	2	4	AUX	ADV	en	hi	true	boundary
train-s378	4	5	ADV	PRON	hi	hi	false	boundary
train-s378	5	6	PRON	NOUN	hi	hi	false	boundary
train-s378	6	7	NOUN	VERB	hi	hi	false	within
train-s378	7	8	VERB	SCONJ	hi	hi	false	within
train-s378	8	9	SCONJ	PART	hi	hi	false	within
train-s378	9	10	PART	VERB	hi	hi	false	within
train-s378	10	11	VERB	SCONJ	hi	hi	false	within
train-s378	11	12	SCONJ	NOUN	hi	hi	false	boundary
train-s378	12	13	NOUN	VERB	hi	hi	false	within
train-s378	13	15	VERB	NOUN	hi	en	true	within
train-s378	15	16	NOUN	ADJ	en	en	false	within
train-s379	2	3	NUM	NOUN	en	en	false	within
train-s379	3	4	NOUN	ADP	en	en	false	boundary
train-s379	4	5	ADP	PRON	en	en	false	within
train-s379	5	7	PRON	PRON	en	hi	true	boundary
train-s379	7	8	PRON	NOUN	hi	hi	false	boundary
train-s379	8	9	NOUN	ADP	hi	hi	false	within
train-s379	9	10	ADP	NOUN	hi	hi	false	boundary
train-s379	10	11	NOUN	VERB	hi	hi	false	within
train-s379	11	12	VERB	AUX	hi	hi	false	within
train-s379	12	13	AUX	AUX	hi	hi	false	within
train-s379	13	14	AUX	AUX	hi	hi	false	within
train-s380	1	2	NOUN	ADP	hi	hi	false	within
train-s380	2	3	ADP	NOUN	hi	hi	false	boundary
train-s380	3	4	NOUN	AUX	hi	en	true	within
train-s380	4	5	AUX	DET	en	en	false	within
train-s380	5	6	DET	NOUN	en	en	false	within
train-s380	6	8	NOUN	ADV	en	en	false	boundary
train-s380	8	9	ADV	PRON	en	en	false	within
train-s380	9	10	PRON	AUX	en	en	false	within
train-s380	10	11	AUX	VERB	en	en	false	within
train-s380	11	12	VERB	NOUN	en	en	false	within
train-s381	2	3	ADP	PART	hi	hi	false	within
train-s381	3	4	PART	NOUN	hi	en	true	boundary
train-s381	4	5	NOUN	NOUN	en	en	false	within
train-s381	5	7	NOUN	DET	en	hi	true	within
train-s381	7	8	DET	NOUN	hi	en	true	within
train-s381	8	9	NOUN	AUX	en	hi	true	within
train-s381	9	10	AUX	AUX	hi	hi	false	within
train-s381	10	11	AUX	AUX	hi	hi	false	within
train-s382	3	4	AUX	ADV	en	en	false	within
train-s382	4	5	ADV	VERB	en	en	false	within
train-s382	5	6	VERB	ADP	en	en	false	boundary
train-s382	6	8	ADP	ADP	en	en	false	boundary
train-s382	8	9	ADP	ADJ	en	hi	true	within
train-s382	9	10	ADJ	NOUN	hi	hi	false	within
train-s383	1	2	INTJ	NOUN	en	en	false	within
train-s383	2	3	NOUN	ADP	en	hi	true	within
train-s383	3	4	ADP	ADP	hi	hi	false	within
train-s383	4	5	ADP	PRON	hi	hi	false	boundary
train-s383	5	6	PRON	NOUN	hi	en	true	within
train-s383	6	7	NOUN	ADP	en	hi	true	within
train-s383	7	9	ADP	PART	hi	hi	false	boundary
train-s383	9	10	PART	VERB	hi	hi	false	within
train-s384	1	2	PRON	VERB	en	en	false	within
train-s384	2	3	VERB	SCONJ	en	en	false	boundary
train-s384	3	4	SCONJ	DET	en	en	false	boundary
train-s384	4	5	DET	ADJ	en	en	false	within
train-s384	5	6	ADJ	NOUN	en	en	false	within
train-s384	6	7	NOUN	AUX	en	en	false	within
train-s384	7	8	AUX	VERB	en	en	false	within
train-s384	8	9	VERB	CCONJ	en	en	false	boundary
train-s384	9	10	CCONJ	VERB	en	en	false	within
train-s384	10	11	VERB	NOUN	en	hi	true	boundary
train-s384	11	12	NOUN	ADP	hi	hi	false	within
train-s384	12	13	ADP	ADJ	hi	hi	false	boundary
train-s384	13	14	ADJ	PART	hi	hi	false	within
train-s384	14	15	PART	NOUN	hi	hi	false	boundary
train-s384	15	16	NOUN	AUX	hi	hi	false	within
train-s384	16	17	AUX	NOUN	hi	hi	false	within
train-s384	17	18	NOUN	ADP	hi	hi	false	within
train-s385	1	2	PRON	VERB	hi	hi	false	within
train-s385	2	3	VERB	NOUN	hi	hi	false	within
train-s385	3	4	NOUN	ADP	hi	hi	false	within
train-s385	4	5	ADP	VERB	hi	en	true	boundary
train-s385	5	6	VERB	AUX	en	en	false	within
train-s385	6	7	AUX	AUX	en	hi	true	within
train-s385	7	8	AUX	AUX	hi	hi	false	within
train-s386	1	2	VERB	ADV	en	en	false	boundary
train-s386	2	3	ADV	ADV	en	en	false	within
train-s386	3	4	ADV	NOUN	en	en	false	within
train-s386	4	5	NOUN	VERB	en	en	false	within
train-s386	5	6	VERB	ADP	en	en	false	boundary
train-s386	6	7	ADP	NOUN	en	en	false	within
train-s386	7	9	NOUN	NOUN	en	en	false	within
train-s386	9	11	NOUN	PRON	en	en	false	boundary
train-s386	11	12	PRON	AUX	en	en	false	within
train-s386	12	13	AUX	AUX	en	en	false	within
train-s386	13	14	AUX	VERB	en	hi	true	within
train-s386	14	15	VERB	SCONJ	hi	hi	false	within
train-s386	15	16	SCONJ	VERB	hi	hi	false	within
train-s387	1	2	NOUN	PRON	hi	hi	false	boundary
train-s387	2	3	PRON	ADJ	hi	en	true	within
train-s387	3	4	ADJ	NOUN	en	en	false	within
train-s387	4	5	NOUN	NOUN	en	en	false	within
train-s387	5	6	NOUN	ADP	en	hi	true	within
train-s387	6	7	ADP	AUX	hi	hi	false	within
train-s388	1	2	VERB	ADV	en	en	false	boundary
train-s388	2	3	ADV	PRON	en	en	false	within
train-s388	3	4	PRON	VERB	en	en	false	within
train-s388	4	5	VERB	NOUN	en	hi	true	boundary
train-s388	5	6	NOUN	VERB	hi	hi	false	within
train-s388	6	7	VERB	AUX	hi	hi	false	within
train-s388	7	8	AUX	AUX	hi	en	true	boundary
train-s388	8	9	AUX	ADJ	en	en	false	within
train-s388	9	11	ADJ	ADV	en	en	false	within
train-s389	2	3	ADP	NOUN	hi	en	true	boundary
train-s389	3	4	NOUN	PRON	en	hi	true	within
train-s389	4	5	PRON	NOUN	hi	en	true	within
train-s389	5	6	NOUN	VERB	en	hi	true	within
train-s389	6	7	VERB	AUX	hi	hi	false	within
train-s390	1	4	ADP	ADP	en	en	false	boundary
train-s390	4	7	ADP	NOUN	en	en	false	boundary
train-s390	7	11	NOUN	ADP	en	hi	true	boundary
train-s390	11	12	ADP	PRON	hi	hi	false	boundary
train-s390	12	13	PRON	NOUN	hi	hi	false	within
train-s390	13	14	NOUN	ADP	hi	hi	false	within
train-s390	14	15	ADP	PRON	hi	hi	false	boundary
train-s390	15	16	PRON	PART	hi	hi	false	within
train-s390	16	17	PART	VERB	hi	hi	false	boundary
train-s390	17	18	VERB	AUX	hi	hi	false	within
train-s390	18	19	AUX	AUX	hi	hi	false	within
train-s391	1	2	DET	ADJ	hi	en	true	within
train-s391	2	3	ADJ	NOUN	en	en	false	within
train-s391	3	4	NOUN	ADP	en	hi	true	within
train-s391	4	5	ADP	ADJ	hi	en	true	boundary
train-s391	5	6	ADJ	NOUN	en	en	false	within
train-s391	6	7	NOUN	VERB	en	hi	true	within
train-s391	7	8	VERB	AUX	hi	hi	false	within
train-s391	8	9	AUX	PRON	hi	hi	false	within
train-s392	1	2	VERB	NOUN	en	en	false	within
train-s392	2	4	NOUN	NOUN	en	hi	true	boundary
train-s392	4	5	NOUN	PART	hi	hi	false	within
train-s392	5	6	PART	ADV	hi	hi	false	boundary
train-s392	6	7	ADV	PART	hi	hi	false	within
train-s392	7	8	PART	PRON	hi	hi	false	boundary
train-s392	8	9	PRON	PART	hi	hi	false	within
train-s392	9	10	PART	VERB	hi	hi	false	within
train-s393	1	2	VERB	ADJ	en	hi	true	boundary
train-s393	2	3	ADJ	ADJ	hi	hi	false	within
train-s393	3	4	ADJ	NOUN	hi	hi	false	boundary
train-s393	4	5	NOUN	NOUN	hi	hi	false	within
train-s393	5	6	NOUN	CCONJ	hi	en	true	boundary
train-s393	6	7	CCONJ	NOUN	en	hi	true	within
train-s393	7	8	NOUN	ADP	hi	hi	false	within
train-s393	8	9	ADP	NOUN	hi	hi	false	boundary
train-s394	2	3	NOUN	DET	hi	hi	false	boundary
train-s394	3	4	DET	ADJ	hi	hi	false	within
train-s394	4	5	ADJ	VERB	hi	hi	false	within
train-s394	5	7	VERB	AUX	hi	en	true	within
train-s394	7	8	AUX	DET	en	en	false	within
train-s394	8	9	DET	ADJ	en	en	false	within
train-s394	9	10	ADJ	NOUN	en	en	false	within
train-s394	10	11	NOUN	VERB	en	en	false	within
train-s394	11	12	VERB	ADP	en	en	false	boundary
train-s394	12	13	ADP	DET	en	en	false	within
train-s394	13	14	DET	DET	en	en	false	within
train-s394	14	15	DET	NOUN	en	en	false	within
train-s394	15	16	NOUN	ADP	en	en	false	boundary
train-s395	1	2	NOUN	ADP	en	en	false	boundary
train-s395	2	3	ADP	NOUN	en	en	false	within
train-s395	3	4	NOUN	ADP	en	hi	true	within
train-s395	4	5	ADP	NOUN	hi	hi	false	boundary
train-s395	5	6	NOUN	ADP	hi	en	true	boundary
train-s395	6	7	ADP	NOUN	en	en	false	within
train-s395	7	8	NOUN	VERB	en	hi	true	boundary
train-s395	8	9	VERB	AUX	hi	hi	false	within
train-s396	2	3	ADP	DET	hi	hi	false	boundary
train-s396	3	4	DET	NOUN	hi	hi	false	within
train-s396	4	5	NOUN	NOUN	hi	en	true	within
train-s396	5	6	NOUN	VERB	en	hi	true	within
train-s396	6	7	VERB	AUX	hi	hi	false	within
train-s396	7	9	AUX	VERB	hi	en	true	within
train-s396	9	10	VERB	PRON	en	en	false	within
train-s397	1	2	NOUN	NOUN	hi	hi	false	within
train-s397	2	3	NOUN	ADP	hi	en	true	within
train-s397	3	4	ADP	DET	en	en	false	boundary
train-s397	4	5	DET	NOUN	en	en	false	within
train-s397	5	6	NOUN	CCONJ	en	en	false	boundary
train-s397	6	7	CCONJ	ADV	en	hi	true	within
train-s397	7	8	ADV	ADP	hi	hi	false	within
train-s397	8	9	ADP	ADJ	hi	en	true	boundary
train-s397	9	10	ADJ	NOUN	en	en	false	within
train-s397	10	11	NOUN	PART	en	hi	true	within
train-s397	11	12	PART	PART	hi	hi	false	boundary
train-s397	12	13	PART	VERB	hi	hi	false	within
train-s397	13	14	VERB	AUX	hi	hi	false	within
train-s398	2	3	ADJ	NOUN	en	en	false	within
train-s398	3	4	NOUN	ADJ	en	hi	true	within
train-s398	4	5	ADJ	VERB	hi	hi	false	within
train-s398	5	6	VERB	SCONJ	hi	hi	false	within
train-s398	6	7	SCONJ	NOUN	hi	hi	false	boundary
train-s398	7	8	NOUN	VERB	hi	hi	false	within
train-s399	1	3	PRON	NOUN	hi	en	true	within
train-s399	3	4	NOUN	NOUN	en	hi	true	within
train-s399	4	5	NOUN	VERB	hi	hi	false	within
train-s399	5	6	VERB	PRON	hi	hi	false	boundary
train-s399	6	10	PRON	NOUN	hi	en	true	within
train-s399	10	11	NOUN	ADP	en	hi	true	within
train-s399	11	12	ADP	VERB	hi	hi	false	boundary
train-s399	12	13	VERB	AUX	hi	hi	false	within
train-s399	13	14	AUX	AUX	hi	hi	false	within
train-s399	14	15	AUX	ADP	hi	en	true	boundary
train-s399	15	16	ADP	ADJ	en	en	false	within
train-s399	16	17	ADJ	NOUN	en	en	false	within
train-s400	1	2	NOUN	ADP	hi	hi	false	within
train-s400	2	3	ADP	ADV	hi	hi	false	boundary
train-s400	3	4	ADV	PART	hi	hi	false	within
train-s400	4	5	PART	NOUN	hi	en	true	boundary
train-s400	5	6	NOUN	PART	en	hi	true	within
train-s400	6	7	PART	VERB	hi	hi	false	within
train-s400	7	8	VERB	AUX	hi	hi	false	within
train-s400	8	9	AUX	CCONJ	hi	en	true	boundary
train-s400	9	10	CCONJ	NOUN	en	en	false	within
train-s400	10	11	NOUN	NOUN	en	en	false	within
train-s400	11	12	NOUN	VERB	en	en	false	within
train-s400	12	13	VERB	PRON	en	en	false	within
train-s400	13	16	PRON	NOUN	en	en	false	within
train-s400	16	17	NOUN	ADP	en	en	false	boundary
train-s400	17	18	ADP	DET	en	en	false	within
train-s400	18	19	DET	ADV	en	en	false	boundary
train-s400	19	20	ADV	ADJ	en	en	false	within
train-s400	20	21	ADJ	NOUN	en	en	false	within
train-s401	2	3	AUX	PRON	en	en	false	within
train-s401	3	4	PRON	DET	en	en	false	boundary
train-s401	4	5	DET	ADJ	en	en	false	within
train-s401	5	6	ADJ	NOUN	en	en	false	within
train-s401	6	7	NOUN	NOUN	en	en	false	boundary
train-s401	7	8	NOUN	ADJ	en	hi	true	within
train-s401	8	9	ADJ	VERB	hi	hi	false	within
train-s401	9	10	VERB	AUX	hi	hi	false	within
train-s401	10	11	AUX	AUX	hi	hi	false	within
train-s401	11	12	AUX	CCONJ	hi	hi	false	boundary
train-s401	12	13	CCONJ	NOUN	hi	hi	false	within
train-s401	13	14	NOUN	ADP	hi	hi	false	within
train-s401	14	15	ADP	VERB	hi	hi	false	boundary
train-s401	15	16	VERB	PART	hi	hi	false	within
train-s401	16	17	PART	PART	hi	hi	false	within
train-s401	17	18	PART	AUX	hi	hi	false	within
train-s401	18	19	AUX	DET	hi	hi	false	boundary
train-s401	19	20	DET	NOUN	hi	hi	false	within
train-s401	20	21	NOUN	VERB	hi	hi	false	within
train-s401	21	22	VERB	NOUN	hi	hi	false	within
train-s402	1	2	NOUN	VERB	en	en	false	within
train-s402	2	3	VERB	ADV	en	en	false	boundary
train-s402	3	4	ADV	DET	en	en	false	boundary
train-s402	4	6	DET	NOUN	en	en	false	within
train-s402	6	7	NOUN	VERB	en	en	false	within
train-s402	7	8	VERB	PRON	en	en	false	within
train-s402	8	9	PRON	DET	en	hi	true	boundary
train-s402	9	10	DET	NOUN	hi	hi	false	within
train-s402	10	11	NOUN	NOUN	hi	hi	false	within
train-s402	11	12	NOUN	PART	hi	hi	false	within
train-s402	12	13	PART	PART	hi	hi	false	within
train-s403	1	2	PRON	ADP	en	en	false	within
train-s403	2	4	ADP	NOUN	en	en	false	boundary
train-s403	4	5	NOUN	ADP	en	hi	true	within
train-s403	5	6	ADP	VERB	hi	hi	false	boundary
train-s403	6	7	VERB	AUX	hi	hi	false	within
train-s403	7	9	AUX	CCONJ	hi	en	true	boundary
train-s403	9	11	CCONJ	NOUN	en	en	false	within
train-s403	11	12	NOUN	VERB	en	hi	true	within
train-s403	12	13	VERB	AUX	hi	hi	false	within
train-s403	13	15	AUX	DET	hi	en	true	boundary
train-s403	15	16	DET	PRON	en	en	false	within
train-s403	16	17	PRON	VERB	en	en	false	within
train-s403	17	18	VERB	PART	en	en	false	within
train-s404	1	2	PRON	PRON	hi	hi	false	within
train-s404	2	3	PRON	NOUN	hi	hi	false	within
train-s404	3	4	NOUN	VERB	hi	hi	false	within
train-s404	4	5	VERB	CCONJ	hi	en	true	boundary
train-s404	5	6	CCONJ	PRON	en	en	false	boundary
train-s404	6	7	PRON	NOUN	en	en	false	within
train-s404	7	8	NOUN	VERB	en	en	false	within
train-s404	8	9	VERB	SCONJ	en	en	false	boundary
train-s404	9	10	SCONJ	NOUN	en	en	false	within
train-s404	10	11	NOUN	ADV	en	en	false	within
train-s404	11	12	ADV	VERB	en	en	false	boundary
train-s405	2	3	PRON	VERB	en	en	false	within
train-s405	3	4	VERB	PRON	en	en	false	boundary
train-s405	4	6	PRON	NOUN	en	en	false	within
train-s405	6	8	NOUN	SCONJ	en	hi	true	boundary
train-s405	8	9	SCONJ	NOUN	hi	hi	false	boundary
train-s405	9	10	NOUN	ADP	hi	hi	false	within
train-s405	10	11	ADP	NOUN	hi	en	true	boundary
train-s405	11	12	NOUN	ADP	en	hi	true	within
train-s405	12	13	ADP	VERB	hi	hi	false	boundary
train-s405	13	14	VERB	AUX	hi	hi	false	within
train-s405	14	15	AUX	SCONJ	hi	hi	false	boundary
train-s405	15	16	SCONJ	VERB	hi	en	true	within
train-s405	16	17	VERB	ADP	en	en	false	boundary
train-s406	1	2	NUM	NOUN	en	en	false	within
train-s406	2	3	NOUN	NOUN	en	en	false	within
train-s406	3	4	NOUN	AUX	en	en	false	within
train-s406	4	5	AUX	PRON	en	en	false	boundary
train-s406	5	6	PRON	NOUN	en	en	false	within
train-s406	6	7	NOUN	PART	en	en	false	within
train-s406	7	9	PART	NOUN	en	hi	true	boundary
train-s406	9	10	NOUN	VERB	hi	hi	false	within
train-s406	10	11	VERB	AUX	hi	hi	false	within
train-s406	11	12	AUX	AUX	hi	hi	false	within
train-s406	12	13	AUX	PRON	hi	hi	false	within
train-s406	13	14	PRON	PRON	hi	hi	false	within
train-s407	1	2	DET	NOUN	hi	hi	false	within
train-s407	2	3	NOUN	VERB	hi	hi	false	within
train-s407	3	4	VERB	AUX	hi	hi	false	within
train-s407	4	5	AUX	SCONJ	hi	hi	false	boundary
train-s407	5	6	SCONJ	VERB	hi	en	true	within
train-s407	6	7	VERB	PART	en	en	false	within
train-s407	7	8	PART	ADP	en	en	false	boundary
train-s407	8	9	ADP	NOUN	en	en	false	within
train-s407	9	10	NOUN	PRON	en	hi	true	boundary
train-s407	10	11	PRON	ADV	hi	hi	false	boundary
train-s407	11	12	ADV	DET	hi	hi	false	within
train-s407	12	13	DET	NOUN	hi	en	true	within
train-s407	13	14	NOUN	VERB	en	hi	true	within
train-s407	14	15	VERB	AUX	hi	hi	false	within
train-s408	2	3	ADJ	NOUN	en	en	false	within
train-s408	3	5	NOUN	ADV	en	en	false	within
train-s408	5	6	ADV	AUX	en	en	false	within
train-s408	6	7	AUX	PRON	en	en	false	within
train-s408	7	8	PRON	VERB	en	en	false	within
train-s408	8	9	VERB	SCONJ	en	en	false	boundary
train-s408	9	10	SCONJ	DET	en	en	false	boundary
train-s408	10	11	DET	NOUN	en	en	false	within
train-s408	11	12	NOUN	VERB	en	en	false	within
train-s408	12	14	VERB	NOUN	en	hi	true	boundary
train-s408	14	15	NOUN	PRON	hi	hi	false	boundary
train-s408	15	16	PRON	PRON	hi	hi	false	within
train-s408	16	17	PRON	ADP	hi	hi	false	within
train-s408	17	18	ADP	NOUN	hi	en	true	boundary
train-s408	18	20	NOUN	AUX	en	hi	true	within
train-s409	1	2	VERB	NOUN	hi	en	true	boundary
train-s409	2	3	NOUN	ADP	en	hi	true	within
train-s409	3	4	ADP	NOUN	hi	en	true	boundary
train-s409	4	5	NOUN	PART	en	hi	true	within
train-s409	5	6	PART	VERB	hi	hi	false	boundary
train-s409	6	7	VERB	AUX	hi	hi	false	within
train-s409	7	8	AUX	DET	hi	hi	false	boundary
train-s409	8	9	DET	NOUN	hi	hi	false	within
train-s409	9	10	NOUN	ADP	hi	hi	false	within
train-s410	3	4	ADP	NOUN	hi	en	true	boundary
train-s410	4	5	NOUN	AUX	en	hi	true	within
train-s410	5	6	AUX	ADJ	hi	en	true	within
train-s410	6	8	ADJ	ADP	en	hi	true	boundary
train-s410	8	9	ADP	NOUN	hi	hi	false	boundary
train-s410	9	10	NOUN	VERB	hi	hi	false	within
train-s410	10	11	VERB	AUX	hi	en	true	within
train-s410	11	12	AUX	ADJ	en	en	false	within
train-s411	2	3	DET	DET	en	en	false	within
train-s411	3	4	DET	ADJ	en	en	false	within
train-s411	4	5	ADJ	NOUN	en	en	false	within
train-s411	5	6	NOUN	VERB	en	en	false	within
train-s411	6	7	VERB	SCONJ	en	en	false	boundary
train-s411	7	9	SCONJ	NOUN	en	en	false	within
train-s411	9	10	NOUN	PART	en	en	false	within
train-s411	10	11	PART	NOUN	en	hi	true	boundary
train-s411	11	12	NOUN	ADV	hi	hi	false	boundary
train-s411	12	13	ADV	NOUN	hi	en	true	boundary
train-s411	13	14	NOUN	ADP	en	hi	true	within
train-s411	14	15	ADP	NOUN	hi	en	true	boundary
train-s411	15	16	NOUN	VERB	en	hi	true	within
train-s411	16	17	VERB	AUX	hi	hi	false	within
train-s412	3	4	VERB	PRON	en	en	false	within
train-s412	4	6	PRON	CCONJ	en	en	false	boundary
train-s412	6	7	CCONJ	PRON	en	hi	true	within
train-s412	7	8	PRON	PART	hi	hi	false	within
train-s412	8	9	PART	VERB	hi	hi	false	boundary
train-s412	9	10	VERB	ADJ	hi	hi	false	within
train-s412	10	12	ADJ	PRON	hi	hi	false	boundary
train-s412	12	13	PRON	PRON	hi	hi	false	within
train-s412	13	14	PRON	PART	hi	hi	false	within
train-s412	14	15	PART	PRON	hi	hi	false	boundary
train-s412	15	16	PRON	NOUN	hi	en	true	within
train-s412	16	17	NOUN	VERB	en	hi	true	within
train-s412	17	18	VERB	AUX	hi	hi	false	within
train-s413	3	4	NOUN	NOUN	en	en	false	within
train-s413	4	5	NOUN	NOUN	en	en	false	within
train-s413	5	6	NOUN	ADV	en	hi	true	within
train-s413	6	7	ADV	NOUN	hi	en	true	within
train-s413	7	8	NOUN	VERB	en	hi	true	within
train-s414	1	3	DET	NOUN	en	en	false	within
train-s414	3	4	NOUN	VERB	en	en	false	within
train-s414	4	5	VERB	ADV	en	en	false	boundary
train-s414	5	6	ADV	VERB	en	en	false	within
train-s414	6	7	VERB	ADP	en	en	false	boundary
train-s414	7	8	ADP	DET	en	en	false	within
train-s414	8	9	DET	ADJ	en	en	false	within
train-s414	9	10	ADJ	NOUN	en	en	false	within
train-s414	10	11	NOUN	ADP	en	en	false	boundary
train-s414	11	12	ADP	VERB	en	hi	true	within
train-s414	12	13	VERB	PART	hi	hi	false	within
train-s414	13	14	PART	AUX	hi	hi	false	within
train-s414	14	15	AUX	NOUN	hi	hi	false	within
train-s415	3	4	PRON	NOUN	hi	en	true	within
train-s415	4	5	NOUN	VERB	en	hi	true	within
train-s415	5	6	VERB	AUX	hi	hi	false	within
train-s415	6	7	AUX	AUX	hi	hi	false	within
train-s415	7	8	AUX	SCONJ	hi	hi	false	boundary
train-s415	8	9	SCONJ	PRON	hi	hi	false	boundary
train-s415	9	10	PRON	NOUN	hi	en	true	within
train-s415	10	12	NOUN	NOUN	en	en	false	within
train-s415	12	13	NOUN	ADP	en	hi	true	within
train-s415	13	14	ADP	NOUN	hi	en	true	boundary
train-s415	14	15	NOUN	VERB	en	hi	true	within
train-s415	15	16	VERB	AUX	hi	hi	false	within
train-s416	1	2	NOUN	NOUN	en	en	false	within
train-s416	2	3	NOUN	DET	en	hi	true	within
train-s416	3	4	DET	ADJ	hi	hi	false	within
train-s416	4	5	ADJ	AUX	hi	hi	false	within
train-s416	5	6	AUX	NOUN	hi	en	true	boundary
train-s416	6	7	NOUN	PRON	en	hi	true	within
train-s416	7	8	PRON	PART	hi	hi	false	within
train-s416	8	9	PART	AUX	hi	hi	false	within
train-s417	1	2	ADV	PRON	en	en	false	within
train-s417	2	3	PRON	VERB	en	en	false	within
train-s417	3	4	VERB	SCONJ	en	en	false	boundary
train-s417	4	5	SCONJ	PRON	en	en	false	within
train-s417	5	6	PRON	AUX	en	en	false	within
train-s417	6	7	AUX	PART	en	en	false	within
train-s417	7	8	PART	VERB	en	en	false	within
train-s417	8	9	VERB	PRON	en	en	false	boundary
train-s417	9	10	PRON	NOUN	en	hi	true	within
train-s417	10	11	NOUN	ADP	hi	hi	false	within
train-s417	11	12	ADP	NOUN	hi	hi	false	boundary
train-s418	1	2	PRON	AUX	en	en	false	within
train-s418	2	3	AUX	VERB	en	en	false	within
train-s418	3	4	VERB	ADP	en	en	false	boundary
train-s418	4	6	ADP	DET	en	en	false	boundary
train-s418	6	7	DET	ADJ	en	en	false	within
train-s418	7	8	ADJ	NOUN	en	en	false	within
train-s418	8	9	NOUN	ADP	en	en	false	boundary
train-s418	9	10	ADP	NOUN	en	hi	true	within
train-s418	10	11	NOUN	ADP	hi	hi	false	within
train-s418	11	12	ADP	NOUN	hi	hi	false	boundary
train-s419	2	3	VERB	DET	en	en	false	boundary
train-s419	3	4	DET	ADJ	en	en	false	within
train-s419	4	5	ADJ	NOUN	en	en	false	within
train-s419	5	6	NOUN	ADP	en	en	false	boundary
train-s419	6	8	ADP	PART	en	en	false	boundary
train-s419	8	9	PART	NOUN	en	en	false	boundary
train-s419	9	10	NOUN	ADV	en	hi	true	boundary
train-s419	10	11	ADV	PART	hi	hi	false	within
train-s419	11	13	PART	ADP	hi	hi	false	boundary
train-s419	13	14	ADP	NOUN	hi	hi	false	boundary
train-s419	14	15	NOUN	ADP	hi	hi	false	within
train-s419	15	16	ADP	NOUN	hi	hi	false	boundary
train-s419	16	17	NOUN	ADV	hi	hi	false	within
train-s419	17	18	ADV	VERB	hi	hi	false	within
train-s419	18	19	VERB	AUX	hi	hi	false	within
train-s420	1	2	VERB	AUX	hi	hi	false	within
train-s420	2	4	AUX	AUX	hi	en	true	boundary
train-s420	4	5	AUX	DET	en	en	false	within
train-s420	5	6	DET	ADJ	en	en	false	within
train-s420	6	7	ADJ	NOUN	en	en	false	within
train-s420	7	8	NOUN	ADV	en	en	false	within
train-s421	2	3	PRON	AUX	en	en	false	within
train-s421	3	4	AUX	ADJ	en	en	false	within
train-s421	4	5	ADJ	CCONJ	en	en	false	boundary
train-s421	5	6	CCONJ	NOUN	en	hi	true	within
train-s421	6	7	NOUN	NOUN	hi	hi	false	within
train-s421	7	8	NOUN	AUX	hi	hi	false	within
train-s421	8	9	AUX	AUX	hi	hi	false	within
train-s421	9	10	AUX	NOUN	hi	hi	false	within
train-s422	1	2	NOUN	ADP	en	en	false	boundary
train-s422	2	3	ADP	NOUN	en	en	false	within
train-s422	3	4	NOUN	NOUN	en	en	false	boundary
train-s422	4	5	NOUN	PART	en	en	false	boundary
train-s422	5	6	PART	ADJ	en	en	false	within
train-s422	6	7	ADJ	PART	en	en	false	boundary
train-s422	7	8	PART	VERB	en	en	false	within
train-s422	8	10	VERB	PROPN	en	hi	true	boundary
train-s422	10	11	PROPN	ADP	hi	hi	false	within
train-s422	11	12	ADP	NOUN	hi	hi	false	boundary
train-s422	12	13	NOUN	AUX	hi	en	true	boundary
train-s422	13	14	AUX	ADV	en	en	false	within
train-s422	14	15	ADV	VERB	en	en	false	within
train-s422	15	16	VERB	ADV	en	en	false	within
train-s423	1	2	AUX	VERB	en	en	false	within
train-s423	2	3	VERB	ADP	en	en	false	within
train-s423	3	4	ADP	DET	en	en	false	boundary
train-s423	4	5	DET	NOUN	en	en	false	within
train-s423	5	6	NOUN	NOUN	en	hi	true	boundary
train-s423	6	7	NOUN	VERB	hi	hi	false	within
train-s423	7	8	VERB	SCONJ	hi	hi	false	within
train-s423	8	9	SCONJ	NOUN	hi	hi	false	within
train-s423	9	10	NOUN	PRON	hi	hi	false	within
train-s423	10	11	PRON	PART	hi	hi	false	within
train-s423	11	12	PART	VERB	hi	hi	false	within
train-s424	2	3	ADP	VERB	hi	hi	false	boundary
train-s424	3	4	VERB	AUX	hi	hi	false	within
train-s424	4	5	AUX	NOUN	hi	en	true	boundary
train-s424	5	6	NOUN	NOUN	en	en	false	within
train-s424	6	7	NOUN	VERB	en	hi	true	within
train-s424	7	8	VERB	AUX	hi	hi	false	within
train-s425	1	2	PRON	PRON	hi	hi	false	within
train-s425	2	3	PRON	PART	hi	hi	false	within
train-s425	3	4	PART	VERB	hi	hi	false	within
train-s425	4	5	VERB	PRON	hi	hi	false	within
train-s425	5	6	PRON	ADJ	hi	en	true	within
train-s425	6	7	ADJ	NOUN	en	en	false	within
train-s425	7	8	NOUN	VERB	en	hi	true	within
train-s425	8	9	VERB	AUX	hi	hi	false	within
train-s426	1	2	CCONJ	ADV	en	en	false	within
train-s426	2	3	ADV	PRON	en	en	false	within
train-s426	3	4	PRON	VERB	en	en	false	within
train-s426	4	5	VERB	SCONJ	en	en	false	boundary
train-s426	5	7	SCONJ	ADP	en	hi	true	boundary
train-s426	7	8	ADP	NOUN	hi	hi	false	boundary
train-s426	8	9	NOUN	VERB	hi	hi	false	within
train-s426	9	10	VERB	AUX	hi	en	true	within
train-s426	10	11	AUX	ADV	en	en	false	within
train-s426	11	12	ADV	DET	en	en	false	within
train-s426	12	13	DET	NOUN	en	en	false	within
train-s426	13	14	NOUN	PRON	en	en	false	boundary
train-s426	14	15	PRON	VERB	en	en	false	within
train-s427	1	2	VERB	SCONJ	en	en	false	boundary
train-s427	2	3	SCONJ	VERB	en	en	false	within
train-s427	3	4	VERB	DET	en	en	false	boundary
train-s427	4	5	DET	NOUN	en	en	false	within
train-s427	5	6	NOUN	CCONJ	en	en	false	boundary
train-s427	6	7	CCONJ	ADV	en	en	false	within
train-s427	7	8	ADV	PRON	en	en	false	within
train-s427	8	9	PRON	VERB	en	en	false	within
train-s427	9	10	VERB	PRON	en	hi	true	boundary
train-s427	10	11	PRON	NOUN	hi	hi	false	within
train-s427	11	12	NOUN	PART	hi	hi	false	within
train-s427	12	13	PART	PRON	hi	hi	false	within
train-s427	13	14	PRON	VERB	hi	hi	false	within
train-s427	14	15	VERB	CCONJ	hi	en	true	boundary
train-s427	15	16	CCONJ	ADV	en	en	false	within
train-s427	16	17	ADV	PRON	en	en	false	within
train-s427	17	18	PRON	AUX	en	en	false	within
train-s427	18	19	AUX	PART	en	en	false	within
train-s427	19	20	PART	VERB	en	en	false	within
train-s428	1	2	NOUN	ADP	en	hi	true	within
train-s428	2	3	ADP	NOUN	hi	en	true	boundary
train-s428	3	4	NOUN	ADP	en	hi	true	within
train-s428	4	5	ADP	VERB	hi	hi	false	boundary
train-s428	5	6	VERB	SCONJ	hi	hi	false	boundary
train-s428	6	7	SCONJ	NOUN	hi	en	true	boundary
train-s428	7	8	NOUN	ADP	en	hi	true	within
train-s428	8	9	ADP	ADP	hi	hi	false	within
train-s428	9	10	ADP	NOUN	hi	en	true	boundary
train-s428	10	11	NOUN	PART	en	hi	true	within
train-s428	11	12	PART	VERB	hi	hi	false	boundary
train-s428	12	13	VERB	AUX	hi	hi	false	within
train-s428	13	14	AUX	VERB	hi	hi	false	boundary
train-s429	2	4	ADV	AUX	en	en	false	within
train-s429	4	5	AUX	VERB	en	en	false	within
train-s429	5	7	VERB	NOUN	en	en	false	within
train-s429	7	8	NOUN	VERB	en	en	false	within
train-s429	8	10	VERB	NOUN	en	en	false	boundary
train-s429	10	11	NOUN	VERB	en	hi	true	within
train-s429	11	12	VERB	AUX	hi	hi	false	within
train-s430	2	3	ADV	ADJ	en	en	false	within
train-s430	3	4	ADJ	NOUN	en	en	false	within
train-s430	4	7	NOUN	NOUN	en	hi	true	boundary
train-s430	7	8	NOUN	VERB	hi	hi	false	within
train-s430	8	9	VERB	AUX	hi	hi	false	within
train-s430	9	10	AUX	AUX	hi	hi	false	within
train-s431	2	3	PRON	AUX	en	en	false	within
train-s431	3	4	AUX	VERB	en	en	false	within
train-s431	4	5	VERB	DET	en	en	false	boundary
train-s431	5	6	DET	ADJ	en	en	false	within
train-s431	6	7	ADJ	NOUN	en	en	false	within
train-s431	7	8	NOUN	PRON	en	en	false	boundary
train-s431	8	9	PRON	PRON	en	en	false	within
train-s431	9	10	PRON	VERB	en	en	false	within
train-s431	10	11	VERB	VERB	en	hi	true	boundary
train-s431	11	12	VERB	NOUN	hi	hi	false	boundary
train-s431	12	13	NOUN	VERB	hi	hi	false	within
train-s431	13	15	VERB	VERB	hi	hi	false	boundary
train-s432	1	2	NOUN	NOUN	hi	hi	false	within
train-s432	2	3	NOUN	NOUN	hi	hi	false	boundary
train-s432	3	4	NOUN	ADP	hi	hi	false	within
train-s432	4	5	ADP	NOUN	hi	hi	false	boundary
train-s432	5	6	NOUN	VERB	hi	en	true	within
train-s432	6	7	VERB	PRON	en	en	false	boundary
train-s432	7	8	PRON	NOUN	en	en	false	within
train-s433	2	3	VERB	PRON	en	en	false	within
train-s433	3	4	PRON	ADP	en	en	false	boundary
train-s433	4	6	ADP	NOUN	en	hi	true	boundary
train-s433	6	7	NOUN	VERB	hi	hi	false	within
train-s433	7	8	VERB	AUX	hi	hi	false	within
train-s433	8	9	AUX	CCONJ	hi	hi	false	boundary
train-s433	9	10	CCONJ	PRON	hi	hi	false	within
train-s433	10	11	PRON	PART	hi	hi	false	within
train-s433	11	12	PART	NOUN	hi	hi	false	boundary
train-s433	12	13	NOUN	ADP	hi	hi	false	within
train-s433	13	14	ADP	VERB	hi	hi	false	boundary
train-s433	14	15	VERB	PART	hi	hi	false	within
train-s433	15	16	PART	PART	hi	hi	false	within
train-s433	16	18	PART	NOUN	hi	en	true	boundary
train-s433	18	19	NOUN	PART	en	en	false	within
train-s433	19	20	PART	ADJ	en	en	false	boundary
train-s433	20	21	ADJ	NOUN	en	en	false	within
train-s434	1	2	VERB	ADV	en	en	false	boundary
train-s434	2	3	ADV	PART	en	en	false	within
train-s434	3	4	PART	VERB	en	en	false	within
train-s434	4	5	VERB	ADV	en	en	false	boundary
train-s434	5	6	ADV	ADV	en	en	false	within
train-s434	6	7	ADV	AUX	en	en	false	within
train-s434	7	8	AUX	PRON	en	en	false	boundary
train-s434	8	9	PRON	ADJ	en	en	false	within
train-s434	9	10	ADJ	ADJ	en	en	false	within
train-s434	10	11	ADJ	NOUN	en	en	false	within
train-s434	11	12	NOUN	VERB	en	en	false	within
train-s434	12	13	VERB	CCONJ	en	en	false	boundary
train-s434	13	14	CCONJ	NOUN	en	hi	true	within
train-s434	14	15	NOUN	DET	hi	hi	false	boundary
train-s434	15	16	DET	PART	hi	hi	false	within
train-s434	16	17	PART	PRON	hi	hi	false	boundary
train-s434	17	18	PRON	VERB	hi	hi	false	within
train-s434	18	19	VERB	AUX	hi	hi	false	within
train-s435	1	2	DET	NOUN	en	en	false	within
train-s435	2	3	NOUN	VERB	en	en	false	within
train-s435	3	4	VERB	ADP	en	en	false	within
train-s435	4	5	ADP	SCONJ	en	en	false	boundary
train-s435	5	6	SCONJ	DET	en	en	false	boundary
train-s435	6	7	DET	DET	en	en	false	within
train-s435	7	8	DET	NOUN	en	en	false	within
train-s435	8	9	NOUN	PRON	en	en	false	within
train-s435	9	10	PRON	VERB	en	en	false	within
train-s435	10	11	VERB	VERB	en	en	false	within
train-s435	11	12	VERB	ADP	en	en	false	boundary
train-s435	12	13	ADP	NOUN	en	en	false	within
train-s435	13	15	NOUN	PRON	en	hi	true	boundary
train-s435	15	16	PRON	ADP	hi	hi	false	within
train-s435	16	17	ADP	PRON	hi	hi	false	boundary
train-s435	17	18	PRON	ADJ	hi	hi	false	within
train-s435	18	19	ADJ	VERB	hi	hi	false	within
train-s436	1	2	INTJ	ADV	hi	hi	false	boundary
train-s436	2	3	ADV	ADV	hi	hi	false	within
train-s436	3	4	ADV	PRON	hi	en	true	boundary
train-s436	4	5	PRON	PRON	en	en	false	within
train-s436	5	6	PRON	VERB	en	en	false	within
train-s436	6	7	VERB	AUX	en	en	false	within
train-s436	7	8	AUX	NOUN	en	en	false	within
train-s436	8	9	NOUN	PART	en	en	false	boundary
train-s436	9	10	PART	VERB	en	en	false	within
train-s436	10	11	VERB	NOUN	en	en	false	within
train-s437	1	2	NOUN	ADP	en	en	false	boundary
train-s437	2	3	ADP	DET	en	en	false	within
train-s437	3	4	DET	NOUN	en	en	false	within
train-s437	4	5	NOUN	ADP	en	hi	true	within
train-s437	5	6	ADP	NOUN	hi	hi	false	boundary
train-s437	6	8	NOUN	ADP	hi	hi	false	boundary
train-s437	8	9	ADP	VERB	hi	hi	false	boundary
train-s438	1	2	VERB	AUX	hi	hi	false	within
train-s438	2	3	AUX	NOUN	hi	hi	false	boundary
train-s438	3	4	NOUN	AUX	hi	en	true	within
train-s438	4	5	AUX	NOUN	en	en	false	within
train-s438	5	6	NOUN	ADJ	en	en	false	within
train-s438	6	7	ADJ	ADP	en	en	false	boundary
train-s438	7	8	ADP	PRON	en	en	false	within
train-s439	2	4	VERB	NOUN	en	hi	true	within
train-s439	4	5	NOUN	PART	hi	hi	false	within
train-s439	5	7	PART	ADP	hi	en	true	boundary
train-s439	7	8	ADP	PRON	en	en	false	within
train-s439	8	9	PRON	ADV	en	en	false	boundary
train-s439	9	10	ADV	ADP	en	en	false	within
train-s439	10	11	ADP	DET	en	en	false	within
train-s439	11	12	DET	ADJ	en	en	false	within
train-s439	12	13	ADJ	NOUN	en	en	false	within
train-s440	1	2	ADV	ADJ	en	en	false	within
train-s440	2	4	ADJ	ADP	en	hi	true	boundary
train-s440	4	5	ADP	NOUN	hi	hi	false	boundary
train-s440	5	6	NOUN	NOUN	hi	en	true	within
train-s441	2	3	ADP	DET	en	en	false	within
train-s441	3	4	DET	ADJ	en	en	false	within
train-s441	4	5	ADJ	NOUN	en	en	false	within
train-s441	5	6	NOUN	ADP	en	en	false	boundary
train-s441	6	10	ADP	PRON	en	hi	true	boundary
train-s441	10	11	PRON	PRON	hi	hi	false	within
train-s441	11	12	PRON	ADJ	hi	hi	false	within
train-s441	12	13	ADJ	NOUN	hi	hi	false	within
train-s441	13	14	NOUN	AUX	hi	hi	false	within
train-s441	14	16	AUX	PRON	hi	hi	false	boundary
train-s441	16	17	PRON	NOUN	hi	hi	false	within
train-s441	17	18	NOUN	PART	hi	hi	false	within
train-s441	18	19	PART	VERB	hi	hi	false	within
train-s442	1	2	PRON	NOUN	hi	en	true	within
train-s442	2	3	NOUN	ADP	en	hi	true	within
train-s442	3	4	ADP	NOUN	hi	en	true	boundary
train-s442	4	5	NOUN	PART	en	hi	true	boundary
train-s442	5	6	PART	VERB	hi	hi	false	within
train-s442	6	7	VERB	DET	hi	hi	false	boundary
train-s442	7	8	DET	NOUN	hi	hi	false	within
train-s442	8	9	NOUN	ADP	hi	hi	false	within
train-s442	9	10	ADP	AUX	hi	hi	false	within
train-s443	1	4	ADV	VERB	en	en	false	within
train-s443	4	6	VERB	PRON	en	en	false	boundary
train-s443	6	7	PRON	AUX	en	en	false	within
train-s443	7	8	AUX	ADJ	en	hi	true	within
train-s443	8	9	ADJ	NOUN	hi	hi	false	within
train-s443	9	11	NOUN	ADJ	hi	hi	false	boundary
train-s443	11	12	ADJ	NOUN	hi	hi	false	within
train-s444	1	2	NOUN	VERB	en	hi	true	within
train-s444	2	3	VERB	NOUN	hi	en	true	within
train-s444	3	4	NOUN	VERB	en	hi	true	within
train-s444	4	6	VERB	NOUN	hi	en	true	boundary
train-s444	6	7	NOUN	VERB	en	hi	true	within
train-s444	7	8	VERB	NOUN	hi	en	true	within
train-s444	8	9	NOUN	ADV	en	hi	true	within
train-s444	9	10	ADV	VERB	hi	hi	false	within
train-s444	10	11	VERB	AUX	hi	hi	false	within
train-s445	1	2	NOUN	ADV	hi	hi	false	within
train-s445	2	3	ADV	PART	hi	hi	false	within
train-s445	3	4	PART	VERB	hi	hi	false	boundary
train-s445	4	5	VERB	AUX	hi	hi	false	within
train-s445	5	7	AUX	CCONJ	hi	en	true	boundary
train-s445	7	8	CCONJ	PRON	en	en	false	within
train-s445	8	9	PRON	AUX	en	en	false	within
train-s445	9	11	AUX	ADV	en	en	false	within
train-s446	1	2	ADV	ADJ	hi	en	true	within
train-s446	2	3	ADJ	AUX	en	hi	true	within
train-s446	3	4	AUX	AUX	hi	hi	false	within
train-s446	4	5	AUX	AUX	hi	hi	false	within
train-s446	5	6	AUX	AUX	hi	hi	false	within
train-s446	6	7	AUX	VERB	hi	en	true	within
train-s446	7	8	VERB	PART	en	en	false	boundary
train-s446	8	9	PART	VERB	en	en	false	within
train-s446	9	10	VERB	DET	en	en	false	boundary
train-s446	10	11	DET	NOUN	en	en	false	within
train-s447	2	4	CCONJ	ADJ	hi	en	true	boundary
train-s447	4	5	ADJ	NOUN	en	en	false	within
train-s447	5	6	NOUN	NOUN	en	hi	true	within
train-s447	6	7	NOUN	NOUN	hi	en	true	within
train-s447	7	8	NOUN	VERB	en	hi	true	within
train-s447	8	9	VERB	AUX	hi	hi	false	within
train-s447	9	10	AUX	AUX	hi	hi	false	within
train-s448	2	3	NOUN	VERB	hi	en	true	boundary
train-s448	3	4	VERB	DET	en	en	false	boundary
train-s448	4	5	DET	ADJ	en	en	false	within
train-s448	5	6	ADJ	NOUN	en	en	false	within
train-s448	6	7	NOUN	ADP	en	hi	true	within
train-s448	7	8	ADP	ADP	hi	hi	false	within
train-s448	8	9	ADP	VERB	hi	en	true	boundary
train-s448	9	10	VERB	DET	en	en	false	boundary
train-s448	10	11	DET	ADJ	en	en	false	within
train-s448	11	12	ADJ	NOUN	en	en	false	within
train-s448	12	13	NOUN	VERB	en	hi	true	boundary
train-s448	13	14	VERB	AUX	hi	hi	false	within
train-s448	14	15	AUX	AUX	hi	hi	false	within
train-s449	1	2	NOUN	VERB	en	hi	true	within
train-s449	2	3	VERB	AUX	hi	hi	false	within
train-s449	3	5	AUX	CCONJ	hi	hi	false	boundary
train-s449	5	6	CCONJ	PRON	hi	en	true	within
train-s449	6	7	PRON	AUX	en	en	false	within
train-s449	7	8	AUX	ADV	en	en	false	within
train-s449	8	9	ADV	ADJ	en	en	false	within
train-s450	1	2	DET	PART	hi	hi	false	within
train-s450	2	3	PART	VERB	hi	hi	false	boundary
train-s450	3	4	VERB	SCONJ	hi	hi	false	within
train-s450	4	5	SCONJ	NOUN	hi	hi	false	boundary
train-s450	5	6	NOUN	VERB	hi	hi	false	within
train-s450	6	7	VERB	AUX	hi	hi	false	within
train-s450	7	8	AUX	PRON	hi	en	true	boundary
train-s450	8	9	PRON	VERB	en	en	false	within
train-s450	9	10	VERB	PRON	en	en	false	within
train-s450	10	12	PRON	VERB	en	en	false	within
train-s450	12	14	VERB	NOUN	en	hi	true	within
train-s450	14	15	NOUN	AUX	hi	hi	false	within
train-s450	15	17	AUX	SCONJ	hi	en	true	boundary
train-s450	17	18	SCONJ	PRON	en	en	false	boundary
train-s450	18	19	PRON	VERB	en	en	false	within
train-s450	19	20	VERB	SCONJ	en	en	false	boundary
train-s450	20	23	SCONJ	AUX	en	hi	true	within
train-s450	23	24	AUX	NOUN	hi	hi	false	within
train-s451	1	2	PRON	VERB	en	en	false	within
train-s451	2	5	VERB	SCONJ	en	en	false	boundary
train-s451	5	6	SCONJ	ADJ	en	hi	true	boundary
train-s451	6	7	ADJ	NOUN	hi	hi	false	within
train-s451	7	8	NOUN	VERB	hi	hi	false	within
train-s451	8	9	VERB	PART	hi	hi	false	within
train-s452	1	2	VERB	ADJ	en	en	false	within
train-s452	2	3	ADJ	ADP	en	en	false	boundary
train-s452	3	4	ADP	ADJ	en	en	false	boundary
train-s452	4	5	ADJ	NOUN	en	hi	true	within
train-s452	5	7	NOUN	ADJ	hi	en	true	boundary
train-s452	7	8	ADJ	NOUN	en	en	false	within
train-s452	8	9	NOUN	NOUN	en	hi	true	within
train-s452	9	10	NOUN	ADP	hi	hi	false	within
train-s452	10	11	ADP	ADJ	hi	hi	false	boundary
train-s452	11	12	ADJ	ADJ	hi	hi	false	within
train-s452	12	13	ADJ	NOUN	hi	hi	false	boundary
train-s452	13	14	NOUN	VERB	hi	hi	false	within
train-s452	14	16	VERB	NOUN	hi	en	true	within
train-s453	2	3	NUM	NOUN	en	en	false	within
train-s453	3	4	NOUN	PART	en	en	false	within
train-s453	4	6	PART	NOUN	en	hi	true	boundary
train-s453	6	7	NOUN	NOUN	hi	hi	false	within
train-s453	7	8	NOUN	PART	hi	hi	false	boundary
train-s453	8	9	PART	ADJ	hi	en	true	within
train-s453	9	10	ADJ	VERB	en	hi	true	within
train-s453	10	11	VERB	AUX	hi	hi	false	within
train-s453	11	13	AUX	AUX	hi	en	true	boundary
train-s453	13	14	AUX	ADJ	en	en	false	boundary
train-s453	14	15	ADJ	NOUN	en	en	false	within
train-s453	15	16	NOUN	PART	en	en	false	within
train-s453	16	18	PART	INTJ	en	hi	true	boundary
train-s453	18	19	INTJ	NOUN	hi	hi	false	within
train-s453	19	20	NOUN	VERB	hi	hi	false	within
train-s453	20	21	VERB	ADV	hi	hi	false	within
train-s453	21	22	ADV	ADP	hi	hi	false	within
train-s454	1	3	ADV	AUX	en	en	false	within
train-s454	3	4	AUX	VERB	en	en	false	within
train-s454	4	6	VERB	NOUN	en	en	false	within
train-s454	6	7	NOUN	VERB	en	en	false	within
train-s454	7	8	VERB	ADJ	en	hi	true	boundary
train-s454	8	9	ADJ	VERB	hi	hi	false	within
train-s454	9	10	VERB	NOUN	hi	hi	false	boundary
train-s454	10	11	NOUN	VERB	hi	hi	false	within
train-s454	11	12	VERB	AUX	hi	hi	false	within
train-s455	1	2	DET	NOUN	hi	en	true	within
train-s455	2	3	NOUN	PART	en	hi	true	within
train-s455	3	4	PART	PRON	hi	hi	false	boundary
train-s455	4	5	PRON	PRON	hi	hi	false	boundary
train-s455	5	6	PRON	ADP	hi	hi	false	within
train-s455	6	7	ADP	NOUN	hi	en	true	boundary
train-s455	7	8	NOUN	NOUN	en	en	false	within
train-s455	8	9	NOUN	PART	en	hi	true	within
train-s455	9	10	PART	AUX	hi	hi	false	within
train-s456	2	3	AUX	AUX	en	en	false	within
train-s456	3	4	AUX	VERB	en	en	false	within
train-s456	4	5	VERB	ADP	en	en	false	boundary
train-s456	5	7	ADP	NOUN	en	en	false	within
train-s456	7	8	NOUN	ADP	en	hi	true	within
train-s456	8	9	ADP	NOUN	hi	hi	false	boundary
train-s457	1	3	ADV	ADJ	hi	hi	false	within
train-s457	3	4	ADJ	ADV	hi	en	true	boundary
train-s457	4	5	ADV	PRON	en	en	false	within
train-s457	5	6	PRON	VERB	en	en	false	within
train-s457	6	7	VERB	PRON	en	hi	true	boundary
train-s457	7	8	PRON	NOUN	hi	hi	false	within
train-s457	8	9	NOUN	ADP	hi	hi	false	within
train-s457	9	10	ADP	NOUN	hi	hi	false	boundary
train-s457	10	11	NOUN	VERB	hi	hi	false	within
train-s457	11	12	VERB	AUX	hi	hi	false	within
train-s458	1	2	ADJ	NOUN	en	en	false	within
train-s458	2	3	NOUN	ADP	en	hi	true	within
train-s458	3	4	ADP	NOUN	hi	hi	false	boundary
train-s458	4	5	NOUN	NOUN	hi	hi	false	within
train-s458	5	6	NOUN	PART	hi	hi	false	within
train-s458	6	7	PART	ADV	hi	en	true	boundary
train-s458	7	8	ADV	PART	en	hi	true	within
train-s458	8	9	PART	VERB	hi	hi	false	boundary
train-s458	9	10	VERB	AUX	hi	hi	false	within
train-s459	2	3	ADP	NOUN	hi	en	true	boundary
train-s459	3	4	NOUN	NOUN	en	en	false	within
train-s459	4	5	NOUN	VERB	en	hi	true	within
train-s459	5	6	VERB	AUX	hi	hi	false	within
train-s459	6	7	AUX	AUX	hi	en	true	boundary
train-s459	7	8	AUX	VERB	en	en	false	within
train-s459	8	9	VERB	ADJ	en	en	false	boundary
train-s459	9	10	ADJ	ADP	en	en	false	within
train-s460	1	2	PRON	VERB	en	en	false	within
train-s460	2	3	VERB	SCONJ	en	en	false	boundary
train-s460	3	4	SCONJ	PRON	en	en	false	within
train-s460	4	5	PRON	ADV	en	hi	true	within
train-s460	5	6	ADV	NOUN	hi	hi	false	boundary
train-s460	6	7	NOUN	VERB	hi	hi	false	within
train-s460	7	8	VERB	VERB	hi	hi	false	within
train-s460	8	9	VERB	AUX	hi	hi	false	within
train-s461	1	2	ADJ	NOUN	hi	en	true	within
train-s461	2	3	NOUN	AUX	en	hi	true	within
train-s461	3	4	AUX	ADP	hi	en	true	boundary
train-s461	4	7	ADP	PART	en	en	false	boundary
train-s461	7	8	PART	NOUN	en	en	false	boundary
train-s462	1	2	PRON	VERB	en	en	false	within
train-s462	2	3	VERB	PRON	en	hi	true	boundary
train-s462	3	4	PRON	PRON	hi	hi	false	boundary
train-s462	4	5	PRON	NOUN	hi	en	true	within
train-s462	5	6	NOUN	NOUN	en	en	false	within
train-s462	6	7	NOUN	VERB	en	hi	true	within
train-s462	7	8	VERB	PRON	hi	hi	false	within
train-s462	8	9	PRON	PART	hi	hi	false	within
train-s462	9	10	PART	PRON	hi	hi	false	boundary
train-s462	10	11	PRON	VERB	hi	hi	false	within
train-s463	1	2	VERB	DET	en	en	false	within
train-s463	2	3	DET	NOUN	en	en	false	within
train-s463	3	4	NOUN	ADP	en	en	false	boundary
train-s463	4	5	ADP	ADJ	en	en	false	within
train-s463	5	6	ADJ	NOUN	en	en	false	within
train-s463	6	7	NOUN	VERB	en	en	false	boundary
train-s463	7	8	VERB	ADP	en	en	false	boundary
train-s463	8	9	ADP	DET	en	en	false	within
train-s463	9	11	DET	ADJ	en	en	false	boundary
train-s463	11	12	ADJ	NOUN	en	en	false	within
train-s463	12	14	NOUN	PRON	en	en	false	boundary
train-s463	14	15	PRON	AUX	en	en	false	within
train-s463	15	16	AUX	AUX	en	en	false	within
train-s463	16	17	AUX	ADV	en	hi	true	within
train-s463	17	18	ADV	ADP	hi	hi	false	within
train-s463	18	19	ADP	NOUN	hi	hi	false	boundary
train-s463	19	20	NOUN	NOUN	hi	hi	false	boundary
train-s463	20	21	NOUN	NOUN	hi	hi	false	within
train-s464	3	4	NOUN	ADP	hi	hi	false	within
train-s464	4	6	ADP	NOUN	hi	hi	false	boundary
train-s464	6	7	NOUN	ADP	hi	hi	false	within
train-s464	7	8	ADP	PRON	hi	hi	false	boundary
train-s464	8	9	PRON	PART	hi	hi	false	within
train-s464	9	10	PART	VERB	hi	hi	false	boundary
train-s464	10	11	VERB	PRON	hi	hi	false	within
train-s464	11	13	PRON	PRON	hi	en	true	boundary
train-s464	13	14	PRON	VERB	en	en	false	within
train-s464	14	15	VERB	PRON	en	en	false	within
train-s464	15	16	PRON	CCONJ	en	en	false	boundary
train-s464	16	17	CCONJ	ADP	en	en	false	within
train-s464	17	18	ADP	DET	en	en	false	within
train-s464	18	19	DET	NOUN	en	en	false	within
train-s464	19	21	NOUN	ADP	en	hi	true	within
train-s464	21	22	ADP	NOUN	hi	hi	false	boundary
train-s464	22	23	NOUN	AUX	hi	hi	false	within
train-s465	1	3	ADV	VERB	en	en	false	within
train-s465	3	5	VERB	ADJ	en	hi	true	boundary
train-s465	5	6	ADJ	PROPN	hi	hi	false	within
train-s465	6	7	PROPN	NOUN	hi	en	true	within
train-s466	1	2	NOUN	NOUN	en	en	false	within
train-s466	2	3	NOUN	ADJ	en	hi	true	within
train-s466	3	4	ADJ	NOUN	hi	hi	false	boundary
train-s466	4	5	NOUN	NOUN	hi	hi	false	within
train-s466	5	6	NOUN	ADJ	hi	hi	false	within
train-s466	6	7	ADJ	VERB	hi	hi	false	within
train-s466	7	8	VERB	AUX	hi	hi	false	within
train-s467	1	2	ADJ	NOUN	en	en	false	within
train-s467	2	3	NOUN	VERB	en	en	false	within
train-s467	3	4	VERB	PRON	en	hi	true	boundary
train-s467	4	5	PRON	NOUN	hi	hi	false	within
train-s467	5	6	NOUN	ADP	hi	hi	false	within
train-s467	6	7	ADP	NOUN	hi	hi	false	boundary
train-s467	7	8	NOUN	VERB	hi	hi	false	within
train-s468	2	3	DET	ADJ	en	en	false	within
train-s468	3	4	ADJ	NOUN	en	en	false	within
train-s468	4	5	NOUN	ADP	en	en	false	boundary
train-s468	5	6	ADP	NOUN	en	en	false	within
train-s468	6	7	NOUN	ADV	en	en	false	boundary
train-s468	7	8	ADV	PRON	en	en	false	boundary
train-s468	8	9	PRON	NOUN	en	en	false	within
train-s468	9	10	NOUN	VERB	en	en	false	within
train-s468	10	12	VERB	PRON	en	hi	true	boundary
train-s468	12	13	PRON	PART	hi	hi	false	within
train-s468	13	14	PART	NOUN	hi	hi	false	boundary
train-s468	14	15	NOUN	AUX	hi	hi	false	within
train-s468	15	16	AUX	PRON	hi	hi	false	within
train-s469	1	2	VERB	AUX	hi	hi	false	within
train-s469	2	4	AUX	AUX	hi	en	true	boundary
train-s469	4	5	AUX	ADV	en	en	false	within
train-s469	5	6	ADV	ADJ	en	en	false	within
train-s470	2	3	ADP	ADP	en	en	false	within
train-s470	3	4	ADP	ADJ	en	hi	true	boundary
train-s470	4	5	ADJ	NOUN	hi	en	true	within
train-s470	5	7	NOUN	SCONJ	en	en	false	within
train-s470	7	8	SCONJ	PRON	en	en	false	within
train-s470	8	9	PRON	VERB	en	en	false	within
train-s470	9	10	VERB	ADP	en	en	false	boundary
train-s470	10	11	ADP	NOUN	en	en	false	within
train-s470	11	12	NOUN	SCONJ	en	en	false	boundary
train-s470	12	13	SCONJ	PRON	en	en	false	within
train-s470	13	14	PRON	AUX	en	en	false	within
train-s470	14	16	AUX	ADJ	en	hi	true	boundary
train-s470	16	17	ADJ	VERB	hi	hi	false	within
train-s470	17	18	VERB	NOUN	hi	hi	false	within
train-s471	1	2	ADV	ADP	en	en	false	within
train-s471	2	3	ADP	DET	en	en	false	within
train-s471	3	4	DET	NOUN	en	en	false	within
train-s471	4	6	NOUN	DET	en	hi	true	boundary
train-s471	6	7	DET	NOUN	hi	en	true	within
train-s471	7	8	NOUN	NOUN	en	hi	true	within
train-s471	8	9	NOUN	VERB	hi	hi	false	within
train-s471	9	10	VERB	AUX	hi	hi	false	within
train-s471	10	11	AUX	PRON	hi	hi	false	boundary
train-s471	11	12	PRON	ADV	hi	hi	false	boundary
train-s471	12	13	ADV	ADJ	hi	hi	false	within
train-s471	13	14	ADJ	VERB	hi	hi	false	within
train-s471	14	15	VERB	AUX	hi	hi	false	within
train-s471	15	16	AUX	AUX	hi	hi	false	within
train-s472	1	2	VERB	DET	en	en	false	boundary
train-s472	2	4	DET	ADP	en	hi	true	within
train-s472	4	5	ADP	NOUN	hi	hi	false	boundary
train-s472	5	6	NOUN	NOUN	hi	hi	false	within
train-s472	6	7	NOUN	ADP	hi	en	true	boundary
train-s472	7	8	ADP	NOUN	en	en	false	within
train-s473	3	4	ADP	ADP	hi	hi	false	within
train-s473	4	5	ADP	ADP	hi	en	true	boundary
train-s473	5	6	ADP	DET	en	en	false	within
train-s473	6	7	DET	NOUN	en	en	false	within
train-s473	7	8	NOUN	NUM	en	hi	true	boundary
train-s473	8	9	NUM	NOUN	hi	en	true	within
train-s473	9	10	NOUN	VERB	en	hi	true	within
train-s473	10	11	VERB	AUX	hi	hi	false	within
train-s473	11	12	AUX	PART	hi	hi	false	within
train-s474	1	2	PRON	NOUN	hi	en	true	within
train-s474	2	3	NOUN	ADP	en	hi	true	within
train-s474	3	4	ADP	NOUN	hi	en	true	boundary
train-s474	4	5	NOUN	ADJ	en	en	false	within
train-s474	5	6	ADJ	VERB	en	hi	true	within
train-s474	6	7	VERB	AUX	hi	hi	false	within
train-s474	7	8	AUX	AUX	hi	hi	false	within
train-s475	3	4	ADP	NOUN	hi	en	true	boundary
train-s475	4	5	NOUN	VERB	en	hi	true	within
train-s475	5	6	VERB	AUX	hi	hi	false	within
train-s475	6	7	AUX	PRON	hi	en	true	boundary
train-s475	7	8	PRON	AUX	en	en	false	within
train-s475	8	9	AUX	ADP	en	en	false	within
train-s476	1	2	NOUN	ADJ	en	hi	true	within
train-s476	2	3	ADJ	VERB	hi	hi	false	within
train-s476	3	4	VERB	AUX	hi	hi	false	within
train-s476	4	5	AUX	CCONJ	hi	en	true	boundary
train-s476	5	6	CCONJ	ADJ	en	en	false	within
train-s476	6	7	ADJ	NOUN	en	en	false	within
train-s476	7	8	NOUN	ADV	en	en	false	within
train-s477	1	2	PRON	NOUN	hi	hi	false	within
train-s477	2	3	NOUN	AUX	hi	hi	false	within
train-s477	3	4	AUX	DET	hi	hi	false	boundary
train-s477	4	5	DET	NOUN	hi	hi	false	within
train-s477	5	6	NOUN	ADP	hi	hi	false	within
train-s477	6	7	ADP	PRON	hi	hi	false	boundary
train-s477	7	9	PRON	ADJ	hi	en	true	boundary
train-s477	9	10	ADJ	NOUN	en	en	false	within
train-s477	10	11	NOUN	NOUN	en	en	false	within
train-s477	11	13	NOUN	VERB	en	hi	true	within
train-s477	13	14	VERB	DET	hi	hi	false	boundary
train-s477	14	15	DET	NOUN	hi	hi	false	within
train-s477	15	16	NOUN	AUX	hi	hi	false	within
train-s478	1	2	DET	NOUN	hi	hi	false	within
train-s478	2	3	NOUN	PART	hi	hi	false	within
train-s478	3	4	PART	NOUN	hi	en	true	within
train-s478	4	5	NOUN	ADJ	en	en	false	boundary
train-s478	5	6	ADJ	NOUN	en	en	false	within
train-s478	6	7	NOUN	ADV	en	hi	true	within
train-s478	7	8	ADV	ADJ	hi	hi	false	within
train-s478	8	9	ADJ	AUX	hi	hi	false	within
train-s479	1	2	INTJ	ADV	en	en	false	within
train-s479	2	4	ADV	VERB	en	en	false	boundary
train-s479	4	5	VERB	ADV	en	en	false	within
train-s479	5	6	ADV	PRON	en	hi	true	boundary
train-s479	6	7	PRON	ADV	hi	hi	false	within
train-s479	7	8	ADV	ADP	hi	hi	false	within
train-s479	8	9	ADP	NOUN	hi	hi	false	boundary
train-s479	9	10	NOUN	ADP	hi	hi	false	within
train-s479	10	11	ADP	AUX	hi	hi	false	within
train-s480	1	3	VERB	ADP	en	hi	true	boundary
train-s480	3	4	ADP	NOUN	hi	hi	false	boundary
train-s480	4	6	NOUN	PRON	hi	en	true	boundary
train-s480	6	7	PRON	AUX	en	en	false	within
train-s480	7	8	AUX	DET	en	en	false	boundary
train-s480	8	10	DET	ADP	en	hi	true	within
train-s480	10	11	ADP	NOUN	hi	hi	false	boundary
train-s480	11	12	NOUN	PRON	hi	en	true	boundary
train-s480	12	13	PRON	VERB	en	en	false	within
train-s480	13	14	VERB	DET	en	en	false	boundary
train-s480	14	15	DET	NOUN	en	en	false	within
train-s480	15	16	NOUN	ADJ	en	en	false	within
train-s481	1	2	ADV	ADJ	hi	en	true	within
train-s481	2	3	ADJ	NOUN	en	en	false	within
train-s481	3	4	NOUN	VERB	en	hi	true	within
train-s481	4	5	VERB	AUX	hi	hi	false	within
train-s481	5	6	AUX	SCONJ	hi	hi	false	boundary
train-s481	6	7	SCONJ	NOUN	hi	hi	false	boundary
train-s481	7	8	NOUN	ADP	hi	hi	false	within
train-s481	8	9	ADP	NOUN	hi	en	true	boundary
train-s481	9	10	NOUN	ADP	en	hi	true	within
train-s481	10	12	ADP	NOUN	hi	hi	false	boundary
train-s481	12	13	NOUN	VERB	hi	hi	false	within
train-s481	13	14	VERB	AUX	hi	hi	false	within
train-s481	14	15	AUX	AUX	hi	hi	false	within
train-s481	15	16	AUX	AUX	hi	hi	false	within
train-s482	2	3	INTJ	PRON	en	en	false	within
train-s482	3	4	PRON	VERB	en	en	false	within
train-s482	4	6	VERB	ADP	en	hi	true	boundary
train-s482	6	7	ADP	NOUN	hi	hi	false	boundary
train-s482	7	9	NOUN	ADP	hi	hi	false	boundary
train-s482	9	10	ADP	ADV	hi	hi	false	boundary
train-s482	10	11	ADV	ADP	hi	hi	false	within
train-s482	11	12	ADP	AUX	hi	hi	false	boundary
train-s483	1	2	DET	NOUN	hi	en	true	within
train-s483	2	3	NOUN	ADP	en	hi	true	within
train-s483	3	6	ADP	ADV	hi	hi	false	boundary
train-s483	6	7	ADV	VERB	hi	hi	false	within
train-s483	7	8	VERB	AUX	hi	hi	false	within
train-s483	8	9	AUX	AUX	hi	hi	false	within
train-s483	9	11	AUX	PRON	hi	en	true	boundary
train-s483	11	12	PRON	AUX	en	en	false	within
train-s483	12	13	AUX	AUX	en	en	false	within
train-s483	13	14	AUX	AUX	en	en	false	within
train-s483	14	15	AUX	VERB	en	en	false	within
train-s484	1	4	PRON	ADV	en	hi	true	boundary
train-s484	4	5	ADV	ADJ	hi	hi	false	within
train-s484	5	6	ADJ	NOUN	hi	en	true	within
train-s484	6	7	NOUN	VERB	en	hi	true	within
train-s484	7	8	VERB	NOUN	hi	en	true	boundary
train-s484	8	9	NOUN	NOUN	en	en	false	within
train-s484	9	10	NOUN	ADP	en	hi	true	within
train-s485	1	2	PROPN	PART	hi	hi	false	within
train-s485	2	3	PART	VERB	hi	hi	false	boundary
train-s485	3	4	VERB	AUX	hi	hi	false	within
train-s485	4	5	AUX	AUX	hi	hi	false	within
train-s485	5	6	AUX	NOUN	hi	en	true	within
train-s485	6	7	NOUN	CCONJ	en	en	false	boundary
train-s485	7	8	CCONJ	NOUN	en	en	false	within
train-s486	1	2	NOUN	VERB	en	en	false	within
train-s486	2	3	VERB	ADP	en	en	false	boundary
train-s486	3	5	ADP	CCONJ	en	en	false	boundary
train-s486	5	7	CCONJ	ADP	en	hi	true	boundary
train-s486	7	8	ADP	ADP	hi	hi	false	within
train-s486	8	9	ADP	NOUN	hi	en	true	boundary
train-s486	9	10	NOUN	PART	en	hi	true	within
train-s486	10	11	PART	VERB	hi	hi	false	within
train-s486	11	12	VERB	ADV	hi	hi	false	within
train-s486	12	13	ADV	ADP	hi	hi	false	within
train-s486	13	14	ADP	ADP	hi	en	true	boundary
train-s486	14	15	ADP	ADP	en	en	false	within
train-s486	15	16	ADP	PART	en	en	false	boundary
train-s487	1	2	PRON	AUX	en	en	false	within
train-s487	2	3	AUX	PRON	en	en	false	within
train-s487	3	4	PRON	ADP	en	en	false	boundary
train-s487	4	5	ADP	DET	en	en	false	within
train-s487	5	6	DET	NOUN	en	en	false	within
train-s487	6	8	NOUN	ADJ	en	hi	true	boundary
train-s487	8	9	ADJ	PRON	hi	hi	false	within
train-s487	9	10	PRON	NOUN	hi	hi	false	within
train-s487	10	11	NOUN	AUX	hi	hi	false	within
train-s488	1	2	NOUN	VERB	en	en	false	within
train-s488	2	3	VERB	INTJ	en	hi	true	boundary
train-s488	3	5	INTJ	PART	hi	hi	false	boundary
train-s488	5	6	PART	VERB	hi	hi	false	boundary
train-s489	1	2	CCONJ	NOUN	hi	en	true	within
train-s489	2	4	NOUN	PRON	en	hi	true	boundary
train-s489	4	5	PRON	PART	hi	hi	false	within
train-s489	5	6	PART	NOUN	hi	en	true	boundary
train-s489	6	7	NOUN	VERB	en	hi	true	within
train-s489	7	8	VERB	AUX	hi	hi	false	within
train-s490	1	2	CCONJ	PRON	en	en	false	within
train-s490	2	3	PRON	AUX	en	en	false	within
train-s490	3	4	AUX	ADJ	en	en	false	within
train-s490	4	5	ADJ	SCONJ	en	en	false	boundary
train-s490	5	6	SCONJ	PROPN	en	hi	true	within
train-s490	6	7	PROPN	ADP	hi	hi	false	within
train-s490	7	8	ADP	VERB	hi	hi	false	boundary
train-s490	8	9	VERB	AUX	hi	hi	false	within
train-s491	1	2	DET	ADJ	en	hi	true	within
train-s491	2	3	ADJ	NOUN	hi	hi	false	within
train-s491	3	4	NOUN	ADP	hi	hi	false	within
train-s491	4	5	ADP	NOUN	hi	hi	false	boundary
train-s491	5	6	NOUN	ADV	hi	en	true	boundary
train-s491	6	7	ADV	ADV	en	en	false	within
train-s491	7	8	ADV	AUX	en	en	false	within
train-s491	8	9	AUX	AUX	en	en	false	within
train-s491	9	10	AUX	ADJ	en	en	false	within
train-s492	1	2	VERB	ADV	en	en	false	within
train-s492	2	3	ADV	PRON	en	en	false	boundary
train-s492	3	4	PRON	ADJ	en	en	false	within
train-s492	4	5	ADJ	NOUN	en	en	false	within
train-s492	5	6	NOUN	PART	en	en	false	within
train-s492	6	8	PART	NOUN	en	en	false	boundary
train-s492	8	9	NOUN	CCONJ	en	en	false	boundary
train-s492	9	10	CCONJ	VERB	en	en	false	within
train-s492	10	11	VERB	PRON	en	hi	true	boundary
train-s492	11	12	PRON	PART	hi	hi	false	within
train-s492	12	13	PART	PRON	hi	hi	false	boundary
train-s492	13	14	PRON	ADP	hi	hi	false	within
train-s492	14	15	ADP	PART	hi	hi	false	within
train-s492	15	16	PART	ADJ	hi	hi	false	boundary
train-s492	16	17	ADJ	VERB	hi	hi	false	within
train-s493	1	2	NOUN	NOUN	en	en	false	within
train-s493	2	3	NOUN	PART	en	hi	true	within
train-s493	3	4	PART	AUX	hi	hi	false	within
train-s493	4	5	AUX	CCONJ	hi	hi	false	boundary
train-s493	5	6	CCONJ	NOUN	hi	hi	false	within
train-s493	6	7	NOUN	PART	hi	hi	false	within
train-s493	7	8	PART	AUX	hi	hi	false	within
train-s494	1	2	PRON	AUX	en	en	false	within
train-s494	2	3	AUX	ADV	en	en	false	within
train-s494	3	4	ADV	VERB	en	en	false	within
train-s494	4	5	VERB	ADP	en	en	false	boundary
train-s494	5	6	ADP	DET	en	en	false	within
train-s494	6	7	DET	NOUN	en	en	false	within
train-s494	7	8	NOUN	CCONJ	en	hi	true	boundary
train-s494	8	9	CCONJ	NOUN	hi	hi	false	within
train-s494	9	10	NOUN	ADV	hi	hi	false	boundary
train-s494	10	11	ADV	ADP	hi	hi	false	within
train-s494	11	12	ADP	VERB	hi	hi	false	boundary
train-s494	12	13	VERB	AUX	hi	hi	false	within
train-s494	13	14	AUX	NOUN	hi	en	true	boundary
train-s494	14	15	NOUN	VERB	en	hi	true	within
train-s494	15	16	VERB	AUX	hi	hi	false	within
train-s494	16	17	AUX	AUX	hi	hi	false	within
train-s495	1	2	NOUN	NOUN	en	en	false	within
train-s495	2	3	NOUN	PART	en	hi	true	within
train-s495	3	4	PART	ADJ	hi	en	true	boundary
train-s495	4	5	ADJ	AUX	en	hi	true	within
train-s495	5	6	AUX	AUX	hi	hi	false	within
train-s496	1	2	NOUN	ADV	hi	hi	false	within
train-s496	2	3	ADV	ADJ	hi	hi	false	within
train-s496	3	4	ADJ	AUX	hi	hi	false	within
train-s496	4	5	AUX	AUX	hi	hi	false	within
train-s496	5	6	AUX	CCONJ	hi	hi	false	boundary
train-s496	6	7	CCONJ	PRON	hi	hi	false	boundary
train-s496	7	8	PRON	NOUN	hi	en	true	within
train-s496	8	9	NOUN	VERB	en	en	false	within
train-s496	9	10	VERB	ADV	en	en	false	boundary
train-s496	10	11	ADV	ADJ	en	en	false	within
train-s497	1	3	SCONJ	ADV	en	en	false	within
train-s497	3	4	ADV	VERB	en	en	false	within
train-s497	4	5	VERB	PRON	en	en	false	within
train-s497	5	7	PRON	ADJ	en	en	false	boundary
train-s497	7	8	ADJ	NOUN	en	en	false	within
train-s497	8	9	NOUN	CCONJ	en	en	false	boundary
train-s497	9	10	CCONJ	NOUN	en	en	false	within
train-s497	10	11	NOUN	ADP	en	hi	true	within
train-s497	11	12	ADP	NOUN	hi	hi	false	boundary
train-s497	12	13	NOUN	PART	hi	hi	false	within
train-s497	13	14	PART	ADP	hi	hi	false	within
train-s497	14	15	ADP	NOUN	hi	hi	false	boundary
train-s497	15	16	NOUN	AUX	hi	hi	false	within
train-s497	16	17	AUX	AUX	hi	hi	false	within
train-s498	1	2	VERB	PART	en	en	false	within
train-s498	2	3	PART	NOUN	en	hi	true	boundary
train-s498	3	4	NOUN	ADP	hi	hi	false	within
train-s498	4	5	ADP	NOUN	hi	hi	false	boundary
train-s498	5	6	NOUN	ADV	hi	en	true	boundary
train-s498	6	7	ADV	ADP	en	en	false	within
train-s498	7	8	ADP	ADV	en	en	false	within
train-s499	1	2	NOUN	NOUN	en	en	false	within
train-s499	2	3	NOUN	AUX	en	hi	true	within
train-s499	3	4	AUX	SCONJ	hi	hi	false	boundary
train-s499	4	7	SCONJ	ADP	hi	hi	false	within
train-s500	1	2	NOUN	ADP	hi	hi	false	within
train-s500	2	3	ADP	NOUN	hi	hi	false	boundary
train-s500	3	4	NOUN	ADP	hi	hi	false	within
train-s500	4	5	ADP	ADJ	hi	hi	false	boundary
train-s500	5	6	ADJ	NOUN	hi	en	true	within
train-s500	6	7	NOUN	AUX	en	hi	true	within
train-s500	7	9	AUX	CCONJ	hi	en	true	boundary
train-s500	9	10	CCONJ	PRON	en	en	false	within
train-s500	10	11	PRON	AUX	en	en	false	within
train-s500	11	12	AUX	ADJ	en	en	false	within
train-s500	12	13	ADJ	NOUN	en	en	false	within
train-s500	13	14	NOUN	PART	en	en	false	boundary
train-s500	14	15	PART	VERB	en	en	false	within
train-s500	15	16	VERB	NOUN	en	en	false	within
train-s501	1	2	ADV	NOUN	en	en	false	within
train-s501	2	3	NOUN	PRON	en	en	false	boundary
train-s501	3	4	PRON	NOUN	en	en	false	within
train-s501	4	7	NOUN	CCONJ	en	en	false	boundary
train-s501	7	9	CCONJ	NOUN	en	hi	true	boundary
train-s501	9	10	NOUN	ADP	hi	hi	false	within
train-s501	10	11	ADP	NOUN	hi	hi	false	boundary
train-s501	11	12	NOUN	VERB	hi	hi	false	within
train-s501	12	13	VERB	AUX	hi	hi	false	within
train-s501	13	14	AUX	AUX	hi	hi	false	within
train-s502	3	5	SCONJ	PRON	en	hi	true	within
train-s502	5	6	PRON	DET	hi	hi	false	within
train-s502	6	7	DET	NOUN	hi	hi	false	within
train-s502	7	8	NOUN	PART	hi	hi	false	within
train-s502	8	9	PART	ADV	hi	hi	false	boundary
train-s502	9	10	ADV	PART	hi	hi	false	within
train-s502	10	11	PART	PRON	hi	hi	false	boundary
train-s502	11	12	PRON	NOUN	hi	hi	false	within
train-s502	12	13	NOUN	VERB	hi	hi	false	within
train-s502	13	15	VERB	AUX	hi	en	true	boundary
train-s502	15	16	AUX	PART	en	en	false	within
train-s502	16	17	PART	DET	en	en	false	within
train-s502	17	18	DET	ADJ	en	en	false	within
train-s502	18	19	ADJ	NOUN	en	en	false	within
train-s503	2	3	ADJ	NOUN	en	en	false	within
train-s503	3	4	NOUN	DET	en	en	false	boundary
train-s503	4	5	DET	NOUN	en	en	false	within
train-s503	5	6	NOUN	SCONJ	en	en	false	boundary
train-s503	6	7	SCONJ	PRON	en	en	false	within
train-s503	7	8	PRON	VERB	en	en	false	within
train-s503	8	9	VERB	PART	en	en	false	boundary
train-s503	9	10	PART	VERB	en	en	false	within
train-s503	10	11	VERB	CCONJ	en	en	false	boundary
train-s503	11	12	CCONJ	VERB	en	en	false	within
train-s503	12	14	VERB	NOUN	en	hi	true	within
train-s503	14	16	NOUN	ADV	hi	hi	false	boundary
train-s503	16	17	ADV	ADV	hi	hi	false	within
train-s503	17	18	ADV	VERB	hi	hi	false	within
train-s503	18	19	VERB	INTJ	hi	en	true	within
train-s504	2	3	ADP	NOUN	hi	en	true	boundary
train-s504	3	4	NOUN	ADV	en	hi	true	boundary
train-s504	4	5	ADV	ADV	hi	hi	false	within
train-s504	5	6	ADV	NOUN	hi	en	true	within
train-s504	6	7	NOUN	VERB	en	hi	true	within
train-s505	2	3	ADV	DET	en	en	false	boundary
train-s505	3	4	DET	NOUN	en	en	false	within
train-s505	4	5	NOUN	ADP	en	en	false	boundary
train-s505	5	6	ADP	DET	en	en	false	within
train-s505	6	7	DET	NOUN	en	en	false	within
train-s505	7	8	NOUN	VERB	en	en	false	within
train-s505	8	9	VERB	PRON	en	en	false	within
train-s505	9	11	PRON	NOUN	en	en	false	boundary
train-s505	11	12	NOUN	ADV	en	hi	true	within
train-s505	12	13	ADV	ADJ	hi	hi	false	within
train-s505	13	14	ADJ	AUX	hi	hi	false	within
train-s505	14	15	AUX	PRON	hi	hi	false	boundary
train-s505	15	17	PRON	INTJ	hi	en	true	boundary
train-s506	2	3	PRON	AUX	en	en	false	within
train-s506	3	5	AUX	NOUN	en	hi	true	boundary
train-s506	5	6	NOUN	ADV	hi	hi	false	within
train-s506	6	7	ADV	NOUN	hi	hi	false	boundary
train-s506	7	8	NOUN	VERB	hi	hi	false	within
train-s506	8	9	VERB	AUX	hi	hi	false	within
train-s506	9	10	AUX	PART	hi	hi	false	within
train-s506	10	11	PART	VERB	hi	hi	false	boundary
train-s506	11	12	VERB	AUX	hi	hi	false	within
train-s506	12	13	AUX	AUX	hi	hi	false	within
train-s506	13	15	AUX	NOUN	hi	en	true	boundary
train-s506	15	16	NOUN	ADJ	en	en	false	within
train-s507	1	2	ADP	NOUN	en	en	false	within
train-s507	2	4	NOUN	DET	en	en	false	boundary
train-s507	4	5	DET	ADJ	en	en	false	within
train-s507	5	6	ADJ	NOUN	en	en	false	within
train-s507	6	7	NOUN	SCONJ	en	en	false	boundary
train-s507	7	8	SCONJ	VERB	en	en	false	within
train-s507	8	9	VERB	DET	en	en	false	boundary
train-s507	9	10	DET	NOUN	en	en	false	within
train-s507	10	11	NOUN	AUX	en	en	false	boundary
train-s507	11	12	AUX	PART	en	en	false	within
train-s507	12	13	PART	ADJ	en	en	false	within
train-s507	13	14	ADJ	ADP	en	en	false	boundary
train-s507	14	15	ADP	NOUN	en	hi	true	within
train-s507	15	16	NOUN	ADP	hi	hi	false	within
train-s507	16	17	ADP	NOUN	hi	hi	false	boundary
train-s508	1	2	NOUN	ADP	hi	hi	false	within
train-s508	2	3	ADP	NOUN	hi	hi	false	boundary
train-s508	3	4	NOUN	VERB	hi	hi	false	within
train-s508	4	5	VERB	NOUN	hi	hi	false	within
train-s508	5	6	NOUN	ADP	hi	hi	false	within
train-s508	6	7	ADP	PRON	hi	hi	false	boundary
train-s508	7	8	PRON	NOUN	hi	hi	false	within
train-s508	8	9	NOUN	VERB	hi	hi	false	within
train-s508	9	10	VERB	AUX	hi	hi	false	within
train-s508	10	11	AUX	SCONJ	hi	hi	false	boundary
train-s508	11	12	SCONJ	NUM	hi	en	true	boundary
train-s508	12	13	NUM	NOUN	en	en	false	within
train-s508	13	14	NOUN	AUX	en	en	false	within
train-s508	14	15	AUX	VERB	en	en	false	within
train-s508	15	16	VERB	PRON	en	en	false	within
train-s509	2	3	NOUN	NOUN	en	en	false	within
train-s509	3	4	NOUN	NOUN	en	en	false	within
train-s509	4	5	NOUN	PRON	en	hi	true	boundary
train-s509	5	6	PRON	VERB	hi	hi	false	within
train-s509	6	7	VERB	AUX	hi	hi	false	within
train-s509	7	8	AUX	VERB	hi	hi	false	boundary
train-s509	8	9	VERB	AUX	hi	hi	false	within
train-s510	1	2	ADV	NOUN	en	en	false	within
train-s510	2	3	NOUN	VERB	en	hi	true	within
train-s510	3	4	VERB	AUX	hi	hi	false	within
train-s510	4	5	AUX	AUX	hi	hi	false	within
train-s510	5	6	AUX	AUX	hi	hi	false	within
train-s511	1	2	ADV	ADJ	en	en	false	within
train-s511	2	3	ADJ	NOUN	en	en	false	within
train-s511	3	4	NOUN	NOUN	en	en	false	within
train-s511	4	5	NOUN	VERB	en	hi	true	within
train-s511	5	6	VERB	AUX	hi	hi	false	within
train-s511	6	7	AUX	AUX	hi	hi	false	within
train-s511	7	8	AUX	NOUN	hi	hi	false	within
train-s512	2	3	NOUN	ADP	en	hi	true	within
train-s512	3	4	ADP	ADJ	hi	en	true	boundary
train-s512	4	5	ADJ	NOUN	en	en	false	within
train-s512	5	6	NOUN	VERB	en	hi	true	within
train-s512	6	7	VERB	AUX	hi	hi	false	within
train-s512	7	8	AUX	AUX	hi	hi	false	within
train-s512	8	9	AUX	AUX	hi	hi	false	within
train-s513	1	3	VERB	ADP	hi	hi	false	boundary
train-s513	3	4	ADP	NOUN	hi	en	true	boundary
train-s513	4	5	NOUN	ADP	en	hi	true	within
train-s513	5	6	ADP	PART	hi	hi	false	within
train-s513	6	7	PART	PRON	hi	hi	false	boundary
train-s513	7	8	PRON	ADJ	hi	en	true	within
train-s513	8	9	ADJ	AUX	en	hi	true	within
train-s513	9	10	AUX	PART	hi	hi	false	within
train-s514	2	3	VERB	PRON	en	en	false	within
train-s514	3	4	PRON	PRON	en	en	false	boundary
train-s514	4	5	PRON	VERB	en	en	false	within
train-s514	5	6	VERB	NOUN	en	en	false	within
train-s514	6	7	NOUN	PART	en	en	false	boundary
train-s514	7	8	PART	VERB	en	en	false	within
train-s514	8	10	VERB	PRON	en	hi	true	boundary
train-s514	10	11	PRON	PRON	hi	hi	false	boundary
train-s514	11	12	PRON	NOUN	hi	hi	false	within
train-s514	12	13	NOUN	ADJ	hi	hi	false	within
train-s514	13	14	ADJ	AUX	hi	hi	false	within
train-s515	2	3	PRON	ADP	en	en	false	boundary
train-s515	3	5	ADP	NOUN	en	hi	true	boundary
train-s515	5	6	NOUN	INTJ	hi	en	true	within
train-s515	6	7	INTJ	NOUN	en	hi	true	within
train-s515	7	8	NOUN	ADP	hi	hi	false	within
train-s515	8	9	ADP	PART	hi	hi	false	boundary
train-s515	9	10	PART	VERB	hi	hi	false	within
train-s515	10	12	VERB	PRON	hi	en	true	within
train-s515	12	13	PRON	VERB	en	en	false	within
train-s515	13	14	VERB	ADV	en	en	false	within
train-s516	2	3	PRON	NOUN	en	hi	true	within
train-s516	3	4	NOUN	VERB	hi	en	true	within
train-s516	4	5	VERB	VERB	en	en	false	within
train-s516	5	6	VERB	CCONJ	en	en	false	boundary
train-s516	6	7	CCONJ	VERB	en	en	false	within
train-s516	7	8	VERB	SCONJ	en	en	false	boundary
train-s516	8	11	SCONJ	PRON	en	hi	true	boundary
train-s516	11	12	PRON	NOUN	hi	hi	false	within
train-s516	12	13	NOUN	ADJ	hi	hi	false	within
train-s516	13	14	ADJ	VERB	hi	hi	false	within
train-s516	14	15	VERB	AUX	hi	hi	false	within
train-s516	15	16	AUX	AUX	hi	hi	false	within
train-s516	16	18	AUX	ADP	hi	en	true	boundary
train-s516	18	19	ADP	DET	en	en	false	within
train-s516	19	20	DET	NOUN	en	en	false	within
train-s517	1	2	NOUN	ADP	en	hi	true	within
train-s517	2	3	ADP	NOUN	hi	hi	false	boundary
train-s517	3	4	NOUN	VERB	hi	en	true	within
train-s517	4	5	VERB	ADV	en	en	false	within
train-s517	5	6	ADV	ADP	en	en	false	boundary
train-s517	6	7	ADP	NUM	en	en	false	within
train-s517	7	8	NUM	PROPN	en	en	false	within
train-s517	8	9	PROPN	NOUN	en	en	false	within
train-s518	1	2	SCONJ	ADV	en	en	false	within
train-s518	2	3	ADV	PRON	en	en	false	boundary
train-s518	3	4	PRON	NOUN	en	en	false	within
train-s518	4	5	NOUN	AUX	en	en	false	within
train-s518	5	6	AUX	VERB	en	en	false	within
train-s518	6	7	VERB	DET	en	hi	true	boundary
train-s518	7	8	DET	VERB	hi	hi	false	boundary
train-s518	8	9	VERB	NOUN	hi	hi	false	within
train-s518	9	10	NOUN	VERB	hi	hi	false	within
train-s518	10	11	VERB	NOUN	hi	en	true	boundary
train-s518	11	12	NOUN	CCONJ	en	hi	true	boundary
train-s518	12	13	CCONJ	NOUN	hi	en	true	within
train-s518	13	14	NOUN	VERB	en	hi	true	boundary
train-s518	14	15	VERB	AUX	hi	hi	false	within
train-s518	15	16	AUX	ADJ	hi	hi	false	boundary
train-s519	1	2	NOUN	DET	hi	hi	false	within
train-s519	2	3	DET	PART	hi	hi	false	within
train-s519	3	4	PART	ADJ	hi	en	true	boundary
train-s519	4	5	ADJ	NOUN	en	en	false	within
train-s519	5	6	NOUN	PART	en	hi	true	within
train-s519	6	7	PART	AUX	hi	hi	false	within
train-s519	7	8	AUX	SCONJ	hi	hi	false	boundary
train-s519	8	9	SCONJ	DET	hi	hi	false	boundary
train-s519	9	10	DET	NOUN	hi	hi	false	within
train-s519	10	11	NOUN	NOUN	hi	hi	false	within
train-s519	11	12	NOUN	ADJ	hi	en	true	within
train-s519	12	13	ADJ	VERB	en	hi	true	within
train-s519	13	14	VERB	AUX	hi	hi	false	within
train-s520	1	2	ADV	PRON	en	en	false	within
train-s520	2	3	PRON	VERB	en	en	false	within
train-s520	3	4	VERB	SCONJ	en	en	false	boundary
train-s520	4	5	SCONJ	NOUN	en	en	false	boundary
train-s520	5	6	NOUN	NOUN	en	en	false	within
train-s520	6	7	NOUN	PRON	en	hi	true	boundary
train-s520	7	8	PRON	NOUN	hi	hi	false	within
train-s520	8	9	NOUN	VERB	hi	hi	false	within
train-s520	9	10	VERB	AUX	hi	hi	false	within
train-s520	10	12	AUX	NOUN	hi	hi	false	boundary
train-s520	12	13	NOUN	NOUN	hi	hi	false	within
train-s520	13	14	NOUN	ADP	hi	hi	false	within
train-s520	14	15	ADP	NOUN	hi	hi	false	boundary
train-s520	15	16	NOUN	VERB	hi	hi	false	within
train-s520	16	17	VERB	AUX	hi	hi	false	within
train-s520	17	18	AUX	AUX	hi	hi	false	within
train-s521	2	3	PRON	PRON	en	en	false	within
train-s521	3	4	PRON	VERB	en	en	false	within
train-s521	4	6	VERB	ADJ	en	hi	true	boundary
train-s521	6	7	ADJ	NOUN	hi	hi	false	within
train-s521	7	8	NOUN	ADP	hi	hi	false	within
train-s521	8	9	ADP	ADP	hi	hi	false	within
train-s521	9	10	ADP	ADJ	hi	hi	false	boundary
train-s521	10	11	ADJ	PART	hi	hi	false	within
train-s521	11	12	PART	VERB	hi	hi	false	boundary
train-s521	12	13	VERB	AUX	hi	hi	false	within
train-s522	1	2	NUM	NOUN	hi	en	true	within
train-s522	2	3	NOUN	NOUN	en	en	false	within
train-s522	3	4	NOUN	NOUN	en	en	false	within
train-s522	4	5	NOUN	PART	en	hi	true	within
train-s522	5	6	PART	VERB	hi	hi	false	within
train-s522	6	7	VERB	AUX	hi	hi	false	within
train-s522	7	8	AUX	PRON	hi	hi	false	within
train-s523	1	2	ADV	ADJ	en	en	false	within
train-s523	2	3	ADJ	AUX	en	en	false	within
train-s523	3	4	AUX	PRON	en	en	false	within
train-s523	4	5	PRON	AUX	en	en	false	within
train-s523	5	6	AUX	SCONJ	en	en	false	within
train-s523	6	7	SCONJ	PRON	en	en	false	within
train-s523	7	8	PRON	AUX	en	en	false	within
train-s523	8	9	AUX	VERB	en	en	false	within
train-s523	9	10	VERB	PRON	en	en	false	boundary
train-s523	10	11	PRON	NOUN	en	en	false	within
train-s523	11	14	NOUN	PRON	en	hi	true	boundary
train-s523	14	15	PRON	NOUN	hi	hi	false	within
train-s523	15	16	NOUN	DET	hi	hi	false	within
train-s523	16	17	DET	NOUN	hi	en	true	within
train-s523	17	18	NOUN	AUX	en	hi	true	within
train-s524	1	2	NOUN	NOUN	en	en	false	within
train-s524	2	3	NOUN	AUX	en	hi	true	within
train-s524	3	4	AUX	NOUN	hi	en	true	boundary
train-s524	4	5	NOUN	PART	en	hi	true	within
train-s524	5	6	PART	VERB	hi	hi	false	boundary
train-s525	1	2	PRON	VERB	en	en	false	within
train-s525	2	3	VERB	DET	en	en	false	boundary
train-s525	3	4	DET	ADJ	en	en	false	within
train-s525	4	6	ADJ	NOUN	en	en	false	within
train-s525	6	7	NOUN	SCONJ	en	en	false	boundary
train-s525	7	8	SCONJ	PRON	en	en	false	within
train-s525	8	9	PRON	AUX	en	en	false	within
train-s525	9	10	AUX	VERB	en	en	false	within
train-s525	10	11	VERB	PRON	en	en	false	within
train-s525	11	12	PRON	CCONJ	en	hi	true	boundary
train-s525	12	13	CCONJ	PRON	hi	hi	false	within
train-s525	13	14	PRON	ADP	hi	hi	false	within
train-s525	14	15	ADP	NOUN	hi	hi	false	boundary
train-s525	15	16	NOUN	VERB	hi	hi	false	within
train-s525	16	17	VERB	AUX	hi	hi	false	within
train-s525	17	18	AUX	AUX	hi	hi	false	within
train-s526	1	2	PRON	NOUN	hi	hi	false	within
train-s526	2	3	NOUN	NOUN	hi	hi	false	within
train-s526	3	4	NOUN	VERB	hi	hi	false	within
train-s526	4	5	VERB	AUX	hi	hi	false	within
train-s526	5	6	AUX	SCONJ	hi	hi	false	boundary
train-s526	6	7	SCONJ	PRON	hi	hi	false	within
train-s526	7	8	PRON	NUM	hi	hi	false	within
train-s526	8	9	NUM	ADJ	hi	en	true	within
train-s526	9	10	ADJ	NOUN	en	hi	true	within
train-s526	10	11	NOUN	AUX	hi	hi	false	within
train-s526	11	12	AUX	ADP	hi	en	true	boundary
train-s526	12	13	ADP	ADP	en	en	false	within
train-s526	13	14	ADP	DET	en	en	false	within
train-s526	14	15	DET	NOUN	en	en	false	within
train-s527	1	2	PRON	ADJ	hi	hi	false	boundary
train-s527	2	3	ADJ	NOUN	hi	hi	false	within
train-s527	3	4	NOUN	ADP	hi	hi	false	within
train-s527	4	5	ADP	NOUN	hi	hi	false	boundary
train-s527	5	6	NOUN	PART	hi	hi	false	within
train-s527	6	7	PART	ADP	hi	hi	false	within
train-s527	7	8	ADP	AUX	hi	hi	false	within
train-s527	8	9	AUX	CCONJ	hi	en	true	boundary
train-s527	9	10	CCONJ	PRON	en	en	false	within
train-s527	10	11	PRON	AUX	en	en	false	within
train-s527	11	12	AUX	ADV	en	en	false	within
train-s527	12	13	ADV	ADJ	en	en	false	within
train-s527	13	14	ADJ	VERB	en	en	false	within
train-s527	14	15	VERB	PRON	en	en	false	within
train-s527	15	16	PRON	VERB	en	en	false	within
train-s527	16	17	VERB	ADP	en	en	false	boundary
train-s527	17	18	ADP	PRON	en	en	false	within
train-s528	1	2	NOUN	VERB	en	hi	true	within
train-s528	2	3	VERB	PART	hi	hi	false	within
train-s528	3	4	PART	AUX	hi	hi	false	within
train-s528	4	5	AUX	CCONJ	hi	en	true	boundary
train-s528	5	6	CCONJ	PRON	en	en	false	boundary
train-s528	6	7	PRON	AUX	en	en	false	boundary
train-s528	7	8	AUX	VERB	en	en	false	within
train-s528	8	9	VERB	PART	en	en	false	boundary
train-s528	9	10	PART	AUX	en	en	false	within
train-s528	10	11	AUX	DET	en	en	false	within
train-s528	11	12	DET	ADJ	en	en	false	within
train-s528	12	13	ADJ	NOUN	en	en	false	within
train-s529	1	2	ADJ	NOUN	en	en	false	within
train-s529	2	3	NOUN	ADJ	en	en	false	boundary
train-s529	3	4	ADJ	NOUN	en	en	false	within
train-s529	4	5	NOUN	CCONJ	en	en	false	boundary
train-s529	5	6	CCONJ	INTJ	en	en	false	boundary
train-s529	6	7	INTJ	PROPN	en	hi	true	within
train-s529	7	8	PROPN	ADP	hi	hi	false	within
train-s529	8	9	ADP	NOUN	hi	hi	false	boundary
train-s529	9	10	NOUN	VERB	hi	en	true	within
train-s529	10	11	VERB	PRON	en	en	false	within
train-s529	11	12	PRON	ADP	en	en	false	boundary
train-s529	12	13	ADP	ADJ	en	en	false	within
train-s529	13	14	ADJ	NOUN	en	en	false	within
train-s530	1	2	INTJ	NOUN	hi	hi	false	within
train-s530	2	3	NOUN	PRON	hi	hi	false	within
train-s530	3	4	PRON	NUM	hi	hi	false	boundary
train-s530	4	5	NUM	NOUN	hi	en	true	within
train-s530	5	6	NOUN	ADP	en	hi	true	within
train-s530	6	7	ADP	DET	hi	hi	false	boundary
train-s530	7	8	DET	NOUN	hi	en	true	within
train-s530	8	9	NOUN	ADP	en	hi	true	within
train-s530	9	10	ADP	NOUN	hi	en	true	boundary
train-s530	10	11	NOUN	VERB	en	hi	true	within
train-s531	1	3	AUX	NOUN	en	hi	true	boundary
train-s531	3	4	NOUN	ADP	hi	hi	false	within
train-s531	4	5	ADP	NOUN	hi	hi	false	boundary
train-s531	5	7	NOUN	VERB	hi	en	true	within
train-s531	7	8	VERB	ADP	en	en	false	boundary
train-s531	8	10	ADP	ADP	en	en	false	boundary
train-s531	10	12	ADP	PRON	en	en	false	boundary
train-s531	12	14	PRON	NOUN	en	hi	true	boundary
train-s531	14	15	NOUN	ADP	hi	hi	false	within
train-s531	15	16	ADP	NOUN	hi	hi	false	boundary
train-s531	16	18	NOUN	VERB	hi	en	true	within
train-s531	18	19	VERB	ADP	en	en	false	boundary
train-s531	19	21	ADP	ADP	en	en	false	boundary
train-s532	1	2	ADJ	NOUN	en	en	false	within
train-s532	2	3	NOUN	VERB	en	hi	true	within
train-s532	3	4	VERB	AUX	hi	hi	false	within
train-s532	4	5	AUX	PRON	hi	hi	false	within
train-s532	5	7	PRON	CCONJ	hi	en	true	boundary
train-s532	7	9	CCONJ	ADP	en	hi	true	within
train-s532	9	10	ADP	NOUN	hi	hi	false	boundary
train-s533	1	2	PRON	NOUN	hi	en	true	within
train-s533	2	3	NOUN	ADP	en	hi	true	within
train-s533	3	4	ADP	ADJ	hi	hi	false	boundary
train-s533	4	5	ADJ	PRON	hi	hi	false	within
train-s533	5	6	PRON	NOUN	hi	en	true	within
train-s533	6	7	NOUN	AUX	en	hi	true	within
train-s534	3	4	NOUN	NOUN	en	en	false	within
train-s534	4	5	NOUN	ADP	en	hi	true	within
train-s534	5	6	ADP	VERB	hi	hi	false	boundary
train-s534	6	7	VERB	AUX	hi	hi	false	within
train-s534	7	8	AUX	DET	hi	hi	false	boundary
train-s534	8	9	DET	PART	hi	hi	false	within
train-s534	9	10	PART	NOUN	hi	hi	false	boundary
train-s534	10	11	NOUN	VERB	hi	hi	false	within
train-s535	1	2	SCONJ	NOUN	hi	hi	false	within
train-s535	2	3	NOUN	ADP	hi	hi	false	within
train-s535	3	4	ADP	PART	hi	hi	false	within
train-s535	4	5	PART	AUX	hi	hi	false	within
train-s535	5	6	AUX	SCONJ	hi	hi	false	boundary
train-s535	6	7	SCONJ	NOUN	hi	hi	false	within
train-s535	7	8	NOUN	ADJ	hi	hi	false	within
train-s535	8	9	ADJ	VERB	hi	hi	false	within
train-s535	9	10	VERB	AUX	hi	hi	false	within
train-s535	10	11	AUX	AUX	hi	hi	false	within
train-s535	11	12	AUX	SCONJ	hi	en	true	boundary
train-s535	12	13	SCONJ	SCONJ	en	en	false	within
train-s535	13	14	SCONJ	NOUN	en	en	false	boundary
train-s535	14	15	NOUN	AUX	en	en	false	within
train-s535	15	16	AUX	VERB	en	en	false	within
train-s535	16	17	VERB	PRON	en	en	false	within
train-s536	1	2	ADJ	NOUN	en	en	false	within
train-s536	2	4	NOUN	NOUN	en	en	false	within
train-s536	4	5	NOUN	ADP	en	hi	true	within
train-s536	5	6	ADP	AUX	hi	hi	false	within
train-s536	6	7	AUX	AUX	hi	hi	false	within
train-s537	1	2	VERB	ADP	en	en	false	boundary
train-s537	2	3	ADP	VERB	en	hi	true	within
train-s537	3	4	VERB	AUX	hi	hi	false	within
train-s537	4	6	AUX	CCONJ	hi	hi	false	boundary
train-s537	6	7	CCONJ	VERB	hi	hi	false	within
train-s537	7	8	VERB	AUX	hi	hi	false	within
train-s538	2	3	AUX	PRON	en	en	false	within
train-s538	3	4	PRON	VERB	en	en	false	within
train-s538	4	5	VERB	DET	en	en	false	boundary
train-s538	5	6	DET	NOUN	en	en	false	within
train-s538	6	7	NOUN	PRON	en	en	false	boundary
train-s538	7	8	PRON	ADV	en	en	false	within
train-s538	8	9	ADV	VERB	en	en	false	within
train-s538	9	11	VERB	NOUN	en	hi	true	boundary
train-s538	11	13	NOUN	NOUN	hi	hi	false	within
train-s538	13	14	NOUN	ADJ	hi	hi	false	within
train-s538	14	15	ADJ	VERB	hi	hi	false	within
train-s538	15	16	VERB	AUX	hi	hi	false	within
train-s538	16	18	AUX	NOUN	hi	hi	false	within
train-s538	18	19	NOUN	ADP	hi	hi	false	within
train-s538	19	20	ADP	ADP	hi	hi	false	within
train-s539	1	2	PRON	ADJ	hi	en	true	within
train-s539	2	3	ADJ	NOUN	en	en	false	within
train-s539	3	4	NOUN	ADP	en	en	false	boundary
train-s539	4	5	ADP	PRON	en	en	false	within
train-s539	5	6	PRON	PRON	en	hi	true	boundary
train-s539	6	7	PRON	VERB	hi	hi	false	within
train-s539	7	8	VERB	AUX	hi	hi	false	within
train-s540	2	3	NOUN	ADP	en	hi	true	within
train-s540	3	4	ADP	PART	hi	hi	false	within
train-s540	4	5	PART	NOUN	hi	en	true	boundary
train-s540	5	6	NOUN	PART	en	hi	true	within
train-s540	6	7	PART	PART	hi	hi	false	boundary
train-s540	7	8	PART	VERB	hi	hi	false	within
train-s540	8	9	VERB	CCONJ	hi	en	true	boundary
train-s540	9	11	CCONJ	NOUN	en	en	false	within
train-s540	11	12	NOUN	NOUN	en	en	false	within
train-s540	12	13	NOUN	VERB	en	hi	true	within
train-s540	13	14	VERB	AUX	hi	hi	false	within
train-s540	14	15	AUX	AUX	hi	hi	false	within
train-s541	2	3	PART	NOUN	en	en	false	boundary
train-s541	3	4	NOUN	ADP	en	en	false	boundary
train-s541	4	5	ADP	PROPN	en	en	false	within
train-s541	5	6	PROPN	ADP	en	en	false	boundary
train-s541	6	7	ADP	NOUN	en	en	false	within
train-s541	7	8	NOUN	VERB	en	en	false	boundary
train-s541	8	9	VERB	SCONJ	en	en	false	boundary
train-s541	9	10	SCONJ	NOUN	en	en	false	within
train-s541	10	11	NOUN	ADP	en	hi	true	within
train-s541	11	12	ADP	NOUN	hi	hi	false	boundary
train-s541	12	13	NOUN	VERB	hi	hi	false	within
train-s541	13	14	VERB	PRON	hi	hi	false	boundary
train-s541	14	15	PRON	ADP	hi	hi	false	within
train-s541	15	16	ADP	PART	hi	hi	false	boundary
train-s541	16	17	PART	VERB	hi	hi	false	within
train-s542	1	2	PRON	VERB	en	en	false	within
train-s542	2	3	VERB	DET	en	en	false	boundary
train-s542	3	4	DET	NOUN	en	hi	true	within
train-s542	4	5	NOUN	ADP	hi	hi	false	within
train-s542	5	6	ADP	ADP	hi	en	true	boundary
train-s542	6	7	ADP	NOUN	en	en	false	within
train-s542	7	8	NOUN	NOUN	en	en	false	within
train-s542	8	9	NOUN	PART	en	en	false	within
train-s543	1	2	ADV	VERB	en	en	false	within
train-s543	2	3	VERB	NOUN	en	hi	true	boundary
train-s543	3	4	NOUN	ADP	hi	hi	false	within
train-s543	4	5	ADP	NOUN	hi	hi	false	boundary
train-s543	5	7	NOUN	PRON	hi	en	true	boundary
train-s543	7	8	PRON	ADV	en	en	false	within
train-s543	8	9	ADV	VERB	en	en	false	within
train-s543	9	10	VERB	DET	en	en	false	boundary
train-s543	10	12	DET	ADJ	en	en	false	boundary
train-s544	1	2	NOUN	NOUN	hi	hi	false	boundary
train-s544	2	3	NOUN	ADP	hi	hi	false	within
train-s544	3	4	ADP	NOUN	hi	en	true	boundary
train-s544	4	5	NOUN	AUX	en	en	false	within
train-s544	5	6	AUX	ADV	en	en	false	within
train-s544	6	7	ADV	ADJ	en	en	false	within
train-s545	1	2	PRON	AUX	en	en	false	within
train-s545	2	3	AUX	ADJ	en	en	false	within
train-s545	3	4	ADJ	NOUN	en	en	false	within
train-s545	4	7	NOUN	PART	en	hi	true	boundary
train-s545	7	8	PART	PRON	hi	hi	false	boundary
train-s545	8	9	PRON	PART	hi	hi	false	within
train-s545	9	10	PART	AUX	hi	hi	false	within
train-s546	1	2	ADV	PRON	en	hi	true	within
train-s546	2	3	PRON	PART	hi	hi	false	within
train-s546	3	4	PART	VERB	hi	hi	false	boundary
train-s546	4	5	VERB	NOUN	hi	en	true	boundary
train-s546	5	6	NOUN	NOUN	en	en	false	within
train-s546	6	7	NOUN	ADP	en	hi	true	within
train-s546	7	8	ADP	VERB	hi	hi	false	boundary
train-s546	8	9	VERB	ADV	hi	hi	false	within
train-s547	1	2	NOUN	ADP	en	hi	true	within
train-s547	2	3	ADP	NOUN	hi	en	true	boundary
train-s547	3	4	NOUN	VERB	en	hi	true	within
train-s547	4	5	VERB	AUX	hi	hi	false	within
train-s547	5	6	AUX	AUX	hi	hi	false	within
train-s548	1	2	PRON	AUX	en	en	false	within
train-s548	2	3	AUX	VERB	en	en	false	within
train-s548	3	4	VERB	NOUN	en	en	false	within
train-s548	4	5	NOUN	ADP	en	en	false	boundary
train-s548	5	6	ADP	DET	en	en	false	within
train-s548	6	7	DET	ADJ	en	en	false	within
train-s548	7	8	ADJ	NOUN	en	en	false	within
train-s548	8	9	NOUN	ADP	en	en	false	boundary
train-s548	9	10	ADP	DET	en	en	false	within
train-s548	10	13	DET	ADJ	en	en	false	boundary
train-s548	13	14	ADJ	NOUN	en	hi	true	within
train-s548	14	15	NOUN	ADP	hi	hi	false	within
train-s548	15	16	ADP	NOUN	hi	en	true	boundary
train-s548	16	17	NOUN	VERB	en	hi	true	within
train-s548	17	18	VERB	SCONJ	hi	hi	false	within
train-s548	18	19	SCONJ	SCONJ	hi	hi	false	within
train-s549	1	2	NOUN	VERB	hi	hi	false	within
train-s549	2	3	VERB	SCONJ	hi	hi	false	within
train-s549	3	4	SCONJ	SCONJ	hi	hi	false	within
train-s549	4	5	SCONJ	NOUN	hi	en	true	boundary
train-s549	5	6	NOUN	ADP	en	hi	true	within
train-s549	6	7	ADP	NOUN	hi	en	true	boundary
train-s549	7	8	NOUN	VERB	en	hi	true	within
train-s549	8	9	VERB	SCONJ	hi	hi	false	within
train-s549	9	10	SCONJ	ADV	hi	hi	false	boundary
train-s549	10	11	ADV	NOUN	hi	en	true	within
train-s549	11	12	NOUN	VERB	en	hi	true	within
train-s549	12	13	VERB	AUX	hi	hi	false	within
train-s549	13	14	AUX	NOUN	hi	hi	false	within
train-s550	2	3	PART	VERB	en	en	false	within
train-s550	3	4	VERB	ADP	en	en	false	boundary
train-s550	4	6	ADP	NOUN	en	en	false	within
train-s550	6	7	NOUN	NOUN	en	en	false	within
train-s550	7	8	NOUN	PART	en	en	false	boundary
train-s550	8	9	PART	VERB	en	en	false	within
train-s550	9	10	VERB	ADJ	en	hi	true	boundary
train-s550	10	11	ADJ	NOUN	hi	hi	false	within
train-s551	1	2	PRON	NOUN	en	en	false	within
train-s551	2	3	NOUN	VERB	en	en	false	boundary
train-s551	3	4	VERB	PART	en	en	false	boundary
train-s551	4	5	PART	VERB	en	en	false	within
train-s551	5	6	VERB	PRON	en	en	false	within
train-s551	6	8	PRON	NOUN	en	hi	true	boundary
train-s551	8	9	NOUN	NOUN	hi	hi	false	boundary
train-s551	9	10	NOUN	ADV	hi	hi	false	within
train-s551	10	11	ADV	ADP	hi	hi	false	within
train-s551	11	12	ADP	VERB	hi	hi	false	boundary
train-s551	12	13	VERB	VERB	hi	hi	false	within
train-s551	13	14	VERB	AUX	hi	hi	false	within
train-s552	1	2	ADV	NOUN	en	en	false	within
train-s552	2	3	NOUN	VERB	en	en	false	within
train-s552	3	4	VERB	PART	en	en	false	boundary
train-s552	4	5	PART	VERB	en	en	false	within
train-s552	5	6	VERB	NOUN	en	hi	true	boundary
train-s552	6	7	NOUN	ADP	hi	hi	false	within
train-s552	7	8	ADP	NOUN	hi	hi	false	boundary
train-s552	8	9	NOUN	ADP	hi	en	true	boundary
train-s552	9	10	ADP	ADP	en	en	false	within
train-s552	10	11	ADP	PRON	en	en	false	within
train-s552	11	12	PRON	ADJ	en	en	false	within
train-s552	12	13	ADJ	NOUN	en	en	false	within
train-s553	2	3	ADV	DET	en	en	false	boundary
train-s553	3	4	DET	ADP	en	en	false	within
train-s553	4	5	ADP	DET	en	en	false	within
train-s553	5	6	DET	NOUN	en	en	false	within
train-s553	6	7	NOUN	PRON	en	en	false	within
train-s553	7	8	PRON	VERB	en	en	false	within
train-s553	8	9	VERB	VERB	en	en	false	within
train-s553	9	10	VERB	PRON	en	en	false	boundary
train-s553	10	11	PRON	ADV	en	en	false	within
train-s553	11	12	ADV	VERB	en	en	false	within
train-s553	12	14	VERB	NOUN	en	en	false	boundary
train-s553	14	15	NOUN	VERB	en	hi	true	boundary
train-s553	15	16	VERB	CCONJ	hi	hi	false	boundary
train-s553	16	17	CCONJ	VERB	hi	hi	false	within
train-s553	17	18	VERB	AUX	hi	hi	false	within
train-s554	1	2	NOUN	ADP	en	hi	true	within
train-s554	2	3	ADP	PRON	hi	hi	false	boundary
train-s554	3	4	PRON	PRON	hi	hi	false	boundary
train-s554	4	5	PRON	NOUN	hi	en	true	within
train-s554	5	6	NOUN	ADP	en	hi	true	within
train-s554	6	7	ADP	NOUN	hi	en	true	boundary
train-s554	7	8	NOUN	ADP	en	hi	true	within
train-s554	8	9	ADP	ADJ	hi	en	true	boundary
train-s554	9	10	ADJ	NOUN	en	en	false	within
train-s554	10	11	NOUN	VERB	en	hi	true	within
train-s554	11	12	VERB	AUX	hi	hi	false	within
train-s554	12	13	AUX	AUX	hi	hi	false	within
train-s555	1	2	ADV	ADV	hi	en	true	within
train-s555	2	3	ADV	VERB	en	en	false	within
train-s555	3	4	VERB	ADJ	en	hi	true	within
train-s555	4	6	ADJ	ADP	hi	hi	false	within
train-s555	6	7	ADP	ADV	hi	hi	false	boundary
train-s555	7	8	ADV	PART	hi	hi	false	within
train-s555	8	9	PART	ADJ	hi	hi	false	boundary
train-s555	9	10	ADJ	PRON	hi	hi	false	within
train-s555	10	11	PRON	VERB	hi	hi	false	within
train-s556	1	2	PRON	AUX	en	en	false	within
train-s556	2	3	AUX	PART	en	en	false	within
train-s556	3	4	PART	VERB	en	en	false	within
train-s556	4	5	VERB	PRON	en	hi	true	boundary
train-s556	5	6	PRON	PRON	hi	hi	false	within
train-s556	6	7	PRON	VERB	hi	hi	false	within
train-s556	7	8	VERB	AUX	hi	hi	false	within
train-s556	8	9	AUX	AUX	hi	hi	false	within
train-s557	2	3	NOUN	AUX	en	en	false	within
train-s557	3	4	AUX	PART	en	en	false	within
train-s557	4	5	PART	ADP	en	en	false	within
train-s557	5	7	ADP	PRON	en	en	false	within
train-s557	7	8	PRON	VERB	en	en	false	within
train-s557	8	9	VERB	PRON	en	en	false	within
train-s557	9	11	PRON	PRON	en	en	false	boundary
train-s557	11	12	PRON	AUX	en	en	false	within
train-s557	12	13	AUX	ADP	en	en	false	within
train-s557	13	14	ADP	ADP	en	en	false	within
train-s557	14	16	ADP	ADV	en	hi	true	within
train-s557	16	17	ADV	VERB	hi	hi	false	within
train-s557	17	18	VERB	AUX	hi	hi	false	within
train-s557	18	19	AUX	AUX	hi	hi	false	within
train-s557	19	20	AUX	DET	hi	hi	false	boundary
train-s557	20	21	DET	NOUN	hi	hi	false	within
train-s558	1	2	DET	NOUN	hi	en	true	within
train-s558	2	3	NOUN	AUX	en	hi	true	within
train-s558	3	4	AUX	AUX	hi	hi	false	within
train-s558	4	6	AUX	PRON	hi	en	true	boundary
train-s558	6	7	PRON	AUX	en	en	false	within
train-s558	7	8	AUX	NOUN	en	en	false	within
train-s558	8	9	NOUN	PRON	en	en	false	boundary
train-s558	9	10	PRON	VERB	en	en	false	within
train-s558	10	11	VERB	ADV	en	en	false	within
train-s559	1	2	NOUN	NOUN	en	en	false	within
train-s559	2	3	NOUN	ADP	en	hi	true	within
train-s559	3	4	ADP	NOUN	hi	hi	false	boundary
train-s559	4	5	NOUN	PRON	hi	hi	false	within
train-s559	5	6	PRON	ADP	hi	hi	false	within
train-s559	6	7	ADP	VERB	hi	hi	false	boundary
train-s559	7	8	VERB	AUX	hi	hi	false	within
train-s559	8	9	AUX	NOUN	hi	hi	false	within
train-s560	1	2	NOUN	ADP	hi	hi	false	within
train-s560	2	3	ADP	NOUN	hi	hi	false	boundary
train-s560	3	4	NOUN	VERB	hi	hi	false	within
train-s560	4	5	VERB	ADV	hi	en	true	boundary
train-s560	5	6	ADV	PRON	en	en	false	within
train-s560	6	7	PRON	VERB	en	en	false	within
train-s561	1	2	NOUN	ADP	hi	hi	false	within
train-s561	2	4	ADP	NOUN	hi	hi	false	boundary
train-s561	4	5	NOUN	NOUN	hi	hi	false	within
train-s561	5	6	NOUN	VERB	hi	hi	false	within
train-s561	6	7	VERB	AUX	hi	hi	false	within
train-s561	7	8	AUX	SCONJ	hi	en	true	boundary
train-s561	8	9	SCONJ	VERB	en	en	false	within
train-s561	9	10	VERB	ADV	en	en	false	within
train-s561	10	11	ADV	DET	en	en	false	boundary
train-s561	11	12	DET	NOUN	en	en	false	within
train-s562	1	2	PRON	INTJ	en	en	false	within
train-s562	2	3	INTJ	VERB	en	en	false	within
train-s562	3	4	VERB	ADV	en	en	false	within
train-s562	4	5	ADV	DET	en	en	false	boundary
train-s562	5	6	DET	NOUN	en	en	false	within
train-s562	6	8	NOUN	DET	en	hi	true	boundary
train-s562	8	9	DET	NOUN	hi	hi	false	within
train-s562	9	10	NOUN	AUX	hi	hi	false	within
train-s562	10	11	AUX	AUX	hi	hi	false	within
train-s562	11	12	AUX	AUX	hi	hi	false	within
train-s563	1	2	ADV	PRON	en	en	false	within
train-s563	2	3	PRON	VERB	en	en	false	within
train-s563	3	4	VERB	ADP	en	en	false	boundary
train-s563	4	5	ADP	PRON	en	en	false	within
train-s563	5	6	PRON	PRON	en	hi	true	boundary
train-s563	6	7	PRON	PRON	hi	hi	false	within
train-s563	7	8	PRON	VERB	hi	hi	false	boundary
train-s563	8	9	VERB	AUX	hi	hi	false	within
train-s564	2	5	ADV	AUX	en	en	false	within
train-s564	5	6	AUX	VERB	en	en	false	within
train-s564	6	7	VERB	NOUN	en	en	false	within
train-s564	7	8	NOUN	VERB	en	en	false	within
train-s564	8	11	VERB	NOUN	en	hi	true	boundary
train-s564	11	12	NOUN	VERB	hi	hi	false	within
train-s564	12	13	VERB	NOUN	hi	hi	false	boundary
train-s564	13	14	NOUN	VERB	hi	hi	false	within
train-s564	14	15	VERB	AUX	hi	hi	false	within
train-s564	15	16	AUX	PRON	hi	hi	false	within
train-s564	16	17	PRON	ADP	hi	hi	false	within
train-s565	2	3	PRON	PART	hi	hi	false	within
train-s565	3	4	PART	ADJ	hi	en	true	boundary
train-s565	4	5	ADJ	AUX	en	hi	true	within
train-s565	5	7	AUX	PRON	hi	hi	false	boundary
train-s565	7	8	PRON	PART	hi	hi	false	within
train-s565	8	9	PART	NOUN	hi	en	true	boundary
train-s565	9	10	NOUN	PART	en	hi	true	within
train-s565	10	11	PART	ADJ	hi	en	true	boundary
train-s565	11	12	ADJ	AUX	en	hi	true	within
train-s566	1	2	INTJ	NOUN	en	en	false	within
train-s566	2	3	NOUN	VERB	en	en	false	within
train-s566	3	4	VERB	VERB	en	en	false	within
train-s566	4	5	VERB	NOUN	en	en	false	within
train-s566	5	6	NOUN	ADP	en	en	false	boundary
train-s566	6	7	ADP	DET	en	en	false	within
train-s566	7	8	DET	NOUN	en	hi	true	within
train-s566	8	9	NOUN	ADP	hi	hi	false	within
train-s566	9	10	ADP	NOUN	hi	hi	false	boundary
train-s567	2	3	AUX	PART	en	en	false	within
train-s567	3	4	PART	ADV	en	en	false	within
train-s567	4	5	ADV	CCONJ	en	en	false	within
train-s567	5	7	CCONJ	DET	en	hi	true	boundary
train-s567	7	8	DET	NOUN	hi	hi	false	within
train-s567	8	9	NOUN	ADJ	hi	hi	false	boundary
train-s567	9	10	ADJ	NOUN	hi	hi	false	within
train-s567	10	11	NOUN	ADV	hi	hi	false	within
train-s567	11	12	ADV	VERB	hi	hi	false	within
train-s568	2	3	NOUN	NOUN	en	en	false	within
train-s568	3	4	NOUN	ADP	en	en	false	boundary
train-s568	4	6	ADP	VERB	en	en	false	boundary
train-s568	6	7	VERB	ADP	en	en	false	boundary
train-s568	7	9	ADP	NOUN	en	hi	true	within
train-s568	9	10	NOUN	PART	hi	hi	false	within
train-s568	10	11	PART	NOUN	hi	hi	false	boundary
train-s568	11	13	NOUN	SCONJ	hi	en	true	within
train-s568	13	15	SCONJ	ADJ	en	hi	true	within
train-s568	15	16	ADJ	AUX	hi	hi	false	within
train-s568	16	17	AUX	NOUN	hi	hi	false	within
train-s568	17	18	NOUN	ADJ	hi	hi	false	within
train-s568	18	19	ADJ	AUX	hi	hi	false	within
train-s568	19	21	AUX	ADP	hi	en	true	boundary
train-s568	21	23	ADP	NOUN	en	en	false	within
train-s569	3	5	VERB	CCONJ	en	en	false	boundary
train-s569	5	6	CCONJ	VERB	en	en	false	within
train-s569	6	7	VERB	NOUN	en	hi	true	boundary
train-s569	7	8	NOUN	NOUN	hi	hi	false	within
train-s569	8	9	NOUN	DET	hi	hi	false	boundary
train-s569	9	10	DET	NOUN	hi	hi	false	within
train-s569	10	11	NOUN	ADP	hi	hi	false	within
train-s569	11	12	ADP	ADP	hi	hi	false	within
train-s569	12	13	ADP	NOUN	hi	hi	false	boundary
train-s569	13	14	NOUN	VERB	hi	hi	false	within
train-s569	14	15	VERB	AUX	hi	hi	false	within
train-s570	1	2	NOUN	ADP	en	hi	true	within
train-s570	2	3	ADP	PART	hi	hi	false	within
train-s570	3	4	PART	NOUN	hi	en	true	boundary
train-s570	4	5	NOUN	NOUN	en	en	false	within
train-s570	5	6	NOUN	VERB	en	hi	true	within
train-s570	6	7	VERB	AUX	hi	hi	false	within
train-s570	7	8	AUX	AUX	hi	hi	false	within
train-s570	8	9	AUX	AUX	hi	hi	false	within
train-s571	1	2	ADJ	NOUN	hi	en	true	within
train-s571	2	3	NOUN	ADP	en	hi	true	within
train-s571	3	4	ADP	ADP	hi	hi	false	within
train-s571	4	6	ADP	ADP	hi	en	true	boundary
train-s571	6	8	ADP	ADP	en	hi	true	boundary
train-s571	8	9	ADP	NOUN	hi	en	true	boundary
train-s571	9	10	NOUN	PART	en	hi	true	within
train-s571	10	11	PART	NOUN	hi	en	true	boundary
train-s571	11	12	NOUN	PART	en	hi	true	within
train-s571	12	13	PART	VERB	hi	hi	false	within
train-s571	13	14	VERB	AUX	hi	hi	false	within
train-s572	1	3	NOUN	NOUN	hi	en	true	boundary
train-s572	3	4	NOUN	NOUN	en	en	false	within
train-s572	4	5	NOUN	ADP	en	hi	true	within
train-s572	5	6	ADP	NOUN	hi	hi	false	boundary
train-s572	6	7	NOUN	PRON	hi	hi	false	within
train-s572	7	8	PRON	VERB	hi	hi	false	within
train-s572	8	9	VERB	AUX	hi	hi	false	within
train-s573	1	2	PRON	NOUN	hi	en	true	boundary
train-s573	2	3	NOUN	ADP	en	hi	true	within
train-s573	3	5	ADP	ADP	hi	hi	false	boundary
train-s573	5	6	ADP	NOUN	hi	hi	false	boundary
train-s573	6	7	NOUN	VERB	hi	hi	false	within
train-s573	7	8	VERB	AUX	hi	hi	false	within
train-s573	8	9	AUX	VERB	hi	hi	false	boundary
train-s573	9	10	VERB	AUX	hi	hi	false	within
train-s573	10	11	AUX	AUX	hi	hi	false	within
train-s573	11	12	AUX	CCONJ	hi	en	true	boundary
train-s573	12	13	CCONJ	PRON	en	en	false	within
train-s573	13	14	PRON	VERB	en	en	false	within
train-s573	14	15	VERB	PRON	en	en	false	boundary
train-s573	15	16	PRON	PART	en	en	false	within
train-s573	16	17	PART	VERB	en	en	false	within
train-s573	17	18	VERB	NOUN	en	en	false	boundary
train-s573	18	19	NOUN	NOUN	en	en	false	within
train-s574	1	2	ADV	AUX	en	en	false	within
train-s574	2	3	AUX	PRON	en	en	false	within
train-s574	3	4	PRON	VERB	en	en	false	within
train-s574	4	6	VERB	ADP	en	hi	true	boundary
train-s574	6	8	ADP	ADP	hi	en	true	boundary
train-s575	1	2	PART	PRON	en	en	false	within
train-s575	2	3	PRON	SCONJ	en	en	false	within
train-s575	3	4	SCONJ	PRON	en	en	false	within
train-s575	4	5	PRON	VERB	en	hi	true	within
train-s575	5	7	VERB	NOUN	hi	hi	false	boundary
train-s575	7	8	NOUN	PART	hi	hi	false	within
train-s575	8	9	PART	ADJ	hi	hi	false	boundary
train-s576	1	2	DET	NOUN	hi	hi	false	within
train-s576	2	3	NOUN	AUX	hi	hi	false	within
train-s576	3	4	AUX	CCONJ	hi	en	true	boundary
train-s576	4	5	CCONJ	ADV	en	en	false	within
train-s576	5	6	ADV	NOUN	en	en	false	within
train-s576	6	7	NOUN	AUX	en	en	false	within
train-s576	7	8	AUX	ADV	en	en	false	within
train-s576	8	9	ADV	ADJ	en	en	false	within
train-s576	9	10	ADJ	INTJ	en	en	false	within
train-s577	1	2	VERB	PRON	en	en	false	within
train-s577	2	3	PRON	NOUN	en	en	false	within
train-s577	3	4	NOUN	PRON	en	hi	true	boundary
train-s577	4	5	PRON	NOUN	hi	hi	false	within
train-s578	2	3	DET	PRON	en	en	false	within
train-s578	3	4	PRON	VERB	en	en	false	within
train-s578	4	5	VERB	DET	en	en	false	boundary
train-s578	5	6	DET	NUM	en	en	false	within
train-s578	6	7	NUM	NOUN	en	en	false	within
train-s578	7	8	NOUN	ADP	en	en	false	boundary
train-s578	8	9	ADP	NOUN	en	en	false	within
train-s578	9	10	NOUN	PRON	en	hi	true	boundary
train-s578	10	11	PRON	NOUN	hi	hi	false	within
train-s578	11	12	NOUN	PART	hi	hi	false	within
train-s578	12	15	PART	ADP	hi	hi	false	boundary
train-s578	15	16	ADP	NOUN	hi	en	true	boundary
train-s578	16	17	NOUN	ADP	en	hi	true	within
train-s578	17	19	ADP	ADP	hi	hi	false	boundary
train-s578	19	20	ADP	VERB	hi	hi	false	boundary
train-s578	20	21	VERB	SCONJ	hi	hi	false	within
train-s578	21	22	SCONJ	VERB	hi	hi	false	boundary
train-s578	22	23	VERB	AUX	hi	hi	false	within
train-s579	2	3	ADP	PART	hi	hi	false	within
train-s579	3	4	PART	PRON	hi	en	true	boundary
train-s579	4	5	PRON	AUX	en	en	false	within
train-s579	5	6	AUX	PRON	en	en	false	within
train-s579	6	7	PRON	ADP	en	hi	true	within
train-s579	7	8	ADP	NOUN	hi	en	true	boundary
train-s579	8	9	NOUN	VERB	en	hi	true	within
train-s579	9	10	VERB	AUX	hi	hi	false	within
train-s580	1	2	NOUN	VERB	en	hi	true	within
train-s580	2	3	VERB	AUX	hi	hi	false	within
train-s580	3	5	AUX	NOUN	hi	en	true	boundary
train-s580	5	6	NOUN	PROPN	en	hi	true	within
train-s580	6	7	PROPN	VERB	hi	hi	false	within
train-s581	2	3	PRON	ADJ	en	en	false	within
train-s581	3	4	ADJ	NOUN	en	en	false	within
train-s581	4	5	NOUN	ADP	en	en	false	boundary
train-s581	5	6	ADP	ADJ	en	en	false	within
train-s581	6	7	ADJ	NOUN	en	en	false	within
train-s581	7	8	NOUN	AUX	en	en	false	within
train-s581	8	10	AUX	NOUN	en	hi	true	within
train-s581	10	11	NOUN	VERB	hi	hi	false	within
train-s581	11	12	VERB	AUX	hi	hi	false	within
train-s581	12	13	AUX	DET	hi	hi	false	boundary
train-s581	13	14	DET	NOUN	hi	hi	false	within
train-s582	1	3	VERB	ADP	en	hi	true	boundary
train-s582	3	4	ADP	NOUN	hi	hi	false	boundary
train-s582	4	5	NOUN	ADP	hi	en	true	boundary
train-s582	5	6	ADP	DET	en	en	false	within
train-s582	6	7	DET	ADJ	en	en	false	within
train-s582	7	8	ADJ	NOUN	en	en	false	within
train-s583	1	2	PRON	VERB	en	en	false	within
train-s583	2	3	VERB	PRON	en	hi	true	boundary
train-s583	3	4	PRON	PART	hi	hi	false	within
train-s583	4	5	PART	ADV	hi	hi	false	boundary
train-s583	5	6	ADV	ADJ	hi	hi	false	within
train-s583	6	7	ADJ	PART	hi	hi	false	within
train-s583	7	8	PART	ADJ	hi	hi	false	boundary
train-s583	8	9	ADJ	NOUN	hi	hi	false	within
train-s583	9	10	NOUN	AUX	hi	hi	false	within
train-s584	1	2	NOUN	ADP	en	hi	true	within
train-s584	2	3	ADP	ADJ	hi	en	true	boundary
train-s584	3	4	ADJ	VERB	en	hi	true	within
train-s584	4	6	VERB	SCONJ	hi	en	true	boundary
train-s584	6	7	SCONJ	PRON	en	en	false	within
train-s584	7	8	PRON	AUX	en	en	false	within
train-s584	8	9	AUX	VERB	en	en	false	within
train-s585	2	3	ADV	ADJ	hi	en	true	boundary
train-s585	3	4	ADJ	NOUN	en	en	false	within
train-s585	4	5	NOUN	ADP	en	hi	true	within
train-s585	5	6	ADP	NOUN	hi	en	true	boundary
train-s585	6	7	NOUN	PART	en	hi	true	within
train-s585	7	8	PART	VERB	hi	hi	false	within
train-s586	2	3	NOUN	VERB	hi	hi	false	within
train-s586	3	4	VERB	AUX	hi	hi	false	within
train-s586	4	5	AUX	NOUN	hi	en	true	boundary
train-s586	5	6	NOUN	VERB	en	hi	true	boundary
train-s586	6	7	VERB	VERB	hi	hi	false	within
train-s586	7	9	VERB	AUX	hi	en	true	boundary
train-s586	9	10	AUX	ADV	en	en	false	within
train-s586	10	11	ADV	VERB	en	en	false	within
train-s586	11	12	VERB	PART	en	en	false	boundary
train-s586	12	13	PART	VERB	en	en	false	within
train-s586	13	14	VERB	ADJ	en	en	false	within
train-s587	1	2	AUX	PART	en	en	false	within
train-s587	2	3	PART	VERB	en	en	false	within
train-s587	3	4	VERB	ADP	en	en	false	boundary
train-s587	4	7	ADP	CCONJ	en	en	false	boundary
train-s587	7	8	CCONJ	PRON	en	hi	true	within
train-s587	8	10	PRON	ADP	hi	hi	false	boundary
train-s587	10	11	ADP	ADV	hi	hi	false	boundary
train-s587	11	12	ADV	ADJ	hi	hi	false	within
train-s587	12	13	ADJ	NOUN	hi	en	true	within
train-s587	13	14	NOUN	AUX	en	hi	true	within
train-s587	14	15	AUX	AUX	hi	hi	false	within
train-s587	15	16	AUX	PRON	hi	hi	false	boundary
train-s587	16	17	PRON	NOUN	hi	en	true	within
train-s587	17	18	NOUN	PART	en	hi	true	within
train-s587	18	19	PART	PART	hi	hi	false	boundary
train-s587	19	20	PART	VERB	hi	hi	false	within
train-s587	20	21	VERB	AUX	hi	hi	false	within
train-s587	21	22	AUX	AUX	hi	hi	false	within
train-s588	1	2	NOUN	PRON	en	en	false	boundary
train-s588	2	3	PRON	AUX	en	en	false	within
train-s588	3	4	AUX	PART	en	en	false	within
train-s588	4	5	PART	VERB	en	en	false	within
train-s588	5	6	VERB	NOUN	en	hi	true	boundary
train-s588	6	7	NOUN	ADP	hi	hi	false	within
train-s588	7	8	ADP	NOUN	hi	hi	false	boundary
train-s588	8	10	NOUN	AUX	hi	en	true	boundary
train-s588	10	11	AUX	PRON	en	en	false	within
train-s588	11	12	PRON	ADV	en	en	false	within
train-s588	12	13	ADV	NOUN	en	en	false	within
train-s589	1	2	DET	NOUN	hi	en	true	within
train-s589	2	3	NOUN	PRON	en	hi	true	within
train-s589	3	6	PRON	ADP	hi	hi	false	boundary
train-s589	6	7	ADP	NOUN	hi	en	true	boundary
train-s589	7	8	NOUN	ADP	en	hi	true	within
train-s589	8	9	ADP	NOUN	hi	en	true	boundary
train-s589	9	10	NOUN	VERB	en	hi	true	within
train-s589	10	11	VERB	AUX	hi	hi	false	within
train-s589	11	12	AUX	SCONJ	hi	hi	false	boundary
train-s589	12	13	SCONJ	ADV	hi	hi	false	within
train-s589	13	14	ADV	VERB	hi	hi	false	within
train-s589	14	15	VERB	AUX	hi	hi	false	within
train-s590	1	2	DET	NOUN	en	en	false	within
train-s590	2	3	NOUN	AUX	en	en	false	within
train-s590	3	4	AUX	VERB	en	en	false	within
train-s590	4	5	VERB	DET	en	en	false	boundary
train-s590	5	6	DET	ADJ	en	en	false	within
train-s590	6	7	ADJ	NOUN	en	en	false	within
train-s590	7	8	NOUN	SCONJ	en	en	false	boundary
train-s590	8	9	SCONJ	PRON	en	en	false	within
train-s590	9	10	PRON	VERB	en	en	false	within
train-s590	10	11	VERB	PRON	en	en	false	within
train-s590	11	13	PRON	PRON	en	hi	true	boundary
train-s590	13	14	PRON	NOUN	hi	en	true	within
train-s590	14	15	NOUN	VERB	en	hi	true	within
train-s590	15	16	VERB	AUX	hi	hi	false	within
train-s591	1	2	NOUN	ADP	en	en	false	boundary
train-s591	2	3	ADP	NOUN	en	en	false	within
train-s591	3	4	NOUN	ADP	en	hi	true	within
train-s591	4	5	ADP	PRON	hi	hi	false	boundary
train-s591	5	6	PRON	ADP	hi	hi	false	within
train-s591	6	7	ADP	NOUN	hi	hi	false	boundary
train-s591	7	8	NOUN	VERB	hi	hi	false	within
train-s591	8	9	VERB	AUX	hi	hi	false	within
train-s591	9	10	AUX	AUX	hi	hi	false	within
train-s591	10	11	AUX	AUX	hi	hi	false	within
train-s592	1	2	NUM	NOUN	en	en	false	within
train-s592	2	3	NOUN	SCONJ	en	en	false	boundary
train-s592	3	4	SCONJ	PRON	en	en	false	within
train-s592	4	5	PRON	AUX	en	en	false	within
train-s592	5	6	AUX	ADV	en	en	false	within
train-s592	6	7	ADV	ADJ	en	en	false	within
train-s592	7	8	ADJ	ADP	en	en	false	within
train-s592	8	9	ADP	ADP	en	en	false	boundary
train-s592	9	10	ADP	DET	en	en	false	within
train-s592	10	11	DET	NOUN	en	en	false	within
train-s592	11	12	NOUN	VERB	en	en	false	boundary
train-s592	12	13	VERB	SCONJ	en	en	false	boundary
train-s592	13	14	SCONJ	NOUN	en	hi	true	within
train-s592	14	15	NOUN	NOUN	hi	hi	false	within
train-s592	15	16	NOUN	ADP	hi	hi	false	within
train-s592	16	17	ADP	NOUN	hi	hi	false	boundary
train-s592	17	18	NOUN	PART	hi	hi	false	within
train-s592	18	19	PART	AUX	hi	hi	false	within
train-s593	1	2	AUX	PART	en	en	false	within
train-s593	2	3	PART	VERB	en	en	false	within
train-s593	3	4	VERB	ADP	en	en	false	boundary
train-s593	4	5	ADP	DET	en	en	false	within
train-s593	5	6	DET	NOUN	en	en	false	within
train-s593	6	8	NOUN	DET	en	hi	true	boundary
train-s593	8	9	DET	NOUN	hi	hi	false	within
train-s593	9	10	NOUN	PART	hi	hi	false	within
train-s593	10	11	PART	NOUN	hi	en	true	boundary
train-s593	11	12	NOUN	PART	en	hi	true	within
train-s593	12	13	PART	VERB	hi	hi	false	within
train-s593	13	14	VERB	AUX	hi	hi	false	within
train-s594	2	3	ADJ	NOUN	en	en	false	within
train-s594	3	4	NOUN	PART	en	en	false	within
train-s594	4	5	PART	NOUN	en	en	false	boundary
train-s594	5	6	NOUN	ADP	en	en	false	boundary
train-s594	6	7	ADP	DET	en	en	false	within
train-s594	7	8	DET	DET	en	en	false	within
train-s594	8	9	DET	ADJ	en	hi	true	within
train-s594	9	10	ADJ	NOUN	hi	hi	false	within
train-s594	10	11	NOUN	PRON	hi	hi	false	boundary
train-s594	11	12	PRON	VERB	hi	hi	false	within
train-s594	12	13	VERB	AUX	hi	hi	false	within
train-s594	13	16	AUX	DET	hi	hi	false	boundary
train-s594	16	17	DET	NOUN	hi	hi	false	within
train-s594	17	18	NOUN	ADP	hi	hi	false	within
train-s594	18	19	ADP	ADP	hi	hi	false	within
train-s594	19	20	ADP	VERB	hi	hi	false	boundary
train-s594	20	21	VERB	AUX	hi	hi	false	within
train-s594	21	22	AUX	AUX	hi	hi	false	within
train-s595	1	2	ADJ	AUX	en	hi	true	within
train-s595	2	3	AUX	SCONJ	hi	hi	false	boundary
train-s595	3	4	SCONJ	VERB	hi	hi	false	within
train-s595	4	6	VERB	CCONJ	hi	hi	false	boundary
train-s595	6	7	CCONJ	ADJ	hi	en	true	within
train-s595	7	8	ADJ	PART	en	hi	true	within
train-s595	8	9	PART	AUX	hi	hi	false	within
train-s595	9	10	AUX	AUX	hi	hi	false	within
train-s595	10	11	AUX	PART	hi	hi	false	within
train-s596	1	2	ADV	PRON	en	en	false	within
train-s596	2	3	PRON	VERB	en	en	false	within
train-s596	3	4	VERB	NOUN	en	en	false	boundary
train-s596	4	6	NOUN	VERB	en	hi	true	within
train-s596	6	7	VERB	AUX	hi	hi	false	within
train-s596	7	10	AUX	PRON	hi	en	true	boundary
train-s596	10	11	PRON	VERB	en	en	false	within
train-s596	11	12	VERB	PRON	en	en	false	within
train-s597	3	4	ADP	ADJ	hi	en	true	boundary
train-s597	4	5	ADJ	ADJ	en	en	false	within
train-s597	5	6	ADJ	NOUN	en	hi	true	within
train-s597	6	7	NOUN	ADP	hi	hi	false	within
train-s597	7	8	ADP	PRON	hi	hi	false	boundary
train-s597	8	9	PRON	VERB	hi	hi	false	within
train-s598	1	2	PRON	VERB	en	en	false	within
train-s598	2	3	VERB	VERB	en	en	false	within
train-s598	3	4	VERB	NOUN	en	en	false	boundary
train-s598	4	5	NOUN	NOUN	en	en	false	within
train-s598	5	6	NOUN	ADP	en	en	false	boundary
train-s598	6	7	ADP	NOUN	en	en	false	within
train-s598	7	8	NOUN	CCONJ	en	hi	true	boundary
train-s598	8	9	CCONJ	NUM	hi	hi	false	within
train-s598	9	10	NUM	PART	hi	hi	false	within
train-s598	10	11	PART	VERB	hi	hi	false	boundary
train-s598	11	12	VERB	PART	hi	hi	false	within
train-s599	1	2	NUM	NOUN	hi	hi	false	within
train-s599	2	3	NOUN	AUX	hi	hi	false	within
train-s599	3	5	AUX	ADP	hi	hi	false	boundary
train-s599	5	6	ADP	NOUN	hi	en	true	boundary
train-s599	6	7	NOUN	AUX	en	hi	true	within
train-s599	7	8	AUX	AUX	hi	hi	false	within
train-s599	8	9	AUX	CCONJ	hi	en	true	boundary
train-s599	9	10	CCONJ	ADV	en	en	false	within
train-s599	10	11	ADV	ADV	en	en	false	within
train-s599	11	12	ADV	NOUN	en	en	false	within
train-s599	12	13	NOUN	NOUN	en	en	false	within
train-s599	13	14	NOUN	PART	en	en	false	boundary
train-s599	14	16	PART	PART	en	en	false	boundary
train-s599	16	17	PART	NOUN	en	en	false	within
train-s600	2	3	NOUN	AUX	en	en	false	within
train-s600	3	4	AUX	ADJ	en	en	false	within
train-s600	4	6	ADJ	NOUN	en	hi	true	boundary
train-s600	6	7	NOUN	ADP	hi	hi	false	within
train-s600	7	8	ADP	NOUN	hi	hi	false	boundary
train-s600	8	9	NOUN	AUX	hi	en	true	within
train-s600	9	10	AUX	ADJ	en	en	false	within
train-s601	1	2	PRON	AUX	en	en	false	within
train-s601	2	3	AUX	VERB	en	en	false	within
train-s601	3	4	VERB	NOUN	en	en	false	within
train-s601	4	5	NOUN	SCONJ	en	en	false	boundary
train-s601	5	6	SCONJ	PRON	en	hi	true	within
train-s601	6	7	PRON	ADP	hi	hi	false	within
train-s601	7	8	ADP	ADP	hi	hi	false	within
train-s601	8	9	ADP	NOUN	hi	hi	false	boundary
train-s601	9	10	NOUN	VERB	hi	hi	false	within
train-s601	10	11	VERB	AUX	hi	hi	false	within
train-s602	1	2	ADV	ADV	hi	hi	false	within
train-s602	2	3	ADV	NOUN	hi	hi	false	within
train-s602	3	4	NOUN	VERB	hi	hi	false	within
train-s602	4	5	VERB	AUX	hi	hi	false	within
train-s602	5	6	AUX	PRON	hi	hi	false	boundary
train-s602	6	7	PRON	NOUN	hi	hi	false	within
train-s602	7	8	NOUN	ADP	hi	hi	false	within
train-s602	8	9	ADP	PRON	hi	hi	false	boundary
train-s602	9	10	PRON	PART	hi	hi	false	within
train-s602	10	11	PART	VERB	hi	hi	false	within
train-s602	11	12	VERB	AUX	hi	hi	false	within
train-s602	12	13	AUX	ADV	hi	hi	false	boundary
train-s602	13	14	ADV	PART	hi	hi	false	within
train-s602	14	15	PART	PRON	hi	en	true	boundary
train-s602	15	16	PRON	PRON	en	en	false	within
train-s602	16	17	PRON	NOUN	en	en	false	within
train-s602	17	18	NOUN	AUX	en	en	false	within
train-s602	18	19	AUX	DET	en	en	false	within
train-s602	19	20	DET	ADJ	en	en	false	within
train-s602	20	21	ADJ	NOUN	en	en	false	within
train-s602	21	22	NOUN	CCONJ	en	en	false	boundary
train-s602	22	23	CCONJ	NOUN	en	hi	true	within
train-s603	1	2	SCONJ	PRON	en	en	false	within
train-s603	2	3	PRON	VERB	en	en	false	within
train-s603	3	4	VERB	SCONJ	en	en	false	boundary
train-s603	4	6	SCONJ	ADV	en	hi	true	within
train-s603	6	7	ADV	NOUN	hi	hi	false	within
train-s603	7	8	NOUN	VERB	hi	hi	false	within
train-s603	8	9	VERB	AUX	hi	hi	false	within
train-s603	9	12	AUX	NOUN	hi	hi	false	boundary
train-s603	12	13	NOUN	PART	hi	hi	false	within
train-s603	13	14	PART	VERB	hi	hi	false	boundary
train-s603	14	16	VERB	VERB	hi	en	true	boundary
train-s603	16	17	VERB	DET	en	en	false	boundary
train-s603	17	18	DET	NOUN	en	hi	true	within
train-s603	18	19	NOUN	VERB	hi	en	true	boundary
train-s603	19	20	VERB	ADV	en	en	false	within
train-s603	20	23	ADV	NOUN	en	en	false	boundary
train-s604	1	2	AUX	NOUN	en	en	false	within
train-s604	2	3	NOUN	VERB	en	en	false	within
train-s604	3	4	VERB	PART	en	en	false	boundary
train-s604	4	5	PART	VERB	en	en	false	within
train-s604	5	6	VERB	PROPN	en	hi	true	boundary
train-s604	6	7	PROPN	ADP	hi	hi	false	within
train-s604	7	8	ADP	NOUN	hi	en	true	boundary
train-s605	1	2	PROPN	ADP	hi	hi	false	within
train-s605	2	3	ADP	VERB	hi	hi	false	boundary
train-s605	3	4	VERB	DET	hi	hi	false	within
train-s605	4	5	DET	PRON	hi	hi	false	within
train-s605	5	6	PRON	AUX	hi	hi	false	within
train-s605	6	7	AUX	PART	hi	hi	false	boundary
train-s605	7	8	PART	NUM	hi	hi	false	within
train-s605	8	9	NUM	NOUN	hi	en	true	within
train-s605	9	10	NOUN	NOUN	en	en	false	within
train-s605	10	11	NOUN	VERB	en	hi	true	within
train-s605	11	12	VERB	AUX	hi	hi	false	within
train-s606	1	2	DET	NOUN	hi	hi	false	within
train-s606	2	3	NOUN	PART	hi	hi	false	boundary
train-s606	3	4	PART	ADJ	hi	en	true	within
train-s606	4	6	ADJ	CCONJ	en	hi	true	boundary
train-s606	6	7	CCONJ	ADJ	hi	en	true	within
train-s606	7	8	ADJ	ADJ	en	en	false	within
train-s606	8	9	ADJ	NOUN	en	en	false	within
train-s606	9	10	NOUN	ADP	en	hi	true	within
train-s606	10	11	ADP	NOUN	hi	hi	false	boundary
train-s606	11	12	NOUN	PART	hi	hi	false	within
train-s606	12	13	PART	NOUN	hi	hi	false	boundary
train-s606	13	14	NOUN	VERB	hi	hi	false	within
train-s606	14	15	VERB	AUX	hi	hi	false	within
train-s607	1	2	NOUN	ADP	hi	hi	false	within
train-s607	2	3	ADP	NOUN	hi	en	true	boundary
train-s607	3	4	NOUN	ADP	en	hi	true	within
train-s607	4	5	ADP	VERB	hi	hi	false	boundary
train-s607	5	6	VERB	AUX	hi	hi	false	within
train-s607	6	7	AUX	VERB	hi	en	true	boundary
train-s607	7	9	VERB	NOUN	en	en	false	within
train-s607	9	10	NOUN	CCONJ	en	en	false	boundary
train-s607	10	11	CCONJ	PRON	en	hi	true	within
train-s607	11	12	PRON	PART	hi	hi	false	within
train-s607	12	13	PART	NOUN	hi	en	true	boundary
train-s607	13	14	NOUN	PART	en	hi	true	within
train-s607	14	15	PART	VERB	hi	hi	false	within
train-s607	15	16	VERB	AUX	hi	hi	false	within
train-s607	16	17	AUX	NOUN	hi	en	true	within
train-s607	17	18	NOUN	ADP	en	hi	true	within
train-s608	1	2	SCONJ	NOUN	hi	hi	false	within
train-s608	2	3	NOUN	VERB	hi	hi	false	within
train-s608	3	4	VERB	PART	hi	hi	false	within
train-s608	4	5	PART	SCONJ	hi	hi	false	boundary
train-s608	5	6	SCONJ	PRON	hi	en	true	within
train-s608	6	7	PRON	AUX	en	en	false	within
train-s608	7	8	AUX	AUX	en	en	false	within
train-s608	8	9	AUX	VERB	en	en	false	within
train-s608	9	10	VERB	CCONJ	en	en	false	boundary
train-s608	10	11	CCONJ	ADP	en	en	false	boundary
train-s608	11	12	ADP	PRON	en	en	false	within
train-s608	12	13	PRON	ADJ	en	en	false	within
train-s608	13	14	ADJ	NOUN	en	en	false	within
train-s608	14	16	NOUN	CCONJ	en	en	false	boundary
train-s608	16	17	CCONJ	PRON	en	en	false	boundary
train-s608	17	18	PRON	ADJ	en	en	false	within
train-s608	18	19	ADJ	NOUN	en	en	false	within
train-s609	1	2	NOUN	ADP	en	en	false	boundary
train-s609	2	3	ADP	PROPN	en	hi	true	within
train-s609	3	5	PROPN	ADV	hi	hi	false	boundary
train-s609	5	6	ADV	ADJ	hi	hi	false	boundary
train-s609	6	7	ADJ	NOUN	hi	hi	false	within
train-s609	7	8	NOUN	NOUN	hi	en	true	boundary
train-s609	8	9	NOUN	ADP	en	hi	true	within
train-s609	9	10	ADP	NOUN	hi	hi	false	boundary
train-s609	10	11	NOUN	PART	hi	hi	false	within
train-s609	11	12	PART	VERB	hi	hi	false	within
train-s610	1	2	VERB	AUX	hi	hi	false	within
train-s610	2	3	AUX	NOUN	hi	hi	false	boundary
train-s610	3	4	NOUN	AUX	hi	en	true	within
train-s610	4	5	AUX	NOUN	en	en	false	boundary
train-s610	5	6	NOUN	ADJ	en	en	false	within
train-s610	6	7	ADJ	ADP	en	en	false	within
train-s610	7	8	ADP	PRON	en	en	false	within
train-s611	1	2	NOUN	ADV	hi	hi	false	within
train-s611	2	3	ADV	PART	hi	hi	false	within
train-s611	3	4	PART	ADV	hi	en	true	boundary
train-s611	4	5	ADV	ADP	en	en	false	boundary
train-s611	5	6	ADP	NOUN	en	en	false	within
train-s612	1	2	NUM	NOUN	hi	hi	false	within
train-s612	2	3	NOUN	PRON	hi	hi	false	within
train-s612	3	4	PRON	ADJ	hi	en	true	boundary
train-s612	4	5	ADJ	NOUN	en	en	false	within
train-s612	5	6	NOUN	VERB	en	hi	true	within
train-s613	1	2	ADV	INTJ	en	en	false	within
train-s613	2	3	INTJ	PRON	en	hi	true	boundary
train-s613	3	4	PRON	NOUN	hi	hi	false	within
train-s613	4	5	NOUN	NOUN	hi	hi	false	within
train-s613	5	6	NOUN	ADP	hi	hi	false	within
train-s613	6	8	ADP	ADP	hi	hi	false	boundary
train-s613	8	9	ADP	PART	hi	hi	false	boundary
train-s613	9	10	PART	VERB	hi	hi	false	within
train-s614	2	3	NOUN	ADP	en	en	false	boundary
train-s614	3	4	ADP	NOUN	en	en	false	within
train-s614	4	5	NOUN	VERB	en	hi	true	boundary
train-s614	5	6	VERB	PRON	hi	hi	false	boundary
train-s614	6	7	PRON	NOUN	hi	hi	false	within
train-s614	7	8	NOUN	NOUN	hi	hi	false	within
train-s614	8	9	NOUN	NUM	hi	hi	false	within
train-s614	9	10	NUM	VERB	hi	hi	false	within
train-s614	10	11	VERB	AUX	hi	hi	false	within
train-s614	11	12	AUX	DET	hi	hi	false	boundary
train-s614	12	13	DET	NOUN	hi	en	true	within
train-s614	13	14	NOUN	ADP	en	hi	true	within
train-s615	2	3	NOUN	NOUN	hi	hi	false	within
train-s615	3	4	NOUN	VERB	hi	en	true	within
train-s615	4	5	VERB	DET	en	en	false	boundary
train-s615	5	6	DET	NOUN	en	en	false	within
train-s615	6	7	NOUN	NOUN	en	hi	true	within
train-s616	1	2	VERB	ADV	en	en	false	boundary
train-s616	2	3	ADV	ADJ	en	en	false	within
train-s616	3	4	ADJ	ADP	en	en	false	boundary
train-s616	4	5	ADP	DET	en	en	false	within
train-s616	5	6	DET	NOUN	en	en	false	within
train-s616	6	7	NOUN	PRON	en	en	false	boundary
train-s616	7	8	PRON	VERB	en	en	false	within
train-s616	8	9	VERB	NOUN	en	hi	true	boundary
train-s616	9	10	NOUN	AUX	hi	hi	false	within
train-s616	10	11	AUX	SCONJ	hi	hi	false	boundary
train-s616	11	12	SCONJ	NOUN	hi	hi	false	within
train-s616	12	13	NOUN	ADJ	hi	hi	false	within
train-s616	13	14	ADJ	VERB	hi	hi	false	within
train-s616	14	15	VERB	AUX	hi	hi	false	within
train-s617	1	2	VERB	VERB	en	en	false	within
train-s617	2	3	VERB	PRON	en	en	false	within
train-s617	3	4	PRON	ADV	en	en	false	boundary
train-s617	4	5	ADV	AUX	en	en	false	within
train-s617	5	8	AUX	PART	en	hi	true	boundary
train-s617	8	9	PART	VERB	hi	hi	false	within
train-s618	2	3	NOUN	ADP	hi	hi	false	within
train-s618	3	4	ADP	NOUN	hi	hi	false	boundary
train-s618	4	5	NOUN	VERB	hi	hi	false	within
train-s618	5	6	VERB	AUX	hi	hi	false	within
train-s618	6	7	AUX	VERB	hi	hi	false	boundary
train-s618	7	8	VERB	NOUN	hi	en	true	boundary
train-s618	8	9	NOUN	NOUN	en	en	false	within
train-s618	9	10	NOUN	ADP	en	hi	true	within
train-s618	10	11	ADP	NOUN	hi	en	true	boundary
train-s618	11	12	NOUN	ADP	en	hi	true	within
train-s619	2	3	ADP	DET	en	en	false	within
train-s619	3	4	DET	NOUN	en	en	false	within
train-s619	4	6	NOUN	PRON	en	en	false	within
train-s619	6	7	PRON	VERB	en	en	false	within
train-s619	7	8	VERB	ADV	en	en	false	within
train-s619	8	9	ADV	CCONJ	en	en	false	boundary
train-s619	9	10	CCONJ	VERB	en	en	false	within
train-s619	10	12	VERB	ADV	en	hi	true	boundary
train-s619	12	13	ADV	PRON	hi	hi	false	within
train-s619	13	14	PRON	NOUN	hi	hi	false	within
train-s619	14	15	NOUN	AUX	hi	hi	false	within
train-s619	15	18	AUX	ADP	hi	en	true	boundary
train-s619	18	19	ADP	ADV	en	en	false	boundary
train-s619	19	21	ADV	NOUN	en	en	false	boundary
train-s619	21	22	NOUN	ADJ	en	en	false	within
train-s619	22	23	ADJ	NOUN	en	en	false	within
train-s620	1	2	PRON	ADV	en	en	false	within
train-s620	2	3	ADV	AUX	en	en	false	within
train-s620	3	4	AUX	PART	en	en	false	within
train-s620	4	5	PART	VERB	en	en	false	within
train-s620	5	6	VERB	ADV	en	en	false	boundary
train-s620	6	7	ADV	PRON	en	en	false	within
train-s620	7	8	PRON	VERB	en	en	false	within
train-s620	8	9	VERB	SCONJ	en	en	false	boundary
train-s620	9	11	SCONJ	PRON	en	hi	true	boundary
train-s620	11	12	PRON	NOUN	hi	hi	false	within
train-s620	12	13	NOUN	PART	hi	hi	false	within
train-s620	13	14	PART	PRON	hi	hi	false	boundary
train-s620	14	15	PRON	NOUN	hi	en	true	within
train-s620	15	16	NOUN	ADP	en	hi	true	within
train-s620	16	17	ADP	PART	hi	hi	false	within
train-s620	17	18	PART	PART	hi	hi	false	boundary
train-s620	18	19	PART	VERB	hi	hi	false	within
train-s620	19	20	VERB	AUX	hi	hi	false	within
train-s621	1	2	PRON	NOUN	en	en	false	within
train-s621	2	3	NOUN	AUX	en	en	false	within
train-s621	3	4	AUX	VERB	en	en	false	within
train-s621	4	5	VERB	ADP	en	en	false	boundary
train-s621	5	6	ADP	NOUN	en	en	false	within
train-s621	6	8	NOUN	ADV	en	hi	true	boundary
train-s621	8	9	ADV	NOUN	hi	en	true	within
train-s621	9	10	NOUN	ADJ	en	hi	true	within
train-s621	10	11	ADJ	VERB	hi	hi	false	within
train-s621	11	12	VERB	AUX	hi	hi	false	within
train-s622	1	2	PRON	AUX	en	en	false	within
train-s622	2	3	AUX	PART	en	en	false	within
train-s622	3	4	PART	VERB	en	en	false	within
train-s622	4	5	VERB	PRON	en	en	false	boundary
train-s622	5	6	PRON	NOUN	en	en	false	within
train-s622	6	7	NOUN	ADP	en	en	false	boundary
train-s622	7	8	ADP	NOUN	en	en	false	within
train-s622	8	9	NOUN	CCONJ	en	hi	true	boundary
train-s622	9	10	CCONJ	PRON	hi	hi	false	within
train-s622	10	11	PRON	PRON	hi	hi	false	boundary
train-s622	11	12	PRON	ADP	hi	hi	false	within
train-s622	12	13	ADP	NOUN	hi	hi	false	boundary
train-s622	13	14	NOUN	PART	hi	hi	false	within
train-s622	14	15	PART	VERB	hi	hi	false	within
train-s622	15	16	VERB	VERB	hi	hi	false	within
train-s623	1	2	NOUN	NOUN	hi	en	true	within
train-s623	2	3	NOUN	NOUN	en	en	false	within
train-s623	3	4	NOUN	PART	en	hi	true	within
train-s623	4	5	PART	PART	hi	hi	false	boundary
train-s623	5	6	PART	VERB	hi	hi	false	within
train-s623	6	7	VERB	AUX	hi	hi	false	within
train-s624	1	2	NOUN	VERB	en	hi	true	within
train-s624	2	3	VERB	AUX	hi	hi	false	within
train-s624	3	4	AUX	PART	hi	hi	false	within
train-s624	4	5	PART	NOUN	hi	en	true	boundary
train-s624	5	6	NOUN	ADJ	en	en	false	within
train-s624	6	7	ADJ	VERB	en	hi	true	within
train-s624	7	8	VERB	AUX	hi	hi	false	within
train-s625	1	2	NOUN	PART	hi	hi	false	boundary
train-s625	2	3	PART	PRON	hi	hi	false	within
train-s625	3	4	PRON	VERB	hi	hi	false	within
train-s625	4	5	VERB	AUX	hi	hi	false	within
train-s625	5	6	AUX	SCONJ	hi	hi	false	boundary
train-s625	6	7	SCONJ	NOUN	hi	hi	false	boundary
train-s625	7	8	NOUN	ADP	hi	hi	false	within
train-s625	8	9	ADP	VERB	hi	hi	false	boundary
train-s625	9	10	VERB	AUX	hi	hi	false	within
train-s625	10	11	AUX	PRON	hi	hi	false	boundary
train-s625	11	12	PRON	VERB	hi	hi	false	within
train-s625	12	13	VERB	AUX	hi	hi	false	within
train-s625	13	14	AUX	SCONJ	hi	en	true	boundary
train-s625	14	15	SCONJ	NOUN	en	hi	true	within
train-s625	15	16	NOUN	NOUN	hi	hi	false	within
train-s625	16	17	NOUN	VERB	hi	en	true	boundary
train-s625	17	18	VERB	ADJ	en	en	false	boundary
train-s625	18	19	ADJ	ADJ	en	en	false	within
train-s626	1	2	ADJ	ADJ	hi	hi	false	within
train-s626	2	3	ADJ	NOUN	hi	en	true	within
train-s626	3	4	NOUN	DET	en	en	false	boundary
train-s626	4	5	DET	NOUN	en	en	false	within
train-s626	5	6	NOUN	VERB	en	en	false	within
train-s626	6	7	VERB	ADV	en	en	false	boundary
train-s626	7	8	ADV	PRON	en	en	false	within
train-s626	8	9	PRON	VERB	en	en	false	within
train-s627	2	3	ADP	ADP	en	en	false	within
train-s627	3	4	ADP	PRON	en	en	false	boundary
train-s627	4	5	PRON	NOUN	en	en	false	within
train-s627	5	6	NOUN	PRON	en	hi	true	boundary
train-s627	6	7	PRON	NOUN	hi	hi	false	within
train-s627	7	8	NOUN	ADP	hi	hi	false	within
train-s627	8	9	ADP	NUM	hi	hi	false	boundary
train-s627	9	10	NUM	NOUN	hi	hi	false	within
train-s627	10	11	NOUN	ADJ	hi	en	true	within
train-s627	11	12	ADJ	VERB	en	hi	true	within
train-s627	12	13	VERB	AUX	hi	hi	false	within
train-s627	13	15	AUX	SCONJ	hi	hi	false	boundary
train-s627	15	16	SCONJ	PRON	hi	hi	false	within
train-s627	16	17	PRON	NOUN	hi	hi	false	within
train-s627	17	18	NOUN	ADP	hi	hi	false	within
train-s627	18	19	ADP	VERB	hi	hi	false	boundary
train-s627	19	20	VERB	CCONJ	hi	hi	false	boundary
train-s627	20	21	CCONJ	VERB	hi	hi	false	within
train-s628	2	3	NOUN	PRON	hi	hi	false	boundary
train-s628	3	4	PRON	NOUN	hi	hi	false	within
train-s628	4	5	NOUN	VERB	hi	hi	false	within
train-s628	5	6	VERB	PART	hi	hi	false	within
train-s628	6	7	PART	AUX	hi	hi	false	within
train-s628	7	8	AUX	SCONJ	hi	en	true	boundary
train-s628	8	9	SCONJ	VERB	en	en	false	within
train-s628	9	10	VERB	DET	en	en	false	boundary
train-s628	10	11	DET	DET	en	en	false	within
train-s628	11	12	DET	ADJ	en	en	false	within
train-s628	12	14	ADJ	ADP	en	en	false	boundary
train-s628	14	16	ADP	ADP	en	en	false	boundary
train-s628	16	17	ADP	DET	en	en	false	within
train-s628	17	18	DET	ADJ	en	en	false	boundary
train-s628	18	19	ADJ	ADJ	en	en	false	within
train-s628	19	20	ADJ	NOUN	en	en	false	within
train-s629	1	2	NOUN	VERB	en	hi	true	within
train-s629	2	3	VERB	AUX	hi	hi	false	within
train-s629	3	4	AUX	AUX	hi	hi	false	within
train-s629	4	5	AUX	PRON	hi	en	true	boundary
train-s629	5	6	PRON	VERB	en	en	false	within
train-s630	1	2	NOUN	ADP	en	hi	true	within
train-s630	2	4	ADP	NOUN	hi	en	true	boundary
train-s630	4	5	NOUN	ADP	en	hi	true	within
train-s630	5	6	ADP	NOUN	hi	en	true	boundary
train-s630	6	7	NOUN	ADV	en	en	false	within
train-s630	7	8	ADV	PART	en	en	false	within
train-s630	8	9	PART	VERB	en	en	false	within
train-s630	9	10	VERB	AUX	en	hi	true	within
train-s630	10	11	AUX	CCONJ	hi	hi	false	boundary
train-s630	11	12	CCONJ	VERB	hi	en	true	within
train-s630	12	13	VERB	AUX	en	hi	true	within
train-s630	13	14	AUX	SCONJ	hi	hi	false	boundary
train-s630	14	15	SCONJ	PART	hi	en	true	within
train-s630	15	16	PART	ADV	en	en	false	within
train-s630	16	17	ADV	PART	en	en	false	within
train-s630	17	18	PART	VERB	en	en	false	within
train-s630	18	19	VERB	AUX	en	hi	true	within
train-s631	1	2	PRON	NOUN	en	en	false	within
train-s631	2	3	NOUN	AUX	en	en	false	within
train-s631	3	4	AUX	VERB	en	en	false	within
train-s631	4	5	VERB	SCONJ	en	en	false	within
train-s631	5	7	SCONJ	NOUN	en	hi	true	boundary
train-s631	7	8	NOUN	VERB	hi	hi	false	within
train-s631	8	9	VERB	AUX	hi	hi	false	within
train-s631	9	10	AUX	AUX	hi	hi	false	within
train-s631	10	12	AUX	CCONJ	hi	en	true	boundary
train-s631	12	14	CCONJ	ADJ	en	hi	true	within
train-s631	14	15	ADJ	VERB	hi	hi	false	within
train-s631	15	16	VERB	AUX	hi	hi	false	within
train-s632	1	2	ADP	ADJ	en	en	false	within
train-s632	2	3	ADJ	NOUN	en	en	false	within
train-s632	3	5	NOUN	ADV	en	hi	true	boundary
train-s632	5	6	ADV	NOUN	hi	hi	false	within
train-s632	6	7	NOUN	NOUN	hi	hi	false	within
train-s632	7	8	NOUN	VERB	hi	hi	false	within
train-s632	8	9	VERB	AUX	hi	hi	false	within
train-s632	9	10	AUX	PRON	hi	hi	false	boundary
train-s632	10	11	PRON	DET	hi	hi	false	boundary
train-s632	11	12	DET	NOUN	hi	hi	false	within
train-s632	12	13	NOUN	ADP	hi	hi	false	within
train-s632	13	14	ADP	VERB	hi	hi	false	boundary
train-s632	14	15	VERB	AUX	hi	hi	false	within
train-s632	15	16	AUX	AUX	hi	hi	false	within
train-s633	1	2	DET	ADJ	en	en	false	within
train-s633	2	3	ADJ	NOUN	en	en	false	within
train-s633	3	4	NOUN	SCONJ	en	en	false	boundary
train-s633	4	5	SCONJ	PRON	en	hi	true	boundary
train-s633	5	6	PRON	VERB	hi	hi	false	within
train-s633	6	7	VERB	PRON	hi	hi	false	within
train-s633	7	8	PRON	VERB	hi	hi	false	within
train-s633	8	9	VERB	AUX	hi	en	true	boundary
train-s633	9	10	AUX	DET	en	en	false	within
train-s633	10	11	DET	ADJ	en	en	false	within
train-s633	11	12	ADJ	NOUN	en	en	false	within
train-s633	12	13	NOUN	PRON	en	en	false	boundary
train-s633	13	14	PRON	PRON	en	en	false	within
train-s633	14	15	PRON	VERB	en	en	false	within
train-s633	15	16	VERB	DET	en	en	false	boundary
train-s633	16	17	DET	ADJ	en	en	false	within
train-s633	17	18	ADJ	NOUN	en	en	false	within
train-s634	2	3	NOUN	ADP	hi	hi	false	within
train-s634	3	4	ADP	NOUN	hi	hi	false	boundary
train-s634	4	5	NOUN	ADP	hi	hi	false	within
train-s634	5	6	ADP	ADV	hi	hi	false	boundary
train-s634	6	8	ADV	PRON	hi	en	true	boundary
train-s634	8	9	PRON	AUX	en	en	false	within
train-s634	9	10	AUX	VERB	en	en	false	within
train-s634	10	12	VERB	VERB	en	hi	true	within
train-s634	12	13	VERB	AUX	hi	hi	false	within
train-s634	13	14	AUX	AUX	hi	hi	false	within
train-s635	1	2	NOUN	NOUN	en	en	false	within
train-s635	2	3	NOUN	NOUN	en	en	false	within
train-s635	3	4	NOUN	VERB	en	hi	true	within
train-s635	4	5	VERB	SCONJ	hi	hi	false	within
train-s635	5	6	SCONJ	SCONJ	hi	hi	false	within
train-s635	6	7	SCONJ	NOUN	hi	hi	false	boundary
train-s635	7	8	NOUN	ADP	hi	hi	false	within
train-s635	8	9	ADP	NOUN	hi	hi	false	boundary
train-s635	9	10	NOUN	AUX	hi	hi	false	within
train-s635	10	11	AUX	PRON	hi	hi	false	within
train-s636	1	2	NOUN	PRON	en	en	false	boundary
train-s636	2	3	PRON	VERB	en	en	false	within
train-s636	3	4	VERB	SCONJ	en	en	false	boundary
train-s636	4	5	SCONJ	PRON	en	en	false	within
train-s636	5	6	PRON	AUX	en	en	false	within
train-s636	6	7	AUX	ADJ	en	en	false	within
train-s636	7	8	ADJ	ADP	en	en	false	boundary
train-s636	8	9	ADP	NOUN	en	en	false	within
train-s636	9	11	NOUN	ADV	en	hi	true	boundary
train-s636	11	12	ADV	NOUN	hi	hi	false	within
train-s636	12	13	NOUN	PART	hi	hi	false	within
train-s636	13	14	PART	VERB	hi	hi	false	boundary
train-s636	14	15	VERB	PART	hi	hi	false	within
train-s636	15	17	PART	ADP	hi	hi	false	boundary
train-s637	1	2	VERB	ADP	en	en	false	boundary
train-s637	2	3	ADP	PRON	en	en	false	within
train-s637	3	5	PRON	PRON	en	hi	true	boundary
train-s637	5	6	PRON	PRON	hi	hi	false	within
train-s637	6	7	PRON	ADV	hi	hi	false	within
train-s637	7	8	ADV	PART	hi	hi	false	within
train-s637	8	9	PART	NOUN	hi	en	true	boundary
train-s637	9	10	NOUN	VERB	en	hi	true	within
train-s637	10	11	VERB	AUX	hi	hi	false	within
train-s638	1	2	PRON	AUX	en	en	false	within
train-s638	2	3	AUX	VERB	en	en	false	within
train-s638	3	4	VERB	ADP	en	en	false	boundary
train-s638	4	5	ADP	DET	en	en	false	within
train-s638	5	6	DET	ADJ	en	hi	true	within
train-s638	6	7	ADJ	NOUN	hi	hi	false	within
train-s638	7	8	NOUN	ADP	hi	en	true	boundary
train-s638	8	9	ADP	ADJ	en	hi	true	within
train-s638	9	10	ADJ	NOUN	hi	hi	false	within
train-s638	10	11	NOUN	CCONJ	hi	en	true	boundary
train-s638	11	12	CCONJ	VERB	en	en	false	within
train-s638	12	13	VERB	PRON	en	en	false	within
train-s638	13	14	PRON	ADV	en	en	false	boundary
train-s638	14	15	ADV	PRON	en	en	false	within
train-s638	15	16	PRON	VERB	en	en	false	within
train-s638	16	17	VERB	NOUN	en	en	false	within
train-s638	17	18	NOUN	VERB	en	en	false	within
train-s638	18	19	VERB	VERB	en	en	false	within
train-s639	1	2	AUX	PRON	en	en	false	within
train-s639	2	3	PRON	VERB	en	en	false	within
train-s639	3	4	VERB	DET	en	en	false	boundary
train-s639	4	5	DET	ADJ	en	en	false	within
train-s639	5	6	ADJ	NOUN	en	en	false	within
train-s639	6	7	NOUN	SCONJ	en	en	false	boundary
train-s639	7	9	SCONJ	ADP	en	hi	true	boundary
train-s639	9	10	ADP	VERB	hi	hi	false	boundary
train-s639	10	11	VERB	PART	hi	hi	false	within
train-s639	11	12	PART	NOUN	hi	en	true	boundary
train-s639	12	13	NOUN	ADV	en	hi	true	within
train-s639	13	14	ADV	VERB	hi	hi	false	within
train-s639	14	15	VERB	AUX	hi	hi	false	within
train-s639	15	16	AUX	AUX	hi	hi	false	within
train-s639	16	17	AUX	AUX	hi	hi	false	within
train-s640	1	2	NOUN	ADP	en	en	false	boundary
train-s640	2	4	ADP	CCONJ	en	en	false	boundary
train-s640	4	6	CCONJ	NOUN	en	en	false	boundary
train-s640	6	7	NOUN	VERB	en	en	false	within
train-s640	7	8	VERB	DET	en	en	false	boundary
train-s640	8	9	DET	NOUN	en	en	false	within
train-s640	9	10	NOUN	SCONJ	en	en	false	boundary
train-s640	10	11	SCONJ	NOUN	en	en	false	within
train-s640	11	12	NOUN	ADP	en	hi	true	within
train-s640	12	13	ADP	ADV	hi	hi	false	boundary
train-s640	13	14	ADV	NOUN	hi	hi	false	within
train-s640	14	15	NOUN	PART	hi	hi	false	within
train-s640	15	16	PART	VERB	hi	hi	false	within
train-s641	1	2	NOUN	NOUN	en	en	false	within
train-s641	2	3	NOUN	CCONJ	en	en	false	boundary
train-s641	3	4	CCONJ	ADJ	en	en	false	within
train-s641	4	5	ADJ	NOUN	en	en	false	within
train-s641	5	6	NOUN	ADP	en	hi	true	within
train-s641	6	7	ADP	NOUN	hi	hi	false	boundary
train-s641	7	8	NOUN	ADP	hi	hi	false	within
train-s641	8	9	ADP	NOUN	hi	hi	false	boundary
train-s641	9	10	NOUN	PRON	hi	hi	false	boundary
train-s641	10	11	PRON	PRON	hi	hi	false	within
train-s641	11	12	PRON	VERB	hi	hi	false	within
train-s641	12	13	VERB	AUX	hi	hi	false	within
train-s641	13	14	AUX	AUX	hi	hi	false	within
train-s641	14	15	AUX	AUX	hi	hi	false	within
train-s641	15	17	AUX	PRON	hi	en	true	boundary
train-s641	17	18	PRON	AUX	en	en	false	within
train-s641	18	19	AUX	ADP	en	en	false	within
train-s641	19	20	ADP	PRON	en	en	false	within
train-s642	1	2	NOUN	DET	hi	hi	false	boundary
train-s642	2	3	DET	NOUN	hi	en	true	within
train-s642	3	4	NOUN	NOUN	en	en	false	within
train-s642	4	5	NOUN	VERB	en	hi	true	within
train-s642	5	6	VERB	SCONJ	hi	hi	false	within
train-s642	6	7	SCONJ	ADJ	hi	hi	false	boundary
train-s642	7	8	ADJ	PART	hi	hi	false	within
train-s642	8	9	PART	NOUN	hi	en	true	boundary
train-s642	9	10	NOUN	VERB	en	hi	true	within
train-s642	10	11	VERB	AUX	hi	hi	false	within
train-s642	11	12	AUX	INTJ	hi	en	true	within
train-s643	2	3	ADJ	NOUN	en	en	false	within
train-s643	3	4	NOUN	ADP	en	hi	true	within
train-s643	4	5	ADP	ADV	hi	en	true	boundary
train-s643	5	6	ADV	VERB	en	hi	true	within
train-s643	6	8	VERB	ADP	hi	hi	false	boundary
train-s644	2	3	PRON	AUX	en	en	false	within
train-s644	3	4	AUX	ADP	en	en	false	within
train-s644	4	6	ADP	NOUN	en	hi	true	boundary
train-s644	6	7	NOUN	DET	hi	hi	false	boundary
train-s644	7	8	DET	NOUN	hi	hi	false	within
train-s644	8	9	NOUN	PART	hi	hi	false	within
train-s644	9	10	PART	VERB	hi	hi	false	boundary
train-s644	10	11	VERB	AUX	hi	hi	false	within
train-s644	11	12	AUX	CCONJ	hi	hi	false	boundary
train-s644	12	13	CCONJ	NOUN	hi	hi	false	within
train-s644	13	14	NOUN	PART	hi	hi	false	within
train-s644	14	15	PART	PART	hi	hi	false	boundary
train-s644	15	16	PART	VERB	hi	hi	false	within
train-s644	16	18	VERB	NOUN	hi	en	true	boundary
train-s645	1	2	DET	ADJ	hi	en	true	within
train-s645	2	3	ADJ	NOUN	en	en	false	within
train-s645	3	4	NOUN	NOUN	en	en	false	within
train-s645	4	5	NOUN	PROPN	en	hi	true	within
train-s645	5	6	PROPN	PRON	hi	hi	false	within
train-s645	6	7	PRON	ADP	hi	hi	false	within
train-s645	7	8	ADP	PART	hi	hi	false	boundary
train-s645	8	9	PART	VERB	hi	hi	false	within
train-s645	9	10	VERB	ADJ	hi	hi	false	boundary
train-s645	10	11	ADJ	PRON	hi	hi	false	within
train-s645	11	12	PRON	AUX	hi	hi	false	within
train-s646	1	2	PRON	AUX	en	en	false	within
train-s646	2	3	AUX	VERB	en	en	false	within
train-s646	3	4	VERB	PRON	en	en	false	within
train-s646	4	5	PRON	ADP	en	en	false	boundary
train-s646	5	6	ADP	ADP	en	en	false	within
train-s646	6	7	ADP	ADP	en	en	false	within
train-s646	7	8	ADP	PRON	en	en	false	boundary
train-s646	8	9	PRON	AUX	en	en	false	within
train-s646	9	10	AUX	VERB	en	en	false	within
train-s646	10	11	VERB	DET	en	en	false	boundary
train-s646	11	12	DET	VERB	en	hi	true	within
train-s646	12	13	VERB	AUX	hi	hi	false	within
train-s646	13	14	AUX	NOUN	hi	hi	false	boundary
train-s646	14	15	NOUN	ADP	hi	hi	false	within
train-s646	15	16	ADP	NOUN	hi	hi	false	boundary
train-s646	16	17	NOUN	SCONJ	hi	en	true	boundary
train-s646	17	18	SCONJ	VERB	en	en	false	within
train-s646	18	19	VERB	DET	en	en	false	boundary
train-s646	19	20	DET	NOUN	en	hi	true	within
train-s647	1	2	DET	NOUN	hi	en	true	within
train-s647	2	3	NOUN	NOUN	en	en	false	within
train-s647	3	4	NOUN	NOUN	en	en	false	within
train-s647	4	5	NOUN	AUX	en	hi	true	within
train-s647	5	6	AUX	PRON	hi	hi	false	within
train-s648	1	2	PRON	NOUN	en	en	false	within
train-s648	2	3	NOUN	VERB	en	en	false	within
train-s648	3	4	VERB	SCONJ	en	en	false	boundary
train-s648	4	5	SCONJ	NOUN	en	hi	true	within
train-s648	5	6	NOUN	PRON	hi	hi	false	within
train-s648	6	7	PRON	VERB	hi	hi	false	within
train-s649	2	3	ADP	ADP	en	en	false	within
train-s649	3	5	ADP	NOUN	en	en	false	boundary
train-s649	5	7	NOUN	DET	en	hi	true	boundary
train-s649	7	8	DET	NOUN	hi	hi	false	within
train-s649	8	9	NOUN	ADP	hi	hi	false	within
train-s649	9	10	ADP	NUM	hi	hi	false	boundary
train-s649	10	11	NUM	NOUN	hi	hi	false	within
train-s649	11	12	NOUN	ADJ	hi	hi	false	within
train-s649	12	13	ADJ	AUX	hi	hi	false	within
train-s650	1	2	PROPN	INTJ	en	en	false	within
train-s650	2	3	INTJ	ADV	en	hi	true	within
train-s650	3	4	ADV	PART	hi	hi	false	within
train-s650	4	5	PART	PRON	hi	hi	false	boundary
train-s650	5	6	PRON	ADJ	hi	hi	false	within
train-s650	6	7	ADJ	VERB	hi	hi	false	within
train-s650	7	8	VERB	PRON	hi	hi	false	within
train-s650	8	9	PRON	ADP	hi	hi	false	within
train-s651	1	4	PRON	ADP	hi	hi	false	boundary
train-s651	4	5	ADP	NOUN	hi	en	true	boundary
train-s651	5	6	NOUN	VERB	en	hi	true	within
train-s651	6	7	VERB	CCONJ	hi	en	true	boundary
train-s651	7	8	CCONJ	PRON	en	en	false	within
train-s651	8	9	PRON	AUX	en	en	false	within
train-s651	9	10	AUX	ADJ	en	en	false	within
train-s652	1	2	VERB	ADP	en	en	false	boundary
train-s652	2	3	ADP	NOUN	en	en	false	within
train-s652	3	4	NOUN	ADJ	en	hi	true	within
train-s652	4	5	ADJ	VERB	hi	hi	false	within
train-s652	5	6	VERB	CCONJ	hi	hi	false	boundary
train-s652	6	7	CCONJ	NOUN	hi	hi	false	within
train-s653	1	2	DET	ADJ	en	en	false	within
train-s653	2	3	ADJ	NOUN	en	en	false	within
train-s653	3	4	NOUN	PART	en	en	false	boundary
train-s653	4	5	PART	VERB	en	en	false	within
train-s653	5	6	VERB	ADP	en	en	false	boundary
train-s653	6	7	ADP	NOUN	en	en	false	within
train-s653	7	8	NOUN	AUX	en	en	false	boundary
train-s653	8	9	AUX	PRON	en	hi	true	within
train-s653	9	10	PRON	ADP	hi	hi	false	within
train-s653	10	11	ADP	NOUN	hi	en	true	boundary
train-s653	11	12	NOUN	PART	en	hi	true	within
train-s653	12	13	PART	VERB	hi	hi	false	within
train-s654	1	2	NOUN	ADP	en	hi	true	within
train-s654	2	3	ADP	VERB	hi	hi	false	boundary
train-s654	3	4	VERB	SCONJ	hi	hi	false	within
train-s654	4	5	SCONJ	NUM	hi	hi	false	boundary
train-s654	5	6	NUM	NOUN	hi	en	true	within
train-s654	6	7	NOUN	PRON	en	hi	true	within
train-s654	7	8	PRON	AUX	hi	hi	false	within
train-s654	8	9	AUX	SCONJ	hi	hi	false	boundary
train-s654	9	10	SCONJ	NOUN	hi	en	true	within
train-s654	10	11	NOUN	ADV	en	hi	true	within
train-s654	11	12	ADV	PART	hi	hi	false	within
train-s654	12	13	PART	VERB	hi	hi	false	boundary
train-s654	13	14	VERB	AUX	hi	hi	false	within
train-s654	14	15	AUX	AUX	hi	hi	false	within
train-s655	1	2	NOUN	ADP	hi	hi	false	within
train-s655	2	3	ADP	NOUN	hi	en	true	boundary
train-s655	3	4	NOUN	NOUN	en	en	false	within
train-s655	4	5	NOUN	VERB	en	hi	true	within
train-s655	5	6	VERB	AUX	hi	hi	false	within
train-s655	6	7	AUX	CCONJ	hi	hi	false	boundary
train-s655	7	8	CCONJ	PRON	hi	hi	false	within
train-s655	8	9	PRON	NOUN	hi	en	true	within
train-s656	1	2	NOUN	NOUN	en	en	false	within
train-s656	2	3	NOUN	ADP	en	hi	true	within
train-s656	3	4	ADP	NOUN	hi	hi	false	boundary
train-s656	4	5	NOUN	ADP	hi	hi	false	within
train-s656	5	6	ADP	PRON	hi	en	true	boundary
train-s656	6	7	PRON	AUX	en	en	false	within
train-s656	7	8	AUX	VERB	en	en	false	within
train-s656	8	9	VERB	ADJ	en	hi	true	boundary
train-s656	9	10	ADJ	ADJ	hi	hi	false	within
train-s657	1	2	ADP	NOUN	en	en	false	within
train-s657	2	3	NOUN	NOUN	en	en	false	within
train-s657	3	4	NOUN	ADP	en	en	false	within
train-s657	4	5	ADP	VERB	en	hi	true	within
train-s657	5	7	VERB	NOUN	hi	en	true	boundary
train-s657	7	8	NOUN	ADP	en	hi	true	within
train-s657	8	9	ADP	NOUN	hi	hi	false	boundary
train-s657	9	10	NOUN	PART	hi	hi	false	within
train-s657	10	11	PART	PART	hi	hi	false	boundary
train-s657	11	12	PART	VERB	hi	hi	false	within
train-s658	1	2	NOUN	ADJ	hi	en	true	within
train-s658	2	3	ADJ	NOUN	en	en	false	within
train-s658	3	4	NOUN	AUX	en	hi	true	within
train-s658	4	5	AUX	PRON	hi	hi	false	within
train-s658	5	6	PRON	DET	hi	hi	false	boundary
train-s658	6	7	DET	NOUN	hi	en	true	within
train-s658	7	8	NOUN	AUX	en	hi	true	within
train-s658	8	9	AUX	PRON	hi	hi	false	within
train-s658	9	10	PRON	NOUN	hi	hi	false	within
train-s659	2	3	ADP	PRON	en	en	false	within
train-s659	3	4	PRON	VERB	en	en	false	within
train-s659	4	5	VERB	PRON	en	en	false	within
train-s659	5	7	PRON	NOUN	en	hi	true	boundary
train-s659	7	8	NOUN	NOUN	hi	hi	false	within
train-s659	8	10	NOUN	NOUN	hi	hi	false	boundary
train-s659	10	11	NOUN	NOUN	hi	hi	false	within
train-s659	11	13	NOUN	CCONJ	hi	hi	false	boundary
train-s659	13	15	CCONJ	NOUN	hi	hi	false	within
train-s659	15	17	NOUN	ADP	hi	hi	false	within
train-s659	17	18	ADP	PRON	hi	hi	false	boundary
train-s659	18	19	PRON	PART	hi	hi	false	within
train-s659	19	20	PART	NOUN	hi	hi	false	boundary
train-s659	20	21	NOUN	AUX	hi	hi	false	within
train-s660	1	2	NOUN	VERB	en	hi	true	within
train-s660	2	3	VERB	DET	hi	hi	false	boundary
train-s660	3	4	DET	NOUN	hi	hi	false	within
train-s660	4	5	NOUN	NOUN	hi	hi	false	within
train-s660	5	6	NOUN	PART	hi	hi	false	within
train-s660	6	8	PART	ADP	hi	en	true	boundary
train-s660	8	11	ADP	ADP	en	hi	true	boundary
train-s660	11	12	ADP	DET	hi	hi	false	boundary
train-s660	12	13	DET	PART	hi	hi	false	within
train-s660	13	14	PART	NOUN	hi	en	true	boundary
train-s660	14	15	NOUN	ADJ	en	hi	true	within
train-s660	15	16	ADJ	AUX	hi	hi	false	within
train-s661	2	3	PRON	AUX	en	en	false	within
train-s661	3	4	AUX	PART	en	en	false	within
train-s661	4	5	PART	VERB	en	en	false	within
train-s661	5	6	VERB	PRON	en	en	false	boundary
train-s661	6	7	PRON	NOUN	en	en	false	within
train-s661	7	8	NOUN	SCONJ	en	en	false	boundary
train-s661	8	9	SCONJ	PRON	en	en	false	within
train-s661	9	10	PRON	VERB	en	en	false	within
train-s661	10	11	VERB	ADV	en	en	false	within
train-s661	11	12	ADV	CCONJ	en	en	false	boundary
train-s661	12	13	CCONJ	VERB	en	en	false	within
train-s661	13	15	VERB	PRON	en	hi	true	boundary
train-s661	15	16	PRON	PART	hi	hi	false	within
train-s661	16	17	PART	VERB	hi	hi	false	within
train-s661	17	18	VERB	AUX	hi	hi	false	within
train-s662	1	2	VERB	PRON	en	en	false	boundary
train-s662	2	4	PRON	VERB	en	hi	true	within
train-s662	4	5	VERB	SCONJ	hi	hi	false	within
train-s662	5	6	SCONJ	VERB	hi	en	true	boundary
train-s663	1	2	DET	NOUN	hi	hi	false	within
train-s663	2	3	NOUN	PART	hi	hi	false	boundary
train-s663	3	5	PART	ADP	hi	hi	false	within
train-s663	5	6	ADP	NOUN	hi	hi	false	boundary
train-s663	6	7	NOUN	VERB	hi	hi	false	within
train-s663	7	8	VERB	AUX	hi	hi	false	within
train-s663	8	10	AUX	PRON	hi	en	true	boundary
train-s663	10	11	PRON	AUX	en	en	false	within
train-s663	11	12	AUX	ADV	en	en	false	within
train-s663	12	13	ADV	VERB	en	en	false	within
train-s663	13	14	VERB	ADJ	en	en	false	boundary
train-s663	14	15	ADJ	NOUN	en	en	false	within
train-s663	15	16	NOUN	ADP	en	en	false	boundary
train-s663	16	17	ADP	NOUN	en	en	false	within
train-s663	17	18	NOUN	NOUN	en	en	false	within
train-s663	18	19	NOUN	NOUN	en	en	false	within
train-s664	1	2	PRON	AUX	en	en	false	within
train-s664	2	3	AUX	VERB	en	en	false	within
train-s664	3	7	VERB	ADP	en	hi	true	boundary
train-s664	7	8	ADP	NOUN	hi	hi	false	boundary
train-s664	8	9	NOUN	ADV	hi	hi	false	within
train-s664	9	10	ADV	VERB	hi	hi	false	within
train-s665	1	2	NOUN	ADP	en	hi	true	within
train-s665	2	3	ADP	PART	hi	hi	false	within
train-s665	3	4	PART	ADP	hi	hi	false	within
train-s665	4	5	ADP	NOUN	hi	en	true	boundary
train-s665	5	6	NOUN	AUX	en	en	false	within
train-s665	6	7	AUX	DET	en	en	false	within
train-s665	7	8	DET	NOUN	en	en	false	within
train-s665	8	9	NOUN	ADV	en	en	false	boundary
train-s665	9	10	ADV	PRON	en	en	false	within
train-s665	10	11	PRON	VERB	en	en	false	within
train-s665	11	12	VERB	NOUN	en	en	false	boundary
train-s665	12	13	NOUN	NOUN	en	en	false	within
train-s666	2	3	NOUN	PART	en	hi	true	within
train-s666	3	4	PART	PRON	hi	hi	false	boundary
train-s666	4	5	PRON	NOUN	hi	en	true	within
train-s666	5	6	NOUN	ADP	en	hi	true	within
train-s666	6	7	ADP	ADP	hi	hi	false	within
train-s666	7	8	ADP	AUX	hi	hi	false	within
train-s666	8	10	AUX	ADJ	hi	en	true	within
train-s667	1	2	NOUN	ADP	en	hi	true	within
train-s667	2	3	ADP	NOUN	hi	hi	false	boundary
train-s667	3	4	NOUN	PART	hi	hi	false	within
train-s667	4	5	PART	VERB	hi	hi	false	within
train-s667	5	7	VERB	NOUN	hi	en	true	boundary
train-s667	7	8	NOUN	ADP	en	hi	true	within
train-s667	8	9	ADP	VERB	hi	hi	false	boundary
train-s667	9	10	VERB	AUX	hi	hi	false	within
train-s668	1	2	NOUN	PRON	en	en	false	within
train-s668	2	3	PRON	VERB	en	en	false	boundary
train-s668	3	4	VERB	ADJ	en	en	false	boundary
train-s668	4	5	ADJ	ADJ	en	en	false	within
train-s668	5	6	ADJ	NOUN	en	hi	true	within
train-s668	6	8	NOUN	NOUN	hi	hi	false	boundary
train-s668	8	9	NOUN	NOUN	hi	hi	false	within
train-s668	9	10	NOUN	PART	hi	hi	false	within
train-s668	10	11	PART	VERB	hi	hi	false	boundary
train-s668	11	12	VERB	AUX	hi	hi	false	within
train-s668	12	14	AUX	NOUN	hi	hi	false	boundary
train-s668	14	15	NOUN	ADV	hi	hi	false	within
train-s668	15	16	ADV	ADJ	hi	hi	false	within
train-s668	16	17	ADJ	VERB	hi	hi	false	within
train-s668	17	18	VERB	AUX	hi	hi	false	within
train-s668	18	19	AUX	AUX	hi	hi	false	within
train-s669	1	2	ADV	PRON	en	en	false	within
train-s669	2	3	PRON	AUX	en	en	false	within
train-s669	3	4	AUX	VERB	en	en	false	within
train-s669	4	6	VERB	DET	en	en	false	boundary
train-s669	6	7	DET	NOUN	en	en	false	within
train-s669	7	8	NOUN	VERB	en	en	false	within
train-s669	8	10	VERB	ADJ	en	hi	true	boundary
train-s669	10	11	ADJ	VERB	hi	hi	false	within
train-s669	11	12	VERB	NOUN	hi	en	true	boundary
train-s669	12	13	NOUN	ADP	en	hi	true	within
train-s669	13	14	ADP	NOUN	hi	hi	false	boundary
train-s669	14	15	NOUN	VERB	hi	hi	false	within
train-s669	15	16	VERB	AUX	hi	hi	false	within
train-s670	1	2	NOUN	ADP	hi	hi	false	within
train-s670	2	3	ADP	NOUN	hi	en	true	boundary
train-s670	3	4	NOUN	AUX	en	hi	true	within
train-s670	4	6	AUX	PRON	hi	en	true	boundary
train-s670	6	7	PRON	VERB	en	en	false	within
train-s670	7	8	VERB	PRON	en	en	false	within
train-s670	8	9	PRON	ADV	en	en	false	within
train-s670	9	10	ADV	ADP	en	en	false	boundary
train-s670	10	11	ADP	NOUN	en	en	false	within
train-s670	11	12	NOUN	NOUN	en	en	false	within
train-s671	1	2	VERB	NOUN	hi	hi	false	within
train-s671	2	3	NOUN	PRON	hi	hi	false	boundary
train-s671	3	4	PRON	VERB	hi	hi	false	within
train-s671	4	5	VERB	AUX	hi	en	true	boundary
train-s671	5	6	AUX	DET	en	en	false	within
train-s671	6	7	DET	ADJ	en	en	false	within
train-s671	7	8	ADJ	PROPN	en	en	false	within
train-s672	1	2	PRON	AUX	en	en	false	within
train-s672	2	3	AUX	DET	en	en	false	within
train-s672	3	4	DET	NOUN	en	en	false	within
train-s672	4	5	NOUN	PRON	en	hi	true	boundary
train-s672	5	6	PRON	VERB	hi	hi	false	within
train-s672	6	7	VERB	SCONJ	hi	hi	false	within
train-s672	7	8	SCONJ	SCONJ	hi	hi	false	within
train-s672	8	9	SCONJ	ADJ	hi	hi	false	boundary
train-s672	9	10	ADJ	NUM	hi	hi	false	within
train-s672	10	11	NUM	NOUN	hi	hi	false	within
train-s672	11	12	NOUN	NOUN	hi	hi	false	within
train-s672	12	13	NOUN	VERB	hi	hi	false	within
train-s672	13	14	VERB	AUX	hi	hi	false	within
train-s672	14	15	AUX	AUX	hi	hi	false	within
train-s673	1	2	NOUN	VERB	hi	hi	false	within
train-s673	2	3	VERB	CCONJ	hi	en	true	boundary
train-s673	3	4	CCONJ	ADJ	en	en	false	boundary
train-s673	4	5	ADJ	NOUN	en	en	false	within
train-s673	5	6	NOUN	PART	en	hi	true	within
train-s673	6	7	PART	VERB	hi	hi	false	within
train-s674	1	2	VERB	NOUN	hi	hi	false	boundary
train-s674	2	4	NOUN	ADP	hi	hi	false	boundary
train-s674	4	5	ADP	DET	hi	hi	false	boundary
train-s674	5	6	DET	ADJ	hi	en	true	within
train-s674	6	7	ADJ	NOUN	en	en	false	within
train-s674	7	8	NOUN	AUX	en	hi	true	within
train-s675	2	3	SCONJ	PRON	en	en	false	within
train-s675	3	4	PRON	VERB	en	en	false	within
train-s675	4	5	VERB	NOUN	en	en	false	within
train-s675	5	6	NOUN	ADP	en	en	false	boundary
train-s675	6	7	ADP	PRON	en	en	false	within
train-s675	7	8	PRON	NOUN	en	en	false	within
train-s675	8	9	NOUN	SCONJ	en	en	false	boundary
train-s675	9	10	SCONJ	AUX	en	en	false	within
train-s675	10	11	AUX	PART	en	en	false	within
train-s675	11	12	PART	VERB	en	en	false	within
train-s675	12	13	VERB	SCONJ	en	en	false	boundary
train-s675	13	15	SCONJ	NOUN	en	hi	true	within
train-s675	15	16	NOUN	PRON	hi	hi	false	within
train-s675	16	17	PRON	VERB	hi	hi	false	within
train-s676	1	2	DET	NOUN	en	en	false	within
train-s676	2	3	NOUN	ADV	en	hi	true	within
train-s676	3	4	ADV	PART	hi	hi	false	within
train-s676	4	5	PART	ADV	hi	hi	false	within
train-s676	5	6	ADV	VERB	hi	en	true	boundary
train-s676	6	7	VERB	NOUN	en	hi	true	boundary
train-s676	7	8	NOUN	NOUN	hi	en	true	within
train-s676	8	9	NOUN	ADP	en	en	false	boundary
train-s676	9	10	ADP	NOUN	en	en	false	within
train-s677	1	2	PART	NOUN	en	en	false	within
train-s677	2	3	NOUN	AUX	en	en	false	within
train-s677	3	4	AUX	VERB	en	en	false	within
train-s677	4	5	VERB	NOUN	en	en	false	within
train-s677	5	6	NOUN	NOUN	en	en	false	within
train-s677	6	7	NOUN	SCONJ	en	hi	true	boundary
train-s677	7	8	SCONJ	PROPN	hi	en	true	boundary
train-s677	8	10	PROPN	ADP	en	hi	true	within
train-s677	10	11	ADP	NOUN	hi	hi	false	boundary
train-s677	11	12	NOUN	PART	hi	hi	false	within
train-s677	12	13	PART	AUX	hi	hi	false	within
train-s678	3	4	ADP	NOUN	hi	en	true	boundary
train-s678	4	5	NOUN	ADJ	en	en	false	boundary
train-s678	5	6	ADJ	NOUN	en	en	false	within
train-s678	6	7	NOUN	VERB	en	hi	true	within
train-s678	7	8	VERB	AUX	hi	hi	false	within
train-s679	1	2	VERB	NOUN	en	en	false	within
train-s679	2	3	NOUN	ADP	en	en	false	boundary
train-s679	3	6	ADP	ADV	en	hi	true	boundary
train-s679	6	7	ADV	ADP	hi	hi	false	within
train-s679	7	8	ADP	PART	hi	hi	false	boundary
train-s679	8	9	PART	VERB	hi	hi	false	within
train-s679	9	10	VERB	AUX	hi	hi	false	within
train-s680	2	3	ADP	NOUN	hi	en	true	boundary
train-s680	3	4	NOUN	VERB	en	hi	true	within
train-s680	4	5	VERB	SCONJ	hi	hi	false	within
train-s680	5	6	SCONJ	DET	hi	en	true	boundary
train-s680	6	7	DET	NOUN	en	en	false	within
train-s680	7	8	NOUN	AUX	en	en	false	within
train-s680	8	9	AUX	VERB	en	en	false	within
train-s680	9	10	VERB	PART	en	en	false	boundary
train-s680	10	11	PART	AUX	en	en	false	within
train-s680	11	12	AUX	VERB	en	en	false	within
train-s680	12	13	VERB	DET	en	en	false	boundary
train-s680	13	14	DET	ADJ	en	en	false	within
train-s681	2	3	VERB	DET	en	en	false	boundary
train-s681	3	4	DET	DET	en	en	false	within
train-s681	4	5	DET	ADJ	en	en	false	within
train-s681	5	6	ADJ	NOUN	en	en	false	within
train-s681	6	7	NOUN	ADP	en	en	false	boundary
train-s681	7	8	ADP	PRON	en	en	false	within
train-s681	8	9	PRON	NOUN	en	en	false	within
train-s681	9	10	NOUN	NOUN	en	en	false	within
train-s681	10	11	NOUN	CCONJ	en	en	false	boundary
train-s681	11	12	CCONJ	PRON	en	en	false	boundary
train-s681	12	13	PRON	NOUN	en	en	false	within
train-s681	13	14	NOUN	VERB	en	en	false	within
train-s681	14	15	VERB	SCONJ	en	en	false	boundary
train-s681	15	17	SCONJ	PRON	en	hi	true	within
train-s681	17	18	PRON	PRON	hi	hi	false	within
train-s681	18	19	PRON	VERB	hi	hi	false	within
train-s681	19	20	VERB	AUX	hi	hi	false	within
train-s681	20	21	AUX	AUX	hi	hi	false	within
train-s682	1	2	ADP	DET	en	en	false	within
train-s682	2	3	DET	NOUN	en	en	false	within
train-s682	3	4	NOUN	NOUN	en	en	false	within
train-s682	4	7	NOUN	PRON	en	hi	true	within
train-s682	7	8	PRON	ADJ	hi	hi	false	within
train-s682	8	9	ADJ	NOUN	hi	en	true	within
train-s682	9	10	NOUN	AUX	en	hi	true	within
train-s683	1	2	ADP	PRON	en	en	false	within
train-s683	2	3	PRON	NOUN	en	en	false	within
train-s683	3	4	NOUN	VERB	en	en	false	within
train-s683	4	5	VERB	PART	en	en	false	boundary
train-s683	5	6	PART	VERB	en	en	false	within
train-s683	6	8	VERB	NOUN	en	en	false	boundary
train-s683	8	9	NOUN	NOUN	en	en	false	within
train-s683	9	10	NOUN	ADP	en	hi	true	within
train-s683	10	11	ADP	NOUN	hi	en	true	boundary
train-s683	11	12	NOUN	AUX	en	hi	true	within
train-s683	12	13	AUX	NOUN	hi	hi	false	within
train-s684	2	3	PROPN	ADP	hi	hi	false	within
train-s684	3	5	ADP	AUX	hi	hi	false	boundary
train-s684	5	6	AUX	PROPN	hi	hi	false	boundary
train-s684	6	7	PROPN	ADP	hi	hi	false	within
train-s684	7	9	ADP	AUX	hi	hi	false	boundary
train-s684	9	11	AUX	VERB	hi	en	true	boundary
train-s684	11	12	VERB	PRON	en	en	false	boundary
train-s684	12	13	PRON	PART	en	en	false	within
train-s684	13	14	PART	VERB	en	en	false	within
train-s684	14	15	VERB	ADP	en	en	false	boundary
train-s684	15	16	ADP	ADJ	en	en	false	within
train-s684	16	17	ADJ	NOUN	en	en	false	within
train-s685	2	3	PRON	AUX	en	en	false	within
train-s685	3	4	AUX	ADJ	en	en	false	within
train-s685	4	6	ADJ	AUX	en	en	false	within
train-s685	6	7	AUX	DET	en	en	false	within
train-s685	7	8	DET	ADJ	en	en	false	within
train-s685	8	9	ADJ	NOUN	en	en	false	within
train-s685	9	10	NOUN	SCONJ	en	en	false	boundary
train-s685	10	11	SCONJ	PRON	en	en	false	within
train-s685	11	12	PRON	PART	en	en	false	within
train-s685	12	14	PART	ADV	en	hi	true	boundary
train-s685	14	15	ADV	VERB	hi	hi	false	boundary
train-s685	15	16	VERB	AUX	hi	hi	false	within
train-s686	1	2	DET	NOUN	hi	hi	false	within
train-s686	2	3	NOUN	PRON	hi	hi	false	boundary
train-s686	3	4	PRON	NOUN	hi	en	true	within
train-s686	4	5	NOUN	ADP	en	hi	true	within
train-s686	5	7	ADP	ADJ	hi	en	true	boundary
train-s686	7	8	ADJ	ADJ	en	en	false	within
train-s686	8	10	ADJ	PART	en	hi	true	within
train-s686	10	11	PART	PRON	hi	hi	false	boundary
train-s686	11	12	PRON	VERB	hi	hi	false	within
train-s686	12	13	VERB	AUX	hi	hi	false	within
train-s686	13	14	AUX	PRON	hi	hi	false	boundary
train-s686	14	15	PRON	DET	hi	hi	false	boundary
train-s686	15	16	DET	PRON	hi	hi	false	within
train-s686	16	17	PRON	PART	hi	hi	false	within
train-s686	17	19	PART	ADJ	hi	en	true	boundary
train-s686	19	20	ADJ	ADJ	en	en	false	within
train-s686	20	22	ADJ	AUX	en	hi	true	within
train-s687	3	4	VERB	ADV	en	en	false	within
train-s687	4	6	ADV	NOUN	en	en	false	within
train-s687	6	7	NOUN	SCONJ	en	en	false	boundary
train-s687	7	9	SCONJ	ADJ	en	hi	true	within
train-s687	9	10	ADJ	AUX	hi	hi	false	within
train-s687	10	11	AUX	AUX	hi	hi	false	within
train-s688	1	2	PRON	NUM	hi	hi	false	boundary
train-s688	2	3	NUM	NOUN	hi	hi	false	within
train-s688	3	4	NOUN	NOUN	hi	en	true	within
train-s688	4	5	NOUN	VERB	en	hi	true	within
train-s688	5	6	VERB	CCONJ	hi	en	true	boundary
train-s688	6	7	CCONJ	DET	en	en	false	boundary
train-s688	7	8	DET	NOUN	en	en	false	within
train-s688	8	9	NOUN	VERB	en	en	false	within
train-s688	9	10	VERB	DET	en	en	false	boundary
train-s688	10	11	DET	NOUN	en	en	false	within
train-s689	3	4	AUX	PART	en	en	false	within
train-s689	4	5	PART	ADJ	en	en	false	within
train-s689	5	6	ADJ	PRON	en	hi	true	boundary
train-s689	6	7	PRON	NOUN	hi	en	true	within
train-s689	7	8	NOUN	PART	en	hi	true	within
train-s689	8	9	PART	VERB	hi	hi	false	within
train-s690	2	3	DET	NOUN	en	en	false	within
train-s690	3	4	NOUN	AUX	en	en	false	within
train-s690	4	5	AUX	ADJ	en	en	false	within
train-s690	5	6	ADJ	ADP	en	en	false	boundary
train-s690	6	7	ADP	PRON	en	en	false	within
train-s690	7	8	PRON	PRON	en	en	false	boundary
train-s690	8	9	PRON	VERB	en	en	false	within
train-s690	9	11	VERB	NOUN	en	hi	true	boundary
train-s690	11	12	NOUN	NOUN	hi	en	true	within
train-s690	12	13	NOUN	VERB	en	hi	true	within
train-s690	13	14	VERB	PART	hi	hi	false	within
train-s690	14	15	PART	NOUN	hi	en	true	boundary
train-s690	15	16	NOUN	VERB	en	hi	true	within
train-s690	16	17	VERB	AUX	hi	hi	false	within
train-s691	2	5	CCONJ	NOUN	hi	hi	false	boundary
train-s691	5	6	NOUN	ADP	hi	hi	false	within
train-s691	6	7	ADP	NOUN	hi	en	true	boundary
train-s691	7	8	NOUN	ADP	en	hi	true	within
train-s691	8	9	ADP	NOUN	hi	en	true	boundary
train-s691	9	10	NOUN	NOUN	en	en	false	within
train-s691	10	11	NOUN	VERB	en	hi	true	within
train-s692	1	2	NOUN	ADP	en	hi	true	within
train-s692	2	3	ADP	NOUN	hi	en	true	boundary
train-s692	3	4	NOUN	ADP	en	hi	true	within
train-s692	4	5	ADP	VERB	hi	hi	false	boundary
train-s692	5	6	VERB	VERB	hi	hi	false	within
train-s692	6	7	VERB	AUX	hi	hi	false	within
train-s692	7	8	AUX	NOUN	hi	en	true	boundary
train-s692	8	9	NOUN	VERB	en	hi	true	within
train-s693	1	2	INTJ	PROPN	hi	hi	false	within
train-s693	2	3	PROPN	NOUN	hi	en	true	within
train-s693	3	4	NOUN	NOUN	en	en	false	within
train-s693	4	5	NOUN	VERB	en	hi	true	within
train-s693	5	6	VERB	AUX	hi	hi	false	within
train-s693	6	7	AUX	NOUN	hi	hi	false	within
train-s693	7	8	NOUN	ADP	hi	hi	false	within
train-s693	8	9	ADP	ADP	hi	hi	false	within
train-s694	2	3	ADP	ADP	hi	hi	false	within
train-s694	3	4	ADP	PRON	hi	en	true	boundary
train-s694	4	5	PRON	AUX	en	en	false	within
train-s694	5	6	AUX	AUX	en	en	false	within
train-s694	6	7	AUX	ADP	en	en	false	within
train-s694	7	8	ADP	ADP	en	en	false	within
train-s694	8	10	ADP	NOUN	en	en	false	within
train-s695	1	2	NOUN	CCONJ	en	en	false	boundary
train-s695	2	3	CCONJ	NOUN	en	en	false	within
train-s695	3	4	NOUN	ADP	en	hi	true	within
train-s695	4	5	ADP	NOUN	hi	en	true	boundary
train-s695	5	6	NOUN	NOUN	en	hi	true	within
train-s695	6	7	NOUN	AUX	hi	en	true	within
train-s695	7	8	AUX	PART	en	en	false	within
train-s695	8	9	PART	NOUN	en	en	false	within
train-s695	9	10	NOUN	NOUN	en	en	false	within
train-s696	1	4	DET	ADP	hi	hi	false	boundary
train-s696	4	5	ADP	NOUN	hi	en	true	boundary
train-s696	5	6	NOUN	ADP	en	hi	true	within
train-s696	6	7	ADP	NOUN	hi	hi	false	boundary
train-s696	7	8	NOUN	ADV	hi	en	true	within
train-s696	8	9	ADV	ADV	en	en	false	within
train-s697	1	2	NOUN	ADP	hi	hi	false	within
train-s697	2	3	ADP	NOUN	hi	en	true	boundary
train-s697	3	4	NOUN	VERB	en	hi	true	within
train-s697	4	5	VERB	AUX	hi	hi	false	within
train-s697	5	6	AUX	VERB	hi	hi	false	boundary
train-s697	6	7	VERB	AUX	hi	en	true	within
train-s697	7	8	AUX	DET	en	en	false	within
train-s697	8	9	DET	ADJ	en	en	false	within
train-s697	9	10	ADJ	NOUN	en	en	false	within
train-s697	10	11	NOUN	ADP	en	en	false	boundary
train-s697	11	12	ADP	NOUN	en	en	false	within
train-s697	12	13	NOUN	DET	en	en	false	boundary
train-s697	13	14	DET	NOUN	en	en	false	within
train-s698	2	3	AUX	ADV	en	en	false	within
train-s698	3	4	ADV	VERB	en	en	false	within
train-s698	4	5	VERB	NOUN	en	hi	true	boundary
train-s698	5	6	NOUN	NOUN	hi	hi	false	within
train-s698	6	7	NOUN	NOUN	hi	hi	false	within
train-s698	7	8	NOUN	ADP	hi	en	true	boundary
train-s698	8	9	ADP	DET	en	en	false	within
train-s698	9	10	DET	NOUN	en	en	false	within
train-s699	1	2	SCONJ	PRON	en	en	false	within
train-s699	2	3	PRON	VERB	en	en	false	within
train-s699	3	4	VERB	PRON	en	en	false	boundary
train-s699	4	5	PRON	NOUN	en	en	false	within
train-s699	5	6	NOUN	VERB	en	en	false	within
train-s699	6	7	VERB	ADP	en	en	false	boundary
train-s699	7	8	ADP	PRON	en	en	false	within
train-s699	8	9	PRON	NOUN	en	en	false	within
train-s699	9	11	NOUN	INTJ	en	en	false	boundary
train-s699	11	12	INTJ	NOUN	en	hi	true	boundary
train-s699	12	13	NOUN	VERB	hi	hi	false	within
train-s699	13	14	VERB	AUX	hi	hi	false	within
train-s699	14	15	AUX	PRON	hi	hi	false	boundary
train-s699	15	16	PRON	NOUN	hi	en	true	within
train-s699	16	17	NOUN	NOUN	en	en	false	within
train-s699	17	18	NOUN	VERB	en	hi	true	within
train-s700	1	2	VERB	AUX	hi	hi	false	within
train-s700	2	4	AUX	AUX	hi	en	true	boundary
train-s700	4	5	AUX	AUX	en	en	false	within
train-s700	5	6	AUX	VERB	en	en	false	within
train-s701	2	3	ADP	NOUN	hi	en	true	boundary
train-s701	3	4	NOUN	ADJ	en	en	false	within
train-s701	4	5	ADJ	AUX	en	hi	true	within
train-s702	2	3	PRON	VERB	en	en	false	within
train-s702	3	5	VERB	NOUN	en	hi	true	boundary
train-s702	5	6	NOUN	PRON	hi	hi	false	within
train-s702	6	7	PRON	VERB	hi	hi	false	within
train-s702	7	9	VERB	AUX	hi	en	true	within
train-s702	9	10	AUX	PART	en	en	false	within
train-s702	10	11	PART	ADP	en	en	false	within
train-s702	11	12	ADP	NOUN	en	en	false	within
train-s702	12	13	NOUN	VERB	en	en	false	within
train-s702	13	14	VERB	NOUN	en	en	false	within
train-s702	14	15	NOUN	ADP	en	en	false	boundary
train-s702	15	16	ADP	DET	en	en	false	within
train-s702	16	17	DET	NOUN	en	en	false	within
train-s703	1	2	ADV	ADJ	hi	en	true	boundary
train-s703	2	3	ADJ	NOUN	en	en	false	within
train-s703	3	4	NOUN	NOUN	en	en	false	boundary
train-s703	4	5	NOUN	NOUN	en	en	false	within
train-s703	5	6	NOUN	ADP	en	hi	true	within
train-s703	6	7	ADP	DET	hi	hi	false	boundary
train-s703	7	8	DET	NOUN	hi	hi	false	within
train-s703	8	9	NOUN	AUX	hi	hi	false	within
train-s704	1	2	ADJ	NOUN	en	en	false	within
train-s704	2	3	NOUN	NOUN	en	en	false	boundary
train-s704	3	4	NOUN	ADP	en	hi	true	within
train-s704	4	5	ADP	NOUN	hi	en	true	boundary
train-s704	5	6	NOUN	VERB	en	hi	true	within
train-s704	6	7	VERB	AUX	hi	hi	false	within
train-s704	7	8	AUX	VERB	hi	hi	false	boundary
train-s704	8	9	VERB	AUX	hi	hi	false	within
train-s704	9	10	AUX	NOUN	hi	en	true	boundary
train-s704	10	11	NOUN	AUX	en	hi	true	within
train-s704	11	12	AUX	NOUN	hi	en	true	boundary
train-s704	12	13	NOUN	NOUN	en	en	false	within
train-s705	1	2	NOUN	ADV	en	en	false	boundary
train-s705	2	3	ADV	VERB	en	en	false	within
train-s705	3	4	VERB	NOUN	en	en	false	within
train-s705	4	6	NOUN	ADV	en	hi	true	boundary
train-s705	6	8	ADV	VERB	hi	hi	false	within
train-s705	8	9	VERB	AUX	hi	hi	false	within
train-s705	9	10	AUX	VERB	hi	hi	false	boundary
train-s705	10	12	VERB	NOUN	hi	hi	false	boundary
train-s705	12	13	NOUN	ADP	hi	hi	false	within
train-s705	13	14	ADP	PART	hi	hi	false	within
train-s705	14	15	PART	PRON	hi	hi	false	boundary
train-s705	15	16	PRON	NOUN	hi	hi	false	within
train-s705	16	17	NOUN	AUX	hi	hi	false	within
train-s706	1	2	PRON	VERB	en	en	false	within
train-s706	2	3	VERB	PART	en	en	false	boundary
train-s706	3	4	PART	AUX	en	en	false	within
train-s706	4	6	AUX	CCONJ	en	en	false	boundary
train-s706	6	7	CCONJ	PART	en	en	false	within
train-s706	7	9	PART	PRON	en	hi	true	boundary
train-s706	9	10	PRON	NOUN	hi	hi	false	within
train-s706	10	11	NOUN	PRON	hi	hi	false	boundary
train-s706	11	12	PRON	AUX	hi	hi	false	within
train-s706	12	13	AUX	AUX	hi	hi	false	within
train-s706	13	14	AUX	NOUN	hi	en	true	boundary
train-s706	14	15	NOUN	VERB	en	hi	true	within
train-s706	15	16	VERB	SCONJ	hi	hi	false	within
train-s707	2	3	ADV	ADJ	hi	hi	false	within
train-s707	3	4	ADJ	VERB	hi	hi	false	within
train-s707	4	5	VERB	AUX	hi	hi	false	within
train-s707	5	6	AUX	PART	hi	hi	false	within
train-s707	6	7	PART	ADP	hi	en	true	boundary
train-s707	7	8	ADP	NOUN	en	en	false	within
train-s708	1	2	PRON	DET	hi	hi	false	boundary
train-s708	2	3	DET	NOUN	hi	en	true	within
train-s708	3	4	NOUN	ADP	en	en	false	within
train-s708	4	5	ADP	NOUN	en	en	false	within
train-s708	5	6	NOUN	AUX	en	hi	true	within
train-s708	6	7	AUX	SCONJ	hi	hi	false	boundary
train-s708	7	8	SCONJ	NOUN	hi	en	true	within
train-s708	8	9	NOUN	ADP	en	hi	true	within
train-s708	9	10	ADP	PART	hi	hi	false	within
train-s708	10	11	PART	VERB	hi	hi	false	boundary
train-s708	11	12	VERB	AUX	hi	hi	false	within
train-s708	12	13	AUX	AUX	hi	hi	false	within
train-s708	13	14	AUX	DET	hi	hi	false	boundary
train-s708	14	15	DET	NOUN	hi	hi	false	within
train-s709	1	2	NOUN	ADP	hi	hi	false	within
train-s709	2	3	ADP	NOUN	hi	hi	false	boundary
train-s709	3	4	NOUN	ADP	hi	hi	false	within
train-s709	4	6	ADP	AUX	hi	en	true	boundary
train-s709	6	7	AUX	DET	en	en	false	within
train-s709	7	8	DET	ADJ	en	en	false	within
train-s709	8	9	ADJ	NOUN	en	en	false	within
train-s709	9	11	NOUN	AUX	en	en	false	boundary
train-s709	11	12	AUX	VERB	en	en	false	within
train-s710	1	2	ADJ	NOUN	hi	hi	false	within
train-s710	2	3	NOUN	AUX	hi	hi	false	within
train-s710	3	4	AUX	NOUN	hi	en	true	boundary
train-s710	4	5	NOUN	NOUN	en	en	false	within
train-s710	5	6	NOUN	VERB	en	hi	true	within
train-s710	6	7	VERB	SCONJ	hi	hi	false	within
train-s710	7	8	SCONJ	CCONJ	hi	en	true	boundary
train-s710	8	9	CCONJ	PRON	en	en	false	boundary
train-s710	9	10	PRON	VERB	en	en	false	boundary
train-s710	10	11	VERB	PART	en	en	false	boundary
train-s710	11	12	PART	VERB	en	en	false	within
train-s710	12	13	VERB	CCONJ	en	en	false	boundary
train-s710	13	14	CCONJ	PRON	en	en	false	within
train-s710	14	15	PRON	VERB	en	en	false	within
train-s710	15	16	VERB	DET	en	en	false	boundary
train-s710	16	17	DET	NOUN	en	en	false	within
train-s711	1	2	NOUN	AUX	en	en	false	within
train-s711	2	3	AUX	ADP	en	en	false	within
train-s711	3	4	ADP	DET	en	en	false	within
train-s711	4	6	DET	ADP	en	hi	true	boundary
train-s711	6	7	ADP	ADJ	hi	hi	false	boundary
train-s711	7	8	ADJ	NOUN	hi	en	true	within
train-s712	1	2	NOUN	AUX	en	en	false	within
train-s712	2	3	AUX	PART	en	en	false	within
train-s712	3	4	PART	VERB	en	en	false	within
train-s712	4	5	VERB	NOUN	en	en	false	within
train-s712	5	7	NOUN	CCONJ	en	hi	true	boundary
train-s712	7	8	CCONJ	PART	hi	hi	false	within
train-s712	8	9	PART	ADJ	hi	en	true	boundary
train-s712	9	10	ADJ	AUX	en	hi	true	within
train-s712	10	11	AUX	CCONJ	hi	hi	false	boundary
train-s712	11	12	CCONJ	PART	hi	hi	false	within
train-s712	12	13	PART	NOUN	hi	hi	false	boundary
train-s712	13	14	NOUN	VERB	hi	hi	false	within
train-s712	14	15	VERB	PART	hi	hi	false	within
train-s712	15	16	PART	AUX	hi	hi	false	within
train-s712	16	17	AUX	AUX	hi	hi	false	within
train-s713	1	2	ADJ	NOUN	en	en	false	within
train-s713	2	3	NOUN	PART	en	en	false	within
train-s713	3	4	PART	NOUN	en	en	false	boundary
train-s713	4	5	NOUN	ADP	en	en	false	boundary
train-s713	5	6	ADP	DET	en	en	false	within
train-s713	6	7	DET	DET	en	en	false	within
train-s713	7	8	DET	NOUN	en	en	false	within
train-s713	8	9	NOUN	ADV	en	en	false	within
train-s713	9	10	ADV	SCONJ	en	en	false	boundary
train-s713	10	11	SCONJ	PRON	en	en	false	within
train-s713	11	12	PRON	VERB	en	en	false	within
train-s713	12	13	VERB	PRON	en	hi	true	boundary
train-s713	13	14	PRON	ADP	hi	hi	false	within
train-s713	14	15	ADP	PART	hi	hi	false	within
train-s713	15	16	PART	NOUN	hi	en	true	boundary
train-s713	16	17	NOUN	PART	en	hi	true	within
train-s713	17	18	PART	VERB	hi	hi	false	within
train-s713	18	19	VERB	AUX	hi	hi	false	within
train-s713	19	20	AUX	PRON	hi	hi	false	within
train-s713	20	21	PRON	NOUN	hi	hi	false	within
train-s714	1	2	PRON	AUX	en	en	false	within
train-s714	2	3	AUX	ADJ	en	en	false	within
train-s714	3	4	ADJ	ADP	en	en	false	boundary
train-s714	4	6	ADP	ADV	en	en	false	boundary
train-s714	6	7	ADV	NOUN	en	hi	true	within
train-s714	7	8	NOUN	ADP	hi	hi	false	within
train-s714	8	9	ADP	NOUN	hi	hi	false	boundary
train-s714	9	10	NOUN	VERB	hi	hi	false	within
train-s714	10	11	VERB	AUX	hi	hi	false	within
train-s714	11	12	AUX	ADJ	hi	hi	false	boundary
train-s714	12	13	ADJ	VERB	hi	hi	false	within
train-s714	13	14	VERB	AUX	hi	hi	false	within
train-s715	2	3	DET	ADJ	en	en	false	within
train-s715	3	4	ADJ	NOUN	en	en	false	within
train-s715	4	5	NOUN	ADP	en	en	false	boundary
train-s715	5	6	ADP	NOUN	en	en	false	within
train-s715	6	7	NOUN	NOUN	en	en	false	within
train-s715	7	8	NOUN	AUX	en	en	false	within
train-s715	8	11	AUX	PRON	en	hi	true	within
train-s715	11	12	PRON	DET	hi	hi	false	boundary
train-s715	12	13	DET	NOUN	hi	hi	false	within
train-s715	13	14	NOUN	ADJ	hi	hi	false	within
train-s715	14	15	ADJ	PART	hi	hi	false	within
train-s715	15	16	PART	VERB	hi	hi	false	boundary
train-s715	16	17	VERB	AUX	hi	hi	false	within
train-s715	17	18	AUX	AUX	hi	hi	false	within
train-s716	2	3	VERB	ADV	en	en	false	boundary
train-s716	3	4	ADV	PART	en	en	false	within
train-s716	4	5	PART	VERB	en	en	false	within
train-s716	5	6	VERB	ADP	en	en	false	boundary
train-s716	6	7	ADP	PRON	en	en	false	within
train-s716	7	8	PRON	NOUN	en	hi	true	within
train-s716	8	9	NOUN	PRON	hi	hi	false	boundary
train-s716	9	10	PRON	PRON	hi	hi	false	within
train-s716	10	11	PRON	VERB	hi	hi	false	within
train-s716	11	13	VERB	ADP	hi	hi	false	boundary
train-s716	13	14	ADP	ADP	hi	hi	false	within
train-s717	2	3	DET	NOUN	en	en	false	within
train-s717	3	4	NOUN	SCONJ	en	en	false	boundary
train-s717	4	5	SCONJ	PRON	en	en	false	within
train-s717	5	6	PRON	AUX	en	en	false	within
train-s717	6	7	AUX	VERB	en	en	false	within
train-s717	7	8	VERB	ADP	en	en	false	boundary
train-s717	8	9	ADP	NOUN	en	hi	true	within
train-s717	9	10	NOUN	ADP	hi	hi	false	within
train-s717	10	11	ADP	ADP	hi	hi	false	within
train-s717	11	12	ADP	ADP	hi	hi	false	within
train-s718	1	2	ADJ	NOUN	en	en	false	within
train-s718	2	3	NOUN	NOUN	en	en	false	within
train-s718	3	4	NOUN	VERB	en	hi	true	within
train-s718	4	5	VERB	AUX	hi	hi	false	within
train-s718	5	6	AUX	NOUN	hi	hi	false	boundary
train-s718	6	7	NOUN	VERB	hi	hi	false	within
train-s718	7	9	VERB	AUX	hi	hi	false	within
train-s719	1	2	DET	NOUN	hi	hi	false	within
train-s719	2	3	NOUN	VERB	hi	hi	false	within
train-s719	3	4	VERB	AUX	hi	hi	false	within
train-s719	4	5	AUX	CCONJ	hi	hi	false	boundary
train-s719	5	6	CCONJ	NOUN	hi	hi	false	within
train-s719	6	7	NOUN	ADP	hi	hi	false	within
train-s719	7	8	ADP	ADP	hi	hi	false	within
train-s719	8	9	ADP	AUX	hi	hi	false	within
train-s719	9	10	AUX	SCONJ	hi	hi	false	boundary
train-s719	10	11	SCONJ	NOUN	hi	hi	false	within
train-s719	11	13	NOUN	ADP	hi	en	true	boundary
train-s719	13	14	ADP	NOUN	en	en	false	within
train-s719	14	15	NOUN	ADV	en	hi	true	within
train-s719	15	16	ADV	NOUN	hi	en	true	within
train-s719	16	17	NOUN	VERB	en	hi	true	within
train-s719	17	18	VERB	AUX	hi	hi	false	within
train-s719	18	19	AUX	AUX	hi	hi	false	within
train-s720	3	4	ADP	NOUN	hi	en	true	boundary
train-s720	4	5	NOUN	NOUN	en	en	false	within
train-s720	5	6	NOUN	NOUN	en	hi	true	within
train-s720	6	7	NOUN	VERB	hi	hi	false	within
train-s720	7	8	VERB	PRON	hi	hi	false	within
train-s721	1	3	ADV	AUX	en	en	false	within
train-s721	3	4	AUX	PRON	en	en	false	within
train-s721	4	5	PRON	ADJ	en	en	false	within
train-s721	5	6	ADJ	VERB	en	en	false	within
train-s721	6	7	VERB	NOUN	en	en	false	within
train-s721	7	8	NOUN	ADP	en	en	false	boundary
train-s721	8	9	ADP	DET	en	en	false	within
train-s721	9	10	DET	NOUN	en	en	false	within
train-s721	10	11	NOUN	CCONJ	en	en	false	boundary
train-s721	11	12	CCONJ	ADV	en	en	false	within
train-s721	12	13	ADV	NOUN	en	hi	true	within
train-s721	13	14	NOUN	VERB	hi	hi	false	within
train-s721	14	15	VERB	AUX	hi	hi	false	within
train-s722	2	3	VERB	SCONJ	hi	hi	false	within
train-s722	3	4	SCONJ	NOUN	hi	hi	false	boundary
train-s722	4	5	NOUN	AUX	hi	en	true	within
train-s722	5	6	AUX	VERB	en	en	false	within
train-s722	6	7	VERB	PRON	en	en	false	within
train-s723	1	2	PRON	PRON	hi	hi	false	boundary
train-s723	2	3	PRON	NOUN	hi	en	true	within
train-s723	3	4	NOUN	ADP	en	hi	true	within
train-s723	4	5	ADP	ADJ	hi	en	true	boundary
train-s723	5	6	ADJ	NOUN	en	en	false	within
train-s723	6	7	NOUN	AUX	en	hi	true	within
train-s724	2	3	VERB	ADV	en	en	false	boundary
train-s724	3	4	ADV	ADV	en	en	false	within
train-s724	4	5	ADV	SCONJ	en	en	false	boundary
train-s724	5	6	SCONJ	NOUN	en	hi	true	within
train-s724	6	7	NOUN	ADP	hi	hi	false	within
train-s724	7	8	ADP	PRON	hi	hi	false	boundary
train-s724	8	9	PRON	ADP	hi	hi	false	within
train-s724	9	10	ADP	NOUN	hi	hi	false	boundary
train-s724	10	11	NOUN	VERB	hi	hi	false	within
train-s724	11	12	VERB	AUX	hi	hi	false	within
train-s725	1	2	PRON	VERB	en	en	false	within
train-s725	2	4	VERB	NOUN	en	en	false	boundary
train-s725	4	5	NOUN	VERB	en	hi	true	within
train-s725	5	6	VERB	AUX	hi	hi	false	within
train-s725	6	7	AUX	AUX	hi	hi	false	within
train-s726	1	2	ADV	VERB	en	hi	true	within
train-s726	2	3	VERB	AUX	hi	hi	false	within
train-s726	3	4	AUX	PRON	hi	hi	false	within
train-s726	4	5	PRON	ADJ	hi	en	true	within
train-s727	1	2	PRON	NOUN	hi	hi	false	within
train-s727	2	3	NOUN	VERB	hi	hi	false	within
train-s727	3	4	VERB	AUX	hi	hi	false	within
train-s727	4	5	AUX	SCONJ	hi	hi	false	boundary
train-s727	5	7	SCONJ	ADP	hi	hi	false	boundary
train-s727	7	8	ADP	ADJ	hi	en	true	boundary
train-s727	8	9	ADJ	NOUN	en	en	false	within
train-s727	9	10	NOUN	ADP	en	hi	true	within
train-s727	10	11	ADP	NOUN	hi	en	true	boundary
train-s727	11	12	NOUN	NOUN	en	en	false	within
train-s727	12	13	NOUN	PART	en	hi	true	within
train-s727	13	14	PART	AUX	hi	hi	false	within
train-s728	1	2	NOUN	NOUN	en	en	false	within
train-s728	2	3	NOUN	ADP	en	hi	true	within
train-s728	3	4	ADP	VERB	hi	hi	false	boundary
train-s728	4	5	VERB	VERB	hi	hi	false	within
train-s728	5	6	VERB	SCONJ	hi	hi	false	within
train-s728	6	7	SCONJ	ADV	hi	hi	false	boundary
train-s728	7	8	ADV	ADJ	hi	hi	false	within
train-s728	8	9	ADJ	AUX	hi	hi	false	within
train-s728	9	10	AUX	CCONJ	hi	hi	false	boundary
train-s728	10	11	CCONJ	PART	hi	hi	false	within
train-s728	11	13	PART	NOUN	hi	en	true	boundary
train-s729	1	2	AUX	PRON	en	en	false	within
train-s729	2	3	PRON	DET	en	en	false	boundary
train-s729	3	4	DET	ADJ	en	en	false	within
train-s729	4	5	ADJ	NOUN	en	en	false	within
train-s729	5	6	NOUN	PRON	en	hi	true	boundary
train-s729	6	7	PRON	ADV	hi	hi	false	within
train-s729	7	8	ADV	ADP	hi	hi	false	within
train-s729	8	10	ADP	CCONJ	hi	hi	false	boundary
train-s729	10	12	CCONJ	PART	hi	hi	false	boundary
train-s729	12	13	PART	VERB	hi	hi	false	within
train-s730	1	2	NOUN	ADP	hi	hi	false	within
train-s730	2	3	ADP	NOUN	hi	en	true	boundary
train-s730	3	4	NOUN	ADV	en	hi	true	boundary
train-s730	4	5	ADV	ADP	hi	hi	false	within
train-s730	5	6	ADP	VERB	hi	hi	false	boundary
train-s730	6	7	VERB	SCONJ	hi	hi	false	within
train-s730	7	8	SCONJ	ADJ	hi	en	true	boundary
train-s730	8	9	ADJ	PART	en	hi	true	within
train-s730	9	10	PART	VERB	hi	hi	false	boundary
train-s730	10	11	VERB	AUX	hi	hi	false	within
train-s730	11	13	AUX	PRON	hi	hi	false	boundary
train-s730	13	14	PRON	NOUN	hi	hi	false	within
train-s730	14	15	NOUN	ADJ	hi	en	true	boundary
train-s730	15	16	ADJ	NOUN	en	en	false	boundary
train-s730	16	17	NOUN	ADP	en	hi	true	boundary
train-s730	17	18	ADP	NOUN	hi	en	true	within
train-s730	18	19	NOUN	VERB	en	hi	true	within
train-s731	2	3	NOUN	AUX	en	en	false	boundary
train-s731	3	4	AUX	ADP	en	en	false	within
train-s731	4	5	ADP	DET	en	en	false	within
train-s731	5	6	DET	NUM	en	en	false	within
train-s731	6	7	NUM	NOUN	en	en	false	within
train-s731	7	8	NOUN	PRON	en	hi	true	boundary
train-s731	8	9	PRON	ADV	hi	hi	false	within
train-s731	9	10	ADV	PART	hi	hi	false	within
train-s731	10	11	PART	VERB	hi	hi	false	within
train-s731	11	12	VERB	CCONJ	hi	hi	false	boundary
train-s731	12	13	CCONJ	ADV	hi	hi	false	within
train-s731	13	14	ADV	NOUN	hi	en	true	within
train-s731	14	15	NOUN	VERB	en	hi	true	within
train-s731	15	16	VERB	AUX	hi	hi	false	within
train-s732	1	2	PRON	AUX	en	en	false	within
train-s732	2	3	AUX	VERB	en	en	false	within
train-s732	3	4	VERB	SCONJ	en	hi	true	boundary
train-s732	4	5	SCONJ	PRON	hi	hi	false	within
train-s732	5	6	PRON	ADJ	hi	en	true	within
train-s732	6	7	ADJ	AUX	en	hi	true	within
train-s732	7	8	AUX	ADV	hi	en	true	boundary
train-s732	8	9	ADV	ADJ	en	en	false	within
train-s732	9	10	ADJ	AUX	en	hi	true	within
train-s732	10	11	AUX	CCONJ	hi	en	true	boundary
train-s732	11	12	CCONJ	PRON	en	hi	true	within
train-s732	12	13	PRON	PRON	hi	hi	false	boundary
train-s732	13	14	PRON	ADP	hi	hi	false	within
train-s732	14	15	ADP	DET	hi	hi	false	boundary
train-s732	15	16	DET	PART	hi	hi	false	within
train-s732	16	17	PART	ADV	hi	hi	false	boundary
train-s732	17	18	ADV	ADJ	hi	en	true	within
train-s732	18	19	ADJ	AUX	en	hi	true	within
train-s733	1	3	PRON	ADP	hi	hi	false	boundary
train-s733	3	4	ADP	NOUN	hi	en	true	boundary
train-s733	4	5	NOUN	VERB	en	en	false	within
train-s733	5	6	VERB	AUX	en	hi	true	within
train-s733	6	7	AUX	INTJ	hi	en	true	within
train-s734	3	4	ADP	DET	en	en	false	within
train-s734	4	5	DET	NOUN	en	en	false	within
train-s734	5	6	NOUN	AUX	en	en	false	within
train-s734	6	7	AUX	VERB	en	en	false	within
train-s734	7	8	VERB	NOUN	en	hi	true	boundary
train-s734	8	9	NOUN	ADP	hi	hi	false	within
train-s734	9	10	ADP	NOUN	hi	hi	false	boundary
train-s734	10	11	NOUN	ADP	hi	en	true	boundary
train-s734	11	12	ADP	PROPN	en	en	false	within
train-s735	1	2	VERB	AUX	hi	hi	false	within
train-s735	2	6	AUX	ADP	hi	hi	false	boundary
train-s735	6	7	ADP	PRON	hi	hi	false	boundary
train-s735	7	8	PRON	NOUN	hi	en	true	within
train-s735	8	9	NOUN	ADP	en	hi	true	within
train-s735	9	10	ADP	DET	hi	hi	false	boundary
train-s735	10	11	DET	ADJ	hi	en	true	within
train-s735	11	12	ADJ	NOUN	en	en	false	within
train-s735	12	13	NOUN	AUX	en	hi	true	within
train-s736	1	2	VERB	VERB	en	en	false	within
train-s736	2	3	VERB	ADP	en	en	false	boundary
train-s736	3	4	ADP	NOUN	en	en	false	within
train-s736	4	5	NOUN	CCONJ	en	en	false	boundary
train-s736	5	7	CCONJ	ADP	en	hi	true	boundary
train-s736	7	8	ADP	NOUN	hi	hi	false	boundary
train-s736	8	9	NOUN	ADJ	hi	hi	false	within
train-s737	1	2	PRON	VERB	en	en	false	within
train-s737	2	3	VERB	VERB	en	en	false	boundary
train-s737	3	4	VERB	VERB	en	en	false	within
train-s737	4	5	VERB	AUX	en	en	false	boundary
train-s737	5	6	AUX	AUX	en	en	false	within
train-s737	6	7	AUX	VERB	en	en	false	within
train-s737	7	8	VERB	CCONJ	en	hi	true	boundary
train-s737	8	9	CCONJ	DET	hi	hi	false	boundary
train-s737	9	10	DET	NOUN	hi	hi	false	within
train-s737	10	11	NOUN	ADP	hi	hi	false	within
train-s737	11	12	ADP	NOUN	hi	hi	false	boundary
train-s737	12	13	NOUN	VERB	hi	hi	false	within
train-s737	13	14	VERB	AUX	hi	hi	false	within
train-s738	1	2	VERB	NOUN	en	en	false	within
train-s738	2	3	NOUN	SCONJ	en	en	false	boundary
train-s738	3	4	SCONJ	PRON	en	en	false	within
train-s738	4	5	PRON	VERB	en	en	false	within
train-s738	5	6	VERB	NOUN	en	hi	true	boundary
train-s738	6	7	NOUN	ADP	hi	hi	false	within
train-s738	7	8	ADP	NOUN	hi	hi	false	boundary
train-s739	1	2	ADJ	NOUN	en	en	false	within
train-s739	2	3	NOUN	ADP	en	hi	true	within
train-s739	3	4	ADP	VERB	hi	hi	false	boundary
train-s739	4	5	VERB	AUX	hi	hi	false	within
train-s739	5	6	AUX	ADV	hi	hi	false	boundary
train-s739	6	7	ADV	NOUN	hi	en	true	within
train-s739	7	8	NOUN	VERB	en	hi	true	within
train-s739	8	9	VERB	AUX	hi	hi	false	within
train-s740	1	2	PRON	DET	hi	hi	false	boundary
train-s740	2	3	DET	NOUN	hi	hi	false	within
train-s740	3	4	NOUN	ADP	hi	hi	false	within
train-s740	4	5	ADP	ADJ	hi	en	true	boundary
train-s740	5	6	ADJ	NOUN	en	en	false	within
train-s740	6	7	NOUN	AUX	en	hi	true	within
train-s741	2	3	NOUN	AUX	en	en	false	within
train-s741	3	4	AUX	ADV	en	en	false	within
train-s741	4	5	ADV	ADJ	en	en	false	within
train-s741	5	6	ADJ	ADV	en	en	false	boundary
train-s741	6	7	ADV	DET	en	en	false	boundary
train-s741	7	8	DET	NOUN	en	en	false	within
train-s741	8	9	NOUN	VERB	en	en	false	within
train-s741	9	11	VERB	PART	en	hi	true	boundary
train-s741	11	12	PART	VERB	hi	hi	false	within
train-s741	12	13	VERB	PRON	hi	hi	false	boundary
train-s741	13	14	PRON	VERB	hi	hi	false	within
train-s741	14	15	VERB	AUX	hi	hi	false	within
train-s742	1	2	PRON	VERB	en	en	false	within
train-s742	2	3	VERB	PRON	en	en	false	boundary
train-s742	3	4	PRON	AUX	en	en	false	within
train-s742	4	5	AUX	ADJ	en	en	false	within
train-s742	5	6	ADJ	PART	en	en	false	within
train-s742	6	7	PART	ADP	en	en	false	boundary
train-s742	7	8	ADP	DET	en	en	false	within
train-s742	8	9	DET	NOUN	en	en	false	within
train-s742	9	10	NOUN	ADP	en	hi	true	within
train-s742	10	11	ADP	ADJ	hi	hi	false	boundary
train-s742	11	12	ADJ	NOUN	hi	hi	false	within
train-s742	12	13	NOUN	CCONJ	hi	en	true	boundary
train-s742	13	14	CCONJ	ADJ	en	hi	true	within
train-s742	14	15	ADJ	NOUN	hi	hi	false	within
train-s743	1	2	VERB	PART	hi	hi	false	within
train-s743	2	3	PART	AUX	hi	hi	false	within
train-s743	3	4	AUX	AUX	hi	hi	false	within
train-s743	4	5	AUX	NOUN	hi	en	true	boundary
train-s743	5	6	NOUN	ADV	en	en	false	within
train-s743	6	7	ADV	VERB	en	hi	true	within
train-s743	7	8	VERB	AUX	hi	hi	false	within
train-s743	8	9	AUX	AUX	hi	hi	false	within
train-s743	9	10	AUX	AUX	hi	hi	false	within
train-s744	3	5	VERB	ADJ	en	hi	true	boundary
train-s744	5	6	ADJ	PART	hi	hi	false	within
train-s744	6	7	PART	VERB	hi	hi	false	within
train-s744	7	9	VERB	ADJ	hi	hi	false	boundary
train-s744	9	10	ADJ	PART	hi	hi	false	within
train-s744	10	11	PART	VERB	hi	hi	false	within
train-s744	11	13	VERB	ADJ	hi	hi	false	boundary
train-s744	13	14	ADJ	PART	hi	hi	false	within
train-s744	14	15	PART	VERB	hi	hi	false	within
train-s744	15	17	VERB	PRON	hi	en	true	boundary
train-s744	17	18	PRON	ADV	en	en	false	within
train-s744	18	19	ADV	VERB	en	en	false	within
train-s744	19	20	VERB	ADJ	en	hi	true	boundary
train-s744	20	21	ADJ	PART	hi	hi	false	within
train-s744	21	23	PART	VERB	hi	hi	false	within
train-s745	1	2	PART	ADJ	en	en	false	within
train-s745	2	3	ADJ	NOUN	en	en	false	within
train-s745	3	4	NOUN	AUX	en	en	false	within
train-s745	4	5	AUX	ADJ	en	en	false	within
train-s745	5	6	ADJ	SCONJ	en	en	false	boundary
train-s745	6	8	SCONJ	NOUN	en	hi	true	within
train-s745	8	9	NOUN	PRON	hi	hi	false	within
train-s745	9	10	PRON	VERB	hi	hi	false	within
train-s746	1	2	NOUN	PRON	en	en	false	within
train-s746	2	3	PRON	VERB	en	en	false	within
train-s746	3	4	VERB	ADJ	en	en	false	boundary
train-s746	4	5	ADJ	NOUN	en	en	false	within
train-s746	5	6	NOUN	SCONJ	en	en	false	boundary
train-s746	6	7	SCONJ	VERB	en	en	false	within
train-s746	7	9	VERB	VERB	en	hi	true	within
train-s746	9	10	VERB	PART	hi	hi	false	within
train-s746	10	11	PART	AUX	hi	hi	false	within
train-s746	11	12	AUX	INTJ	hi	en	true	within
train-s747	1	2	DET	NOUN	hi	hi	false	within
train-s747	2	3	NOUN	PART	hi	hi	false	within
train-s747	3	5	PART	ADV	hi	en	true	boundary
train-s747	5	6	ADV	PRON	en	en	false	boundary
train-s747	6	7	PRON	VERB	en	en	false	within
train-s747	7	8	VERB	ADJ	en	en	false	boundary
train-s747	8	9	ADJ	VERB	en	en	false	within
train-s747	9	11	VERB	PART	en	hi	true	within
train-s747	11	12	PART	NOUN	hi	en	true	boundary
train-s747	12	13	NOUN	PART	en	hi	true	within
train-s747	13	14	PART	VERB	hi	hi	false	within
train-s747	14	15	VERB	AUX	hi	hi	false	within
train-s748	1	2	ADJ	NOUN	en	en	false	within
train-s748	2	3	NOUN	CCONJ	en	hi	true	boundary
train-s748	3	5	CCONJ	PRON	hi	hi	false	boundary
train-s748	5	6	PRON	NOUN	hi	en	true	within
train-s748	6	7	NOUN	NOUN	en	en	false	within
train-s748	7	8	NOUN	VERB	en	hi	true	within
train-s748	8	9	VERB	AUX	hi	hi	false	within
train-s749	1	2	VERB	CCONJ	en	en	false	boundary
train-s749	2	3	CCONJ	VERB	en	en	false	within
train-s749	3	4	VERB	AUX	en	en	false	boundary
train-s749	4	5	AUX	DET	en	en	false	within
train-s749	5	6	DET	NOUN	en	en	false	within
train-s749	6	7	NOUN	ADP	en	en	false	boundary
train-s749	7	8	ADP	NOUN	en	en	false	within
train-s749	8	9	NOUN	CCONJ	en	en	false	boundary
train-s749	9	10	CCONJ	ADV	en	en	false	within
train-s749	10	11	ADV	PRON	en	hi	true	boundary
train-s749	11	12	PRON	VERB	hi	hi	false	within
train-s749	12	13	VERB	AUX	hi	hi	false	within
train-s749	13	14	AUX	PART	hi	hi	false	within
train-s749	14	15	PART	VERB	hi	hi	false	boundary
train-s750	1	2	AUX	VERB	en	en	false	within
train-s750	2	3	VERB	PRON	en	hi	true	boundary
train-s750	3	4	PRON	NOUN	hi	hi	false	within
train-s750	4	5	NOUN	ADV	hi	hi	false	within
train-s750	5	6	ADV	PART	hi	hi	false	within
train-s750	6	8	PART	NOUN	hi	en	true	boundary
train-s750	8	9	NOUN	ADP	en	hi	true	within
train-s750	9	10	ADP	ADJ	hi	hi	false	boundary
train-s750	10	11	ADJ	VERB	hi	hi	false	within
train-s750	11	12	VERB	AUX	hi	hi	false	within
train-s750	12	13	AUX	AUX	hi	hi	false	within
train-s751	1	2	PROPN	NOUN	en	en	false	within
train-s751	2	3	NOUN	AUX	en	hi	true	within
train-s751	3	4	AUX	NOUN	hi	hi	false	within
train-s751	4	5	NOUN	CCONJ	hi	en	true	boundary
train-s751	5	6	CCONJ	ADV	en	en	false	within
train-s751	6	7	ADV	PRON	en	en	false	within
train-s751	7	8	PRON	AUX	en	en	false	within
train-s751	8	9	AUX	VERB	en	en	false	within
train-s751	9	10	VERB	NOUN	en	en	false	boundary
train-s751	10	11	NOUN	NOUN	en	en	false	within
train-s752	2	5	VERB	PART	en	en	false	boundary
train-s752	5	6	PART	NOUN	en	en	false	boundary
train-s752	6	7	NOUN	ADP	en	en	false	boundary
train-s752	7	8	ADP	NOUN	en	en	false	within
train-s752	8	9	NOUN	CCONJ	en	en	false	boundary
train-s752	9	10	CCONJ	VERB	en	en	false	within
train-s752	10	11	VERB	ADV	en	en	false	within
train-s752	11	12	ADV	SCONJ	en	hi	true	boundary
train-s752	12	13	SCONJ	NOUN	hi	hi	false	boundary
train-s752	13	14	NOUN	ADP	hi	hi	false	within
train-s752	14	15	ADP	NOUN	hi	hi	false	boundary
train-s752	15	16	NOUN	VERB	hi	hi	false	within
train-s752	16	17	VERB	AUX	hi	hi	false	within
train-s753	1	2	SCONJ	PRON	en	en	false	within
train-s753	2	3	PRON	VERB	en	en	false	within
train-s753	3	4	VERB	NOUN	en	hi	true	boundary
train-s753	4	5	NOUN	PART	hi	hi	false	boundary
train-s753	5	6	PART	PRON	hi	hi	false	within
train-s753	6	7	PRON	VERB	hi	hi	false	within
train-s753	7	8	VERB	AUX	hi	hi	false	within
train-s753	8	10	AUX	ADV	hi	en	true	boundary
train-s753	10	11	ADV	VERB	en	en	false	within
train-s753	11	13	VERB	PRON	en	en	false	boundary
train-s753	13	14	PRON	VERB	en	en	false	within
train-s753	14	15	VERB	DET	en	en	false	boundary
train-s753	15	16	DET	NOUN	en	en	false	within
train-s753	16	17	NOUN	VERB	en	en	false	within
train-s753	17	18	VERB	ADP	en	en	false	boundary
train-s753	18	19	ADP	DET	en	en	false	within
train-s753	19	20	DET	NOUN	en	en	false	within
train-s753	20	21	NOUN	NOUN	en	en	false	boundary
train-s754	1	2	SCONJ	ADJ	en	en	false	boundary
train-s754	2	3	ADJ	NOUN	en	en	false	within
train-s754	3	4	NOUN	PART	en	en	false	within
train-s754	4	5	PART	NOUN	en	en	false	boundary
train-s754	5	6	NOUN	ADP	en	en	false	boundary
train-s754	6	8	ADP	ADP	en	en	false	boundary
train-s754	8	9	ADP	NOUN	en	en	false	within
train-s754	9	10	NOUN	NOUN	en	en	false	within
train-s754	10	11	NOUN	VERB	en	en	false	within
train-s754	11	12	VERB	SCONJ	en	hi	true	within
train-s754	12	14	SCONJ	PRON	hi	hi	false	boundary
train-s754	14	15	PRON	PRON	hi	hi	false	within
train-s754	15	16	PRON	VERB	hi	hi	false	within
train-s755	2	3	ADP	ADP	hi	hi	false	within
train-s755	3	4	ADP	VERB	hi	en	true	boundary
train-s755	4	5	VERB	PART	en	en	false	within
train-s755	5	6	PART	INTJ	en	en	false	within
train-s756	2	3	ADV	PRON	en	en	false	within
train-s756	3	4	PRON	VERB	en	en	false	within
train-s756	4	5	VERB	PRON	en	en	false	boundary
train-s756	5	6	PRON	NOUN	en	en	false	within
train-s756	6	7	NOUN	ADP	en	en	false	boundary
train-s756	7	8	ADP	PRON	en	en	false	within
train-s756	8	10	PRON	PRON	en	en	false	boundary
train-s756	10	11	PRON	ADV	en	en	false	within
train-s756	11	12	ADV	VERB	en	en	false	within
train-s756	12	13	VERB	ADP	en	en	false	boundary
train-s756	13	15	ADP	ADV	en	hi	true	within
train-s756	15	16	ADV	VERB	hi	hi	false	within
train-s756	16	17	VERB	PART	hi	hi	false	within
train-s756	17	18	PART	AUX	hi	hi	false	within
train-s756	18	19	AUX	AUX	hi	hi	false	within
train-s757	3	4	AUX	DET	en	en	false	within
train-s757	4	5	DET	ADJ	en	en	false	within
train-s757	5	6	ADJ	NOUN	en	en	false	within
train-s757	6	7	NOUN	ADP	en	en	false	boundary
train-s757	7	9	ADP	ADP	en	hi	true	boundary
train-s757	9	10	ADP	NOUN	hi	hi	false	boundary
train-s758	2	3	PRON	PRON	en	en	false	within
train-s758	3	4	PRON	VERB	en	en	false	within
train-s758	4	5	VERB	AUX	en	en	false	within
train-s758	5	6	AUX	CCONJ	en	en	false	within
train-s758	6	7	CCONJ	ADJ	en	hi	true	within
train-s758	7	9	ADJ	ADV	hi	en	true	boundary
train-s758	9	10	ADV	ADJ	en	en	false	within
train-s758	10	11	ADJ	CCONJ	en	en	false	boundary
train-s758	11	12	CCONJ	VERB	en	en	false	within
train-s758	12	13	VERB	DET	en	en	false	boundary
train-s758	13	15	DET	NOUN	en	hi	true	boundary
train-s758	15	16	NOUN	PRON	hi	hi	false	within
train-s758	16	17	PRON	VERB	hi	hi	false	within
train-s758	17	19	VERB	NOUN	hi	en	true	within
train-s758	19	20	NOUN	ADP	en	en	false	boundary
train-s758	20	21	ADP	PRON	en	en	false	within
train-s759	3	4	ADP	ADJ	hi	en	true	boundary
train-s759	4	5	ADJ	NOUN	en	en	false	within
train-s759	5	6	NOUN	PRON	en	hi	true	within
train-s759	6	7	PRON	AUX	hi	hi	false	within
train-s760	2	3	INTJ	PRON	en	en	false	within
train-s760	3	4	PRON	AUX	en	en	false	within
train-s760	4	5	AUX	PART	en	en	false	within
train-s760	5	6	PART	AUX	en	en	false	within
train-s760	6	7	AUX	ADJ	en	en	false	within
train-s760	7	8	ADJ	CCONJ	en	en	false	boundary
train-s760	8	9	CCONJ	ADV	en	en	false	within
train-s760	9	10	ADV	VERB	en	en	false	within
train-s760	10	11	VERB	PRON	en	en	false	within
train-s760	11	12	PRON	PRON	en	hi	true	boundary
train-s760	12	13	PRON	ADP	hi	hi	false	within
train-s760	13	14	ADP	PRON	hi	hi	false	boundary
train-s760	14	15	PRON	NOUN	hi	hi	false	within
train-s760	15	16	NOUN	ADJ	hi	hi	false	within
train-s760	16	17	ADJ	VERB	hi	hi	false	within
train-s760	17	18	VERB	AUX	hi	hi	false	within
train-s760	18	19	AUX	PRON	hi	hi	false	boundary
train-s760	19	20	PRON	ADP	hi	hi	false	within
train-s760	20	21	ADP	VERB	hi	hi	false	boundary
train-s760	21	22	VERB	AUX	hi	hi	false	within
train-s761	1	2	NOUN	VERB	hi	hi	false	within
train-s761	2	3	VERB	AUX	hi	hi	false	within
train-s761	3	4	AUX	VERB	hi	en	true	boundary
train-s761	4	5	VERB	DET	en	en	false	boundary
train-s761	5	6	DET	NOUN	en	en	false	within
train-s761	6	7	NOUN	SCONJ	en	en	false	boundary
train-s761	7	8	SCONJ	NOUN	en	hi	true	within
train-s761	8	9	NOUN	PART	hi	hi	false	within
train-s761	9	10	PART	VERB	hi	hi	false	boundary
train-s761	10	11	VERB	AUX	hi	hi	false	within
train-s762	2	3	SCONJ	NOUN	en	en	false	within
train-s762	3	4	NOUN	VERB	en	en	false	within
train-s762	4	5	VERB	PRON	en	en	false	within
train-s762	5	7	PRON	NOUN	en	hi	true	boundary
train-s762	7	8	NOUN	PRON	hi	hi	false	within
train-s762	8	9	PRON	NOUN	hi	hi	false	within
train-s762	9	10	NOUN	ADP	hi	hi	false	within
train-s762	10	11	ADP	NOUN	hi	hi	false	boundary
train-s762	11	12	NOUN	VERB	hi	hi	false	within
train-s762	12	13	VERB	AUX	hi	hi	false	within
train-s762	13	14	AUX	NOUN	hi	hi	false	boundary
train-s762	14	15	NOUN	VERB	hi	hi	false	within
train-s762	15	16	VERB	SCONJ	hi	hi	false	within
train-s762	16	17	SCONJ	ADV	hi	hi	false	within
train-s762	17	19	ADV	DET	hi	en	true	boundary
train-s762	19	20	DET	DET	en	en	false	within
train-s762	20	21	DET	NOUN	en	en	false	within
train-s763	1	3	SCONJ	ADV	en	en	false	within
train-s763	3	4	ADV	VERB	en	en	false	within
train-s763	4	7	VERB	NOUN	en	hi	true	boundary
train-s763	7	8	NOUN	ADP	hi	hi	false	within
train-s763	8	9	ADP	NUM	hi	hi	false	boundary
train-s763	9	10	NUM	NOUN	hi	hi	false	within
train-s763	10	11	NOUN	ADJ	hi	hi	false	within
train-s763	11	12	ADJ	AUX	hi	hi	false	within
train-s764	1	2	ADJ	NOUN	hi	en	true	within
train-s764	2	3	NOUN	ADJ	en	en	false	within
train-s764	3	4	ADJ	NOUN	en	en	false	within
train-s764	4	5	NOUN	AUX	en	hi	true	within
train-s764	5	6	AUX	NOUN	hi	hi	false	within
train-s765	1	2	PRON	NOUN	en	en	false	within
train-s765	2	3	NOUN	AUX	en	en	false	within
train-s765	3	4	AUX	DET	en	en	false	boundary
train-s765	4	5	DET	NOUN	en	hi	true	within
train-s765	5	6	NOUN	VERB	hi	hi	false	within
train-s765	6	7	VERB	SCONJ	hi	hi	false	within
train-s765	7	8	SCONJ	NOUN	hi	en	true	boundary
train-s765	8	9	NOUN	CCONJ	en	en	false	boundary
train-s765	9	10	CCONJ	PRON	en	en	false	boundary
train-s765	10	11	PRON	VERB	en	en	false	within
train-s765	11	12	VERB	NOUN	en	en	false	boundary
train-s765	12	13	NOUN	NOUN	en	en	false	within
train-s765	13	14	NOUN	VERB	en	en	false	within
train-s765	14	15	VERB	PRON	en	en	false	within
train-s766	2	3	NOUN	AUX	en	en	false	within
train-s766	3	4	AUX	ADV	en	en	false	within
train-s766	4	5	ADV	PRON	en	en	false	within
train-s766	5	6	PRON	VERB	en	en	false	within
train-s766	6	8	VERB	PRON	en	hi	true	boundary
train-s766	8	9	PRON	PART	hi	hi	false	within
train-s766	9	10	PART	NOUN	hi	hi	false	boundary
train-s766	10	11	NOUN	PART	hi	hi	false	within
train-s766	11	12	PART	VERB	hi	hi	false	boundary
train-s766	12	13	VERB	AUX	hi	hi	false	within
train-s766	13	14	AUX	AUX	hi	hi	false	within
train-s766	14	16	AUX	CCONJ	hi	en	true	boundary
train-s766	16	17	CCONJ	PRON	en	en	false	within
train-s766	17	18	PRON	AUX	en	en	false	within
train-s766	18	19	AUX	ADV	en	en	false	within
train-s766	19	20	ADV	ADJ	en	en	false	within
train-s767	1	3	DET	ADP	hi	hi	false	boundary
train-s767	3	4	ADP	VERB	hi	en	true	boundary
train-s767	4	5	VERB	PRON	en	en	false	boundary
train-s767	5	6	PRON	NOUN	en	en	false	within
train-s767	6	7	NOUN	ADP	en	en	false	boundary
train-s767	7	8	ADP	DET	en	en	false	within
train-s767	8	9	DET	NOUN	en	en	false	within
train-s767	9	10	NOUN	ADP	en	hi	true	within
train-s767	10	11	ADP	NOUN	hi	en	true	boundary
train-s767	11	12	NOUN	DET	en	hi	true	boundary
train-s767	12	13	DET	ADJ	hi	hi	false	within
train-s767	13	14	ADJ	PART	hi	hi	false	within
train-s767	14	15	PART	NOUN	hi	en	true	boundary
train-s767	15	16	NOUN	VERB	en	hi	true	within
train-s767	16	17	VERB	AUX	hi	hi	false	within
train-s767	17	18	AUX	AUX	hi	hi	false	within
train-s767	18	19	AUX	ADV	hi	hi	false	within
train-s768	1	2	AUX	PART	en	en	false	within
train-s768	2	3	PART	PRON	en	en	false	within
train-s768	3	4	PRON	ADJ	en	en	false	within
train-s768	4	6	ADJ	NOUN	en	hi	true	boundary
train-s768	6	7	NOUN	NOUN	hi	hi	false	boundary
train-s768	7	8	NOUN	VERB	hi	hi	false	within
train-s768	8	9	VERB	AUX	hi	hi	false	within
train-s768	9	10	AUX	VERB	hi	hi	false	boundary
train-s768	10	11	VERB	AUX	hi	hi	false	within
train-s768	11	12	AUX	SCONJ	hi	hi	false	boundary
train-s768	12	13	SCONJ	ADJ	hi	hi	false	within
train-s768	13	14	ADJ	VERB	hi	hi	false	within
train-s769	1	2	NOUN	NOUN	hi	hi	false	within
train-s769	2	3	NOUN	VERB	hi	hi	false	within
train-s769	3	4	VERB	SCONJ	hi	hi	false	within
train-s769	4	5	SCONJ	PRON	hi	hi	false	within
train-s769	5	6	PRON	ADJ	hi	en	true	within
train-s769	6	7	ADJ	CCONJ	en	hi	true	boundary
train-s769	7	9	CCONJ	VERB	hi	hi	false	within
train-s769	9	10	VERB	SCONJ	hi	hi	false	within
train-s769	10	11	SCONJ	ADJ	hi	en	true	within
train-s769	11	12	ADJ	NOUN	en	en	false	within
train-s770	1	2	VERB	ADP	en	en	false	boundary
train-s770	2	4	ADP	CCONJ	en	en	false	boundary
train-s770	4	5	CCONJ	VERB	en	en	false	within
train-s770	5	7	VERB	NOUN	en	hi	true	boundary
train-s770	7	9	NOUN	DET	hi	hi	false	boundary
train-s770	9	10	DET	NOUN	hi	hi	false	within
train-s770	10	11	NOUN	ADP	hi	hi	false	within
train-s770	11	12	ADP	NOUN	hi	hi	false	boundary
train-s770	12	13	NOUN	VERB	hi	hi	false	within
train-s770	13	14	VERB	AUX	hi	hi	false	within
train-s771	1	2	ADV	NOUN	en	en	false	within
train-s771	2	3	NOUN	AUX	en	en	false	within
train-s771	3	4	AUX	PART	en	en	false	within
train-s771	4	5	PART	VERB	en	en	false	within
train-s771	5	6	VERB	ADV	en	en	false	within
train-s771	6	8	ADV	ADV	en	en	false	boundary
train-s771	8	9	ADV	VERB	en	hi	true	within
train-s771	9	10	VERB	SCONJ	hi	hi	false	within
train-s771	10	11	SCONJ	PART	hi	hi	false	within
train-s771	11	12	PART	PRON	hi	hi	false	boundary
train-s771	12	13	PRON	ADJ	hi	hi	false	within
train-s771	13	14	ADJ	PART	hi	hi	false	boundary
train-s771	14	15	PART	VERB	hi	hi	false	within
train-s772	2	3	ADP	ADV	hi	en	true	boundary
train-s772	3	4	ADV	NOUN	en	en	false	within
train-s772	4	5	NOUN	VERB	en	hi	true	within
train-s772	5	6	VERB	AUX	hi	hi	false	within
train-s772	6	7	AUX	AUX	hi	hi	false	within
train-s773	2	3	ADV	NUM	en	en	false	within
train-s773	3	4	NUM	ADP	en	en	false	boundary
train-s773	4	5	ADP	NOUN	en	en	false	within
train-s773	5	7	NOUN	NOUN	en	hi	true	boundary
train-s773	7	8	NOUN	ADP	hi	hi	false	within
train-s773	8	9	ADP	NOUN	hi	hi	false	boundary
train-s773	9	10	NOUN	PART	hi	hi	false	within
train-s773	10	11	PART	VERB	hi	hi	false	within
train-s773	11	12	VERB	NOUN	hi	hi	false	boundary
train-s773	12	13	NOUN	VERB	hi	hi	false	within
train-s773	13	14	VERB	AUX	hi	hi	false	within
train-s773	14	15	AUX	NOUN	hi	hi	false	boundary
train-s773	15	16	NOUN	VERB	hi	hi	false	within
train-s773	16	18	VERB	NOUN	hi	en	true	boundary
train-s774	2	3	ADV	DET	en	en	false	boundary
train-s774	3	4	DET	NOUN	en	en	false	within
train-s774	4	5	NOUN	VERB	en	en	false	within
train-s774	5	6	VERB	ADP	en	en	false	boundary
train-s774	6	7	ADP	DET	en	en	false	within
train-s774	7	8	DET	NOUN	en	en	false	within
train-s774	8	10	NOUN	PRON	en	hi	true	boundary
train-s774	10	11	PRON	ADP	hi	hi	false	within
train-s774	11	12	ADP	ADJ	hi	hi	false	boundary
train-s774	12	13	ADJ	NOUN	hi	en	true	within
train-s774	13	14	NOUN	ADJ	en	en	false	boundary
train-s774	14	15	ADJ	NOUN	en	en	false	within
train-s774	15	16	NOUN	ADP	en	hi	true	within
train-s774	16	17	ADP	VERB	hi	hi	false	boundary
train-s774	17	18	VERB	AUX	hi	hi	false	within
train-s775	1	3	DET	PART	hi	en	true	boundary
train-s775	3	4	PART	VERB	en	en	false	within
train-s775	4	5	VERB	ADP	en	en	false	boundary
train-s775	5	6	ADP	NOUN	en	en	false	within
train-s775	6	8	NOUN	ADP	en	hi	true	boundary
train-s775	8	9	ADP	NOUN	hi	hi	false	within
train-s775	9	10	NOUN	PRON	hi	hi	false	within
train-s775	10	11	PRON	AUX	hi	hi	false	within
train-s775	11	12	AUX	PRON	hi	hi	false	boundary
train-s775	12	13	PRON	ADV	hi	hi	false	within
train-s775	13	14	ADV	NOUN	hi	hi	false	within
train-s775	14	15	NOUN	PART	hi	hi	false	within
train-s775	15	16	PART	VERB	hi	hi	false	within
train-s776	1	2	ADJ	NOUN	en	en	false	within
train-s776	2	3	NOUN	NOUN	en	hi	true	within
train-s776	3	4	NOUN	VERB	hi	hi	false	within
train-s776	4	5	VERB	AUX	hi	hi	false	within
train-s776	5	6	AUX	AUX	hi	hi	false	within
train-s776	6	7	AUX	CCONJ	hi	en	true	boundary
train-s776	7	8	CCONJ	NOUN	en	hi	true	within
train-s776	8	9	NOUN	PART	hi	hi	false	within
train-s776	9	10	PART	VERB	hi	hi	false	boundary
train-s776	10	11	VERB	AUX	hi	hi	false	within
train-s777	1	2	SCONJ	PRON	en	en	false	within
train-s777	2	3	PRON	AUX	en	en	false	within
train-s777	3	4	AUX	ADJ	en	hi	true	within
train-s777	4	5	ADJ	NOUN	hi	hi	false	within
train-s777	5	7	NOUN	AUX	hi	en	true	within
train-s777	7	8	AUX	PRON	en	en	false	within
train-s777	8	9	PRON	VERB	en	en	false	within
train-s777	9	10	VERB	PRON	en	en	false	boundary
train-s777	10	11	PRON	ADJ	en	hi	true	within
train-s777	11	12	ADJ	NOUN	hi	hi	false	within
train-s777	12	13	NOUN	ADV	hi	en	true	within
train-s777	13	14	ADV	INTJ	en	en	false	within
train-s778	1	2	ADV	PRON	en	en	false	within
train-s778	2	3	PRON	VERB	en	en	false	within
train-s778	3	4	VERB	VERB	en	en	false	within
train-s778	4	7	VERB	NOUN	en	en	false	boundary
train-s778	7	8	NOUN	VERB	en	hi	true	within
train-s778	8	9	VERB	PRON	hi	hi	false	within
train-s778	9	10	PRON	ADP	hi	hi	false	within
train-s779	1	3	ADJ	ADP	en	hi	true	within
train-s779	3	4	ADP	NOUN	hi	en	true	boundary
train-s779	4	5	NOUN	VERB	en	hi	true	within
train-s779	5	6	VERB	AUX	hi	hi	false	within
train-s779	6	7	AUX	ADV	hi	hi	false	within
train-s779	7	8	ADV	PART	hi	hi	false	within
train-s780	1	2	NOUN	CCONJ	en	hi	true	boundary
train-s780	2	3	CCONJ	NOUN	hi	en	true	within
train-s780	3	5	NOUN	NOUN	en	hi	true	boundary
train-s780	5	6	NOUN	ADP	hi	hi	false	within
train-s780	6	7	ADP	NOUN	hi	hi	false	boundary
train-s780	7	8	NOUN	ADP	hi	hi	false	within
train-s780	8	9	ADP	NOUN	hi	hi	false	boundary
train-s780	9	10	NOUN	VERB	hi	hi	false	within
train-s780	10	11	VERB	AUX	hi	hi	false	within
train-s781	2	4	NOUN	NOUN	en	en	false	within
train-s781	4	5	NOUN	ADP	en	hi	true	within
train-s781	5	6	ADP	NOUN	hi	en	true	boundary
train-s781	6	7	NOUN	VERB	en	hi	true	within
train-s781	7	8	VERB	AUX	hi	hi	false	within
train-s781	8	9	AUX	AUX	hi	hi	false	within
train-s781	9	11	AUX	INTJ	hi	en	true	boundary
train-s781	11	12	INTJ	VERB	en	en	false	within
train-s781	12	14	VERB	NOUN	en	en	false	within
train-s782	1	2	ADJ	NOUN	hi	hi	false	within
train-s782	2	3	NOUN	ADP	hi	hi	false	within
train-s782	3	4	ADP	NOUN	hi	en	true	boundary
train-s782	4	5	NOUN	VERB	en	hi	true	within
train-s782	5	6	VERB	AUX	hi	hi	false	within
train-s782	6	7	AUX	SCONJ	hi	hi	false	boundary
train-s782	7	8	SCONJ	VERB	hi	en	true	within
train-s782	8	9	VERB	ADP	en	en	false	boundary
train-s782	9	10	ADP	NOUN	en	en	false	within
train-s782	10	11	NOUN	VERB	en	hi	true	boundary
train-s782	11	12	VERB	AUX	hi	hi	false	within
train-s783	1	2	ADP	DET	en	en	false	within
train-s783	2	3	DET	ADJ	en	en	false	within
train-s783	3	4	ADJ	NOUN	en	en	false	within
train-s783	4	6	NOUN	NOUN	en	en	false	within
train-s783	6	7	NOUN	NOUN	en	en	false	within
train-s783	7	8	NOUN	PART	en	hi	true	within
train-s783	8	9	PART	VERB	hi	hi	false	within
train-s784	3	4	PART	ADJ	en	en	false	boundary
train-s784	4	5	ADJ	NOUN	en	en	false	within
train-s784	5	6	NOUN	NOUN	en	en	false	within
train-s784	6	7	NOUN	AUX	en	en	false	within
train-s784	7	9	AUX	DET	en	hi	true	boundary
train-s784	9	10	DET	NOUN	hi	hi	false	within
train-s784	10	11	NOUN	PRON	hi	hi	false	within
train-s784	11	12	PRON	NOUN	hi	hi	false	within
train-s784	12	13	NOUN	VERB	hi	hi	false	within
train-s784	13	14	VERB	AUX	hi	hi	false	within
train-s784	14	15	AUX	ADJ	hi	hi	false	boundary
train-s784	15	16	ADJ	PRON	hi	hi	false	within
train-s784	16	17	PRON	VERB	hi	hi	false	within
train-s785	1	2	NOUN	VERB	en	hi	true	within
train-s785	2	3	VERB	AUX	hi	hi	false	within
train-s785	3	4	AUX	NOUN	hi	en	true	boundary
train-s785	4	5	NOUN	NOUN	en	en	false	within
train-s785	5	6	NOUN	VERB	en	hi	true	within
train-s785	6	7	VERB	VERB	hi	hi	false	within
train-s785	7	8	VERB	AUX	hi	hi	false	within
train-s785	8	9	AUX	AUX	hi	hi	false	within
train-s785	9	10	AUX	ADP	hi	hi	false	within
train-s785	10	11	ADP	ADJ	hi	hi	false	boundary
train-s785	11	12	ADJ	NOUN	hi	hi	false	within
train-s785	12	13	NOUN	VERB	hi	hi	false	within
train-s785	13	14	VERB	AUX	hi	hi	false	within
train-s786	1	2	NOUN	PRON	hi	hi	false	within
train-s786	2	3	PRON	NOUN	hi	hi	false	boundary
train-s786	3	4	NOUN	ADP	hi	hi	false	within
train-s786	4	5	ADP	NOUN	hi	hi	false	boundary
train-s786	5	6	NOUN	PART	hi	hi	false	within
train-s786	6	7	PART	VERB	hi	hi	false	boundary
train-s786	7	8	VERB	AUX	hi	hi	false	within
train-s786	8	9	AUX	SCONJ	hi	hi	false	boundary
train-s786	9	10	SCONJ	PRON	hi	hi	false	within
train-s786	10	11	PRON	PART	hi	hi	false	within
train-s786	11	13	PART	NOUN	hi	en	true	boundary
train-s786	13	14	NOUN	ADP	en	hi	true	within
train-s786	14	15	ADP	VERB	hi	hi	false	boundary
train-s786	15	16	VERB	AUX	hi	hi	false	within
train-s786	16	17	AUX	VERB	hi	en	true	within
train-s786	17	18	VERB	ADP	en	en	false	boundary
train-s786	18	19	ADP	DET	en	en	false	within
train-s786	19	20	DET	NOUN	en	en	false	within
train-s787	1	2	PRON	VERB	en	en	false	within
train-s787	2	3	VERB	PRON	en	hi	true	boundary
train-s787	3	4	PRON	ADV	hi	hi	false	within
train-s787	4	5	ADV	ADJ	hi	en	true	within
train-s787	5	6	ADJ	CCONJ	en	en	false	boundary
train-s787	6	7	CCONJ	ADJ	en	en	false	within
train-s787	7	8	ADJ	AUX	en	hi	true	within
train-s787	8	9	AUX	ADV	hi	en	true	within
train-s787	9	10	ADV	ADP	en	en	false	boundary
train-s787	10	11	ADP	ADP	en	en	false	within
train-s787	11	15	ADP	NOUN	en	en	false	boundary
train-s787	15	16	NOUN	ADJ	en	en	false	within
train-s787	16	17	ADJ	NOUN	en	en	false	within
train-s787	17	18	NOUN	ADP	en	hi	true	within
train-s788	2	3	NUM	NOUN	en	en	false	within
train-s788	3	4	NOUN	AUX	en	en	false	within
train-s788	4	5	AUX	ADJ	en	en	false	within
train-s788	5	6	ADJ	ADP	en	en	false	boundary
train-s788	6	7	ADP	NOUN	en	hi	true	within
train-s788	7	8	NOUN	CCONJ	hi	en	true	boundary
train-s788	8	9	CCONJ	ADJ	en	en	false	within
train-s788	9	12	ADJ	NOUN	en	hi	true	boundary
train-s788	12	13	NOUN	PART	hi	hi	false	within
train-s788	13	14	PART	VERB	hi	hi	false	boundary
train-s788	14	15	VERB	PART	hi	hi	false	within
train-s788	15	16	PART	AUX	hi	hi	false	within
train-s788	16	19	AUX	NOUN	hi	en	true	boundary
train-s789	1	2	ADV	ADJ	hi	en	true	within
train-s789	2	3	ADJ	NOUN	en	en	false	within
train-s789	3	4	NOUN	AUX	en	hi	true	within
train-s789	4	5	AUX	NOUN	hi	hi	false	within
train-s790	1	2	PRON	VERB	hi	hi	false	within
train-s790	2	3	VERB	PART	hi	hi	false	within
train-s790	3	4	PART	ADJ	hi	en	true	within
train-s790	4	5	ADJ	ADJ	en	en	false	within
train-s790	5	6	ADJ	PRON	en	hi	true	within
train-s791	2	3	NOUN	NOUN	hi	hi	false	within
train-s791	3	4	NOUN	ADP	hi	hi	false	within
train-s791	4	5	ADP	ADJ	hi	hi	false	boundary
train-s791	5	6	ADJ	VERB	hi	hi	false	within
train-s791	6	7	VERB	AUX	hi	hi	false	within
train-s791	7	10	AUX	ADP	hi	hi	false	boundary
train-s791	10	11	ADP	ADJ	hi	en	true	boundary
train-s791	11	12	ADJ	NOUN	en	en	false	within
train-s791	12	13	NOUN	SCONJ	en	hi	true	within
train-s791	13	14	SCONJ	ADJ	hi	hi	false	within
train-s791	14	15	ADJ	VERB	hi	hi	false	within
train-s791	15	16	VERB	AUX	hi	hi	false	within
train-s792	3	4	VERB	ADP	en	en	false	boundary
train-s792	4	5	ADP	ADJ	en	hi	true	within
train-s792	5	6	ADJ	ADJ	hi	hi	false	within
train-s792	6	7	ADJ	NOUN	hi	en	true	within
train-s792	7	9	NOUN	CCONJ	en	en	false	boundary
train-s792	9	10	CCONJ	PRON	en	en	false	within
train-s792	10	11	PRON	AUX	en	en	false	within
train-s792	11	12	AUX	VERB	en	en	false	within
train-s792	12	13	VERB	ADP	en	en	false	boundary
train-s792	13	14	ADP	DET	en	en	false	within
train-s792	14	15	DET	NOUN	en	hi	true	within
train-s793	1	3	ADJ	ADP	hi	hi	false	within
train-s793	3	4	ADP	NOUN	hi	en	true	boundary
train-s793	4	5	NOUN	NOUN	en	en	false	within
train-s793	5	6	NOUN	NOUN	en	en	false	boundary
train-s793	6	8	NOUN	ADP	en	hi	true	within
train-s793	8	9	ADP	AUX	hi	hi	false	within
train-s794	1	2	PRON	AUX	en	en	false	within
train-s794	2	3	AUX	DET	en	en	false	within
train-s794	3	4	DET	NOUN	en	en	false	within
train-s794	4	5	NOUN	SCONJ	en	en	false	boundary
train-s794	5	6	SCONJ	VERB	en	en	false	within
train-s794	6	7	VERB	ADP	en	en	false	boundary
train-s794	7	8	ADP	NOUN	en	en	false	within
train-s794	8	9	NOUN	ADP	en	en	false	boundary
train-s794	9	10	ADP	DET	en	en	false	within
train-s794	10	12	DET	ADV	en	hi	true	boundary
train-s794	12	13	ADV	PRON	hi	hi	false	within
train-s794	13	14	PRON	ADV	hi	en	true	within
train-s794	14	15	ADV	PART	en	hi	true	within
train-s794	15	16	PART	VERB	hi	hi	false	boundary
train-s794	16	17	VERB	AUX	hi	hi	false	within
train-s794	17	18	AUX	AUX	hi	hi	false	within
train-s795	2	3	PRON	VERB	en	en	false	within
train-s795	3	4	VERB	PRON	en	en	false	boundary
train-s795	4	5	PRON	NOUN	en	en	false	within
train-s795	5	6	NOUN	ADV	en	hi	true	boundary
train-s795	6	7	ADV	PRON	hi	hi	false	within
train-s795	7	8	PRON	NOUN	hi	hi	false	within
train-s795	8	9	NOUN	PART	hi	hi	false	within
train-s795	9	10	PART	VERB	hi	hi	false	within
train-s796	1	2	AUX	PRON	en	en	false	within
train-s796	2	3	PRON	VERB	en	en	false	within
train-s796	3	4	VERB	DET	en	en	false	boundary
train-s796	4	5	DET	NOUN	en	en	false	within
train-s796	5	7	NOUN	ADV	en	hi	true	boundary
train-s796	7	8	ADV	PART	hi	hi	false	within
train-s796	8	9	PART	DET	hi	hi	false	boundary
train-s796	9	10	DET	PART	hi	hi	false	within
train-s796	10	11	PART	NOUN	hi	hi	false	boundary
train-s796	11	12	NOUN	VERB	hi	hi	false	within
train-s796	12	13	VERB	AUX	hi	hi	false	within
train-s796	13	14	AUX	AUX	hi	hi	false	within
train-s797	1	2	NOUN	ADP	hi	hi	false	within
train-s797	2	3	ADP	VERB	hi	hi	false	boundary
train-s797	3	4	VERB	AUX	hi	hi	false	within
train-s797	4	5	AUX	ADV	hi	hi	false	boundary
train-s797	5	6	ADV	ADP	hi	hi	false	within
train-s797	6	7	ADP	VERB	hi	en	true	boundary
train-s797	7	8	VERB	PRON	en	en	false	boundary
train-s797	8	9	PRON	AUX	en	en	false	within
train-s797	9	10	AUX	NOUN	en	en	false	within
train-s797	10	11	NOUN	VERB	en	hi	true	boundary
train-s797	11	12	VERB	AUX	hi	hi	false	within
train-s797	12	13	AUX	AUX	hi	hi	false	within
train-s797	13	14	AUX	AUX	hi	hi	false	within
train-s797	14	15	AUX	AUX	hi	hi	false	within
train-s798	1	2	PRON	ADP	hi	hi	false	within
train-s798	2	3	ADP	ADP	hi	hi	false	within
train-s798	3	4	ADP	NOUN	hi	en	true	boundary
train-s798	4	5	NOUN	VERB	en	hi	true	within
train-s798	5	6	VERB	NOUN	hi	en	true	boundary
train-s798	6	7	NOUN	CCONJ	en	hi	true	boundary
train-s798	7	8	CCONJ	NOUN	hi	en	true	within
train-s798	8	9	NOUN	ADP	en	hi	true	within
train-s798	9	10	ADP	ADJ	hi	en	true	boundary
train-s799	1	2	ADV	PART	hi	hi	false	within
train-s799	2	3	PART	ADJ	hi	en	true	boundary
train-s799	3	4	ADJ	NOUN	en	en	false	within
train-s799	4	5	NOUN	AUX	en	hi	true	within
train-s799	5	6	AUX	AUX	hi	hi	false	within
train-s799	6	7	AUX	AUX	hi	hi	false	within
train-s800	1	2	ADJ	VERB	hi	hi	false	within
train-s800	2	3	VERB	AUX	hi	hi	false	within
train-s800	3	4	AUX	PRON	hi	en	true	boundary
train-s800	4	5	PRON	AUX	en	en	false	within
train-s800	5	6	AUX	VERB	en	en	false	within
train-s800	6	7	VERB	DET	en	en	false	boundary
train-s800	7	8	DET	NOUN	en	en	false	within
train-s801	1	2	ADV	PRON	en	en	false	within
train-s801	2	3	PRON	ADV	en	en	false	within
train-s801	3	4	ADV	VERB	en	en	false	within
train-s801	4	5	VERB	ADV	en	en	false	boundary
train-s801	5	6	ADV	PART	en	en	false	within
train-s801	6	7	PART	VERB	en	en	false	within
train-s801	7	8	VERB	DET	en	en	false	boundary
train-s801	8	9	DET	ADJ	en	en	false	within
train-s801	9	10	ADJ	NOUN	en	en	false	within
train-s801	10	12	NOUN	ADV	en	hi	true	boundary
train-s801	12	13	ADV	ADJ	hi	hi	false	within
train-s801	13	14	ADJ	PART	hi	hi	false	within
train-s801	14	15	PART	NOUN	hi	en	true	boundary
train-s801	15	16	NOUN	VERB	en	hi	true	within
train-s801	16	17	VERB	AUX	hi	hi	false	within
train-s802	1	2	VERB	AUX	hi	hi	false	within
train-s802	2	3	AUX	AUX	hi	hi	false	within
train-s802	3	4	AUX	ADV	hi	hi	false	within
train-s802	4	6	ADV	ADJ	hi	en	true	within
train-s802	6	7	ADJ	AUX	en	hi	true	within
train-s802	7	8	AUX	ADV	hi	hi	false	within
train-s803	1	2	DET	NOUN	en	en	false	within
train-s803	2	3	NOUN	AUX	en	en	false	within
train-s803	3	4	AUX	ADJ	en	en	false	boundary
train-s803	4	5	ADJ	NOUN	en	en	false	within
train-s803	5	6	NOUN	ADP	en	hi	true	within
train-s803	6	7	ADP	NOUN	hi	hi	false	boundary
train-s804	1	2	NOUN	ADP	en	hi	true	within
train-s804	2	3	ADP	NOUN	hi	en	true	boundary
train-s804	3	4	NOUN	ADP	en	hi	true	within
train-s804	4	5	ADP	PRON	hi	hi	false	boundary
train-s804	5	6	PRON	DET	hi	hi	false	boundary
train-s804	6	7	DET	ADJ	hi	en	true	within
train-s804	7	8	ADJ	VERB	en	hi	true	within
train-s804	8	9	VERB	AUX	hi	hi	false	within
train-s804	9	10	AUX	AUX	hi	hi	false	within
train-s805	2	3	NOUN	NOUN	en	en	false	within
train-s805	3	4	NOUN	ADP	en	hi	true	within
train-s805	4	5	ADP	PART	hi	hi	false	within
train-s805	5	6	PART	NOUN	hi	en	true	boundary
train-s805	6	7	NOUN	VERB	en	hi	true	within
train-s805	7	8	VERB	AUX	hi	hi	false	within
train-s806	1	2	ADV	DET	en	en	false	within
train-s806	2	3	DET	NOUN	en	en	false	within
train-s806	3	4	NOUN	CCONJ	en	hi	true	boundary
train-s806	4	5	CCONJ	NOUN	hi	hi	false	within
train-s806	5	6	NOUN	ADP	hi	en	true	boundary
train-s806	6	8	ADP	NOUN	en	en	false	boundary
train-s807	1	4	ADV	VERB	en	en	false	within
train-s807	4	8	VERB	CCONJ	en	en	false	boundary
train-s807	8	9	CCONJ	ADV	en	hi	true	within
train-s807	9	10	ADV	PRON	hi	hi	false	within
train-s807	10	11	PRON	ADJ	hi	hi	false	boundary
train-s807	11	12	ADJ	NOUN	hi	hi	false	within
train-s807	12	13	NOUN	NOUN	hi	hi	false	boundary
train-s807	13	14	NOUN	NOUN	hi	en	true	within
train-s807	14	15	NOUN	VERB	en	hi	true	within
train-s807	15	16	VERB	PART	hi	hi	false	within
train-s807	16	17	PART	VERB	hi	hi	false	boundary
train-s808	1	2	ADJ	NOUN	en	en	false	within
train-s808	2	3	NOUN	PART	en	hi	true	within
train-s808	3	4	PART	ADV	hi	hi	false	boundary
train-s808	4	5	ADV	ADJ	hi	hi	false	within
train-s808	5	6	ADJ	NOUN	hi	hi	false	within
train-s808	6	7	NOUN	AUX	hi	hi	false	within
train-s808	7	8	AUX	NOUN	hi	hi	false	within
train-s809	1	2	NUM	NOUN	hi	en	true	within
train-s809	2	4	NOUN	ADP	en	hi	true	within
train-s809	4	5	ADP	PRON	hi	en	true	boundary
train-s809	5	6	PRON	AUX	en	en	false	within
train-s809	6	7	AUX	ADV	en	en	false	within
train-s809	7	8	ADV	VERB	en	en	false	within
train-s809	8	9	VERB	ADP	en	en	false	boundary
train-s809	9	10	ADP	NUM	en	en	false	within
train-s809	10	11	NUM	NOUN	en	en	false	within
train-s809	11	12	NOUN	ADV	en	en	false	within
train-s810	1	2	PRON	AUX	en	en	false	within
train-s810	2	3	AUX	PART	en	en	false	within
train-s810	3	4	PART	ADJ	en	en	false	within
train-s810	4	5	ADJ	NOUN	en	en	false	within
train-s810	5	6	NOUN	ADP	en	en	false	boundary
train-s810	6	7	ADP	NOUN	en	hi	true	within
train-s810	7	8	NOUN	ADP	hi	hi	false	within
train-s810	8	9	ADP	NOUN	hi	hi	false	boundary
train-s811	1	3	PRON	ADP	hi	hi	false	within
train-s811	3	4	ADP	PRON	hi	hi	false	boundary
train-s811	4	5	PRON	ADP	hi	hi	false	within
train-s811	5	6	ADP	NOUN	hi	hi	false	boundary
train-s811	6	7	NOUN	PART	hi	hi	false	within
train-s811	7	8	PART	VERB	hi	hi	false	within
train-s811	8	9	VERB	DET	hi	en	true	boundary
train-s811	9	10	DET	NOUN	en	en	false	within
train-s812	2	3	VERB	ADV	en	en	false	within
train-s812	3	4	ADV	SCONJ	en	en	false	boundary
train-s812	4	6	SCONJ	ADV	en	hi	true	within
train-s812	6	7	ADV	NOUN	hi	en	true	boundary
train-s812	7	8	NOUN	VERB	en	hi	true	within
train-s812	8	9	VERB	AUX	hi	hi	false	within
train-s812	9	10	AUX	VERB	hi	hi	false	boundary
train-s812	10	12	VERB	CCONJ	hi	en	true	boundary
train-s812	12	14	CCONJ	CCONJ	en	hi	true	within
train-s812	14	15	CCONJ	NOUN	hi	en	true	boundary
train-s812	15	16	NOUN	VERB	en	hi	true	within
train-s812	16	17	VERB	PART	hi	hi	false	within
train-s812	17	18	PART	VERB	hi	hi	false	boundary
train-s813	2	3	NOUN	NOUN	hi	hi	false	within
train-s813	3	4	NOUN	NOUN	hi	en	true	within
train-s813	4	5	NOUN	ADP	en	hi	true	within
train-s813	5	6	ADP	NOUN	hi	en	true	boundary
train-s813	6	7	NOUN	PRON	en	hi	true	within
train-s813	7	8	PRON	VERB	hi	hi	false	within
train-s813	8	9	VERB	AUX	hi	hi	false	within
train-s813	9	11	AUX	VERB	hi	en	true	boundary
train-s813	11	12	VERB	PART	en	en	false	boundary
train-s813	12	13	PART	AUX	en	en	false	within
train-s813	13	14	AUX	DET	en	en	false	within
train-s813	14	15	DET	ADJ	en	en	false	within
train-s813	15	16	ADJ	NOUN	en	en	false	within
train-s813	16	17	NOUN	ADP	en	en	false	boundary
train-s813	17	18	ADP	DET	en	en	false	within
train-s813	18	19	DET	NOUN	en	en	false	within
train-s814	1	2	NUM	DET	en	en	false	within
train-s814	2	3	DET	NOUN	en	en	false	within
train-s814	3	4	NOUN	ADP	en	en	false	boundary
train-s814	4	5	ADP	ADP	en	en	false	within
train-s814	5	6	ADP	NOUN	en	en	false	within
train-s814	6	8	NOUN	CCONJ	en	hi	true	boundary
train-s814	8	9	CCONJ	NOUN	hi	hi	false	within
train-s814	9	10	NOUN	ADP	hi	hi	false	within
train-s814	10	11	ADP	ADP	hi	hi	false	within
train-s814	11	12	ADP	NOUN	hi	hi	false	boundary
train-s814	12	13	NOUN	VERB	hi	hi	false	within
train-s814	13	14	VERB	AUX	hi	hi	false	within
train-s814	14	15	AUX	AUX	hi	hi	false	within
train-s815	1	2	ADV	PRON	en	en	false	within
train-s815	2	3	PRON	VERB	en	en	false	within
train-s815	3	4	VERB	PART	en	en	false	boundary
train-s815	4	5	PART	VERB	en	en	false	within
train-s815	5	6	VERB	ADP	en	en	false	boundary
train-s815	6	7	ADP	PRON	en	en	false	within
train-s815	7	8	PRON	ADV	en	en	false	within
train-s815	8	9	ADV	ADP	en	en	false	boundary
train-s815	9	10	ADP	DET	en	en	false	within
train-s815	10	11	DET	NOUN	en	en	false	within
train-s815	11	13	NOUN	NOUN	en	hi	true	boundary
train-s815	13	14	NOUN	ADP	hi	hi	false	within
train-s815	14	15	ADP	NOUN	hi	en	true	boundary
train-s815	15	16	NOUN	VERB	en	hi	true	within
train-s815	16	17	VERB	ADV	hi	en	true	within
train-s815	17	18	ADV	PART	en	hi	true	within
train-s815	18	20	PART	VERB	hi	en	true	boundary
train-s816	2	3	NOUN	VERB	en	en	false	within
train-s816	3	4	VERB	ADV	en	en	false	within
train-s816	4	5	ADV	ADP	en	en	false	boundary
train-s816	5	6	ADP	ADV	en	en	false	within
train-s816	6	7	ADV	NUM	en	en	false	within
train-s816	7	8	NUM	NOUN	en	en	false	within
train-s816	8	9	NOUN	ADP	en	en	false	boundary
train-s816	9	10	ADP	PRON	en	en	false	within
train-s816	10	11	PRON	NOUN	en	en	false	within
train-s816	11	13	NOUN	PRON	en	hi	true	boundary
train-s816	13	14	PRON	VERB	hi	hi	false	within
train-s816	14	15	VERB	AUX	hi	hi	false	within
train-s816	15	16	AUX	NOUN	hi	hi	false	within
train-s817	1	2	ADJ	NOUN	en	en	false	within
train-s817	2	3	NOUN	VERB	en	hi	true	within
train-s817	3	4	VERB	VERB	hi	hi	false	within
train-s817	4	5	VERB	AUX	hi	hi	false	within
train-s817	5	6	AUX	AUX	hi	hi	false	within
train-s818	1	2	ADV	ADJ	hi	en	true	boundary
train-s818	2	3	ADJ	NOUN	en	en	false	within
train-s818	3	4	NOUN	ADP	en	hi	true	within
train-s818	4	5	ADP	PRON	hi	en	true	boundary
train-s818	5	6	PRON	VERB	en	en	false	within
train-s819	1	3	PROPN	VERB	hi	en	true	within
train-s819	3	4	VERB	DET	en	en	false	boundary
train-s819	4	5	DET	DET	en	en	false	within
train-s819	5	6	DET	ADJ	en	en	false	within
train-s819	6	7	ADJ	NOUN	en	en	false	within
train-s819	7	8	NOUN	NOUN	en	en	false	within
train-s819	8	9	NOUN	ADV	en	hi	true	boundary
train-s819	9	10	ADV	PRON	hi	hi	false	within
train-s819	10	11	PRON	ADP	hi	hi	false	within
train-s819	11	12	ADP	PRON	hi	hi	false	boundary
train-s819	12	13	PRON	PART	hi	hi	false	within
train-s819	13	14	PART	AUX	hi	hi	false	within
train-s820	1	2	AUX	ADJ	en	en	false	within
train-s820	2	3	ADJ	ADV	en	en	false	boundary
train-s820	3	4	ADV	PRON	en	hi	true	boundary
train-s820	4	5	PRON	NOUN	hi	en	true	within
train-s820	5	6	NOUN	DET	en	hi	true	boundary
train-s820	6	7	DET	NOUN	hi	en	true	within
train-s820	7	8	NOUN	ADP	en	hi	true	within
train-s820	8	11	ADP	ADP	hi	hi	false	boundary
train-s820	11	12	ADP	PART	hi	hi	false	within
train-s820	12	13	PART	AUX	hi	hi	false	within
train-s820	13	14	AUX	AUX	hi	hi	false	within
train-s821	2	3	AUX	PART	en	en	false	within
train-s821	3	4	PART	VERB	en	en	false	within
train-s821	4	5	VERB	PART	en	en	false	boundary
train-s821	5	6	PART	VERB	en	en	false	within
train-s821	6	7	VERB	NOUN	en	en	false	within
train-s821	7	9	NOUN	NOUN	en	hi	true	boundary
train-s821	9	10	NOUN	NOUN	hi	hi	false	within
train-s821	10	11	NOUN	ADV	hi	hi	false	within
train-s821	11	12	ADV	VERB	hi	hi	false	within
train-s821	12	13	VERB	AUX	hi	hi	false	within
train-s821	13	15	AUX	ADP	hi	en	true	boundary
train-s821	15	17	ADP	NOUN	en	hi	true	boundary
train-s822	1	2	NOUN	PRON	en	hi	true	within
train-s822	2	3	PRON	PART	hi	hi	false	within
train-s822	3	4	PART	VERB	hi	hi	false	boundary
train-s822	4	5	VERB	CCONJ	hi	en	true	boundary
train-s822	5	6	CCONJ	PRON	en	en	false	within
train-s822	6	7	PRON	AUX	en	en	false	within
train-s822	7	8	AUX	VERB	en	en	false	within
train-s823	1	2	ADV	DET	hi	hi	false	boundary
train-s823	2	3	DET	NOUN	hi	en	true	within
train-s823	3	4	NOUN	NOUN	en	en	false	within
train-s823	4	5	NOUN	PART	en	hi	true	within
train-s823	5	6	PART	PART	hi	hi	false	boundary
train-s823	6	7	PART	VERB	hi	hi	false	within
train-s823	7	8	VERB	CCONJ	hi	hi	false	boundary
train-s823	8	9	CCONJ	PRON	hi	hi	false	within
train-s823	9	10	PRON	ADJ	hi	en	true	boundary
train-s823	10	11	ADJ	NOUN	en	en	false	within
train-s823	11	12	NOUN	ADP	en	hi	true	within
train-s823	12	13	ADP	NOUN	hi	hi	false	boundary
train-s823	13	14	NOUN	NOUN	hi	hi	false	within
train-s823	14	15	NOUN	VERB	hi	hi	false	within
train-s823	15	16	VERB	AUX	hi	hi	false	within
train-s824	2	3	PROPN	ADP	en	hi	true	within
train-s824	3	4	ADP	NOUN	hi	hi	false	boundary
train-s824	4	5	NOUN	VERB	hi	hi	false	within
train-s824	5	6	VERB	ADV	hi	hi	false	boundary
train-s824	6	7	ADV	PROPN	hi	en	true	within
train-s824	7	8	PROPN	AUX	en	en	false	within
train-s824	8	9	AUX	PRON	en	en	false	within
train-s824	9	10	PRON	ADP	en	en	false	boundary
train-s825	1	2	PRON	AUX	en	en	false	within
train-s825	2	3	AUX	ADJ	en	en	false	within
train-s825	3	4	ADJ	SCONJ	en	hi	true	boundary
train-s825	4	5	SCONJ	PRON	hi	hi	false	within
train-s825	5	7	PRON	PART	hi	hi	false	within
train-s825	7	8	PART	VERB	hi	hi	false	within
train-s826	1	2	SCONJ	PRON	en	en	false	within
train-s826	2	3	PRON	VERB	en	en	false	within
train-s826	3	4	VERB	PRON	en	en	false	within
train-s826	4	5	PRON	NOUN	en	en	false	within
train-s826	5	7	NOUN	PRON	en	hi	true	boundary
train-s826	7	8	PRON	ADJ	hi	hi	false	within
train-s826	8	9	ADJ	PART	hi	hi	false	within
train-s826	9	10	PART	SCONJ	hi	en	true	boundary
train-s826	10	11	SCONJ	PRON	en	en	false	within
train-s826	11	12	PRON	VERB	en	en	false	within
train-s826	12	13	VERB	PRON	en	en	false	within
train-s826	13	14	PRON	NOUN	en	en	false	within
train-s827	1	2	ADV	AUX	en	en	false	within
train-s827	2	3	AUX	PRON	en	en	false	boundary
train-s827	3	4	PRON	NOUN	en	en	false	within
train-s827	4	5	NOUN	VERB	en	en	false	within
train-s827	5	6	VERB	ADP	en	en	false	boundary
train-s827	6	7	ADP	NOUN	en	en	false	within
train-s827	7	8	NOUN	PART	en	en	false	within
train-s827	8	9	PART	NOUN	en	hi	true	boundary
train-s827	9	10	NOUN	ADP	hi	hi	false	within
train-s827	10	11	ADP	NOUN	hi	hi	false	boundary
train-s828	4	5	CCONJ	PRON	en	en	false	within
train-s828	5	6	PRON	NOUN	en	en	false	within
train-s828	6	7	NOUN	NOUN	en	en	false	boundary
train-s828	7	8	NOUN	PRON	en	hi	true	within
train-s828	8	9	PRON	DET	hi	hi	false	within
train-s828	9	10	DET	PART	hi	hi	false	within
train-s828	10	11	PART	NOUN	hi	hi	false	boundary
train-s828	11	12	NOUN	PART	hi	hi	false	within
train-s828	12	13	PART	NOUN	hi	hi	false	within
train-s829	1	2	ADP	NOUN	en	hi	true	within
train-s829	2	3	NOUN	ADP	hi	hi	false	within
train-s829	3	4	ADP	NOUN	hi	hi	false	boundary
train-s829	4	5	NOUN	ADP	hi	en	true	within
train-s829	5	6	ADP	NOUN	en	en	false	within
train-s829	6	7	NOUN	ADP	en	en	false	within
train-s829	7	8	ADP	NOUN	en	en	false	within
train-s829	8	9	NOUN	ADP	en	en	false	boundary
train-s829	9	11	ADP	NOUN	en	en	false	boundary
train-s829	11	12	NOUN	NOUN	en	en	false	within
train-s829	12	13	NOUN	AUX	en	en	false	within
train-s829	13	14	AUX	ADV	en	en	false	within
train-s829	14	15	ADV	NOUN	en	en	false	within
train-s829	15	16	NOUN	ADP	en	en	false	boundary
train-s829	16	17	ADP	NOUN	en	en	false	within
train-s830	2	3	AUX	PRON	en	en	false	within
train-s830	3	4	PRON	ADV	en	en	false	within
train-s830	4	5	ADV	ADJ	en	en	false	boundary
train-s830	5	6	ADJ	NOUN	en	en	false	within
train-s830	6	7	NOUN	SCONJ	en	en	false	boundary
train-s830	7	8	SCONJ	PRON	en	en	false	boundary
train-s830	8	9	PRON	NOUN	en	en	false	within
train-s830	9	10	NOUN	AUX	en	en	false	within
train-s830	10	11	AUX	PART	en	en	false	within
train-s830	11	12	PART	VERB	en	en	false	within
train-s830	12	13	VERB	PRON	en	en	false	within
train-s830	13	14	PRON	CCONJ	en	en	false	boundary
train-s830	14	15	CCONJ	VERB	en	en	false	within
train-s830	15	17	VERB	ADJ	en	hi	true	boundary
train-s830	17	18	ADJ	NOUN	hi	hi	false	within
train-s830	18	19	NOUN	AUX	hi	hi	false	within
train-s830	19	20	AUX	NOUN	hi	hi	false	boundary
train-s830	20	21	NOUN	PART	hi	hi	false	within
train-s830	21	22	PART	VERB	hi	hi	false	boundary
train-s830	22	23	VERB	AUX	hi	hi	false	within
train-s831	1	3	ADV	ADP	en	hi	true	boundary
train-s831	3	4	ADP	NOUN	hi	en	true	boundary
train-s831	4	5	NOUN	ADJ	en	hi	true	within
train-s831	5	6	ADJ	AUX	hi	hi	false	within
train-s832	1	2	VERB	NOUN	en	en	false	within
train-s832	2	3	NOUN	ADP	en	en	false	boundary
train-s832	3	5	ADP	ADJ	en	en	false	within
train-s832	5	6	ADJ	NOUN	en	en	false	within
train-s832	6	7	NOUN	ADP	en	en	false	boundary
train-s832	7	9	ADP	CCONJ	en	hi	true	boundary
train-s832	9	10	CCONJ	INTJ	hi	hi	false	within
train-s832	10	11	INTJ	ADV	hi	hi	false	within
train-s832	11	12	ADV	DET	hi	hi	false	within
train-s832	12	13	DET	NOUN	hi	en	true	within
train-s832	13	14	NOUN	PART	en	hi	true	within
train-s832	14	15	PART	PART	hi	hi	false	within
train-s833	2	3	PRON	VERB	en	en	false	within
train-s833	3	4	VERB	PRON	en	en	false	within
train-s833	4	6	PRON	CCONJ	en	en	false	boundary
train-s833	6	8	CCONJ	PRON	en	hi	true	within
train-s833	8	9	PRON	PART	hi	hi	false	within
train-s833	9	10	PART	VERB	hi	hi	false	boundary
train-s833	10	12	VERB	AUX	hi	en	true	boundary
train-s833	12	13	AUX	DET	en	en	false	within
train-s833	13	14	DET	ADV	en	en	false	boundary
train-s833	14	15	ADV	ADJ	en	en	false	within
train-s833	15	16	ADJ	CCONJ	en	en	false	boundary
train-s833	16	17	CCONJ	ADJ	en	en	false	within
train-s833	17	18	ADJ	NOUN	en	en	false	boundary
train-s833	18	19	NOUN	ADV	en	en	false	within
train-s834	1	2	NOUN	AUX	en	en	false	within
train-s834	2	3	AUX	DET	en	en	false	within
train-s834	3	4	DET	ADJ	en	en	false	within
train-s834	4	5	ADJ	NOUN	en	en	false	within
train-s834	5	6	NOUN	CCONJ	en	en	false	boundary
train-s834	6	7	CCONJ	ADV	en	en	false	within
train-s834	7	9	ADV	NOUN	en	hi	true	boundary
train-s834	9	10	NOUN	ADP	hi	hi	false	within
train-s834	10	11	ADP	NOUN	hi	hi	false	boundary
train-s834	11	13	NOUN	ADV	hi	en	true	within
train-s834	13	14	ADV	VERB	en	en	false	within
train-s835	1	2	ADJ	NOUN	en	en	false	within
train-s835	2	3	NOUN	NOUN	en	en	false	within
train-s835	3	4	NOUN	NOUN	en	en	false	within
train-s835	4	5	NOUN	ADP	en	hi	true	within
train-s835	5	6	ADP	VERB	hi	hi	false	boundary
train-s835	6	7	VERB	SCONJ	hi	hi	false	within
train-s835	7	8	SCONJ	SCONJ	hi	hi	false	within
train-s835	8	9	SCONJ	NOUN	hi	hi	false	boundary
train-s835	9	10	NOUN	VERB	hi	hi	false	within
train-s835	10	11	VERB	AUX	hi	hi	false	within
train-s835	11	12	AUX	AUX	hi	hi	false	within
train-s835	12	13	AUX	AUX	hi	hi	false	within
train-s836	1	2	PRON	VERB	en	en	false	within
train-s836	2	3	VERB	VERB	en	en	false	within
train-s836	3	4	VERB	NOUN	en	en	false	within
train-s836	4	5	NOUN	CCONJ	en	en	false	boundary
train-s836	5	6	CCONJ	NOUN	en	hi	true	within
train-s836	6	7	NOUN	ADV	hi	hi	false	boundary
train-s836	7	8	ADV	ADP	hi	hi	false	within
train-s836	8	9	ADP	PROPN	hi	hi	false	boundary
train-s837	1	2	DET	ADJ	en	hi	true	within
train-s837	2	3	ADJ	NOUN	hi	hi	false	within
train-s837	3	4	NOUN	AUX	hi	en	true	within
train-s837	4	5	AUX	VERB	en	en	false	within
train-s837	5	6	VERB	PRON	en	en	false	within
train-s838	2	3	NOUN	NOUN	en	hi	true	within
train-s838	3	4	NOUN	ADP	hi	hi	false	within
train-s838	4	5	ADP	VERB	hi	hi	false	boundary
train-s838	5	6	VERB	AUX	hi	hi	false	within
train-s838	6	7	AUX	NOUN	hi	en	true	boundary
train-s838	7	8	NOUN	VERB	en	hi	true	within
train-s838	8	9	VERB	SCONJ	hi	hi	false	within
train-s838	9	10	SCONJ	NOUN	hi	en	true	boundary
train-s838	10	11	NOUN	AUX	en	en	false	within
train-s838	11	12	AUX	ADV	en	en	false	within
train-s838	12	13	ADV	ADJ	en	hi	true	within
train-s839	2	3	ADV	DET	en	en	false	boundary
train-s839	3	4	DET	NOUN	en	en	false	within
train-s839	4	5	NOUN	AUX	en	en	false	within
train-s839	5	6	AUX	ADV	en	en	false	within
train-s839	6	7	ADV	VERB	en	en	false	within
train-s839	7	9	VERB	DET	en	hi	true	boundary
train-s839	9	10	DET	NOUN	hi	hi	false	within
train-s839	10	11	NOUN	VERB	hi	hi	false	within
train-s839	11	12	VERB	AUX	hi	hi	false	within
train-s839	12	14	AUX	PROPN	hi	hi	false	boundary
train-s839	14	15	PROPN	VERB	hi	hi	false	within
train-s839	15	16	VERB	AUX	hi	hi	false	within
train-s839	16	17	AUX	NOUN	hi	hi	false	within
train-s839	17	19	NOUN	ADP	hi	en	true	boundary
train-s839	19	20	ADP	DET	en	en	false	within
train-s839	20	21	DET	NOUN	en	en	false	within
train-s839	21	22	NOUN	NOUN	en	en	false	within
train-s840	3	7	CCONJ	NOUN	en	en	false	boundary
train-s840	7	8	NOUN	NOUN	en	en	false	within
train-s840	8	9	NOUN	ADP	en	hi	true	within
train-s840	9	10	ADP	NOUN	hi	en	true	boundary
train-s840	10	11	NOUN	VERB	en	hi	true	within
train-s840	11	12	VERB	AUX	hi	hi	false	within
train-s840	12	13	AUX	AUX	hi	hi	false	within
train-s841	2	3	ADP	NOUN	hi	hi	false	boundary
train-s841	3	4	NOUN	ADP	hi	en	true	boundary
train-s841	4	5	ADP	NOUN	en	en	false	within
train-s842	3	4	DET	NOUN	hi	hi	false	within
train-s842	4	5	NOUN	PART	hi	hi	false	within
train-s842	5	6	PART	VERB	hi	hi	false	within
train-s842	6	7	VERB	AUX	hi	hi	false	within
train-s842	7	8	AUX	SCONJ	hi	hi	false	boundary
train-s842	8	9	SCONJ	PRON	hi	en	true	within
train-s842	9	10	PRON	AUX	en	en	false	within
train-s842	10	11	AUX	VERB	en	en	false	within
train-s842	11	12	VERB	PART	en	en	false	boundary
train-s842	12	13	PART	VERB	en	en	false	within
train-s842	13	14	VERB	PRON	en	en	false	within
train-s842	14	15	PRON	ADP	en	en	false	boundary
train-s843	1	2	VERB	DET	en	en	false	boundary
train-s843	2	3	DET	NOUN	en	en	false	within
train-s843	3	5	NOUN	PRON	en	hi	true	boundary
train-s843	5	6	PRON	ADP	hi	hi	false	within
train-s843	6	7	ADP	DET	hi	hi	false	boundary
train-s843	7	8	DET	NOUN	hi	hi	false	within
train-s843	8	9	NOUN	DET	hi	hi	false	boundary
train-s843	9	10	DET	NOUN	hi	hi	false	within
train-s843	10	11	NOUN	ADP	hi	hi	false	within
train-s843	11	12	ADP	NOUN	hi	hi	false	boundary
train-s843	12	13	NOUN	VERB	hi	hi	false	within
train-s843	13	14	VERB	AUX	hi	hi	false	within
train-s844	1	2	NOUN	ADP	hi	hi	false	within
train-s844	2	4	ADP	NOUN	hi	en	true	boundary
train-s844	4	5	NOUN	AUX	en	hi	true	within
train-s844	5	6	AUX	PRON	hi	hi	false	boundary
train-s844	6	7	PRON	NOUN	hi	en	true	within
train-s844	7	8	NOUN	VERB	en	hi	true	within
train-s844	8	9	VERB	AUX	hi	hi	false	within
train-s845	1	3	PRON	VERB	hi	hi	false	within
train-s845	3	4	VERB	AUX	hi	hi	false	within
train-s845	4	5	AUX	VERB	hi	hi	false	boundary
train-s845	5	6	VERB	SCONJ	hi	hi	false	within
train-s845	6	8	SCONJ	NOUN	hi	en	true	boundary
train-s845	8	9	NOUN	NOUN	en	en	false	within
train-s845	9	10	NOUN	ADP	en	hi	true	within
train-s845	10	11	ADP	NOUN	hi	en	true	boundary
train-s845	11	12	NOUN	ADP	en	hi	true	within
train-s845	12	13	ADP	NOUN	hi	hi	false	boundary
train-s845	13	14	NOUN	VERB	hi	hi	false	within
train-s846	2	3	NOUN	ADP	hi	hi	false	within
train-s846	3	4	ADP	VERB	hi	hi	false	boundary
train-s846	4	5	VERB	SCONJ	hi	hi	false	within
train-s846	5	6	SCONJ	NOUN	hi	hi	false	boundary
train-s846	6	7	NOUN	PART	hi	hi	false	within
train-s846	7	8	PART	VERB	hi	hi	false	within
train-s846	8	9	VERB	NOUN	hi	en	true	within
train-s846	9	10	NOUN	ADV	en	en	false	within
train-s846	10	11	ADV	VERB	en	en	false	within
train-s847	1	2	AUX	PART	en	en	false	within
train-s847	2	3	PART	VERB	en	en	false	within
train-s847	3	4	VERB	PART	en	en	false	boundary
train-s847	4	5	PART	VERB	en	en	false	within
train-s847	5	6	VERB	NOUN	en	en	false	within
train-s847	6	7	NOUN	PART	en	en	false	boundary
train-s847	7	8	PART	SCONJ	en	en	false	within
train-s847	8	9	SCONJ	PRON	en	en	false	within
train-s847	9	10	PRON	VERB	en	en	false	within
train-s847	10	13	VERB	ADP	en	hi	true	boundary
train-s847	13	14	ADP	NOUN	hi	hi	false	boundary
train-s848	1	2	ADJ	NOUN	en	en	false	within
train-s848	2	3	NOUN	ADP	en	hi	true	within
train-s848	3	4	ADP	NOUN	hi	en	true	boundary
train-s848	4	5	NOUN	VERB	en	hi	true	within
train-s848	5	6	VERB	NOUN	hi	en	true	boundary
train-s848	6	7	NOUN	AUX	en	en	false	within
train-s848	7	8	AUX	ADJ	en	en	false	within
train-s849	1	2	NOUN	DET	hi	hi	false	within
train-s849	2	3	DET	ADJ	hi	hi	false	within
train-s849	3	4	ADJ	AUX	hi	hi	false	within
train-s849	4	5	AUX	SCONJ	hi	hi	false	boundary
train-s849	5	6	SCONJ	NOUN	hi	en	true	boundary
train-s849	6	7	NOUN	ADJ	en	en	false	within
train-s849	7	8	ADJ	NOUN	en	en	false	within
train-s849	8	9	NOUN	ADP	en	hi	true	within
train-s849	9	10	ADP	PART	hi	hi	false	within
train-s849	10	11	PART	NOUN	hi	en	true	boundary
train-s849	11	12	NOUN	VERB	en	hi	true	within
train-s849	12	13	VERB	AUX	hi	hi	false	within
train-s849	13	14	AUX	AUX	hi	hi	false	within
train-s850	1	2	NOUN	ADP	hi	hi	false	within
train-s850	2	3	ADP	NOUN	hi	en	true	boundary
train-s850	3	4	NOUN	VERB	en	en	false	within
train-s850	4	5	VERB	PART	en	en	false	boundary
train-s850	5	6	PART	AUX	en	en	false	within
train-s850	6	7	AUX	ADV	en	en	false	within
train-s850	7	8	ADV	VERB	en	en	false	within
train-s851	1	2	NOUN	ADP	hi	hi	false	within
train-s851	2	3	ADP	NOUN	hi	hi	false	boundary
train-s851	3	4	NOUN	ADJ	hi	en	true	within
train-s851	4	5	ADJ	VERB	en	hi	true	within
train-s851	5	6	VERB	AUX	hi	hi	false	within
train-s851	6	7	AUX	AUX	hi	hi	false	within
train-s851	7	8	AUX	CCONJ	hi	hi	false	boundary
train-s851	8	9	CCONJ	PRON	hi	hi	false	within
train-s851	9	10	PRON	NOUN	hi	en	true	within
train-s852	1	2	VERB	DET	en	en	false	boundary
train-s852	2	3	DET	NOUN	en	en	false	within
train-s852	3	4	NOUN	ADV	en	en	false	boundary
train-s852	4	5	ADV	PRON	en	en	false	within
train-s852	5	6	PRON	AUX	en	en	false	within
train-s852	6	7	AUX	VERB	en	en	false	within
train-s852	7	8	VERB	CCONJ	en	en	false	boundary
train-s852	8	9	CCONJ	ADJ	en	hi	true	boundary
train-s852	9	10	ADJ	ADJ	hi	hi	false	within
train-s852	10	11	ADJ	NOUN	hi	hi	false	within
train-s852	11	12	NOUN	VERB	hi	en	true	within
train-s852	12	13	VERB	PRON	en	en	false	boundary
train-s852	13	14	PRON	NOUN	en	en	false	within
train-s853	2	3	NOUN	NOUN	en	en	false	within
train-s853	3	4	NOUN	NOUN	en	en	false	within
train-s853	4	5	NOUN	PART	en	hi	true	within
train-s853	5	6	PART	DET	hi	hi	false	boundary
train-s853	6	7	DET	NOUN	hi	hi	false	within
train-s853	7	8	NOUN	AUX	hi	hi	false	within
train-s853	8	9	AUX	AUX	hi	hi	false	within
train-s854	2	3	INTJ	PRON	en	en	false	boundary
train-s854	3	4	PRON	NOUN	en	en	false	within
train-s854	4	5	NOUN	ADV	en	en	false	within
train-s854	5	6	ADV	VERB	en	en	false	within
train-s854	6	7	VERB	PRON	en	en	false	within
train-s854	7	8	PRON	CCONJ	en	en	false	boundary
train-s854	8	9	CCONJ	VERB	en	en	false	within
train-s854	9	11	VERB	PRON	en	en	false	boundary
train-s854	11	12	PRON	AUX	en	en	false	within
train-s854	12	13	AUX	ADJ	en	en	false	within
train-s854	13	14	ADJ	ADV	en	hi	true	boundary
train-s854	14	15	ADV	ADP	hi	hi	false	within
train-s854	15	16	ADP	NOUN	hi	hi	false	boundary
train-s854	16	17	NOUN	VERB	hi	hi	false	within
train-s855	1	2	NOUN	ADP	hi	hi	false	within
train-s855	2	3	ADP	DET	hi	hi	false	boundary
train-s855	3	4	DET	ADJ	hi	en	true	within
train-s855	4	5	ADJ	NOUN	en	en	false	within
train-s855	5	6	NOUN	VERB	en	en	false	within
train-s856	1	2	NOUN	PART	hi	hi	false	within
train-s856	2	3	PART	NOUN	hi	en	true	boundary
train-s856	3	4	NOUN	CCONJ	en	hi	true	boundary
train-s856	4	5	CCONJ	NOUN	hi	en	true	within
train-s856	5	6	NOUN	PART	en	hi	true	within
train-s856	6	7	PART	NOUN	hi	en	true	boundary
train-s856	7	9	NOUN	AUX	en	en	false	boundary
train-s856	9	10	AUX	PART	en	en	false	within
train-s856	10	11	PART	VERB	en	en	false	within
train-s856	11	12	VERB	PRON	en	en	false	within
train-s857	2	3	PRON	VERB	en	en	false	within
train-s857	3	4	VERB	PRON	en	en	false	boundary
train-s857	4	5	PRON	AUX	en	en	false	within
train-s857	5	6	AUX	VERB	en	en	false	within
train-s857	6	7	VERB	DET	en	en	false	boundary
train-s857	7	9	DET	PRON	en	hi	true	boundary
train-s857	9	10	PRON	VERB	hi	hi	false	within
train-s857	10	11	VERB	AUX	hi	hi	false	within
train-s857	11	13	AUX	PRON	hi	hi	false	boundary
train-s857	13	14	PRON	VERB	hi	hi	false	within
train-s857	14	15	VERB	AUX	hi	hi	false	within
train-s857	15	17	AUX	NOUN	hi	en	true	boundary
train-s857	17	18	NOUN	ADV	en	en	false	boundary
train-s857	18	19	ADV	ADV	en	en	false	within
train-s858	2	3	ADP	ADV	hi	hi	false	boundary
train-s858	3	4	ADV	ADJ	hi	en	true	within
train-s858	4	5	ADJ	ADJ	en	en	false	within
train-s858	5	6	ADJ	NOUN	en	en	false	within
train-s858	6	7	NOUN	PART	en	hi	true	within
train-s858	7	8	PART	AUX	hi	hi	false	within
train-s859	1	2	NOUN	VERB	hi	hi	false	within
train-s859	2	3	VERB	PART	hi	hi	false	within
train-s859	3	4	PART	AUX	hi	hi	false	within
train-s859	4	5	AUX	AUX	hi	hi	false	within
train-s859	5	6	AUX	CCONJ	hi	en	true	boundary
train-s859	6	7	CCONJ	PRON	en	en	false	within
train-s859	7	8	PRON	ADV	en	en	false	within
train-s859	8	9	ADV	AUX	en	en	false	within
train-s859	9	10	AUX	PART	en	en	false	within
train-s859	10	11	PART	VERB	en	en	false	within
train-s860	2	3	AUX	AUX	en	en	false	within
train-s860	3	4	AUX	VERB	en	en	false	within
train-s860	4	6	VERB	NOUN	en	en	false	within
train-s860	6	7	NOUN	SCONJ	en	hi	true	boundary
train-s860	7	8	SCONJ	NOUN	hi	hi	false	within
train-s860	8	9	NOUN	PART	hi	hi	false	within
train-s860	9	10	PART	AUX	hi	hi	false	within
train-s861	2	3	ADP	ADJ	en	en	false	within
train-s861	3	4	ADJ	PROPN	en	en	false	within
train-s861	4	5	PROPN	ADP	en	hi	true	within
train-s861	5	6	ADP	CCONJ	hi	hi	false	boundary
train-s861	6	7	CCONJ	NOUN	hi	en	true	within
train-s861	7	8	NOUN	PRON	en	hi	true	boundary
train-s861	8	9	PRON	VERB	hi	hi	false	within
train-s861	9	10	VERB	INTJ	hi	en	true	within
train-s862	2	3	PRON	AUX	en	en	false	within
train-s862	3	4	AUX	PRON	en	en	false	within
train-s862	4	5	PRON	VERB	en	en	false	within
train-s862	5	7	VERB	VERB	en	hi	true	boundary
train-s862	7	8	VERB	AUX	hi	hi	false	within
train-s862	8	9	AUX	NOUN	hi	hi	false	boundary
train-s862	9	11	NOUN	PRON	hi	en	true	boundary
train-s862	11	12	PRON	AUX	en	en	false	within
train-s862	12	13	AUX	ADV	en	en	false	within
train-s862	13	14	ADV	PRON	en	en	false	within
train-s862	14	15	PRON	VERB	en	en	false	within
train-s862	15	16	VERB	ADP	en	en	false	boundary
train-s862	16	17	ADP	NOUN	en	en	false	within
train-s862	17	18	NOUN	NOUN	en	en	false	within
train-s863	1	3	SCONJ	AUX	en	en	false	within
train-s863	3	4	AUX	VERB	en	en	false	within
train-s863	4	5	VERB	ADP	en	en	false	boundary
train-s863	5	9	ADP	AUX	en	en	false	boundary
train-s863	9	10	AUX	AUX	en	en	false	within
train-s863	10	11	AUX	VERB	en	en	false	within
train-s863	11	12	VERB	ADJ	en	hi	true	within
train-s863	12	13	ADJ	AUX	hi	hi	false	within
train-s863	13	14	AUX	CCONJ	hi	hi	false	boundary
train-s863	14	15	CCONJ	NOUN	hi	hi	false	within
train-s863	15	16	NOUN	AUX	hi	hi	false	within
train-s863	16	17	AUX	PRON	hi	hi	false	boundary
train-s864	1	2	PRON	VERB	en	en	false	within
train-s864	2	3	VERB	PRON	en	en	false	boundary
train-s864	3	4	PRON	AUX	en	en	false	within
train-s864	4	5	AUX	ADV	en	en	false	within
train-s864	5	6	ADV	PRON	en	en	false	within
train-s864	6	8	PRON	CCONJ	en	en	false	boundary
train-s864	8	9	CCONJ	NOUN	en	hi	true	within
train-s864	9	10	NOUN	ADP	hi	hi	false	within
train-s864	10	12	ADP	NOUN	hi	hi	false	boundary
train-s864	12	13	NOUN	NOUN	hi	hi	false	within
train-s864	13	14	NOUN	AUX	hi	en	true	within
train-s864	14	15	AUX	ADV	en	en	false	within
train-s864	15	16	ADV	ADJ	en	en	false	within
train-s865	2	3	VERB	DET	en	en	false	boundary
train-s865	3	4	DET	VERB	en	en	false	within
train-s865	4	5	VERB	NOUN	en	en	false	within
train-s865	5	6	NOUN	ADP	en	en	false	boundary
train-s865	6	7	ADP	ADJ	en	en	false	within
train-s865	7	9	ADJ	ADP	en	en	false	boundary
train-s865	9	11	ADP	CCONJ	en	en	false	boundary
train-s865	11	12	CCONJ	VERB	en	en	false	within
train-s865	12	14	VERB	DET	en	hi	true	boundary
train-s865	14	15	DET	VERB	hi	hi	false	boundary
train-s865	15	16	VERB	AUX	hi	hi	false	within
train-s865	16	17	AUX	AUX	hi	hi	false	within
train-s865	17	18	AUX	NOUN	hi	en	true	within
train-s866	1	2	VERB	ADJ	hi	en	true	boundary
train-s866	2	3	ADJ	NOUN	en	en	false	within
train-s866	3	4	NOUN	ADP	en	hi	true	within
train-s866	4	5	ADP	NOUN	hi	en	true	boundary
train-s866	5	6	NOUN	AUX	en	hi	true	within
train-s866	6	7	AUX	AUX	hi	hi	false	within
train-s867	2	3	ADV	AUX	en	en	false	within
train-s867	3	4	AUX	NOUN	en	en	false	within
train-s867	4	5	NOUN	VERB	en	en	false	within
train-s867	5	7	VERB	ADV	en	hi	true	boundary
train-s867	7	8	ADV	ADV	hi	hi	false	within
train-s867	8	9	ADV	ADP	hi	hi	false	within
train-s867	9	10	ADP	ADJ	hi	hi	false	boundary
train-s867	10	11	ADJ	PART	hi	hi	false	within
train-s867	11	12	PART	PART	hi	hi	false	boundary
train-s867	12	13	PART	VERB	hi	hi	false	within
train-s867	13	15	VERB	SCONJ	hi	en	true	boundary
train-s867	15	16	SCONJ	VERB	en	en	false	within
train-s867	16	17	VERB	NOUN	en	en	false	within
train-s867	17	18	NOUN	PART	en	en	false	boundary
train-s867	18	19	PART	VERB	en	en	false	within
train-s867	19	20	VERB	NOUN	en	en	false	within
train-s868	1	2	ADJ	NOUN	en	en	false	within
train-s868	2	3	NOUN	NOUN	en	hi	true	within
train-s868	3	4	NOUN	NOUN	hi	en	true	within
train-s868	4	5	NOUN	PART	en	hi	true	within
train-s868	5	6	PART	VERB	hi	hi	false	within
train-s869	2	3	ADP	NUM	en	en	false	within
train-s869	3	4	NUM	NOUN	en	en	false	within
train-s869	4	5	NOUN	NOUN	en	en	false	within
train-s869	5	6	NOUN	ADP	en	en	false	boundary
train-s869	6	7	ADP	DET	en	en	false	within
train-s869	7	8	DET	NOUN	en	en	false	within
train-s869	8	9	NOUN	ADP	en	en	false	boundary
train-s869	9	13	ADP	NOUN	en	en	false	within
train-s869	13	16	NOUN	ADV	en	hi	true	boundary
train-s869	16	17	ADV	ADV	hi	hi	false	within
train-s869	17	18	ADV	NOUN	hi	hi	false	within
train-s869	18	19	NOUN	VERB	hi	hi	false	within
train-s869	19	21	VERB	VERB	hi	en	true	within
train-s869	21	22	VERB	ADJ	en	en	false	within
train-s870	2	3	PRON	VERB	en	en	false	within
train-s870	3	4	VERB	NUM	en	hi	true	boundary
train-s870	4	5	NUM	DET	hi	hi	false	within
train-s870	5	7	DET	VERB	hi	hi	false	boundary
train-s870	7	8	VERB	PRON	hi	hi	false	boundary
train-s870	8	9	PRON	ADP	hi	hi	false	within
train-s870	9	10	ADP	PRON	hi	hi	false	boundary
train-s870	10	11	PRON	ADJ	hi	hi	false	boundary
train-s870	11	12	ADJ	NOUN	hi	hi	false	within
train-s870	12	13	NOUN	VERB	hi	hi	false	within
train-s870	13	14	VERB	AUX	hi	hi	false	within
train-s871	2	3	NOUN	NOUN	en	en	false	within
train-s871	3	4	NOUN	ADV	en	en	false	within
train-s871	4	5	ADV	VERB	en	hi	true	within
train-s871	5	6	VERB	CCONJ	hi	hi	false	boundary
train-s871	6	7	CCONJ	ADV	hi	en	true	within
train-s871	7	8	ADV	ADV	en	en	false	within
train-s871	8	9	ADV	NOUN	en	en	false	boundary
train-s871	9	10	NOUN	VERB	en	hi	true	within
train-s872	3	4	DET	NOUN	hi	hi	false	within
train-s872	4	5	NOUN	AUX	hi	hi	false	within
train-s872	5	7	AUX	AUX	hi	en	true	boundary
train-s872	7	8	AUX	VERB	en	en	false	within
train-s872	8	9	VERB	DET	en	en	false	boundary
train-s872	9	10	DET	ADJ	en	en	false	within
train-s872	10	11	ADJ	NOUN	en	en	false	within
train-s872	11	12	NOUN	NOUN	en	en	false	within
train-s872	12	13	NOUN	ADP	en	en	false	boundary
train-s873	1	2	VERB	AUX	hi	hi	false	within
train-s873	2	3	AUX	NOUN	hi	en	true	within
train-s873	3	4	NOUN	ADV	en	en	false	within
train-s873	4	5	ADV	DET	en	hi	true	boundary
train-s873	5	6	DET	NOUN	hi	hi	false	within
train-s874	2	3	ADV	DET	en	en	false	boundary
train-s874	3	4	DET	NOUN	en	en	false	within
train-s874	4	5	NOUN	VERB	en	en	false	within
train-s874	5	7	VERB	PRON	en	hi	true	boundary
train-s874	7	8	PRON	ADJ	hi	hi	false	within
train-s874	8	9	ADJ	NOUN	hi	hi	false	within
train-s874	9	10	NOUN	ADP	hi	hi	false	within
train-s874	10	11	ADP	PART	hi	hi	false	within
train-s874	11	12	PART	AUX	hi	hi	false	within
train-s874	12	15	AUX	PRON	hi	en	true	boundary
train-s875	2	3	PRON	AUX	en	en	false	within
train-s875	3	4	AUX	VERB	en	en	false	within
train-s875	4	6	VERB	NOUN	en	hi	true	boundary
train-s875	6	7	NOUN	ADP	hi	hi	false	within
train-s875	7	8	ADP	NOUN	hi	hi	false	boundary
train-s875	8	9	NOUN	VERB	hi	hi	false	within
train-s875	9	10	VERB	AUX	hi	hi	false	within
train-s875	10	11	AUX	AUX	hi	hi	false	within
train-s875	11	12	AUX	NOUN	hi	hi	false	within
train-s875	12	13	NOUN	ADP	hi	hi	false	within
train-s875	13	14	ADP	PART	hi	hi	false	within
train-s876	1	2	PRON	PRON	hi	hi	false	boundary
train-s876	2	3	PRON	NOUN	hi	en	true	within
train-s876	3	4	NOUN	ADP	en	hi	true	within
train-s876	4	5	ADP	ADJ	hi	en	true	boundary
train-s876	5	6	ADJ	NOUN	en	en	false	within
train-s876	6	7	NOUN	ADP	en	hi	true	within
train-s876	7	8	ADP	VERB	hi	en	true	boundary
train-s876	8	9	VERB	AUX	en	hi	true	within
train-s876	9	10	AUX	AUX	hi	hi	false	within
train-s877	2	3	NOUN	VERB	en	en	false	within
train-s877	3	4	VERB	ADV	en	en	false	within
train-s877	4	5	ADV	ADP	en	en	false	boundary
train-s877	5	8	ADP	PART	en	en	false	boundary
train-s877	8	9	PART	NUM	en	hi	true	boundary
train-s877	9	11	NUM	ADJ	hi	hi	false	boundary
train-s878	2	3	DET	ADJ	en	en	false	boundary
train-s878	3	4	ADJ	VERB	en	en	false	within
train-s878	4	5	VERB	NOUN	en	en	false	within
train-s878	5	6	NOUN	VERB	en	en	false	within
train-s878	6	8	VERB	NOUN	en	hi	true	boundary
train-s878	8	9	NOUN	NOUN	hi	hi	false	within
train-s878	9	10	NOUN	ADV	hi	hi	false	within
train-s878	10	11	ADV	VERB	hi	hi	false	within
train-s878	11	12	VERB	AUX	hi	hi	false	within
train-s879	1	2	ADJ	NOUN	en	en	false	within
train-s879	2	3	NOUN	ADP	en	hi	true	within
train-s879	3	4	ADP	ADP	hi	hi	false	within
train-s879	4	5	ADP	NOUN	hi	en	true	boundary
train-s879	5	6	NOUN	PART	en	hi	true	within
train-s879	6	7	PART	NOUN	hi	en	true	boundary
train-s879	7	8	NOUN	VERB	en	hi	true	within
train-s879	8	9	VERB	AUX	hi	hi	false	within
train-s880	1	2	VERB	AUX	en	hi	true	within
train-s880	2	3	AUX	AUX	hi	hi	false	within
train-s880	3	4	AUX	PRON	hi	hi	false	boundary
train-s880	4	5	PRON	NOUN	hi	en	true	within
train-s880	5	6	NOUN	PART	en	hi	true	within
train-s880	6	7	PART	VERB	hi	hi	false	boundary
train-s881	4	5	VERB	ADV	en	en	false	within
train-s881	5	6	ADV	ADP	en	en	false	boundary
train-s881	6	7	ADP	DET	en	en	false	within
train-s881	7	8	DET	NOUN	en	en	false	within
train-s881	8	10	NOUN	NOUN	en	hi	true	boundary
train-s881	10	11	NOUN	VERB	hi	hi	false	within
train-s881	11	12	VERB	NOUN	hi	hi	false	boundary
train-s881	12	13	NOUN	VERB	hi	hi	false	within
train-s882	2	3	PRON	VERB	en	en	false	within
train-s882	3	4	VERB	PRON	en	en	false	boundary
train-s882	4	5	PRON	AUX	en	en	false	within
train-s882	5	7	AUX	ADV	en	en	false	boundary
train-s882	7	8	ADV	PRON	en	en	false	within
train-s882	8	9	PRON	VERB	en	en	false	within
train-s882	9	10	VERB	PRON	en	en	false	within
train-s882	10	11	PRON	SCONJ	en	en	false	boundary
train-s882	11	12	SCONJ	VERB	en	en	false	within
train-s882	12	13	VERB	PART	en	en	false	within
train-s882	13	14	PART	ADV	en	en	false	within
train-s882	14	17	ADV	VERB	en	hi	true	boundary
train-s882	17	18	VERB	AUX	hi	hi	false	within
train-s882	18	19	AUX	NOUN	hi	hi	false	within
train-s882	19	20	NOUN	PRON	hi	hi	false	within
train-s883	2	3	ADV	NOUN	en	en	false	within
train-s883	3	4	NOUN	VERB	en	en	false	within
train-s883	4	5	VERB	NOUN	en	en	false	boundary
train-s883	5	6	NOUN	NOUN	en	en	false	within
train-s883	6	7	NOUN	ADV	en	hi	true	boundary
train-s883	7	8	ADV	ADJ	hi	hi	false	within
train-s883	8	9	ADJ	AUX	hi	hi	false	within
train-s883	9	10	AUX	AUX	hi	hi	false	within
train-s884	4	5	ADP	NOUN	en	en	false	within
train-s884	5	6	NOUN	PRON	en	en	false	boundary
train-s884	6	7	PRON	VERB	en	en	false	within
train-s884	7	8	VERB	ADP	en	en	false	boundary
train-s884	8	9	ADP	PRON	en	en	false	within
train-s884	9	10	PRON	NOUN	en	en	false	within
train-s884	10	12	NOUN	SCONJ	en	en	false	boundary
train-s884	12	13	SCONJ	VERB	en	en	false	within
train-s884	13	15	VERB	PRON	en	hi	true	boundary
train-s884	15	16	PRON	VERB	hi	hi	false	within
train-s884	16	17	VERB	VERB	hi	hi	false	within
train-s884	17	18	VERB	AUX	hi	hi	false	within
train-s885	1	2	PRON	NOUN	hi	hi	false	within
train-s885	2	3	NOUN	ADP	hi	hi	false	within
train-s885	3	4	ADP	NOUN	hi	hi	false	boundary
train-s885	4	5	NOUN	PART	hi	hi	false	boundary
train-s885	5	6	PART	ADJ	hi	en	true	within
train-s885	6	7	ADJ	NOUN	en	en	false	within
train-s885	7	8	NOUN	ADP	en	hi	true	within
train-s885	8	9	ADP	NOUN	hi	en	true	boundary
train-s885	9	10	NOUN	ADP	en	hi	true	within
train-s885	10	11	ADP	AUX	hi	hi	false	within
train-s885	11	12	AUX	AUX	hi	hi	false	within
train-s886	1	2	AUX	AUX	en	en	false	within
train-s886	2	3	AUX	PRON	en	hi	true	boundary
train-s886	3	4	PRON	NOUN	hi	en	true	within
train-s886	4	5	NOUN	NOUN	en	en	false	boundary
train-s886	5	6	NOUN	ADP	en	hi	true	within
train-s886	6	7	ADP	NOUN	hi	en	true	boundary
train-s886	7	8	NOUN	VERB	en	hi	true	within
train-s886	8	9	VERB	SCONJ	hi	hi	false	within
train-s886	9	10	SCONJ	PART	hi	hi	false	within
train-s886	10	11	PART	VERB	hi	hi	false	boundary
train-s886	11	12	VERB	AUX	hi	hi	false	within
train-s886	12	13	AUX	AUX	hi	hi	false	within
train-s887	1	2	PRON	VERB	hi	hi	false	boundary
train-s887	2	3	VERB	AUX	hi	hi	false	within
train-s887	3	4	AUX	AUX	hi	hi	false	within
train-s887	4	5	AUX	NOUN	hi	en	true	within
train-s887	5	6	NOUN	CCONJ	en	en	false	boundary
train-s887	6	7	CCONJ	PRON	en	en	false	within
train-s887	7	8	PRON	AUX	en	en	false	within
train-s887	8	9	AUX	ADJ	en	en	false	within
train-s887	9	10	ADJ	ADP	en	en	false	boundary
train-s887	10	11	ADP	PRON	en	en	false	within
train-s888	4	5	ADP	DET	hi	hi	false	boundary
train-s888	5	6	DET	ADJ	hi	en	true	within
train-s888	6	7	ADJ	NOUN	en	en	false	within
train-s888	7	8	NOUN	NOUN	en	en	false	within
train-s888	8	9	NOUN	AUX	en	hi	true	within
train-s889	1	2	NOUN	NOUN	hi	en	true	within
train-s889	2	3	NOUN	ADP	en	hi	true	within
train-s889	3	4	ADP	ADV	hi	hi	false	boundary
train-s889	4	5	ADV	ADJ	hi	hi	false	within
train-s889	5	6	ADJ	NOUN	hi	hi	false	within
train-s889	6	7	NOUN	VERB	hi	hi	false	within
train-s889	7	9	VERB	CCONJ	hi	hi	false	boundary
train-s889	9	10	CCONJ	PRON	hi	hi	false	within
train-s889	10	11	PRON	PART	hi	hi	false	within
train-s889	11	12	PART	PRON	hi	hi	false	boundary
train-s889	12	13	PRON	ADP	hi	hi	false	within
train-s889	13	14	ADP	VERB	hi	hi	false	boundary
train-s889	14	15	VERB	AUX	hi	hi	false	within
train-s889	15	16	AUX	SCONJ	hi	en	true	boundary
train-s889	16	17	SCONJ	PRON	en	en	false	within
train-s889	17	18	PRON	VERB	en	en	false	within
train-s890	2	3	AUX	PRON	en	en	false	within
train-s890	3	4	PRON	ADV	en	en	false	boundary
train-s890	4	5	ADV	ADP	en	en	false	within
train-s890	5	7	ADP	SCONJ	en	en	false	boundary
train-s890	7	8	SCONJ	PRON	en	en	false	within
train-s890	8	9	PRON	VERB	en	en	false	within
train-s890	9	10	VERB	DET	en	en	false	boundary
train-s890	10	11	DET	NOUN	en	en	false	within
train-s890	11	12	NOUN	CCONJ	en	en	false	boundary
train-s890	12	13	CCONJ	ADV	en	en	false	within
train-s890	13	14	ADV	VERB	en	en	false	within
train-s890	14	15	VERB	DET	en	en	false	boundary
train-s890	15	18	DET	NOUN	en	en	false	boundary
train-s890	18	19	NOUN	VERB	en	hi	true	within
train-s890	19	21	VERB	NOUN	hi	en	true	boundary
train-s890	21	22	NOUN	VERB	en	hi	true	within
train-s890	22	24	VERB	VERB	hi	hi	false	within
train-s891	2	3	ADJ	ADJ	hi	en	true	within
train-s891	3	4	ADJ	NOUN	en	hi	true	within
train-s891	4	5	NOUN	ADP	hi	en	true	boundary
train-s891	5	6	ADP	NOUN	en	en	false	within
train-s891	6	7	NOUN	NOUN	en	en	false	within
train-s892	1	2	NOUN	ADP	hi	hi	false	within
train-s892	2	3	ADP	VERB	hi	hi	false	boundary
train-s892	3	4	VERB	AUX	hi	en	true	within
train-s892	4	5	AUX	NUM	en	en	false	within
train-s892	5	6	NUM	ADP	en	en	false	boundary
train-s892	6	7	ADP	DET	en	en	false	within
train-s892	7	8	DET	ADJ	en	en	false	within
train-s892	8	9	ADJ	NOUN	en	en	false	within
train-s892	9	10	NOUN	PART	en	en	false	boundary
train-s892	10	11	PART	VERB	en	en	false	within
train-s893	2	3	DET	NOUN	en	en	false	within
train-s893	3	4	NOUN	PRON	en	en	false	within
train-s893	4	5	PRON	VERB	en	en	false	within
train-s893	5	6	VERB	SCONJ	en	en	false	boundary
train-s893	6	9	SCONJ	NOUN	en	hi	true	within
train-s893	9	10	NOUN	ADJ	hi	hi	false	boundary
train-s893	10	11	ADJ	NOUN	hi	hi	false	within
train-s893	11	12	NOUN	DET	hi	hi	false	within
train-s893	12	13	DET	NOUN	hi	hi	false	within
train-s893	13	14	NOUN	PART	hi	hi	false	within
train-s893	14	15	PART	AUX	hi	hi	false	within
train-s894	1	2	NOUN	VERB	en	en	false	within
train-s894	2	3	VERB	PRON	en	en	false	within
train-s894	3	4	PRON	PART	en	en	false	boundary
train-s894	4	5	PART	VERB	en	en	false	within
train-s894	5	6	VERB	NOUN	en	en	false	within
train-s894	6	7	NOUN	CCONJ	en	en	false	boundary
train-s894	7	8	CCONJ	NOUN	en	hi	true	boundary
train-s894	8	9	NOUN	ADP	hi	hi	false	within
train-s894	9	10	ADP	NOUN	hi	hi	false	boundary
train-s894	10	11	NOUN	ADP	hi	hi	false	within
train-s894	11	12	ADP	NOUN	hi	hi	false	boundary
train-s894	12	13	NOUN	VERB	hi	hi	false	within
train-s894	13	14	VERB	SCONJ	hi	hi	false	within
train-s894	14	15	SCONJ	PART	hi	hi	false	within
train-s894	15	16	PART	NOUN	hi	hi	false	boundary
train-s894	16	17	NOUN	VERB	hi	hi	false	within
train-s894	17	18	VERB	AUX	hi	hi	false	within
train-s895	1	2	NOUN	ADP	hi	hi	false	within
train-s895	2	3	ADP	NOUN	hi	hi	false	boundary
train-s895	3	4	NOUN	PART	hi	hi	false	within
train-s895	4	5	PART	PRON	hi	en	true	boundary
train-s895	5	6	PRON	AUX	en	en	false	within
train-s895	6	7	AUX	DET	en	en	false	boundary
train-s895	7	8	DET	ADV	en	en	false	within
train-s896	1	2	VERB	NOUN	en	en	false	boundary
train-s896	2	3	NOUN	PART	en	hi	true	within
train-s896	3	4	PART	ADP	hi	hi	false	within
train-s896	4	5	ADP	NOUN	hi	en	true	boundary
train-s896	5	6	NOUN	AUX	en	en	false	boundary
train-s896	6	7	AUX	ADV	en	en	false	boundary
train-s896	7	8	ADV	ADJ	en	en	false	within
train-s896	8	9	ADJ	NOUN	en	en	false	within
train-s897	1	2	ADJ	NOUN	en	en	false	within
train-s897	2	3	NOUN	VERB	en	hi	true	within
train-s897	3	4	VERB	AUX	hi	hi	false	within
train-s898	2	3	NOUN	AUX	en	en	false	within
train-s898	3	4	AUX	AUX	en	en	false	within
train-s898	4	5	AUX	DET	en	en	false	within
train-s898	5	6	DET	ADJ	en	en	false	within
train-s898	6	7	ADJ	SCONJ	en	en	false	boundary
train-s898	7	9	SCONJ	NOUN	en	hi	true	within
train-s898	9	10	NOUN	NOUN	hi	hi	false	within
train-s898	10	11	NOUN	NOUN	hi	en	true	within
train-s898	11	12	NOUN	VERB	en	en	false	within
train-s898	12	13	VERB	DET	en	hi	true	boundary
train-s898	13	14	DET	NOUN	hi	hi	false	within
train-s898	14	15	NOUN	AUX	hi	hi	false	within
train-s899	1	2	AUX	PRON	en	en	false	within
train-s899	2	3	PRON	ADV	en	en	false	within
train-s899	3	4	ADV	VERB	en	en	false	within
train-s899	4	5	VERB	DET	en	en	false	boundary
train-s899	5	7	DET	NOUN	en	hi	true	within
train-s899	7	8	NOUN	ADP	hi	hi	false	within
train-s899	8	9	ADP	NOUN	hi	hi	false	boundary
train-s900	1	2	NOUN	ADP	hi	hi	false	within
train-s900	2	3	ADP	NOUN	hi	en	true	boundary
train-s900	3	4	NOUN	ADP	en	hi	true	within
train-s900	4	5	ADP	PART	hi	hi	false	within
train-s900	5	6	PART	NOUN	hi	hi	false	boundary
train-s900	6	7	NOUN	PART	hi	hi	false	within
train-s900	7	8	PART	AUX	hi	hi	false	within
train-s900	8	9	AUX	CCONJ	hi	hi	false	boundary
train-s900	9	10	CCONJ	ADJ	hi	en	true	boundary
train-s900	10	11	ADJ	NOUN	en	en	false	within
train-s900	11	12	NOUN	NOUN	en	en	false	within
train-s900	12	13	NOUN	VERB	en	en	false	within
train-s900	13	14	VERB	AUX	en	hi	true	within
train-s900	14	15	AUX	AUX	hi	hi	false	within
train-s900	15	16	AUX	AUX	hi	hi	false	within
train-s901	1	2	PRON	VERB	en	en	false	within
train-s901	2	3	VERB	DET	en	en	false	boundary
train-s901	3	4	DET	NOUN	en	en	false	within
train-s901	4	5	NOUN	PRON	en	en	false	boundary
train-s901	5	6	PRON	AUX	en	en	false	within
train-s901	6	7	AUX	VERB	en	en	false	within
train-s901	7	10	VERB	NOUN	en	hi	true	boundary
train-s901	10	11	NOUN	ADP	hi	hi	false	within
train-s901	11	12	ADP	NOUN	hi	hi	false	boundary
train-s902	1	2	PRON	VERB	en	en	false	within
train-s902	2	3	VERB	DET	en	en	false	boundary
train-s902	3	4	DET	ADJ	en	en	false	within
train-s902	4	5	ADJ	NOUN	en	en	false	within
train-s902	5	6	NOUN	AUX	en	en	false	within
train-s902	6	7	AUX	VERB	en	en	false	within
train-s902	7	8	VERB	ADP	en	en	false	boundary
train-s902	8	9	ADP	PRON	en	en	false	within
train-s902	9	11	PRON	CCONJ	en	hi	true	boundary
train-s902	11	12	CCONJ	PRON	hi	hi	false	within
train-s902	12	13	PRON	PRON	hi	hi	false	within
train-s902	13	14	PRON	ADP	hi	hi	false	within
train-s902	14	15	ADP	NOUN	hi	hi	false	boundary
train-s902	15	16	NOUN	VERB	hi	hi	false	within
train-s902	16	17	VERB	AUX	hi	hi	false	within
train-s903	2	3	ADJ	VERB	hi	hi	false	within
train-s903	3	4	VERB	AUX	hi	hi	false	within
train-s903	4	6	AUX	VERB	hi	hi	false	boundary
train-s903	6	8	VERB	AUX	hi	en	true	within
train-s903	8	9	AUX	DET	en	en	false	within
train-s903	9	10	DET	ADJ	en	en	false	within
train-s903	10	11	ADJ	NOUN	en	en	false	within
train-s903	11	12	NOUN	ADP	en	en	false	boundary
train-s903	12	13	ADP	ADJ	en	hi	true	within
train-s903	13	14	ADJ	NOUN	hi	en	true	within
train-s904	1	2	CCONJ	ADP	en	en	false	boundary
train-s904	2	3	ADP	DET	en	en	false	within
train-s904	3	4	DET	ADJ	en	en	false	within
train-s904	4	5	ADJ	NOUN	en	en	false	within
train-s904	5	6	NOUN	PRON	en	hi	true	boundary
train-s904	6	7	PRON	NOUN	hi	en	true	within
train-s904	7	10	NOUN	NOUN	en	en	false	within
train-s904	10	11	NOUN	VERB	en	hi	true	within
train-s904	11	12	VERB	AUX	hi	hi	false	within
train-s905	1	2	ADV	NOUN	hi	en	true	boundary
train-s905	2	3	NOUN	NOUN	en	en	false	within
train-s905	3	4	NOUN	ADP	en	hi	true	within
train-s905	4	5	ADP	ADP	hi	hi	false	within
train-s905	5	6	ADP	NOUN	hi	en	true	boundary
train-s905	6	7	NOUN	VERB	en	hi	true	within
train-s905	7	8	VERB	AUX	hi	hi	false	within
train-s905	8	9	AUX	PRON	hi	hi	false	within
train-s906	1	2	ADV	ADJ	en	en	false	within
train-s906	2	3	ADJ	ADP	en	en	false	boundary
train-s906	3	5	ADP	ADP	en	hi	true	boundary
train-s906	5	6	ADP	ADP	hi	hi	false	within
train-s906	6	7	ADP	NOUN	hi	hi	false	boundary
train-s907	2	3	ADP	NOUN	en	en	false	within
train-s907	3	5	NOUN	NOUN	en	hi	true	boundary
train-s907	5	6	NOUN	VERB	hi	hi	false	within
train-s907	6	8	VERB	NOUN	hi	en	true	within
train-s907	8	9	NOUN	AUX	en	en	false	within
train-s907	9	10	AUX	VERB	en	en	false	within
train-s907	10	11	VERB	PART	en	en	false	boundary
train-s907	11	12	PART	VERB	en	en	false	within
train-s908	1	2	DET	ADJ	en	en	false	within
train-s908	2	3	ADJ	NOUN	en	en	false	within
train-s908	3	4	NOUN	ADV	en	en	false	within
train-s908	4	5	ADV	VERB	en	en	false	within
train-s908	5	7	VERB	NOUN	en	hi	true	boundary
train-s908	7	8	NOUN	CCONJ	hi	hi	false	boundary
train-s908	8	9	CCONJ	NOUN	hi	hi	false	within
train-s908	9	10	NOUN	ADP	hi	hi	false	within
train-s908	10	11	ADP	ADV	hi	hi	false	boundary
train-s908	11	12	ADV	NOUN	hi	hi	false	within
train-s908	12	13	NOUN	PART	hi	hi	false	within
train-s908	13	14	PART	VERB	hi	hi	false	within
train-s908	14	15	VERB	AUX	hi	hi	false	within
train-s909	1	2	ADP	PROPN	en	en	false	within
train-s909	2	4	PROPN	NOUN	en	hi	true	within
train-s909	4	5	NOUN	PART	hi	hi	false	within
train-s909	5	6	PART	ADV	hi	en	true	boundary
train-s909	6	7	ADV	VERB	en	en	false	within
train-s910	1	2	NOUN	VERB	hi	hi	false	within
train-s910	2	3	VERB	AUX	hi	hi	false	within
train-s910	3	5	AUX	DET	hi	en	true	boundary
train-s910	5	6	DET	NOUN	en	en	false	within
train-s910	6	7	NOUN	ADP	en	en	false	boundary
train-s910	7	8	ADP	DET	en	en	false	within
train-s910	8	9	DET	NOUN	en	en	false	within
train-s910	9	10	NOUN	AUX	en	en	false	within
train-s910	10	11	AUX	VERB	en	en	false	within
train-s911	1	2	AUX	PART	en	en	false	within
train-s911	2	3	PART	VERB	en	en	false	within
train-s911	3	4	VERB	VERB	en	en	false	within
train-s911	4	5	VERB	PRON	en	en	false	boundary
train-s911	5	6	PRON	NOUN	en	en	false	within
train-s911	6	7	NOUN	ADP	en	en	false	boundary
train-s911	7	8	ADP	DET	en	en	false	within
train-s911	8	9	DET	NOUN	en	en	false	within
train-s911	9	10	NOUN	ADP	en	en	false	boundary
train-s911	10	11	ADP	DET	en	en	false	within
train-s911	11	12	DET	ADJ	en	en	false	within
train-s911	12	13	ADJ	NOUN	en	en	false	within
train-s911	13	14	NOUN	SCONJ	en	en	false	boundary
train-s911	14	15	SCONJ	ADJ	en	hi	true	within
train-s911	15	16	ADJ	VERB	hi	hi	false	within
train-s911	16	17	VERB	AUX	hi	hi	false	within
train-s912	1	2	VERB	SCONJ	en	en	false	boundary
train-s912	2	4	SCONJ	ADP	en	en	false	boundary
train-s912	4	6	ADP	AUX	en	en	false	boundary
train-s912	6	7	AUX	PART	en	en	false	boundary
train-s912	7	8	PART	ADV	en	en	false	within
train-s912	8	9	ADV	ADJ	en	hi	true	within
train-s912	9	10	ADJ	NOUN	hi	hi	false	within
train-s913	1	2	NOUN	ADP	hi	hi	false	within
train-s913	2	3	ADP	NOUN	hi	en	true	boundary
train-s913	3	4	NOUN	AUX	en	en	false	within
train-s913	4	5	AUX	ADJ	en	en	false	within
train-s913	5	6	ADJ	ADP	en	en	false	boundary
train-s913	6	8	ADP	NOUN	en	en	false	within
train-s914	1	3	ADJ	NOUN	en	en	false	boundary
train-s914	3	4	NOUN	ADV	en	hi	true	within
train-s914	4	5	ADV	VERB	hi	hi	false	within
train-s914	5	6	VERB	NOUN	hi	hi	false	within
train-s915	1	2	NOUN	CCONJ	en	hi	true	boundary
train-s915	2	3	CCONJ	NOUN	hi	hi	false	within
train-s915	3	4	NOUN	ADP	hi	hi	false	within
train-s915	4	5	ADP	ADV	hi	hi	false	boundary
train-s915	5	6	ADV	ADJ	hi	en	true	within
train-s915	6	7	ADJ	NOUN	en	en	false	within
train-s915	7	8	NOUN	AUX	en	hi	true	within
train-s916	1	2	DET	NOUN	hi	en	true	within
train-s916	2	3	NOUN	NOUN	en	en	false	within
train-s916	3	4	NOUN	AUX	en	hi	true	within
train-s916	4	6	AUX	ADP	hi	hi	false	boundary
train-s916	6	7	ADP	VERB	hi	hi	false	boundary
train-s916	7	8	VERB	SCONJ	hi	hi	false	within
train-s917	1	2	PRON	ADV	en	en	false	within
train-s917	2	3	ADV	VERB	en	en	false	within
train-s917	3	5	VERB	NOUN	en	en	false	within
train-s917	5	6	NOUN	CCONJ	en	hi	true	boundary
train-s917	6	7	CCONJ	NUM	hi	hi	false	boundary
train-s917	7	8	NUM	NOUN	hi	hi	false	within
train-s917	8	9	NOUN	PART	hi	hi	false	within
train-s917	9	10	PART	NOUN	hi	hi	false	boundary
train-s917	10	11	NOUN	PART	hi	hi	false	within
train-s917	11	12	PART	VERB	hi	hi	false	within
train-s918	1	2	NOUN	VERB	hi	hi	false	within
train-s918	2	3	VERB	AUX	hi	hi	false	within
train-s918	3	4	AUX	SCONJ	hi	hi	false	boundary
train-s918	4	5	SCONJ	NOUN	hi	hi	false	within
train-s918	5	6	NOUN	VERB	hi	hi	false	within
train-s918	6	7	VERB	AUX	hi	hi	false	within
train-s918	7	8	AUX	SCONJ	hi	hi	false	boundary
train-s918	8	9	SCONJ	PRON	hi	en	true	within
train-s918	9	10	PRON	AUX	en	en	false	within
train-s918	10	11	AUX	DET	en	en	false	within
train-s918	11	12	DET	ADJ	en	en	false	within
train-s918	12	13	ADJ	NOUN	en	en	false	within
train-s918	13	14	NOUN	ADV	en	en	false	within
train-s919	1	3	CCONJ	DET	en	en	false	boundary
train-s919	3	4	DET	NOUN	en	en	false	within
train-s919	4	5	NOUN	ADP	en	en	false	boundary
train-s919	5	6	ADP	PRON	en	en	false	within
train-s919	6	7	PRON	NOUN	en	en	false	within
train-s919	7	8	NOUN	AUX	en	en	false	boundary
train-s919	8	9	AUX	VERB	en	en	false	within
train-s919	9	11	VERB	NOUN	en	hi	true	boundary
train-s919	11	12	NOUN	ADP	hi	hi	false	within
train-s919	12	13	ADP	NOUN	hi	hi	false	boundary
train-s919	13	14	NOUN	ADV	hi	hi	false	within
train-s919	14	15	ADV	VERB	hi	hi	false	within
train-s920	2	3	DET	NOUN	en	en	false	within
train-s920	3	4	NOUN	AUX	en	en	false	within
train-s920	4	5	AUX	VERB	en	en	false	within
train-s920	5	6	VERB	PART	en	en	false	within
train-s920	6	7	PART	ADP	en	en	false	boundary
train-s920	7	10	ADP	NOUN	en	en	false	boundary
train-s920	10	11	NOUN	SCONJ	en	en	false	boundary
train-s920	11	12	SCONJ	VERB	en	en	false	within
train-s920	12	14	VERB	NOUN	en	hi	true	boundary
train-s920	14	15	NOUN	PRON	hi	hi	false	within
train-s920	15	16	PRON	ADJ	hi	en	true	within
train-s920	16	18	ADJ	AUX	en	hi	true	within
train-s920	18	19	AUX	PRON	hi	hi	false	within
train-s921	2	3	VERB	PRON	en	en	false	boundary
train-s921	3	4	PRON	VERB	en	en	false	within
train-s921	4	5	VERB	PRON	en	en	false	within
train-s921	5	6	PRON	PRON	en	en	false	within
train-s921	6	7	PRON	ADJ	en	en	false	within
train-s921	7	8	ADJ	NOUN	en	hi	true	boundary
train-s921	8	10	NOUN	NOUN	hi	en	true	boundary
train-s921	10	11	NOUN	NOUN	en	en	false	within
train-s921	11	12	NOUN	ADP	en	hi	true	within
train-s921	12	14	ADP	NOUN	hi	en	true	boundary
train-s921	14	15	NOUN	ADP	en	hi	true	within
train-s921	15	16	ADP	VERB	hi	hi	false	boundary
train-s921	16	17	VERB	AUX	hi	hi	false	within
train-s921	17	18	AUX	AUX	hi	hi	false	within
train-s922	1	2	PRON	NOUN	hi	en	true	within
train-s922	2	3	NOUN	ADP	en	hi	true	within
train-s922	3	4	ADP	NOUN	hi	en	true	boundary
train-s922	4	5	NOUN	NOUN	en	en	false	within
train-s922	5	6	NOUN	VERB	en	hi	true	within
train-s922	6	7	VERB	AUX	hi	hi	false	within
train-s922	7	8	AUX	PRON	hi	hi	false	within
train-s922	8	9	PRON	ADV	hi	hi	false	within
train-s923	1	2	DET	NOUN	hi	hi	false	within
train-s923	2	3	NOUN	AUX	hi	hi	false	within
train-s923	3	4	AUX	SCONJ	hi	hi	false	boundary
train-s923	4	5	SCONJ	NOUN	hi	hi	false	within
train-s923	5	6	NOUN	ADJ	hi	en	true	boundary
train-s923	6	7	ADJ	NOUN	en	en	false	within
train-s923	7	8	NOUN	VERB	en	hi	true	within
train-s923	8	9	VERB	AUX	hi	hi	false	within
train-s923	9	10	AUX	AUX	hi	hi	false	within
train-s924	2	3	NOUN	ADP	hi	hi	false	within
train-s924	3	4	ADP	DET	hi	hi	false	boundary
train-s924	4	5	DET	NOUN	hi	hi	false	within
train-s924	5	6	NOUN	NUM	hi	hi	false	within
train-s924	6	7	NUM	NOUN	hi	hi	false	within
train-s924	7	8	NOUN	CCONJ	hi	hi	false	boundary
train-s924	8	9	CCONJ	DET	hi	hi	false	boundary
train-s924	9	11	DET	PRON	hi	en	true	boundary
train-s924	11	12	PRON	AUX	en	en	false	within
train-s924	12	13	AUX	VERB	en	en	false	within
train-s924	13	14	VERB	VERB	en	en	false	within
train-s924	14	15	VERB	ADP	en	en	false	boundary
train-s924	15	16	ADP	PRON	en	en	false	within
train-s924	16	17	PRON	PART	en	en	false	boundary
train-s924	17	18	PART	NOUN	en	en	false	within
train-s924	18	19	NOUN	PRON	en	en	false	within
train-s924	19	21	PRON	ADP	en	hi	true	within
train-s924	21	22	ADP	NOUN	hi	hi	false	boundary
train-s924	22	23	NOUN	NUM	hi	hi	false	within
train-s924	23	24	NUM	NOUN	hi	hi	false	within
train-s925	2	3	NOUN	NOUN	hi	hi	false	within
train-s925	3	4	NOUN	NOUN	hi	hi	false	boundary
train-s925	4	5	NOUN	ADV	hi	hi	false	within
train-s925	5	6	ADV	ADJ	hi	hi	false	within
train-s925	6	7	ADJ	AUX	hi	hi	false	within
train-s925	7	8	AUX	AUX	hi	hi	false	within
train-s925	8	9	AUX	ADP	hi	en	true	boundary
train-s925	9	10	ADP	DET	en	en	false	within
train-s925	10	11	DET	NOUN	en	en	false	within
train-s926	1	2	NOUN	VERB	hi	hi	false	within
train-s926	2	3	VERB	AUX	hi	hi	false	within
train-s926	3	4	AUX	AUX	hi	hi	false	within
train-s926	4	5	AUX	PRON	hi	en	true	boundary
train-s926	5	6	PRON	VERB	en	en	false	within
train-s926	6	7	VERB	ADP	en	en	false	boundary
train-s926	7	8	ADP	NOUN	en	hi	true	within
train-s927	1	2	ADJ	VERB	hi	hi	false	within
train-s927	2	4	VERB	VERB	hi	en	true	within
train-s927	4	5	VERB	ADV	en	en	false	boundary
train-s927	5	7	ADV	PART	en	en	false	boundary
train-s927	7	9	PART	NOUN	en	en	false	boundary
train-s927	9	10	NOUN	AUX	en	en	false	within
train-s927	10	11	AUX	AUX	en	en	false	within
train-s927	11	12	AUX	VERB	en	en	false	within
train-s927	12	13	VERB	ADJ	en	en	false	within
train-s928	2	3	AUX	VERB	en	en	false	within
train-s928	3	4	VERB	ADP	en	en	false	boundary
train-s928	4	5	ADP	DET	en	en	false	within
train-s928	5	6	DET	NOUN	en	en	false	within
train-s928	6	7	NOUN	CCONJ	en	en	false	boundary
train-s928	7	8	CCONJ	DET	en	en	false	boundary
train-s928	8	9	DET	NOUN	en	en	false	within
train-s928	9	10	NOUN	NOUN	en	en	false	within
train-s928	10	11	NOUN	VERB	en	en	false	within
train-s928	11	13	VERB	NOUN	en	hi	true	boundary
train-s928	13	14	NOUN	PRON	hi	hi	false	within
train-s928	14	15	PRON	NOUN	hi	en	true	within
train-s928	15	16	NOUN	AUX	en	hi	true	within
train-s929	1	2	PRON	NOUN	hi	hi	false	within
train-s929	2	3	NOUN	ADP	hi	hi	false	within
train-s929	3	4	ADP	PRON	hi	en	true	boundary
train-s929	4	5	PRON	VERB	en	en	false	within
train-s929	5	6	VERB	PRON	en	en	false	within
train-s929	6	7	PRON	VERB	en	hi	true	boundary
train-s929	7	8	VERB	AUX	hi	hi	false	within
train-s930	1	2	PRON	ADJ	hi	en	true	within
train-s930	2	3	ADJ	NOUN	en	en	false	within
train-s930	3	5	NOUN	AUX	en	hi	true	within
train-s931	1	2	ADP	PROPN	en	en	false	within
train-s931	2	3	PROPN	NOUN	en	en	false	within
train-s931	3	5	NOUN	ADV	en	en	false	within
train-s931	5	6	ADV	ADP	en	en	false	within
train-s931	6	7	ADP	DET	en	en	false	within
train-s931	7	9	DET	NOUN	en	hi	true	boundary
train-s931	9	10	NOUN	PART	hi	hi	false	within
train-s931	10	11	PART	VERB	hi	hi	false	within
train-s931	11	12	VERB	NOUN	hi	en	true	within
train-s932	2	3	ADP	NOUN	hi	hi	false	boundary
train-s932	3	4	NOUN	ADP	hi	hi	false	within
train-s932	4	5	ADP	NOUN	hi	hi	false	boundary
train-s932	5	6	NOUN	ADP	hi	hi	false	within
train-s932	6	7	ADP	ADP	hi	hi	false	within
train-s932	7	8	ADP	ADP	hi	hi	false	within
train-s932	8	9	ADP	NOUN	hi	en	true	boundary
train-s932	9	10	NOUN	ADJ	en	en	false	within
train-s932	10	11	ADJ	VERB	en	hi	true	within
train-s933	1	2	PRON	AUX	en	en	false	within
train-s933	2	3	AUX	ADV	en	en	false	within
train-s933	3	4	ADV	ADJ	en	en	false	within
train-s933	4	5	ADJ	ADV	en	en	false	boundary
train-s933	5	6	ADV	PRON	en	en	false	within
train-s933	6	7	PRON	VERB	en	en	false	within
train-s933	7	8	VERB	ADP	en	en	false	boundary
train-s933	8	9	ADP	NOUN	en	en	false	within
train-s933	9	11	NOUN	NOUN	en	hi	true	boundary
train-s933	11	12	NOUN	PRON	hi	hi	false	within
train-s933	12	13	PRON	AUX	hi	hi	false	within
train-s933	13	14	AUX	SCONJ	hi	hi	false	boundary
train-s933	14	15	SCONJ	ADJ	hi	en	true	within
train-s933	15	16	ADJ	VERB	en	hi	true	within
train-s933	16	17	VERB	ADV	hi	hi	false	boundary
train-s933	17	18	ADV	ADJ	hi	hi	false	within
train-s933	18	19	ADJ	NOUN	hi	hi	false	boundary
train-s934	1	2	PRON	NOUN	en	en	false	within
train-s934	2	3	NOUN	ADP	en	en	false	boundary
train-s934	3	7	ADP	ADP	en	hi	true	boundary
train-s934	7	8	ADP	NOUN	hi	hi	false	boundary
train-s934	8	9	NOUN	CCONJ	hi	en	true	boundary
train-s934	9	11	CCONJ	DET	en	en	false	within
train-s934	11	12	DET	ADJ	en	en	false	within
train-s934	12	13	ADJ	NOUN	en	en	false	within
train-s935	1	2	PRON	VERB	en	en	false	within
train-s935	2	4	VERB	ADP	en	en	false	boundary
train-s935	4	5	ADP	NOUN	en	hi	true	boundary
train-s935	5	6	NOUN	NOUN	hi	hi	false	within
train-s935	6	7	NOUN	ADP	hi	hi	false	within
train-s935	7	8	ADP	NOUN	hi	hi	false	boundary
train-s935	8	9	NOUN	ADV	hi	en	true	boundary
train-s935	9	10	ADV	PRON	en	en	false	within
train-s935	10	11	PRON	VERB	en	en	false	within
train-s936	1	4	SCONJ	AUX	en	en	false	within
train-s936	4	6	AUX	PART	en	en	false	boundary
train-s936	6	7	PART	NOUN	en	en	false	boundary
train-s936	7	9	NOUN	SCONJ	en	en	false	within
train-s936	9	11	SCONJ	CCONJ	en	en	false	boundary
train-s936	11	13	CCONJ	AUX	en	en	false	boundary
train-s936	13	15	AUX	PART	en	en	false	boundary
train-s936	15	16	PART	NOUN	en	en	false	boundary
train-s936	16	17	NOUN	ADP	en	hi	true	within
train-s936	17	18	ADP	NOUN	hi	hi	false	boundary
train-s936	18	19	NOUN	NOUN	hi	hi	false	within
train-s937	3	4	ADJ	NOUN	en	hi	true	within
train-s937	4	5	NOUN	ADP	hi	hi	false	within
train-s937	5	6	ADP	NUM	hi	hi	false	boundary
train-s937	6	7	NUM	NOUN	hi	en	true	within
train-s937	7	8	NOUN	ADP	en	hi	true	within
train-s937	8	9	ADP	VERB	hi	hi	false	boundary
train-s937	9	10	VERB	AUX	hi	hi	false	within
train-s937	10	11	AUX	ADJ	hi	hi	false	boundary
train-s937	11	12	ADJ	PROPN	hi	hi	false	within
train-s937	12	13	PROPN	VERB	hi	hi	false	within
train-s938	1	2	PRON	AUX	en	en	false	within
train-s938	2	3	AUX	AUX	en	en	false	within
train-s938	3	4	AUX	VERB	en	en	false	within
train-s938	4	5	VERB	ADV	en	en	false	within
train-s938	5	7	ADV	CCONJ	en	hi	true	boundary
train-s938	7	8	CCONJ	PART	hi	hi	false	boundary
train-s938	8	10	PART	NOUN	hi	hi	false	boundary
train-s938	10	11	NOUN	ADP	hi	hi	false	within
train-s938	11	12	ADP	ADP	hi	hi	false	within
train-s938	12	13	ADP	PRON	hi	hi	false	boundary
train-s938	13	14	PRON	NOUN	hi	hi	false	within
train-s938	14	15	NOUN	NOUN	hi	hi	false	within
train-s938	15	16	NOUN	PART	hi	hi	false	within
train-s938	16	17	PART	PART	hi	hi	false	within
train-s938	17	18	PART	AUX	hi	hi	false	within
train-s939	2	3	DET	NOUN	en	en	false	within
train-s939	3	4	NOUN	ADP	en	en	false	within
train-s939	4	5	ADP	NOUN	en	en	false	boundary
train-s939	5	6	NOUN	PRON	en	en	false	within
train-s939	6	7	PRON	VERB	en	en	false	within
train-s939	7	9	VERB	ADJ	en	hi	true	boundary
train-s939	9	10	ADJ	VERB	hi	hi	false	within
train-s939	10	11	VERB	VERB	hi	hi	false	within
train-s939	11	13	VERB	DET	hi	en	true	boundary
train-s939	13	14	DET	ADJ	en	en	false	within
train-s939	14	15	ADJ	NOUN	en	en	false	within
train-s939	15	16	NOUN	AUX	en	en	false	boundary
train-s939	16	17	AUX	ADJ	en	en	false	within
train-s940	1	2	PRON	VERB	en	en	false	within
train-s940	2	3	VERB	NOUN	en	hi	true	boundary
train-s940	3	4	NOUN	NOUN	hi	en	true	within
train-s940	4	5	NOUN	ADP	en	hi	true	within
train-s940	5	6	ADP	NOUN	hi	hi	false	boundary
train-s940	6	7	NOUN	VERB	hi	hi	false	within
train-s940	7	8	VERB	AUX	hi	hi	false	within
train-s941	1	2	NOUN	NOUN	hi	hi	false	within
train-s941	2	3	NOUN	ADP	hi	hi	false	within
train-s941	3	4	ADP	ADJ	hi	en	true	boundary
train-s941	4	5	ADJ	NOUN	en	en	false	within
train-s941	5	6	NOUN	NOUN	en	en	false	within
train-s941	6	7	NOUN	ADP	en	hi	true	within
train-s941	7	8	ADP	NOUN	hi	hi	false	boundary
train-s941	8	9	NOUN	VERB	hi	hi	false	within
train-s941	9	10	VERB	AUX	hi	hi	false	within
train-s942	1	2	PRON	ADV	en	en	false	within
train-s942	2	3	ADV	VERB	en	en	false	within
train-s942	3	4	VERB	PRON	en	en	false	within
train-s942	4	6	PRON	INTJ	en	hi	true	boundary
train-s942	6	7	INTJ	PART	hi	hi	false	boundary
train-s942	7	8	PART	PRON	hi	hi	false	within
train-s942	8	9	PRON	PRON	hi	hi	false	within
train-s942	9	10	PRON	DET	hi	hi	false	boundary
train-s942	10	11	DET	NOUN	hi	hi	false	within
train-s942	11	12	NOUN	ADP	hi	hi	false	within
train-s942	12	13	ADP	VERB	hi	hi	false	boundary
train-s942	13	14	VERB	AUX	hi	hi	false	within
train-s942	14	15	AUX	AUX	hi	hi	false	within
train-s943	2	3	NOUN	NOUN	en	en	false	within
train-s943	3	4	NOUN	VERB	en	hi	true	within
train-s943	4	5	VERB	AUX	hi	hi	false	within
train-s943	5	6	AUX	PRON	hi	hi	false	within
train-s944	1	2	PRON	ADV	hi	hi	false	within
train-s944	2	3	ADV	NOUN	hi	hi	false	within
train-s944	3	4	NOUN	VERB	hi	hi	false	within
train-s944	4	5	VERB	AUX	hi	hi	false	within
train-s944	5	7	AUX	NOUN	hi	en	true	boundary
train-s944	7	8	NOUN	NOUN	en	en	false	within
train-s944	8	9	NOUN	VERB	en	hi	true	boundary
train-s944	9	10	VERB	AUX	hi	hi	false	within
train-s945	2	3	NOUN	NOUN	hi	en	true	within
train-s945	3	4	NOUN	PART	en	hi	true	within
train-s945	4	5	PART	PART	hi	hi	false	boundary
train-s945	5	6	PART	VERB	hi	hi	false	within
train-s945	6	7	VERB	ADP	hi	en	true	boundary
train-s945	7	8	ADP	PRON	en	en	false	boundary
train-s945	8	9	PRON	VERB	en	en	false	within
train-s945	9	11	VERB	ADV	en	hi	true	boundary
train-s945	11	12	ADV	DET	hi	hi	false	boundary
train-s945	12	13	DET	NOUN	hi	hi	false	within
train-s945	13	14	NOUN	VERB	hi	hi	false	within
train-s946	1	2	ADV	VERB	en	en	false	within
train-s946	2	3	VERB	PART	en	en	false	boundary
train-s946	3	4	PART	VERB	en	en	false	within
train-s946	4	5	VERB	CCONJ	en	en	false	boundary
train-s946	5	6	CCONJ	DET	en	en	false	boundary
train-s946	6	7	DET	ADJ	en	hi	true	within
train-s946	7	8	ADJ	NOUN	hi	hi	false	within
train-s946	8	10	NOUN	NOUN	hi	hi	false	within
train-s946	10	11	NOUN	CCONJ	hi	en	true	boundary
train-s946	11	12	CCONJ	NOUN	en	hi	true	within
train-s946	12	13	NOUN	NOUN	hi	hi	false	within
train-s946	13	14	NOUN	PART	hi	en	true	boundary
train-s946	14	15	PART	AUX	en	en	false	within
train-s946	15	16	AUX	PRON	en	en	false	within
train-s946	16	17	PRON	VERB	en	en	false	within
train-s947	1	2	PRON	AUX	en	en	false	within
train-s947	2	3	AUX	DET	en	en	false	within
train-s947	3	4	DET	NOUN	en	en	false	within
train-s947	4	5	NOUN	ADP	en	en	false	boundary
train-s947	5	6	ADP	NOUN	en	en	false	within
train-s947	6	7	NOUN	ADV	en	en	false	within
train-s947	7	9	ADV	ADP	en	hi	true	boundary
train-s947	9	10	ADP	ADV	hi	hi	false	boundary
train-s947	10	11	ADV	NOUN	hi	hi	false	within
train-s947	11	12	NOUN	ADP	hi	hi	false	within
train-s947	12	13	ADP	ADP	hi	hi	false	within
train-s948	1	2	PART	VERB	en	en	false	within
train-s948	2	3	VERB	ADP	en	en	false	boundary
train-s948	3	4	ADP	NOUN	en	en	false	within
train-s948	4	5	NOUN	NOUN	en	en	false	within
train-s948	5	6	NOUN	SCONJ	en	en	false	boundary
train-s948	6	7	SCONJ	NOUN	en	en	false	within
train-s948	7	8	NOUN	ADP	en	hi	true	within
train-s948	8	9	ADP	PRON	hi	hi	false	boundary
train-s948	9	11	PRON	AUX	hi	hi	false	within
train-s949	2	3	NOUN	PRON	hi	hi	false	within
train-s949	3	4	PRON	VERB	hi	hi	false	within
train-s949	4	6	VERB	AUX	hi	en	true	within
train-s949	6	7	AUX	VERB	en	en	false	within
train-s949	7	8	VERB	ADJ	en	en	false	boundary
train-s949	8	9	ADJ	NOUN	en	en	false	within
train-s949	9	10	NOUN	ADP	en	en	false	boundary
train-s949	10	11	ADP	PRON	en	en	false	within
train-s949	11	12	PRON	ADV	en	en	false	within
train-s949	12	13	ADV	ADP	en	en	false	boundary
train-s949	13	14	ADP	DET	en	en	false	within
train-s949	14	15	DET	NOUN	en	en	false	within
train-s950	2	3	NOUN	PART	en	hi	true	within
train-s950	3	4	PART	VERB	hi	hi	false	boundary
train-s950	4	5	VERB	AUX	hi	hi	false	within
train-s950	5	6	AUX	AUX	hi	hi	false	within
train-s951	1	2	PRON	AUX	en	en	false	within
train-s951	2	3	AUX	AUX	en	en	false	within
train-s951	3	5	AUX	NOUN	en	en	false	within
train-s951	5	6	NOUN	PRON	en	en	false	boundary
train-s951	6	9	PRON	VERB	en	en	false	within
train-s951	9	11	VERB	ADV	en	hi	true	within
train-s951	11	12	ADV	PART	hi	hi	false	within
train-s951	12	13	PART	AUX	hi	hi	false	within
train-s951	13	14	AUX	PRON	hi	hi	false	within
train-s951	14	16	PRON	ADP	hi	en	true	boundary
train-s951	16	19	ADP	PRON	en	en	false	boundary
train-s951	19	20	PRON	VERB	en	en	false	within
train-s951	20	21	VERB	PRON	en	en	false	boundary
train-s951	21	22	PRON	VERB	en	en	false	within
train-s951	22	23	VERB	PRON	en	en	false	within
train-s952	2	3	NOUN	VERB	hi	hi	false	within
train-s952	3	4	VERB	AUX	hi	hi	false	within
train-s952	4	5	AUX	AUX	hi	hi	false	within
train-s952	5	6	AUX	CCONJ	hi	en	true	boundary
train-s952	6	7	CCONJ	PRON	en	en	false	within
train-s952	7	8	PRON	ADV	en	en	false	within
train-s952	8	9	ADV	AUX	en	en	false	within
train-s952	9	10	AUX	PART	en	en	false	within
train-s952	10	11	PART	VERB	en	en	false	within
train-s952	11	12	VERB	PRON	en	en	false	boundary
train-s952	12	13	PRON	NOUN	en	en	false	within
train-s952	13	14	NOUN	NOUN	en	en	false	within
train-s952	14	15	NOUN	CCONJ	en	en	false	boundary
train-s952	15	16	CCONJ	NOUN	en	en	false	within
train-s952	16	17	NOUN	NOUN	en	en	false	within
train-s953	1	2	PRON	VERB	en	en	false	within
train-s953	2	4	VERB	PRON	en	hi	true	boundary
train-s953	4	5	PRON	PART	hi	hi	false	within
train-s953	5	6	PART	NOUN	hi	en	true	boundary
train-s953	6	7	NOUN	ADP	en	hi	true	within
train-s953	7	9	ADP	ADP	hi	hi	false	boundary
train-s953	9	10	ADP	NOUN	hi	en	true	boundary
train-s953	10	11	NOUN	NOUN	en	en	false	within
train-s953	11	12	NOUN	ADP	en	hi	true	within
train-s953	12	13	ADP	ADP	hi	hi	false	boundary
train-s953	13	15	ADP	ADJ	hi	en	true	boundary
train-s953	15	16	ADJ	NOUN	en	en	false	within
train-s954	1	2	PRON	VERB	en	en	false	within
train-s954	2	3	VERB	DET	en	en	false	boundary
train-s954	3	4	DET	NOUN	en	en	false	within
train-s954	4	5	NOUN	NOUN	en	en	false	within
train-s954	5	6	NOUN	SCONJ	en	hi	true	boundary
train-s954	6	7	SCONJ	NOUN	hi	en	true	boundary
train-s954	7	8	NOUN	VERB	en	hi	true	within
train-s954	8	9	VERB	SCONJ	hi	hi	false	within
train-s954	9	10	SCONJ	NOUN	hi	hi	false	boundary
train-s954	10	11	NOUN	ADJ	hi	hi	false	within
train-s954	11	12	ADJ	VERB	hi	hi	false	within
train-s955	1	2	VERB	SCONJ	hi	hi	false	within
train-s955	2	3	SCONJ	SCONJ	hi	hi	false	within
train-s955	3	4	SCONJ	PRON	hi	hi	false	boundary
train-s955	4	5	PRON	ADJ	hi	en	true	within
train-s955	5	6	ADJ	NOUN	en	en	false	within
train-s955	6	7	NOUN	ADP	en	hi	true	within
train-s955	7	8	ADP	NOUN	hi	en	true	boundary
train-s955	8	9	NOUN	NOUN	en	en	false	within
train-s955	9	10	NOUN	VERB	en	hi	true	within
train-s956	1	2	PRON	PRON	en	en	false	boundary
train-s956	2	3	PRON	VERB	en	en	false	within
train-s956	3	5	VERB	ADJ	en	hi	true	boundary
train-s956	5	6	ADJ	NOUN	hi	hi	false	within
train-s956	6	7	NOUN	ADV	hi	hi	false	within
train-s956	7	8	ADV	AUX	hi	hi	false	within
train-s956	8	11	AUX	AUX	hi	en	true	boundary
train-s956	11	12	AUX	PART	en	en	false	within
train-s956	12	13	PART	VERB	en	en	false	within
train-s956	13	14	VERB	VERB	en	en	false	within
train-s956	14	15	VERB	ADP	en	en	false	boundary
train-s956	15	16	ADP	NOUN	en	en	false	within
train-s956	16	17	NOUN	ADV	en	en	false	boundary
train-s956	17	18	ADV	PRON	en	en	false	boundary
train-s956	18	19	PRON	VERB	en	en	false	within
train-s957	1	2	PRON	VERB	en	en	false	within
train-s957	2	3	VERB	NOUN	en	hi	true	boundary
train-s957	3	4	NOUN	NOUN	hi	en	true	within
train-s957	4	5	NOUN	VERB	en	hi	true	within
train-s957	5	6	VERB	AUX	hi	hi	false	within
train-s958	1	2	ADV	ADJ	en	en	false	within
train-s958	2	3	ADJ	SCONJ	en	hi	true	boundary
train-s958	3	4	SCONJ	PRON	hi	hi	false	boundary
train-s958	4	5	PRON	NOUN	hi	hi	false	within
train-s958	5	6	NOUN	ADJ	hi	hi	false	within
train-s958	6	7	ADJ	VERB	hi	hi	false	within
train-s958	7	8	VERB	AUX	hi	hi	false	within
train-s958	8	9	AUX	NOUN	hi	hi	false	within
train-s959	1	3	PRON	ADP	hi	hi	false	within
train-s959	3	4	ADP	ADJ	hi	en	true	boundary
train-s959	4	5	ADJ	NOUN	en	en	false	within
train-s959	5	6	NOUN	DET	en	hi	true	boundary
train-s959	6	7	DET	NOUN	hi	hi	false	within
train-s959	7	8	NOUN	ADP	hi	hi	false	within
train-s959	8	9	ADP	VERB	hi	hi	false	boundary
train-s959	9	10	VERB	AUX	hi	hi	false	within
train-s960	2	3	AUX	AUX	en	en	false	within
train-s960	3	4	AUX	DET	en	en	false	boundary
train-s960	4	5	DET	ADV	en	en	false	boundary
train-s960	5	8	ADV	NOUN	en	en	false	within
train-s960	8	9	NOUN	PRON	en	hi	true	boundary
train-s960	9	11	PRON	ADP	hi	hi	false	boundary
train-s960	11	12	ADP	NOUN	hi	en	true	boundary
train-s960	12	13	NOUN	VERB	en	hi	true	within
train-s960	13	14	VERB	VERB	hi	hi	false	within
train-s960	14	15	VERB	AUX	hi	hi	false	within
train-s961	1	3	SCONJ	NOUN	en	hi	true	within
train-s961	3	4	NOUN	ADP	hi	hi	false	within
train-s961	4	5	ADP	ADP	hi	hi	false	within
train-s961	5	6	ADP	VERB	hi	hi	false	boundary
train-s961	6	8	VERB	SCONJ	hi	en	true	within
train-s961	8	10	SCONJ	NOUN	en	hi	true	within
train-s961	10	11	NOUN	ADP	hi	hi	false	within
train-s961	11	12	ADP	VERB	hi	hi	false	boundary
train-s961	12	15	VERB	DET	hi	en	true	boundary
train-s961	15	16	DET	PRON	en	en	false	within
train-s961	16	17	PRON	VERB	en	en	false	within
train-s961	17	18	VERB	PART	en	en	false	within
train-s962	1	3	NOUN	AUX	hi	en	true	within
train-s962	3	4	AUX	PART	en	hi	true	boundary
train-s962	4	5	PART	ADV	hi	en	true	within
train-s962	5	6	ADV	ADJ	en	en	false	within
train-s963	1	2	PRON	VERB	en	en	false	within
train-s963	2	3	VERB	NOUN	en	hi	true	boundary
train-s963	3	4	NOUN	NOUN	hi	hi	false	within
train-s963	4	5	NOUN	ADV	hi	hi	false	within
train-s963	5	6	ADV	ADJ	hi	en	true	within
train-s963	6	7	ADJ	AUX	en	hi	true	within
train-s964	1	2	AUX	PRON	en	en	false	within
train-s964	2	3	PRON	VERB	en	en	false	within
train-s964	3	5	VERB	AUX	en	en	false	boundary
train-s964	5	6	AUX	VERB	en	en	false	within
train-s964	6	7	VERB	ADV	en	en	false	boundary
train-s964	7	8	ADV	SCONJ	en	en	false	within
train-s964	8	9	SCONJ	PRON	en	en	false	within
train-s964	9	10	PRON	VERB	en	en	false	within
train-s964	10	11	VERB	PART	en	en	false	within
train-s964	11	14	PART	PRON	en	hi	true	boundary
train-s964	14	15	PRON	ADJ	hi	hi	false	within
train-s964	15	16	ADJ	PART	hi	hi	false	within
train-s964	16	17	PART	PART	hi	hi	false	boundary
train-s964	17	18	PART	VERB	hi	hi	false	within
train-s965	1	2	DET	NOUN	hi	hi	false	within
train-s965	2	3	NOUN	CCONJ	hi	hi	false	boundary
train-s965	3	4	CCONJ	NOUN	hi	en	true	within
train-s965	4	6	NOUN	ADP	en	hi	true	boundary
train-s965	6	8	ADP	ADP	hi	hi	false	boundary
train-s965	8	9	ADP	VERB	hi	hi	false	boundary
train-s965	9	10	VERB	ADV	hi	hi	false	within
train-s965	10	11	ADV	ADJ	hi	hi	false	within
train-s965	11	12	ADJ	PRON	hi	hi	false	within
train-s965	12	13	PRON	VERB	hi	en	true	within
train-s966	1	2	ADJ	ADJ	hi	en	true	boundary
train-s966	2	3	ADJ	VERB	en	en	false	within
train-s966	3	4	VERB	NOUN	en	en	false	within
train-s966	4	5	NOUN	ADJ	en	en	false	within
train-s966	5	6	ADJ	ADV	en	hi	true	within
train-s966	6	7	ADV	VERB	hi	hi	false	within
train-s966	7	8	VERB	AUX	hi	hi	false	within
train-s967	2	3	AUX	PRON	en	en	false	within
train-s967	3	4	PRON	ADV	en	en	false	boundary
train-s967	4	5	ADV	PRON	en	en	false	within
train-s967	5	6	PRON	CCONJ	en	hi	true	boundary
train-s967	6	7	CCONJ	ADV	hi	hi	false	within
train-s967	7	9	ADV	ADP	hi	hi	false	boundary
train-s967	9	11	ADP	ADJ	hi	en	true	boundary
train-s967	11	12	ADJ	NOUN	en	en	false	within
train-s967	12	14	NOUN	NOUN	en	en	false	within
train-s967	14	15	NOUN	ADJ	en	hi	true	within
train-s967	15	16	ADJ	VERB	hi	hi	false	within
train-s967	16	17	VERB	AUX	hi	hi	false	within
train-s967	17	18	AUX	AUX	hi	hi	false	within
train-s968	1	2	DET	NOUN	en	en	false	within
train-s968	2	3	NOUN	SCONJ	en	en	false	boundary
train-s968	3	5	SCONJ	PRON	en	hi	true	within
train-s968	5	6	PRON	NOUN	hi	en	true	within
train-s968	6	7	NOUN	AUX	en	hi	true	within
train-s968	7	8	AUX	PRON	hi	hi	false	within
train-s968	8	10	PRON	SCONJ	hi	en	true	boundary
train-s968	10	12	SCONJ	VERB	en	hi	true	within
train-s968	12	13	VERB	NOUN	hi	hi	false	within
train-s968	13	15	NOUN	AUX	hi	en	true	boundary
train-s968	15	16	AUX	ADJ	en	en	false	within
train-s968	16	17	ADJ	CCONJ	en	en	false	boundary
train-s968	17	18	CCONJ	ADJ	en	en	false	within
train-s969	1	2	DET	NOUN	hi	en	true	within
train-s969	2	3	NOUN	NOUN	en	en	false	within
train-s969	3	4	NOUN	AUX	en	hi	true	within
train-s969	4	5	AUX	NOUN	hi	en	true	boundary
train-s969	5	6	NOUN	PART	en	hi	true	within
train-s969	6	7	PART	VERB	hi	hi	false	within
train-s969	7	8	VERB	AUX	hi	hi	false	within
train-s970	1	2	NOUN	PART	hi	hi	false	within
train-s970	2	3	PART	ADV	hi	hi	false	within
train-s970	3	4	ADV	CCONJ	hi	hi	false	boundary
train-s970	4	5	CCONJ	INTJ	hi	hi	false	within
train-s970	5	6	INTJ	PRON	hi	hi	false	boundary
train-s970	6	7	PRON	NOUN	hi	en	true	within
train-s970	7	8	NOUN	ADV	en	en	false	within
train-s970	8	9	ADV	NOUN	en	en	false	within
train-s970	9	10	NOUN	VERB	en	hi	true	within
train-s970	10	11	VERB	AUX	hi	hi	false	within
train-s970	11	12	AUX	AUX	hi	hi	false	within
train-s971	1	2	ADV	ADJ	hi	en	true	boundary
train-s971	2	3	ADJ	NOUN	en	en	false	within
train-s971	3	4	NOUN	ADP	en	hi	true	within
train-s971	4	5	ADP	NOUN	hi	en	true	boundary
train-s971	5	6	NOUN	AUX	en	hi	true	within
train-s971	6	7	AUX	DET	hi	hi	false	boundary
train-s971	7	8	DET	NOUN	hi	en	true	within
train-s971	8	9	NOUN	ADP	en	hi	true	within
train-s972	2	3	NUM	NOUN	hi	hi	false	within
train-s972	3	4	NOUN	AUX	hi	hi	false	within
train-s972	4	5	AUX	PRON	hi	en	true	boundary
train-s972	5	6	PRON	AUX	en	en	false	within
train-s972	6	7	AUX	ADJ	en	en	false	within
train-s972	7	8	ADJ	PART	en	en	false	within
train-s972	8	9	PART	VERB	en	en	false	within
train-s972	9	10	VERB	NOUN	en	en	false	within
train-s972	10	12	NOUN	ADV	en	hi	true	boundary
train-s972	12	13	ADV	PRON	hi	en	true	within
train-s972	13	14	PRON	ADV	en	en	false	within
train-s972	14	15	ADV	VERB	en	en	false	within
train-s973	2	3	ADP	NOUN	hi	hi	false	boundary
train-s973	3	4	NOUN	AUX	hi	en	true	within
train-s973	4	5	AUX	NUM	en	en	false	within
train-s973	5	6	NUM	ADP	en	en	false	boundary
train-s973	6	7	ADP	DET	en	en	false	within
train-s973	7	8	DET	ADV	en	en	false	boundary
train-s973	8	9	ADV	ADJ	en	en	false	within
train-s973	9	10	ADJ	NOUN	en	hi	true	within
train-s973	10	11	NOUN	PROPN	hi	hi	false	boundary
train-s973	11	12	PROPN	AUX	hi	en	true	within
train-s973	12	13	AUX	VERB	en	en	false	within
train-s973	13	14	VERB	ADP	en	en	false	boundary
train-s974	2	3	PROPN	NOUN	en	en	false	boundary
train-s974	3	4	NOUN	AUX	en	en	false	within
train-s974	4	5	AUX	DET	en	en	false	within
train-s974	5	6	DET	ADJ	en	en	false	within
train-s974	6	7	ADJ	NOUN	en	en	false	within
train-s974	7	8	NOUN	PRON	en	hi	true	boundary
train-s974	8	9	PRON	DET	hi	hi	false	within
train-s974	9	10	DET	NOUN	hi	en	true	within
train-s974	10	11	NOUN	ADJ	en	en	false	within
train-s974	11	12	ADJ	AUX	en	hi	true	within
train-s975	2	3	VERB	PART	en	en	false	within
train-s975	3	4	PART	NOUN	en	en	false	within
train-s975	4	5	NOUN	SCONJ	en	en	false	boundary
train-s975	5	7	SCONJ	VERB	en	hi	true	within
train-s975	7	8	VERB	AUX	hi	hi	false	within
train-s975	8	9	AUX	NOUN	hi	hi	false	within
train-s975	9	11	NOUN	PRON	hi	hi	false	boundary
train-s975	11	12	PRON	PART	hi	hi	false	within
train-s975	12	13	PART	NOUN	hi	hi	false	boundary
train-s975	13	14	NOUN	VERB	hi	hi	false	within
train-s975	14	15	VERB	SCONJ	hi	hi	false	within
train-s975	15	16	SCONJ	VERB	hi	hi	false	boundary
train-s975	16	17	VERB	AUX	hi	hi	false	within
train-s975	17	18	AUX	NOUN	hi	hi	false	within
train-s976	1	2	ADV	PART	en	en	false	within
train-s976	2	3	PART	VERB	en	en	false	within
train-s976	3	4	VERB	ADJ	en	en	false	within
train-s976	4	6	ADJ	ADV	en	en	false	boundary
train-s976	6	7	ADV	DET	en	en	false	boundary
train-s976	7	8	DET	ADJ	en	hi	true	within
train-s976	8	9	ADJ	ADJ	hi	hi	false	within
train-s976	9	10	ADJ	NOUN	hi	hi	false	within
train-s976	10	11	NOUN	AUX	hi	en	true	within
train-s976	11	12	AUX	VERB	en	en	false	within
train-s976	12	13	VERB	NOUN	en	en	false	within
train-s977	1	2	PRON	AUX	en	en	false	within
train-s977	2	3	AUX	AUX	en	en	false	within
train-s977	3	4	AUX	AUX	en	en	false	within
train-s977	4	5	AUX	ADJ	en	en	false	within
train-s977	5	6	ADJ	SCONJ	en	hi	true	boundary
train-s977	6	7	SCONJ	ADJ	hi	en	true	boundary
train-s977	7	8	ADJ	NOUN	en	en	false	within
train-s977	8	9	NOUN	NOUN	en	hi	true	within
train-s977	9	10	NOUN	PART	hi	hi	false	within
train-s977	10	11	PART	AUX	hi	hi	false	within
train-s977	11	12	AUX	AUX	hi	hi	false	within
train-s978	1	2	PRON	NOUN	en	en	false	within
train-s978	2	3	NOUN	VERB	en	en	false	within
train-s978	3	5	VERB	ADP	en	hi	true	boundary
train-s978	5	6	ADP	NOUN	hi	en	true	boundary
train-s978	6	7	NOUN	PART	en	hi	true	within
train-s978	7	8	PART	PRON	hi	hi	false	boundary
train-s978	8	9	PRON	NOUN	hi	en	true	within
train-s978	9	10	NOUN	ADP	en	hi	true	within
train-s978	10	11	ADP	ADP	hi	hi	false	within
train-s978	11	12	ADP	AUX	hi	hi	false	within
train-s978	12	13	AUX	ADV	hi	hi	false	boundary
train-s978	13	14	ADV	NOUN	hi	en	true	within
train-s978	14	15	NOUN	VERB	en	hi	true	within
train-s978	15	16	VERB	AUX	hi	hi	false	within
train-s978	16	17	AUX	NOUN	hi	hi	false	boundary
train-s978	17	18	NOUN	PART	hi	hi	false	within
train-s978	18	19	PART	VERB	hi	hi	false	within
train-s979	1	2	PRON	ADP	hi	hi	false	within
train-s979	2	3	ADP	ADJ	hi	hi	false	boundary
train-s979	3	4	ADJ	AUX	hi	hi	false	within
train-s979	4	6	AUX	ADP	hi	hi	false	boundary
train-s979	6	7	ADP	NOUN	hi	en	true	boundary
train-s979	7	8	NOUN	NOUN	en	en	false	within
train-s979	8	9	NOUN	VERB	en	hi	true	within
train-s979	9	10	VERB	AUX	hi	hi	false	within
train-s980	1	2	DET	NOUN	hi	hi	false	within
train-s980	2	3	NOUN	PRON	hi	hi	false	boundary
train-s980	3	4	PRON	DET	hi	hi	false	within
train-s980	4	5	DET	NOUN	hi	en	true	within
train-s980	5	6	NOUN	DET	en	hi	true	boundary
train-s980	6	7	DET	NOUN	hi	hi	false	within
train-s980	7	8	NOUN	ADP	hi	hi	false	within
train-s980	8	9	ADP	VERB	hi	hi	false	boundary
train-s980	9	10	VERB	AUX	hi	hi	false	within
train-s980	10	11	AUX	AUX	hi	hi	false	within
train-s980	11	12	AUX	SCONJ	hi	hi	false	boundary
train-s980	12	13	SCONJ	PRON	hi	en	true	within
train-s980	13	14	PRON	AUX	en	en	false	within
train-s980	14	15	AUX	NOUN	en	en	false	within
train-s980	15	16	NOUN	VERB	en	en	false	within
train-s980	16	17	VERB	ADP	en	en	false	boundary
train-s980	17	18	ADP	PRON	en	en	false	within
train-s981	1	2	SCONJ	NOUN	en	hi	true	within
train-s981	2	3	NOUN	ADP	hi	hi	false	within
train-s981	3	4	ADP	AUX	hi	en	true	boundary
train-s981	4	5	AUX	DET	en	en	false	within
train-s981	5	6	DET	ADJ	en	en	false	within
train-s981	6	7	ADJ	NOUN	en	en	false	within
train-s981	7	8	NOUN	SCONJ	en	hi	true	within
train-s981	8	9	SCONJ	NOUN	hi	hi	false	within
train-s981	9	10	NOUN	PRON	hi	hi	false	within
train-s981	10	11	PRON	DET	hi	hi	false	within
train-s981	11	12	DET	PART	hi	hi	false	within
train-s981	12	15	PART	AUX	hi	hi	false	boundary
train-s982	2	3	NOUN	ADJ	hi	hi	false	boundary
train-s982	3	4	ADJ	ADJ	hi	hi	false	within
train-s982	4	5	ADJ	NOUN	hi	hi	false	within
train-s982	5	6	NOUN	VERB	hi	hi	false	within
train-s982	6	7	VERB	AUX	hi	hi	false	within
train-s982	7	8	AUX	VERB	hi	hi	false	boundary
train-s982	8	9	VERB	AUX	hi	hi	false	within
train-s982	9	11	AUX	INTJ	hi	en	true	within
train-s982	11	12	INTJ	AUX	en	en	false	boundary
train-s982	12	13	AUX	VERB	en	en	false	within
train-s983	2	3	NOUN	ADV	en	en	false	boundary
train-s983	3	4	ADV	ADV	en	en	false	within
train-s983	4	5	ADV	VERB	en	en	false	within
train-s983	5	6	VERB	SCONJ	en	en	false	boundary
train-s983	6	7	SCONJ	NUM	en	hi	true	boundary
train-s983	7	8	NUM	NOUN	hi	hi	false	within
train-s983	8	9	NOUN	ADP	hi	hi	false	within
train-s983	9	10	ADP	NOUN	hi	hi	false	boundary
train-s983	10	11	NOUN	PART	hi	hi	false	within
train-s983	11	12	PART	VERB	hi	hi	false	boundary
train-s984	1	2	VERB	ADV	hi	en	true	within
train-s984	2	3	ADV	NOUN	en	en	false	boundary
train-s984	3	4	NOUN	NOUN	en	en	false	within
train-s984	4	5	NOUN	ADP	en	hi	true	within
train-s984	5	6	ADP	PART	hi	hi	false	within
train-s984	6	7	PART	PRON	hi	hi	false	boundary
train-s984	7	8	PRON	NOUN	hi	hi	false	within
train-s984	8	9	NOUN	PART	hi	hi	false	within
train-s984	9	10	PART	VERB	hi	hi	false	within
train-s985	1	2	ADV	AUX	en	en	false	within
train-s985	2	3	AUX	PRON	en	en	false	within
train-s985	3	4	PRON	ADV	en	en	false	within
train-s985	4	5	ADV	VERB	en	en	false	within
train-s985	5	6	VERB	SCONJ	en	en	false	boundary
train-s985	6	7	SCONJ	PRON	en	en	false	within
train-s985	7	8	PRON	PRON	en	en	false	within
train-s985	8	9	PRON	VERB	en	en	false	within
train-s985	9	10	VERB	ADP	en	en	false	boundary
train-s985	10	11	ADP	NOUN	en	en	false	within
train-s985	11	12	NOUN	PART	en	en	false	boundary
train-s985	12	13	PART	SCONJ	en	en	false	within
train-s985	13	14	SCONJ	ADV	en	hi	true	within
train-s985	14	15	ADV	DET	hi	hi	false	boundary
train-s985	15	16	DET	NOUN	hi	hi	false	within
train-s985	16	17	NOUN	VERB	hi	hi	false	within
train-s985	17	18	VERB	AUX	hi	hi	false	within
train-s985	18	19	AUX	AUX	hi	hi	false	within
train-s985	19	20	AUX	PRON	hi	hi	false	within
train-s986	2	3	ADV	PRON	en	en	false	within
train-s986	3	4	PRON	AUX	en	en	false	within
train-s986	4	5	AUX	NOUN	en	en	false	within
train-s986	5	6	NOUN	CCONJ	en	en	false	boundary
train-s986	6	7	CCONJ	PRON	en	en	false	boundary
train-s986	7	8	PRON	AUX	en	en	false	within
train-s986	8	9	AUX	PART	en	en	false	within
train-s986	9	10	PART	PRON	en	en	false	boundary
train-s986	10	11	PRON	VERB	en	en	false	within
train-s986	11	12	VERB	SCONJ	en	en	false	boundary
train-s986	12	13	SCONJ	PRON	en	hi	true	within
train-s986	13	14	PRON	VERB	hi	hi	false	within
train-s986	14	15	VERB	ADV	hi	hi	false	within
train-s987	1	2	NOUN	ADV	hi	hi	false	within
train-s987	2	3	ADV	ADJ	hi	hi	false	within
train-s987	3	4	ADJ	AUX	hi	hi	false	within
train-s987	4	6	AUX	AUX	hi	en	true	boundary
train-s987	6	7	AUX	VERB	en	en	false	within
train-s987	7	8	VERB	ADP	en	en	false	boundary
train-s987	8	9	ADP	NOUN	en	en	false	within
train-s987	9	10	NOUN	ADP	en	en	false	boundary
train-s987	10	11	ADP	ADJ	en	en	false	within
train-s987	11	12	ADJ	NOUN	en	en	false	within
train-s988	2	3	PRON	PRON	hi	hi	false	within
train-s988	3	4	PRON	ADP	hi	hi	false	within
train-s988	4	6	ADP	PART	hi	hi	false	boundary
train-s988	6	7	PART	VERB	hi	hi	false	within
train-s988	7	9	VERB	PRON	hi	en	true	within
train-s988	9	10	PRON	AUX	en	en	false	within
train-s988	10	11	AUX	ADJ	en	en	false	within
train-s988	11	12	ADJ	NOUN	en	en	false	within
train-s988	12	13	NOUN	ADV	en	en	false	within
train-s989	1	2	NOUN	NOUN	hi	hi	false	within
train-s989	2	3	NOUN	ADP	hi	hi	false	within
train-s989	3	4	ADP	ADJ	hi	en	true	boundary
train-s989	4	5	ADJ	NOUN	en	en	false	within
train-s989	5	6	NOUN	NOUN	en	en	false	within
train-s989	6	7	NOUN	NOUN	en	en	false	within
train-s989	7	8	NOUN	VERB	en	hi	true	within
train-s989	8	9	VERB	AUX	hi	hi	false	within
train-s990	1	2	NOUN	NOUN	hi	hi	false	within
train-s990	2	3	NOUN	ADP	hi	hi	false	within
train-s990	3	4	ADP	ADJ	hi	hi	false	boundary
train-s990	4	5	ADJ	VERB	hi	hi	false	within
train-s990	5	6	VERB	VERB	hi	hi	false	within
train-s990	6	8	VERB	NOUN	hi	en	true	boundary
train-s990	8	9	NOUN	NOUN	en	en	false	within
train-s990	9	10	NOUN	ADP	en	hi	true	within
train-s990	10	11	ADP	ADP	hi	hi	false	within
train-s990	11	12	ADP	SCONJ	hi	hi	false	boundary
train-s990	12	13	SCONJ	ADV	hi	en	true	boundary
train-s990	13	14	ADV	ADJ	en	en	false	within
train-s990	14	15	ADJ	NOUN	en	en	false	within
train-s990	15	16	NOUN	VERB	en	hi	true	within
train-s990	16	17	VERB	AUX	hi	hi	false	within
train-s991	1	2	PRON	VERB	en	en	false	within
train-s991	2	3	VERB	DET	en	hi	true	boundary
train-s991	3	6	DET	ADV	hi	hi	false	boundary
train-s991	6	7	ADV	DET	hi	hi	false	within
train-s991	7	8	DET	NOUN	hi	hi	false	within
train-s991	8	9	NOUN	VERB	hi	hi	false	within
train-s992	1	2	ADJ	NOUN	en	en	false	within
train-s992	2	3	NOUN	PRON	en	hi	true	boundary
train-s992	3	4	PRON	NOUN	hi	en	true	within
train-s992	4	5	NOUN	ADP	en	hi	true	within
train-s992	5	6	ADP	NOUN	hi	en	true	boundary
train-s992	6	7	NOUN	PART	en	hi	true	within
train-s992	7	8	PART	VERB	hi	hi	false	within
train-s992	8	9	VERB	AUX	hi	hi	false	within
train-s992	9	10	AUX	ADP	hi	en	true	boundary
train-s992	10	11	ADP	ADP	en	en	false	within
train-s992	11	12	ADP	DET	en	en	false	boundary
train-s992	12	13	DET	NOUN	en	en	false	within
train-s993	1	2	NOUN	ADP	en	hi	true	within
train-s993	2	3	ADP	ADP	hi	hi	false	within
train-s993	3	4	ADP	NOUN	hi	en	true	boundary
train-s993	4	5	NOUN	NOUN	en	en	false	within
train-s993	5	6	NOUN	VERB	en	hi	true	within
train-s993	6	7	VERB	AUX	hi	hi	false	within
train-s993	7	9	AUX	PRON	hi	hi	false	boundary
train-s993	9	10	PRON	VERB	hi	hi	false	within
train-s994	2	3	ADP	ADP	en	en	false	within
train-s994	3	4	ADP	PRON	en	en	false	boundary
train-s994	4	5	PRON	NOUN	en	hi	true	within
train-s994	5	6	NOUN	PRON	hi	hi	false	within
train-s994	6	7	PRON	ADP	hi	hi	false	within
train-s994	7	8	ADP	NOUN	hi	hi	false	boundary
train-s994	8	10	NOUN	NOUN	hi	hi	false	within
train-s994	10	12	NOUN	NOUN	hi	hi	false	within
train-s994	12	13	NOUN	DET	hi	hi	false	boundary
train-s994	13	14	DET	DET	hi	hi	false	within
train-s994	14	15	DET	NOUN	hi	hi	false	within
train-s994	15	16	NOUN	ADP	hi	hi	false	within
train-s994	16	17	ADP	NOUN	hi	hi	false	boundary
train-s994	17	18	NOUN	AUX	hi	hi	false	within
train-s995	2	3	PRON	VERB	en	en	false	within
train-s995	3	4	VERB	PRON	en	en	false	within
train-s995	4	5	PRON	SCONJ	en	en	false	boundary
train-s995	5	7	SCONJ	VERB	en	hi	true	within
train-s995	7	9	VERB	CCONJ	hi	en	true	boundary
train-s995	9	10	CCONJ	VERB	en	en	false	within
train-s995	10	11	VERB	PRON	en	en	false	within
train-s995	11	12	PRON	SCONJ	en	en	false	boundary
train-s995	12	14	SCONJ	NOUN	en	en	false	within
train-s995	14	15	NOUN	ADP	en	hi	true	within
train-s995	15	16	ADP	NOUN	hi	hi	false	boundary
train-s995	16	17	NOUN	ADV	hi	hi	false	within
train-s995	17	18	ADV	AUX	hi	hi	false	within
train-s995	18	19	AUX	ADV	hi	hi	false	within
train-s995	19	20	ADV	ADP	hi	hi	false	within
train-s996	1	2	PRON	AUX	en	en	false	within
train-s996	2	3	AUX	ADV	en	en	false	within
train-s996	3	4	ADV	NOUN	en	en	false	within
train-s996	4	5	NOUN	ADP	en	en	false	boundary
train-s996	5	6	ADP	NOUN	en	en	false	within
train-s996	6	8	NOUN	CCONJ	en	hi	true	boundary
train-s996	8	9	CCONJ	ADV	hi	hi	false	boundary
train-s996	9	10	ADV	ADV	hi	hi	false	within
train-s996	10	11	ADV	NOUN	hi	hi	false	within
train-s996	11	12	NOUN	VERB	hi	hi	false	within
train-s996	12	13	VERB	PART	hi	hi	false	within
train-s996	13	14	PART	AUX	hi	hi	false	within
train-s996	14	15	AUX	AUX	hi	hi	false	within
train-s996	15	16	AUX	PRON	hi	hi	false	boundary
train-s996	16	17	PRON	VERB	hi	hi	false	within
train-s996	17	18	VERB	NOUN	hi	hi	false	within
train-s996	18	19	NOUN	VERB	hi	hi	false	within
train-s996	19	20	VERB	AUX	hi	hi	false	within
train-s996	20	21	AUX	AUX	hi	hi	false	within
train-s997	1	2	NOUN	VERB	hi	hi	false	within
train-s997	2	3	VERB	AUX	hi	hi	false	within
train-s997	3	4	AUX	AUX	hi	hi	false	within
train-s997	4	5	AUX	SCONJ	hi	hi	false	boundary
train-s997	5	6	SCONJ	NOUN	hi	en	true	boundary
train-s997	6	7	NOUN	NOUN	en	en	false	within
train-s997	7	8	NOUN	NOUN	en	en	false	within
train-s997	8	9	NOUN	VERB	en	hi	true	within
train-s997	9	10	VERB	DET	hi	hi	false	boundary
train-s997	10	11	DET	NOUN	hi	en	true	within
train-s998	2	3	ADP	NOUN	hi	en	true	boundary
train-s998	3	4	NOUN	ADJ	en	en	false	within
train-s998	4	5	ADJ	VERB	en	hi	true	within
train-s998	5	6	VERB	CCONJ	hi	hi	false	boundary
train-s998	6	7	CCONJ	ADV	hi	hi	false	within
train-s998	7	8	ADV	DET	hi	hi	false	boundary
train-s998	8	9	DET	ADJ	hi	en	true	within
train-s998	9	10	ADJ	VERB	en	en	false	within
train-s998	10	11	VERB	AUX	en	hi	true	within
train-s998	11	12	AUX	DET	hi	hi	false	boundary
train-s998	12	13	DET	NOUN	hi	en	true	within
train-s998	13	14	NOUN	VERB	en	hi	true	within
train-s998	14	15	VERB	AUX	hi	hi	false	within
train-s999	1	2	NOUN	ADP	hi	hi	false	within
train-s999	2	3	ADP	NOUN	hi	hi	false	boundary
train-s999	3	4	NOUN	NOUN	hi	en	true	within
train-s999	4	5	NOUN	NOUN	en	en	false	within
train-s999	5	6	NOUN	VERB	en	hi	true	within
train-s1000	2	3	NOUN	AUX	en	en	false	within
train-s1000	3	4	AUX	ADJ	en	en	false	within
train-s1000	4	5	ADJ	ADP	en	en	false	boundary
train-s1000	5	6	ADP	PRON	en	en	false	within
train-s1000	6	7	PRON	NOUN	en	en	false	within
train-s1000	7	8	NOUN	CCONJ	en	en	false	boundary
train-s1000	8	9	CCONJ	PRON	en	en	false	within
train-s1000	9	10	PRON	VERB	en	en	false	within
train-s1000	10	11	VERB	ADV	en	en	false	within
train-s1000	11	12	ADV	SCONJ	en	en	false	boundary
train-s1000	12	13	SCONJ	NOUN	en	hi	true	within
train-s1000	13	14	NOUN	ADP	hi	hi	false	within
train-s1000	14	15	ADP	ADV	hi	hi	false	boundary
train-s1000	15	16	ADV	NOUN	hi	hi	false	within
train-s1000	16	17	NOUN	ADV	hi	hi	false	within
train-s1000	17	18	ADV	VERB	hi	hi	false	within
train-s1000	18	19	VERB	AUX	hi	hi	false	within
train-s1001	2	3	VERB	ADP	en	en	false	within
train-s1001	3	4	ADP	CCONJ	en	en	false	boundary
train-s1001	4	5	CCONJ	ADV	en	hi	true	within
train-s1001	5	6	ADV	ADJ	hi	hi	false	boundary
train-s1001	6	7	ADJ	NOUN	hi	en	true	within
train-s1001	7	8	NOUN	AUX	en	en	false	within
train-s1001	8	9	AUX	ADV	en	en	false	within
train-s1002	4	5	VERB	ADP	en	en	false	boundary
train-s1002	5	6	ADP	DET	en	en	false	within
train-s1002	6	7	DET	NOUN	en	en	false	within
train-s1002	7	8	NOUN	ADP	en	en	false	boundary
train-s1002	8	13	ADP	DET	en	hi	true	boundary
train-s1002	13	14	DET	NOUN	hi	hi	false	within
train-s1002	14	15	NOUN	NOUN	hi	hi	false	within
train-s1002	15	16	NOUN	ADP	hi	hi	false	within
train-s1002	16	17	ADP	ADJ	hi	hi	false	boundary
train-s1002	17	18	ADJ	AUX	hi	hi	false	within
train-s1002	18	19	AUX	AUX	hi	hi	false	within
train-s1003	1	2	NOUN	ADP	hi	hi	false	within
train-s1003	2	3	ADP	NOUN	hi	hi	false	boundary
train-s1003	3	4	NOUN	ADP	hi	en	true	boundary
train-s1003	4	5	ADP	DET	en	en	false	within
train-s1003	5	6	DET	NOUN	en	en	false	within
train-s1003	6	7	NOUN	ADP	en	en	false	boundary
train-s1003	7	8	ADP	DET	en	en	false	within
train-s1003	8	9	DET	ADJ	en	en	false	within
train-s1003	9	10	ADJ	NOUN	en	en	false	within
train-s1004	2	6	ADP	ADJ	hi	en	true	boundary
train-s1004	6	7	ADJ	NOUN	en	en	false	within
train-s1004	7	8	NOUN	ADV	en	en	false	within
train-s1004	8	9	ADV	VERB	en	hi	true	within
train-s1004	9	10	VERB	AUX	hi	hi	false	within
train-s1004	10	11	AUX	AUX	hi	hi	false	within
train-s1004	11	12	AUX	NOUN	hi	hi	false	within
train-s1004	12	13	NOUN	PART	hi	hi	false	within
train-s1005	1	2	VERB	ADP	en	en	false	boundary
train-s1005	2	3	ADP	DET	en	en	false	within
train-s1005	3	4	DET	NOUN	en	hi	true	within
train-s1005	4	5	NOUN	NOUN	hi	hi	false	within
train-s1005	5	6	NOUN	ADP	hi	hi	false	within
train-s1005	6	7	ADP	NOUN	hi	hi	false	boundary
train-s1006	2	3	PRON	VERB	en	en	false	within
train-s1006	3	4	VERB	NUM	en	en	false	boundary
train-s1006	4	5	NUM	NOUN	en	en	false	within
train-s1006	5	6	NOUN	ADJ	en	en	false	within
train-s1006	6	7	ADJ	DET	en	en	false	boundary
train-s1006	7	8	DET	NOUN	en	en	false	within
train-s1006	8	9	NOUN	PRON	en	en	false	within
train-s1006	9	10	PRON	VERB	en	en	false	within
train-s1006	10	12	VERB	NOUN	en	hi	true	boundary
train-s1006	12	13	NOUN	ADP	hi	hi	false	within
train-s1006	13	14	ADP	PART	hi	hi	false	within
train-s1006	14	15	PART	DET	hi	hi	false	boundary
train-s1006	15	16	DET	NOUN	hi	en	true	within
train-s1006	16	17	NOUN	PART	en	hi	true	within
train-s1006	17	18	PART	PART	hi	hi	false	boundary
train-s1006	18	19	PART	VERB	hi	hi	false	within
train-s1007	2	3	DET	NOUN	en	en	false	within
train-s1007	3	4	NOUN	ADP	en	en	false	boundary
train-s1007	4	5	ADP	NOUN	en	en	false	within
train-s1007	5	9	NOUN	AUX	en	en	false	boundary
train-s1007	9	10	AUX	ADV	en	en	false	within
train-s1007	10	11	ADV	VERB	en	en	false	within
train-s1007	11	12	VERB	DET	en	en	false	boundary
train-s1007	12	13	DET	NOUN	en	en	false	within
train-s1007	13	14	NOUN	NOUN	en	en	false	within
train-s1007	14	15	NOUN	SCONJ	en	en	false	boundary
train-s1007	15	16	SCONJ	NOUN	en	hi	true	within
train-s1007	16	18	NOUN	VERB	hi	hi	false	within
train-s1007	18	19	VERB	AUX	hi	hi	false	within
train-s1008	2	4	ADV	DET	en	en	false	within
train-s1008	4	5	DET	NOUN	en	en	false	within
train-s1008	5	6	NOUN	AUX	en	hi	true	within
train-s1008	6	7	AUX	SCONJ	hi	hi	false	boundary
train-s1008	7	9	SCONJ	ADP	hi	hi	false	boundary
train-s1008	9	10	ADP	DET	hi	hi	false	boundary
train-s1008	10	11	DET	NOUN	hi	hi	false	within
train-s1008	11	13	NOUN	NOUN	hi	hi	false	within
train-s1008	13	14	NOUN	ADP	hi	hi	false	within
train-s1008	14	15	ADP	NOUN	hi	en	true	boundary
train-s1008	15	16	NOUN	NOUN	en	en	false	within
train-s1008	16	17	NOUN	ADV	en	hi	true	boundary
train-s1008	17	18	ADV	ADJ	hi	hi	false	within
train-s1008	18	19	ADJ	PART	hi	hi	false	within
train-s1008	19	20	PART	VERB	hi	hi	false	within
train-s1009	1	2	PROPN	NOUN	en	en	false	within
train-s1009	2	3	NOUN	AUX	en	en	false	within
train-s1009	3	4	AUX	VERB	en	en	false	within
train-s1009	4	5	VERB	PROPN	en	en	false	boundary
train-s1009	5	6	PROPN	NOUN	en	en	false	within
train-s1009	6	7	NOUN	ADP	en	en	false	boundary
train-s1009	7	8	ADP	NOUN	en	en	false	within
train-s1009	8	10	NOUN	PRON	en	hi	true	boundary
train-s1009	10	11	PRON	NOUN	hi	hi	false	within
train-s1009	11	12	NOUN	ADP	hi	hi	false	within
train-s1009	12	13	ADP	NOUN	hi	en	true	boundary
train-s1009	13	14	NOUN	ADV	en	hi	true	within
train-s1009	14	15	ADV	VERB	hi	hi	false	within
train-s1009	15	16	VERB	AUX	hi	hi	false	within
train-s1009	16	17	AUX	AUX	hi	hi	false	within
train-s1010	1	2	NOUN	NOUN	en	en	false	within
train-s1010	2	3	NOUN	VERB	en	hi	true	within
train-s1010	3	4	VERB	AUX	hi	hi	false	within
train-s1010	4	5	AUX	AUX	hi	hi	false	within
train-s1010	5	6	AUX	NOUN	hi	hi	false	within
train-s1011	2	3	NOUN	VERB	en	en	false	within
train-s1011	3	4	VERB	ADP	en	en	false	boundary
train-s1011	4	5	ADP	NOUN	en	hi	true	within
train-s1011	5	6	NOUN	ADP	hi	hi	false	within
train-s1012	1	2	PRON	VERB	en	en	false	within
train-s1012	2	3	VERB	PART	en	en	false	boundary
train-s1012	3	4	PART	VERB	en	en	false	within
train-s1012	4	5	VERB	DET	en	en	false	boundary
train-s1012	5	6	DET	NOUN	en	en	false	within
train-s1012	6	7	NOUN	CCONJ	en	en	false	boundary
train-s1012	7	8	CCONJ	NOUN	en	hi	true	within
train-s1012	8	9	NOUN	NOUN	hi	hi	false	within
train-s1012	9	10	NOUN	PART	hi	hi	false	within
train-s1012	10	11	PART	VERB	hi	hi	false	within
train-s1013	3	4	NOUN	PART	en	hi	true	within
train-s1013	4	5	PART	VERB	hi	hi	false	within
train-s1013	5	6	VERB	VERB	hi	hi	false	within
train-s1013	6	7	VERB	AUX	hi	hi	false	within
train-s1013	7	9	AUX	ADP	hi	hi	false	boundary
train-s1013	9	10	ADP	PRON	hi	en	true	boundary
train-s1013	10	11	PRON	VERB	en	en	false	within
train-s1014	1	3	ADV	VERB	en	en	false	within
train-s1014	3	4	VERB	ADP	en	en	false	boundary
train-s1014	4	5	ADP	NOUN	en	en	false	within
train-s1014	5	6	NOUN	ADV	en	hi	true	boundary
train-s1014	6	7	ADV	PRON	hi	hi	false	boundary
train-s1014	7	8	PRON	NOUN	hi	hi	false	boundary
train-s1014	8	9	NOUN	NOUN	hi	hi	false	within
train-s1014	9	10	NOUN	PART	hi	hi	false	boundary
train-s1014	10	11	PART	PART	hi	hi	false	within
train-s1014	11	12	PART	VERB	hi	hi	false	within
train-s1015	1	2	DET	NOUN	hi	en	true	within
train-s1015	2	3	NOUN	NOUN	en	en	false	within
train-s1015	3	4	NOUN	VERB	en	hi	true	within
train-s1015	4	5	VERB	AUX	hi	hi	false	within
train-s1015	5	7	AUX	ADP	hi	hi	false	boundary
train-s1015	7	9	ADP	PRON	hi	en	true	boundary
train-s1015	9	10	PRON	AUX	en	en	false	within
train-s1015	10	11	AUX	ADV	en	en	false	within
train-s1015	11	13	ADV	ADV	en	en	false	within
train-s1016	1	2	ADJ	NOUN	en	en	false	within
train-s1016	2	3	NOUN	ADJ	en	en	false	boundary
train-s1016	3	4	ADJ	NOUN	en	en	false	within
train-s1016	4	5	NOUN	VERB	en	hi	true	boundary
train-s1016	5	6	VERB	SCONJ	hi	hi	false	within
train-s1016	6	7	SCONJ	NOUN	hi	hi	false	boundary
train-s1016	7	8	NOUN	ADV	hi	en	true	within
train-s1016	8	9	ADV	AUX	en	en	false	within
train-s1016	9	10	AUX	PRON	en	en	false	within
train-s1016	10	11	PRON	VERB	en	en	false	within
train-s1016	11	12	VERB	DET	en	en	false	boundary
train-s1016	12	13	DET	ADJ	en	en	false	within
train-s1016	13	14	ADJ	NOUN	en	en	false	within
train-s1017	1	2	PRON	AUX	en	en	false	within
train-s1017	2	3	AUX	VERB	en	en	false	within
train-s1017	3	4	VERB	ADP	en	en	false	boundary
train-s1017	4	5	ADP	DET	en	en	false	within
train-s1017	5	6	DET	NOUN	en	en	false	within
train-s1017	6	8	NOUN	ADV	en	hi	true	boundary
train-s1017	8	9	ADV	PRON	hi	hi	false	within
train-s1017	9	10	PRON	ADJ	hi	hi	false	within
train-s1017	10	11	ADJ	PART	hi	hi	false	within
train-s1017	11	12	PART	VERB	hi	hi	false	within
train-s1017	12	13	VERB	AUX	hi	hi	false	within
train-s1017	13	14	AUX	AUX	hi	hi	false	within
train-s1018	1	2	NOUN	NOUN	en	en	false	within
train-s1018	2	3	NOUN	ADP	en	hi	true	within
train-s1018	3	4	ADP	NOUN	hi	hi	false	boundary
train-s1018	4	5	NOUN	ADP	hi	hi	false	within
train-s1018	5	6	ADP	NOUN	hi	en	true	boundary
train-s1018	6	7	NOUN	PART	en	hi	true	within
train-s1018	7	8	PART	ADJ	hi	hi	false	boundary
train-s1018	8	9	ADJ	VERB	hi	hi	false	within
train-s1018	9	10	VERB	AUX	hi	hi	false	within
train-s1019	2	3	NOUN	VERB	en	en	false	within
train-s1019	3	4	VERB	CCONJ	en	en	false	boundary
train-s1019	4	5	CCONJ	PRON	en	en	false	within
train-s1019	5	6	PRON	AUX	en	en	false	within
train-s1019	6	7	AUX	ADV	en	en	false	within
train-s1019	7	8	ADV	VERB	en	en	false	within
train-s1019	8	9	VERB	ADP	en	en	false	boundary
train-s1019	9	10	ADP	DET	en	en	false	within
train-s1019	10	11	DET	NOUN	en	en	false	within
train-s1019	11	12	NOUN	SCONJ	en	en	false	boundary
train-s1019	12	14	SCONJ	ADJ	en	hi	true	boundary
train-s1019	14	15	ADJ	NOUN	hi	hi	false	within
train-s1019	15	16	NOUN	VERB	hi	hi	false	within
train-s1019	16	17	VERB	AUX	hi	hi	false	within
train-s1019	17	18	AUX	AUX	hi	hi	false	within
train-s1020	2	3	VERB	ADJ	en	en	false	within
train-s1020	3	5	ADJ	SCONJ	en	hi	true	within
train-s1020	5	6	SCONJ	NOUN	hi	en	true	boundary
train-s1020	6	7	NOUN	PART	en	hi	true	within
train-s1020	7	8	PART	PRON	hi	hi	false	boundary
train-s1020	8	9	PRON	NOUN	hi	en	true	within
train-s1020	9	10	NOUN	VERB	en	hi	true	within
train-s1020	10	11	VERB	AUX	hi	hi	false	within
train-s1020	11	12	AUX	PRON	hi	hi	false	boundary
train-s1020	12	13	PRON	PRON	hi	hi	false	within
train-s1020	13	14	PRON	ADP	hi	hi	false	within
train-s1020	14	15	ADP	NOUN	hi	en	true	boundary
train-s1020	15	16	NOUN	VERB	en	hi	true	within
train-s1020	16	17	VERB	AUX	hi	hi	false	within
train-s1020	17	18	AUX	AUX	hi	hi	false	within
train-s1021	1	2	PRON	AUX	en	en	false	within
train-s1021	2	3	AUX	ADJ	en	en	false	within
train-s1021	3	4	ADJ	ADP	en	en	false	boundary
train-s1021	4	5	ADP	DET	en	en	false	boundary
train-s1021	5	6	DET	NOUN	en	en	false	within
train-s1021	6	7	NOUN	CCONJ	en	en	false	boundary
train-s1021	7	8	CCONJ	NOUN	en	hi	true	within
train-s1021	8	9	NOUN	ADP	hi	hi	false	within
train-s1021	9	10	ADP	NOUN	hi	en	true	boundary
train-s1022	2	4	ADV	AUX	en	en	false	within
train-s1022	4	5	AUX	VERB	en	en	false	within
train-s1022	5	6	VERB	PRON	en	en	false	within
train-s1022	6	7	PRON	VERB	en	en	false	within
train-s1022	7	9	VERB	PROPN	en	en	false	within
train-s1022	9	10	PROPN	AUX	en	hi	true	within
train-s1022	10	11	AUX	PART	hi	hi	false	within
train-s1022	11	13	PART	CCONJ	hi	en	true	boundary
train-s1022	13	14	CCONJ	NOUN	en	hi	true	within
train-s1022	14	15	NOUN	VERB	hi	hi	false	within
train-s1022	15	16	VERB	NOUN	hi	en	true	boundary
train-s1022	16	17	NOUN	ADP	en	hi	true	within
train-s1022	17	18	ADP	NOUN	hi	en	true	boundary
train-s1022	18	19	NOUN	AUX	en	hi	true	within
train-s1023	1	2	PRON	NOUN	en	en	false	within
train-s1023	2	3	NOUN	AUX	en	en	false	within
train-s1023	3	4	AUX	PRON	en	hi	true	within
train-s1023	4	5	PRON	ADP	hi	hi	false	within
train-s1023	5	6	ADP	PART	hi	hi	false	within
train-s1023	6	7	PART	PRON	hi	hi	false	boundary
train-s1023	7	8	PRON	ADP	hi	hi	false	within
train-s1023	8	9	ADP	NOUN	hi	en	true	boundary
train-s1023	9	10	NOUN	PART	en	hi	true	within
train-s1023	10	11	PART	VERB	hi	hi	false	within
train-s1023	11	12	VERB	NOUN	hi	hi	false	within
train-s1023	12	13	NOUN	ADP	hi	hi	false	within
train-s1024	1	2	NOUN	ADP	en	en	false	boundary
train-s1024	2	3	ADP	NOUN	en	en	false	within
train-s1024	3	4	NOUN	ADP	en	en	false	boundary
train-s1024	4	6	ADP	CCONJ	en	en	false	boundary
train-s1024	6	9	CCONJ	PART	en	en	false	boundary
train-s1024	9	10	PART	ADJ	en	hi	true	boundary
train-s1024	10	11	ADJ	NOUN	hi	hi	false	within
train-s1024	11	12	NOUN	AUX	hi	en	true	boundary
train-s1024	12	13	AUX	ADJ	en	en	false	within
train-s1024	13	15	ADJ	ADV	en	hi	true	boundary
train-s1024	15	16	ADV	VERB	hi	hi	false	within
train-s1024	16	17	VERB	AUX	hi	hi	false	within
train-s1024	17	18	AUX	AUX	hi	hi	false	within
train-s1024	18	19	AUX	AUX	hi	hi	false	within
train-s1024	19	20	AUX	AUX	hi	hi	false	within
train-s1025	1	2	ADV	VERB	hi	en	true	within
train-s1025	2	3	VERB	SCONJ	en	hi	true	boundary
train-s1025	3	4	SCONJ	NOUN	hi	en	true	within
train-s1025	4	5	NOUN	ADP	en	hi	true	within
train-s1025	5	6	ADP	ADJ	hi	en	true	boundary
train-s1025	6	7	ADJ	NOUN	en	en	false	within
train-s1025	7	8	NOUN	ADP	en	hi	true	within
train-s1025	8	10	ADP	CCONJ	hi	hi	false	boundary
train-s1025	10	12	CCONJ	ADP	hi	hi	false	boundary
train-s1025	12	13	ADP	VERB	hi	hi	false	boundary
train-s1026	1	2	VERB	NOUN	hi	hi	false	within
train-s1026	2	4	NOUN	ADP	hi	hi	false	boundary
train-s1026	4	5	ADP	VERB	hi	hi	false	boundary
train-s1026	5	6	VERB	NOUN	hi	en	true	within
train-s1026	6	7	NOUN	VERB	en	hi	true	within
train-s1026	7	8	VERB	AUX	hi	hi	false	within
train-s1026	8	9	AUX	CCONJ	hi	hi	false	boundary
train-s1026	9	10	CCONJ	ADV	hi	en	true	within
train-s1026	10	11	ADV	VERB	en	en	false	within
train-s1026	11	12	VERB	VERB	en	en	false	within
train-s1027	2	3	ADV	NOUN	en	en	false	within
train-s1027	3	4	NOUN	VERB	en	en	false	within
train-s1027	4	5	VERB	ADP	en	en	false	boundary
train-s1027	5	6	ADP	PRON	en	en	false	within
train-s1027	6	8	PRON	PRON	en	hi	true	boundary
train-s1027	8	9	PRON	VERB	hi	hi	false	within
train-s1027	9	10	VERB	AUX	hi	hi	false	within
train-s1027	10	11	AUX	AUX	hi	hi	false	within
train-s1027	11	13	AUX	PRON	hi	en	true	boundary
train-s1027	13	14	PRON	AUX	en	en	false	within
train-s1027	14	15	AUX	ADV	en	en	false	within
train-s1028	1	2	PROPN	VERB	hi	hi	false	within
train-s1028	2	3	VERB	PRON	hi	hi	false	boundary
train-s1028	3	4	PRON	NOUN	hi	en	true	within
train-s1028	4	5	NOUN	ADP	en	hi	true	within
train-s1028	5	7	ADP	ADP	hi	hi	false	boundary
train-s1028	7	8	ADP	NOUN	hi	hi	false	boundary
train-s1028	8	9	NOUN	VERB	hi	hi	false	within
train-s1028	9	10	VERB	AUX	hi	hi	false	within
train-s1028	10	11	AUX	CCONJ	hi	en	true	boundary
train-s1028	11	12	CCONJ	AUX	en	en	false	within
train-s1028	12	13	AUX	PRON	en	en	false	within
train-s1028	13	14	PRON	VERB	en	en	false	within
train-s1028	14	15	VERB	NOUN	en	en	false	within
train-s1029	1	3	SCONJ	NOUN	en	en	false	within
train-s1029	3	4	NOUN	VERB	en	hi	true	within
train-s1029	4	5	VERB	AUX	hi	hi	false	within
train-s1029	5	6	AUX	AUX	hi	hi	false	within
train-s1029	6	7	AUX	CCONJ	hi	en	true	boundary
train-s1029	7	8	CCONJ	DET	en	en	false	boundary
train-s1029	8	9	DET	ADJ	en	en	false	within
train-s1029	9	10	ADJ	NOUN	en	en	false	within
train-s1029	10	11	NOUN	VERB	en	en	false	within
train-s1029	11	12	VERB	VERB	en	en	false	within
train-s1029	12	13	VERB	ADP	en	en	false	boundary
train-s1029	13	14	ADP	DET	en	en	false	within
train-s1029	14	15	DET	NOUN	en	en	false	within
train-s1030	1	2	AUX	NOUN	en	en	false	within
train-s1030	2	3	NOUN	VERB	en	en	false	within
train-s1030	3	4	VERB	PRON	en	en	false	within
train-s1030	4	5	PRON	ADP	en	en	false	boundary
train-s1030	5	7	ADP	ADP	en	hi	true	boundary
train-s1030	7	8	ADP	ADJ	hi	en	true	boundary
train-s1030	8	9	ADJ	NOUN	en	hi	true	within
train-s1030	9	10	NOUN	ADV	hi	en	true	within
train-s1031	2	3	ADV	ADV	en	en	false	within
train-s1031	3	4	ADV	PRON	en	en	false	within
train-s1031	4	5	PRON	VERB	en	en	false	within
train-s1031	5	6	VERB	ADJ	en	en	false	boundary
train-s1031	6	7	ADJ	NOUN	en	en	false	within
train-s1031	7	8	NOUN	PRON	en	en	false	boundary
train-s1031	8	9	PRON	VERB	en	en	false	within
train-s1031	9	10	VERB	SCONJ	en	en	false	boundary
train-s1031	10	12	SCONJ	PRON	en	hi	true	within
train-s1031	12	13	PRON	ADV	hi	hi	false	within
train-s1031	13	14	ADV	VERB	hi	hi	false	within
train-s1031	14	15	VERB	PRON	hi	hi	false	boundary
train-s1031	15	16	PRON	NOUN	hi	en	true	boundary
train-s1031	16	17	NOUN	NOUN	en	en	false	within
train-s1031	17	18	NOUN	VERB	en	hi	true	within
train-s1031	18	19	VERB	AUX	hi	hi	false	within
train-s1031	19	20	AUX	VERB	hi	hi	false	boundary
train-s1032	2	3	CCONJ	ADV	en	en	false	within
train-s1032	3	4	ADV	AUX	en	en	false	within
train-s1032	4	5	AUX	PRON	en	en	false	within
train-s1032	5	6	PRON	PART	en	en	false	within
train-s1032	6	8	PART	NOUN	en	hi	true	boundary
train-s1032	8	9	NOUN	ADP	hi	hi	false	within
train-s1032	9	10	ADP	ADP	hi	hi	false	within
train-s1032	10	11	ADP	ADV	hi	hi	false	boundary
train-s1032	11	12	ADV	VERB	hi	hi	false	within
train-s1032	12	13	VERB	AUX	hi	hi	false	within
train-s1032	13	14	AUX	AUX	hi	hi	false	within
train-s1033	1	2	NOUN	NOUN	en	en	false	within
train-s1033	2	3	NOUN	PART	en	hi	true	within
train-s1033	3	4	PART	DET	hi	hi	false	boundary
train-s1033	4	5	DET	NOUN	hi	hi	false	within
train-s1033	5	6	NOUN	ADP	hi	hi	false	within
train-s1033	6	7	ADP	ADJ	hi	hi	false	boundary
train-s1033	7	8	ADJ	NOUN	hi	hi	false	within
train-s1033	8	9	NOUN	AUX	hi	hi	false	within
train-s1034	1	2	ADJ	NOUN	en	en	false	within
train-s1034	2	3	NOUN	NOUN	en	en	false	within
train-s1034	3	4	NOUN	VERB	en	hi	true	within
train-s1034	4	5	VERB	AUX	hi	hi	false	within
train-s1035	1	2	PART	SCONJ	en	en	false	within
train-s1035	2	3	SCONJ	PRON	en	en	false	within
train-s1035	3	4	PRON	AUX	en	en	false	within
train-s1035	4	5	AUX	ADJ	en	en	false	within
train-s1035	5	7	ADJ	NOUN	en	hi	true	boundary
train-s1035	7	8	NOUN	PART	hi	hi	false	within
train-s1035	8	9	PART	DET	hi	hi	false	boundary
train-s1035	9	10	DET	NOUN	hi	hi	false	within
train-s1035	10	11	NOUN	AUX	hi	hi	false	within
train-s1035	11	12	AUX	AUX	hi	hi	false	within
train-s1036	1	2	PRON	VERB	hi	hi	false	within
train-s1036	2	3	VERB	AUX	hi	hi	false	within
train-s1036	3	4	AUX	VERB	hi	en	true	boundary
train-s1036	4	7	VERB	CCONJ	en	en	false	boundary
train-s1036	7	8	CCONJ	PRON	en	en	false	within
train-s1036	8	9	PRON	AUX	en	en	false	within
train-s1036	9	10	AUX	VERB	en	en	false	within
train-s1036	10	11	VERB	PRON	en	en	false	within
train-s1036	11	12	PRON	PRON	en	en	false	boundary
train-s1036	12	13	PRON	AUX	en	en	false	within
train-s1036	13	14	AUX	VERB	en	en	false	within
train-s1036	14	15	VERB	PRON	en	en	false	within
train-s1037	1	2	NOUN	ADV	hi	hi	false	within
train-s1037	2	3	ADV	VERB	hi	hi	false	within
train-s1037	3	4	VERB	AUX	hi	hi	false	within
train-s1037	4	5	AUX	AUX	hi	hi	false	within
train-s1037	5	7	AUX	ADP	hi	hi	false	boundary
train-s1037	7	8	ADP	NOUN	hi	en	true	boundary
train-s1037	8	10	NOUN	AUX	en	en	false	boundary
train-s1037	10	11	AUX	ADV	en	en	false	within
train-s1037	11	12	ADV	ADP	en	en	false	boundary
train-s1037	12	13	ADP	ADJ	en	en	false	within
train-s1037	13	14	ADJ	NOUN	en	en	false	within
train-s1037	14	15	NOUN	ADP	en	en	false	boundary
train-s1037	15	16	ADP	DET	en	en	false	within
train-s1037	16	17	DET	NOUN	en	en	false	within
train-s1038	2	3	PART	NOUN	hi	hi	false	within
train-s1038	3	4	NOUN	ADV	hi	hi	false	within
train-s1038	4	5	ADV	ADV	hi	hi	false	within
train-s1038	5	6	ADV	PART	hi	hi	false	within
train-s1038	6	7	PART	VERB	hi	hi	false	within
train-s1038	7	9	VERB	AUX	hi	en	true	within
train-s1038	9	10	AUX	AUX	en	en	false	within
train-s1038	10	11	AUX	AUX	en	en	false	within
train-s1038	11	12	AUX	DET	en	en	false	within
train-s1038	12	13	DET	ADJ	en	en	false	within
train-s1038	13	14	ADJ	NOUN	en	en	false	within
train-s1038	14	15	NOUN	PART	en	en	false	boundary
train-s1038	15	16	PART	VERB	en	en	false	within
train-s1038	16	17	VERB	DET	en	en	false	boundary
train-s1038	17	18	DET	NOUN	en	en	false	within
train-s1039	1	2	PRON	VERB	en	en	false	within
train-s1039	2	3	VERB	PRON	en	en	false	boundary
train-s1039	3	4	PRON	AUX	en	en	false	within
train-s1039	4	5	AUX	PART	en	en	false	within
train-s1039	5	6	PART	NOUN	en	en	false	within
train-s1039	6	7	NOUN	VERB	en	en	false	within
train-s1039	7	8	VERB	ADP	en	en	false	boundary
train-s1039	8	10	ADP	ADP	en	en	false	boundary
train-s1039	10	11	ADP	PRON	en	en	false	within
train-s1039	11	12	PRON	PRON	en	en	false	within
train-s1039	12	13	PRON	AUX	en	en	false	within
train-s1039	13	14	AUX	PART	en	en	false	within
train-s1039	14	15	PART	VERB	en	en	false	within
train-s1039	15	16	VERB	PRON	en	hi	true	boundary
train-s1039	16	17	PRON	NOUN	hi	en	true	within
train-s1039	17	18	NOUN	ADP	en	hi	true	within
train-s1039	18	19	ADP	NOUN	hi	hi	false	boundary
train-s1039	19	20	NOUN	AUX	hi	hi	false	within
train-s1040	1	2	ADV	NOUN	en	en	false	within
train-s1040	2	3	NOUN	VERB	en	en	false	within
train-s1040	3	4	VERB	PRON	en	en	false	within
train-s1040	4	5	PRON	NOUN	en	en	false	within
train-s1040	5	7	NOUN	VERB	en	en	false	boundary
train-s1040	7	8	VERB	DET	en	en	false	boundary
train-s1040	8	9	DET	NOUN	en	en	false	within
train-s1040	9	11	NOUN	SCONJ	en	en	false	boundary
train-s1040	11	13	SCONJ	NOUN	en	en	false	within
train-s1040	13	14	NOUN	ADP	en	hi	true	within
train-s1040	14	15	ADP	AUX	hi	hi	false	within
train-s1040	15	17	AUX	NOUN	hi	hi	false	boundary
train-s1040	17	18	NOUN	ADP	hi	hi	false	within
train-s1040	18	19	ADP	NOUN	hi	hi	false	boundary
train-s1041	1	2	NOUN	PRON	en	en	false	within
train-s1041	2	3	PRON	VERB	en	en	false	within
train-s1041	3	4	VERB	DET	en	en	false	boundary
train-s1041	4	5	DET	DET	en	en	false	within
train-s1041	5	6	DET	NOUN	en	en	false	within
train-s1041	6	7	NOUN	NOUN	en	en	false	within
train-s1041	7	8	NOUN	NOUN	en	en	false	within
train-s1041	8	9	NOUN	ADV	en	hi	true	boundary
train-s1041	9	10	ADV	ADJ	hi	hi	false	boundary
train-s1041	10	11	ADJ	NOUN	hi	en	true	within
train-s1041	11	12	NOUN	VERB	en	hi	true	within
train-s1041	12	13	VERB	AUX	hi	hi	false	within
train-s1042	2	3	NOUN	AUX	en	en	false	within
train-s1042	3	4	AUX	VERB	en	en	false	within
train-s1042	4	5	VERB	NOUN	en	en	false	within
train-s1042	5	6	NOUN	CCONJ	en	en	false	boundary
train-s1042	6	7	CCONJ	PRON	en	en	false	within
train-s1042	7	8	PRON	VERB	en	en	false	within
train-s1042	8	9	VERB	SCONJ	en	en	false	boundary
train-s1042	9	12	SCONJ	NOUN	en	hi	true	within
train-s1042	12	13	NOUN	NOUN	hi	hi	false	within
train-s1042	13	14	NOUN	ADJ	hi	hi	false	within
train-s1042	14	15	ADJ	AUX	hi	hi	false	within
train-s1043	1	2	VERB	AUX	hi	hi	false	within
train-s1043	2	3	AUX	NOUN	hi	hi	false	boundary
train-s1043	3	4	NOUN	NOUN	hi	hi	false	boundary
train-s1043	4	5	NOUN	PRON	hi	en	true	boundary
train-s1043	5	6	PRON	NOUN	en	en	false	within
train-s1043	6	7	NOUN	ADP	en	hi	true	within
train-s1043	7	8	ADP	NOUN	hi	en	true	boundary
train-s1043	8	9	NOUN	AUX	en	hi	true	within
train-s1044	1	2	NOUN	ADP	hi	hi	false	within
train-s1044	2	3	ADP	ADJ	hi	hi	false	boundary
train-s1044	3	4	ADJ	NOUN	hi	hi	false	within
train-s1044	4	5	NOUN	NOUN	hi	en	true	within
train-s1044	5	6	NOUN	ADP	en	hi	true	within
train-s1044	6	7	ADP	ADJ	hi	en	true	boundary
train-s1044	7	8	ADJ	NOUN	en	en	false	within
train-s1044	8	9	NOUN	VERB	en	hi	true	within
train-s1044	9	10	VERB	NOUN	hi	hi	false	within
train-s1045	1	2	PRON	VERB	en	en	false	within
train-s1045	2	3	VERB	DET	en	en	false	boundary
train-s1045	3	4	DET	NOUN	en	en	false	within
train-s1045	4	5	NOUN	ADP	en	en	false	boundary
train-s1045	5	7	ADP	CCONJ	en	en	false	boundary
train-s1045	7	8	CCONJ	ADJ	en	hi	true	boundary
train-s1045	8	9	ADJ	NOUN	hi	hi	false	within
train-s1045	9	10	NOUN	VERB	hi	hi	false	within
train-s1045	10	11	VERB	AUX	hi	hi	false	within
train-s1046	1	2	PRON	VERB	hi	hi	false	within
train-s1046	2	3	VERB	CCONJ	hi	hi	false	boundary
train-s1046	3	4	CCONJ	PART	hi	hi	false	within
train-s1046	4	5	PART	PART	hi	en	true	boundary
train-s1046	5	6	PART	PRON	en	en	false	within
train-s1046	6	7	PRON	VERB	en	en	false	within
train-s1047	1	2	PRON	AUX	en	en	false	within
train-s1047	2	3	AUX	ADV	en	en	false	within
train-s1047	3	4	ADV	ADP	en	en	false	within
train-s1047	4	6	ADP	NOUN	en	en	false	boundary
train-s1047	6	7	NOUN	ADP	en	hi	true	within
train-s1047	7	8	ADP	ADJ	hi	hi	false	boundary
train-s1047	8	9	ADJ	ADJ	hi	hi	false	within
train-s1047	9	10	ADJ	NOUN	hi	hi	false	within
train-s1048	1	2	DET	NOUN	en	en	false	within
train-s1048	2	4	NOUN	NOUN	en	en	false	within
train-s1048	4	5	NOUN	VERB	en	hi	true	within
train-s1048	5	6	VERB	AUX	hi	hi	false	within
train-s1048	6	7	AUX	CCONJ	hi	hi	false	boundary
train-s1048	7	10	CCONJ	ADJ	hi	hi	false	boundary
train-s1048	10	11	ADJ	NOUN	hi	en	true	within
train-s1048	11	12	NOUN	ADP	en	hi	true	within
train-s1048	12	13	ADP	VERB	hi	hi	false	boundary
train-s1048	13	14	VERB	AUX	hi	hi	false	within
train-s1048	14	15	AUX	NUM	hi	hi	false	boundary
train-s1048	15	16	NUM	PART	hi	hi	false	within
train-s1048	16	17	PART	NOUN	hi	hi	false	boundary
train-s1048	17	18	NOUN	AUX	hi	hi	false	within
train-s1049	1	2	DET	PRON	en	en	false	within
train-s1049	2	3	PRON	VERB	en	en	false	within
train-s1049	3	4	VERB	DET	en	en	false	boundary
train-s1049	4	5	DET	NUM	en	en	false	within
train-s1049	5	6	NUM	NOUN	en	en	false	within
train-s1049	6	7	NOUN	NOUN	en	en	false	within
train-s1049	7	9	NOUN	PRON	en	hi	true	boundary
train-s1049	9	10	PRON	VERB	hi	hi	false	within
train-s1049	10	11	VERB	PART	hi	hi	false	within
train-s1049	11	12	PART	AUX	hi	hi	false	within
train-s1049	12	13	AUX	AUX	hi	hi	false	within
train-s1049	13	14	AUX	CCONJ	hi	hi	false	boundary
train-s1049	14	15	CCONJ	PRON	hi	hi	false	within
train-s1049	15	16	PRON	VERB	hi	hi	false	within
train-s1049	16	17	VERB	AUX	hi	hi	false	within
train-s1049	17	18	AUX	NOUN	hi	hi	false	boundary
train-s1049	18	19	NOUN	PART	hi	hi	false	within
train-s1049	19	20	PART	VERB	hi	hi	false	within
train-s1049	20	21	VERB	AUX	hi	hi	false	within
train-s1050	2	3	ADJ	ADJ	hi	hi	false	within
train-s1050	3	4	ADJ	NOUN	hi	hi	false	within
train-s1050	4	5	NOUN	VERB	hi	hi	false	within
train-s1050	5	6	VERB	AUX	hi	hi	false	within
train-s1050	6	7	AUX	AUX	hi	hi	false	within
train-s1050	7	8	AUX	AUX	hi	hi	false	within
train-s1050	8	9	AUX	CCONJ	hi	hi	false	boundary
train-s1050	9	10	CCONJ	VERB	hi	hi	false	within
train-s1050	10	11	VERB	AUX	hi	hi	false	within
train-s1050	11	13	AUX	NOUN	hi	hi	false	boundary
train-s1050	13	14	NOUN	PRON	hi	en	true	within
train-s1050	14	15	PRON	AUX	en	en	false	within
train-s1050	15	16	AUX	NOUN	en	en	false	within
train-s1051	3	4	NOUN	AUX	en	en	false	within
train-s1051	4	5	AUX	ADV	en	en	false	within
train-s1051	5	6	ADV	VERB	en	en	false	within
train-s1051	6	7	VERB	DET	en	en	false	boundary
train-s1051	7	8	DET	NOUN	en	en	false	within
train-s1051	8	9	NOUN	PROPN	en	en	false	within
train-s1051	9	10	PROPN	NOUN	en	en	false	within
train-s1051	10	12	NOUN	NOUN	en	hi	true	boundary
train-s1051	12	13	NOUN	NOUN	hi	en	true	within
train-s1051	13	14	NOUN	VERB	en	hi	true	within
train-s1051	14	15	VERB	SCONJ	hi	hi	false	boundary
train-s1051	15	16	SCONJ	ADV	hi	en	true	within
train-s1051	16	17	ADV	VERB	en	hi	true	within
train-s1051	17	18	VERB	AUX	hi	hi	false	within
train-s1052	2	3	NOUN	ADP	en	hi	true	within
train-s1052	3	5	ADP	PRON	hi	hi	false	boundary
train-s1052	5	6	PRON	PART	hi	hi	false	within
train-s1052	6	7	PART	VERB	hi	hi	false	boundary
train-s1052	7	8	VERB	AUX	hi	hi	false	within
train-s1052	8	9	AUX	AUX	hi	hi	false	within
train-s1052	9	11	AUX	SCONJ	hi	en	true	boundary
train-s1052	11	12	SCONJ	ADV	en	en	false	within
train-s1052	12	13	ADV	AUX	en	en	false	within
train-s1052	13	14	AUX	ADJ	en	en	false	within
train-s1053	2	3	SCONJ	PRON	en	en	false	within
train-s1053	3	4	PRON	ADV	en	en	false	within
train-s1053	4	5	ADV	VERB	en	en	false	within
train-s1053	5	6	VERB	PART	en	en	false	boundary
train-s1053	6	7	PART	AUX	en	en	false	within
train-s1053	7	8	AUX	NOUN	en	hi	true	within
train-s1053	8	9	NOUN	ADP	hi	hi	false	within
train-s1053	9	10	ADP	ADJ	hi	en	true	boundary
train-s1054	1	2	PROPN	PART	hi	hi	false	within
train-s1054	2	3	PART	INTJ	hi	en	true	boundary
train-s1054	3	4	INTJ	PRON	en	hi	true	within
train-s1054	4	5	PRON	NOUN	hi	en	true	boundary
train-s1054	5	6	NOUN	NOUN	en	en	false	within
train-s1054	6	7	NOUN	VERB	en	hi	true	within
train-s1054	7	8	VERB	SCONJ	hi	hi	false	within
train-s1054	8	9	SCONJ	NOUN	hi	hi	false	boundary
train-s1054	9	10	NOUN	ADJ	hi	hi	false	within
train-s1054	10	11	ADJ	VERB	hi	hi	false	within
train-s1055	1	2	NOUN	ADP	en	hi	true	within
train-s1055	2	3	ADP	ADJ	hi	en	true	boundary
train-s1055	3	4	ADJ	NOUN	en	en	false	within
train-s1055	4	5	NOUN	ADP	en	hi	true	within
train-s1055	5	6	ADP	ADV	hi	hi	false	boundary
train-s1055	6	7	ADV	NOUN	hi	en	true	within
train-s1055	7	8	NOUN	NOUN	en	en	false	within
train-s1055	8	9	NOUN	PART	en	hi	true	within
train-s1055	9	10	PART	VERB	hi	hi	false	within
train-s1055	10	11	VERB	NOUN	hi	hi	false	within
train-s1055	11	13	NOUN	PRON	hi	hi	false	boundary
train-s1055	13	14	PRON	NOUN	hi	en	true	within
train-s1055	14	15	NOUN	VERB	en	hi	true	within
train-s1055	15	16	VERB	AUX	hi	hi	false	within
train-s1055	16	17	AUX	PRON	hi	hi	false	boundary
train-s1055	17	18	PRON	NOUN	hi	en	true	within
train-s1055	18	19	NOUN	AUX	en	hi	true	within
train-s1055	19	20	AUX	AUX	hi	hi	false	within
train-s1056	1	2	NOUN	PRON	en	hi	true	within
train-s1056	2	3	PRON	NOUN	hi	en	true	within
train-s1056	3	4	NOUN	ADP	en	hi	true	within
train-s1056	4	5	ADP	AUX	hi	hi	false	within
train-s1056	5	6	AUX	SCONJ	hi	en	true	boundary
train-s1056	6	7	SCONJ	AUX	en	en	false	within
train-s1056	7	8	AUX	VERB	en	en	false	within
train-s1056	8	9	VERB	ADJ	en	hi	true	within
train-s1057	1	2	ADV	VERB	en	en	false	within
train-s1057	2	4	VERB	ADP	en	hi	true	boundary
train-s1057	4	7	ADP	ADP	hi	hi	false	boundary
train-s1057	7	8	ADP	NOUN	hi	hi	false	boundary
train-s1057	8	9	NOUN	VERB	hi	hi	false	within
train-s1057	9	10	VERB	ADV	hi	en	true	boundary
train-s1057	10	11	ADV	PRON	en	en	false	within
train-s1057	11	12	PRON	VERB	en	en	false	within
train-s1057	12	15	VERB	PART	en	en	false	boundary
train-s1057	15	16	PART	NOUN	en	en	false	boundary
train-s1057	16	17	NOUN	ADP	en	en	false	boundary
train-s1057	17	18	ADP	NOUN	en	en	false	within
train-s1058	1	2	NOUN	PART	hi	hi	false	within
train-s1058	2	3	PART	NOUN	hi	en	true	boundary
train-s1058	3	4	NOUN	ADV	en	en	false	within
train-s1058	4	5	ADV	VERB	en	hi	true	within
train-s1058	5	6	VERB	AUX	hi	hi	false	within
train-s1058	6	7	AUX	PROPN	hi	hi	false	boundary
train-s1058	7	8	PROPN	NOUN	hi	en	true	within
train-s1058	8	9	NOUN	ADP	en	hi	true	within
train-s1059	1	2	VERB	NOUN	en	en	false	within
train-s1059	2	3	NOUN	CCONJ	en	hi	true	boundary
train-s1059	3	4	CCONJ	VERB	hi	hi	false	within
train-s1059	4	5	VERB	PART	hi	hi	false	within
train-s1059	5	6	PART	AUX	hi	hi	false	within
train-s1059	6	7	AUX	AUX	hi	hi	false	within
train-s1060	1	2	PRON	NOUN	hi	en	true	boundary
train-s1060	2	3	NOUN	ADP	en	hi	true	within
train-s1060	3	4	ADP	NOUN	hi	en	true	boundary
train-s1060	4	5	NOUN	VERB	en	hi	true	within
train-s1060	5	6	VERB	AUX	hi	hi	false	within
train-s1060	6	7	AUX	AUX	hi	hi	false	within
train-s1060	7	8	AUX	CCONJ	hi	hi	false	boundary
train-s1060	8	9	CCONJ	NOUN	hi	hi	false	within
train-s1060	9	10	NOUN	ADP	hi	hi	false	within
train-s1060	10	11	ADP	NOUN	hi	hi	false	boundary
train-s1060	11	12	NOUN	ADP	hi	hi	false	within
train-s1060	12	13	ADP	NOUN	hi	en	true	boundary
train-s1060	13	14	NOUN	VERB	en	hi	true	within
train-s1060	14	15	VERB	AUX	hi	hi	false	within
train-s1060	15	16	AUX	AUX	hi	hi	false	within
train-s1061	2	3	AUX	DET	en	en	false	within
train-s1061	3	4	DET	NOUN	en	en	false	within
train-s1061	4	6	NOUN	PRON	en	en	false	within
train-s1061	6	7	PRON	SCONJ	en	en	false	boundary
train-s1061	7	8	SCONJ	ADV	en	en	false	boundary
train-s1061	8	9	ADV	PART	en	en	false	within
train-s1061	9	10	PART	VERB	en	en	false	within
train-s1061	10	11	VERB	PRON	en	en	false	within
train-s1061	11	12	PRON	VERB	en	en	false	within
train-s1061	12	13	VERB	ADP	en	en	false	boundary
train-s1061	13	14	ADP	NOUN	en	en	false	within
train-s1061	14	16	NOUN	PART	en	hi	true	boundary
train-s1061	16	17	PART	SCONJ	hi	hi	false	within
train-s1061	17	18	SCONJ	NOUN	hi	en	true	boundary
train-s1061	18	19	NOUN	DET	en	hi	true	boundary
train-s1061	19	20	DET	NOUN	hi	en	true	within
train-s1061	20	21	NOUN	VERB	en	hi	true	within
train-s1062	1	2	ADP	DET	en	en	false	within
train-s1062	2	3	DET	ADJ	en	hi	true	within
train-s1062	3	4	ADJ	NOUN	hi	hi	false	within
train-s1062	4	5	NOUN	ADP	hi	en	true	boundary
train-s1062	5	6	ADP	PRON	en	en	false	within
train-s1062	6	7	PRON	VERB	en	en	false	within
train-s1062	7	8	VERB	NOUN	en	hi	true	within
train-s1063	1	2	PRON	AUX	en	en	false	within
train-s1063	2	3	AUX	PART	en	en	false	boundary
train-s1063	3	4	PART	PRON	en	en	false	within
train-s1063	4	5	PRON	NOUN	en	hi	true	within
train-s1063	5	6	NOUN	ADP	hi	hi	false	within
train-s1063	6	7	ADP	NOUN	hi	hi	false	boundary
train-s1063	7	8	NOUN	PRON	hi	en	true	boundary
train-s1063	8	9	PRON	VERB	en	en	false	within
train-s1063	9	10	VERB	ADP	en	en	false	boundary
train-s1063	10	11	ADP	ADJ	en	en	false	within
train-s1063	11	12	ADJ	NOUN	en	en	false	within
train-s1064	1	2	NOUN	PROPN	hi	en	true	within
train-s1064	2	3	PROPN	AUX	en	hi	true	within
train-s1064	3	4	AUX	CCONJ	hi	en	true	boundary
train-s1064	4	5	CCONJ	NOUN	en	hi	true	boundary
train-s1064	5	6	NOUN	PART	hi	hi	false	within
train-s1064	6	7	PART	NOUN	hi	en	true	boundary
train-s1064	7	9	NOUN	ADP	en	hi	true	boundary
train-s1064	9	10	ADP	VERB	hi	hi	false	boundary
train-s1064	10	11	VERB	AUX	hi	hi	false	within
train-s1064	11	12	AUX	AUX	hi	hi	false	within
train-s1065	1	2	ADV	AUX	en	en	false	within
train-s1065	2	3	AUX	PRON	en	en	false	within
train-s1065	3	4	PRON	VERB	en	en	false	within
train-s1065	4	5	VERB	PART	en	en	false	boundary
train-s1065	5	6	PART	VERB	en	en	false	within
train-s1065	6	7	VERB	NOUN	en	hi	true	boundary
train-s1065	7	8	NOUN	NOUN	hi	hi	false	within
train-s1065	8	9	NOUN	ADP	hi	hi	false	within
train-s1065	9	10	ADP	NOUN	hi	en	true	boundary
train-s1065	10	11	NOUN	ADP	en	en	false	boundary
train-s1066	1	2	NOUN	ADP	hi	hi	false	within
train-s1066	2	4	ADP	NOUN	hi	hi	false	boundary
train-s1066	4	5	NOUN	ADP	hi	hi	false	within
train-s1066	5	6	ADP	PRON	hi	hi	false	boundary
train-s1066	6	7	PRON	NOUN	hi	en	true	within
train-s1066	7	8	NOUN	ADP	en	en	false	boundary
train-s1066	8	9	ADP	NOUN	en	en	false	within
train-s1066	9	10	NOUN	ADV	en	hi	true	boundary
train-s1066	10	11	ADV	ADJ	hi	hi	false	within
train-s1066	11	12	ADJ	AUX	hi	hi	false	within
train-s1066	12	13	AUX	AUX	hi	hi	false	within
train-s1066	13	14	AUX	AUX	hi	hi	false	within
train-s1067	2	3	PRON	NOUN	en	en	false	within
train-s1067	3	4	NOUN	ADV	en	en	false	within
train-s1067	4	5	ADV	VERB	en	en	false	within
train-s1067	5	7	VERB	NOUN	en	hi	true	boundary
train-s1067	7	8	NOUN	ADV	hi	hi	false	within
train-s1067	8	9	ADV	VERB	hi	hi	false	within
train-s1067	9	10	VERB	AUX	hi	hi	false	within
train-s1067	10	11	AUX	DET	hi	hi	false	boundary
train-s1067	11	12	DET	ADJ	hi	hi	false	within
train-s1067	12	13	ADJ	PART	hi	hi	false	within
train-s1067	13	14	PART	NOUN	hi	hi	false	boundary
train-s1067	14	15	NOUN	PART	hi	hi	false	within
train-s1067	15	16	PART	AUX	hi	hi	false	within
train-s1067	16	18	AUX	ADV	hi	en	true	boundary
train-s1067	18	19	ADV	PRON	en	en	false	within
train-s1067	19	20	PRON	AUX	en	en	false	within
train-s1067	20	21	AUX	VERB	en	en	false	within
train-s1067	21	22	VERB	ADP	en	en	false	boundary
train-s1067	22	23	ADP	DET	en	en	false	within
train-s1067	23	24	DET	NOUN	en	en	false	within
train-s1068	1	2	PRON	AUX	en	en	false	within
train-s1068	2	3	AUX	ADP	en	en	false	within
train-s1068	3	4	ADP	DET	en	en	false	within
train-s1068	4	5	DET	NOUN	en	en	false	within
train-s1068	5	6	NOUN	ADP	en	en	false	boundary
train-s1068	6	7	ADP	NOUN	en	en	false	within
train-s1068	7	8	NOUN	PRON	en	en	false	boundary
train-s1068	8	9	PRON	PRON	en	en	false	within
train-s1068	9	10	PRON	PART	en	en	false	within
train-s1068	10	11	PART	VERB	en	en	false	within
train-s1068	11	12	VERB	DET	en	hi	true	boundary
train-s1068	12	13	DET	PRON	hi	hi	false	within
train-s1068	13	14	PRON	PRON	hi	hi	false	within
train-s1068	14	15	PRON	ADP	hi	en	true	within
train-s1068	15	16	ADP	NOUN	en	hi	true	boundary
train-s1068	16	17	NOUN	VERB	hi	hi	false	within
train-s1069	1	2	NOUN	NOUN	hi	hi	false	within
train-s1069	2	4	NOUN	ADP	hi	hi	false	boundary
train-s1069	4	5	ADP	NOUN	hi	hi	false	boundary
train-s1069	5	6	NOUN	VERB	hi	hi	false	within
train-s1069	6	7	VERB	AUX	hi	hi	false	within
train-s1069	7	8	AUX	AUX	hi	hi	false	within
train-s1069	8	9	AUX	ADP	hi	en	true	boundary
train-s1069	9	10	ADP	DET	en	en	false	within
train-s1069	10	11	DET	NOUN	en	en	false	within
train-s1069	11	12	NOUN	PRON	en	en	false	within
train-s1069	12	13	PRON	AUX	en	en	false	within
train-s1069	13	14	AUX	VERB	en	en	false	within
train-s1069	14	15	VERB	DET	en	en	false	boundary
train-s1069	15	16	DET	ADJ	en	en	false	within
train-s1069	16	17	ADJ	ADJ	en	en	false	within
train-s1069	17	18	ADJ	NOUN	en	en	false	within
train-s1069	18	19	NOUN	ADP	en	en	false	boundary
train-s1069	19	20	ADP	ADJ	en	en	false	within
train-s1069	20	21	ADJ	ADJ	en	en	false	within
train-s1069	21	22	ADJ	NOUN	en	en	false	within
train-s1070	2	3	NOUN	ADP	en	hi	true	within
train-s1070	3	4	ADP	ADJ	hi	hi	false	boundary
train-s1070	4	5	ADJ	NOUN	hi	en	true	within
train-s1070	5	6	NOUN	PART	en	hi	true	within
train-s1070	6	8	PART	NOUN	hi	en	true	boundary
train-s1070	8	9	NOUN	ADP	en	hi	true	within
train-s1070	9	10	ADP	VERB	hi	hi	false	boundary
train-s1070	10	11	VERB	AUX	hi	hi	false	within
train-s1070	11	12	AUX	AUX	hi	hi	false	within
train-s1071	2	3	NOUN	ADP	hi	hi	false	within
train-s1071	3	4	ADP	NUM	hi	hi	false	boundary
train-s1071	4	5	NUM	NOUN	hi	hi	false	within
train-s1071	5	6	NOUN	ADV	hi	hi	false	within
train-s1071	6	7	ADV	NOUN	hi	en	true	within
train-s1071	7	8	NOUN	PART	en	hi	true	within
train-s1071	8	9	PART	VERB	hi	hi	false	within
train-s1071	9	10	VERB	PRON	hi	en	true	boundary
train-s1071	10	12	PRON	PRON	en	en	false	within
train-s1071	12	13	PRON	CCONJ	en	en	false	boundary
train-s1071	13	14	CCONJ	PRON	en	en	false	within
train-s1072	1	2	PRON	PART	hi	hi	false	within
train-s1072	2	3	PART	NOUN	hi	en	true	boundary
train-s1072	3	4	NOUN	PART	en	hi	true	within
train-s1072	4	5	PART	NOUN	hi	hi	false	boundary
train-s1072	5	6	NOUN	VERB	hi	en	true	within
train-s1072	6	7	VERB	ADP	en	en	false	boundary
train-s1072	7	8	ADP	PROPN	en	en	false	within
train-s1073	1	2	NUM	ADP	en	en	false	boundary
train-s1073	2	3	ADP	PRON	en	en	false	within
train-s1073	3	4	PRON	NOUN	en	en	false	within
train-s1073	4	5	NOUN	ADP	en	en	false	boundary
train-s1073	5	6	ADP	NOUN	en	en	false	within
train-s1073	6	7	NOUN	VERB	en	en	false	within
train-s1073	7	8	VERB	ADV	en	hi	true	boundary
train-s1073	8	9	ADV	ADP	hi	hi	false	within
train-s1073	9	10	ADP	VERB	hi	hi	false	boundary
train-s1073	10	11	VERB	AUX	hi	hi	false	within
train-s1073	11	12	AUX	NOUN	hi	hi	false	boundary
train-s1073	12	13	NOUN	VERB	hi	hi	false	within
train-s1073	13	14	VERB	AUX	hi	hi	false	within
train-s1074	1	2	VERB	DET	en	en	false	boundary
train-s1074	2	3	DET	ADJ	en	en	false	within
train-s1074	3	4	ADJ	NOUN	en	en	false	within
train-s1074	4	5	NOUN	ADV	en	en	false	boundary
train-s1074	5	6	ADV	ADV	en	en	false	within
train-s1074	6	7	ADV	SCONJ	en	hi	true	boundary
train-s1074	7	8	SCONJ	ADJ	hi	hi	false	boundary
train-s1074	8	10	ADJ	NOUN	hi	hi	false	within
train-s1074	10	11	NOUN	NOUN	hi	en	true	within
train-s1074	11	12	NOUN	PART	en	hi	true	within
train-s1074	12	13	PART	VERB	hi	hi	false	within
train-s1074	13	14	VERB	ADJ	hi	en	true	boundary
train-s1074	14	15	ADJ	NOUN	en	en	false	within
train-s1074	15	16	NOUN	NOUN	en	en	false	within
train-s1074	16	17	NOUN	ADP	en	hi	true	within
train-s1074	17	18	ADP	PRON	hi	hi	false	boundary
train-s1074	18	19	PRON	PRON	hi	hi	false	within
train-s1075	2	3	ADV	PRON	en	en	false	within
train-s1075	3	4	PRON	AUX	en	en	false	within
train-s1075	4	5	AUX	VERB	en	en	false	within
train-s1075	5	7	VERB	NOUN	en	en	false	within
train-s1075	7	8	NOUN	VERB	en	en	false	within
train-s1075	8	10	VERB	ADJ	en	hi	true	boundary
train-s1075	10	11	ADJ	VERB	hi	hi	false	within
train-s1075	11	13	VERB	NOUN	hi	hi	false	boundary
train-s1075	13	14	NOUN	VERB	hi	hi	false	within
train-s1075	14	15	VERB	AUX	hi	hi	false	within
train-s1076	2	3	NOUN	ADP	en	en	false	boundary
train-s1076	3	5	ADP	ADP	en	en	false	boundary
train-s1076	5	7	ADP	NOUN	en	en	false	boundary
train-s1076	7	8	NOUN	ADV	en	en	false	boundary
train-s1076	8	9	ADV	VERB	en	en	false	within
train-s1076	9	10	VERB	NOUN	en	en	false	boundary
train-s1076	10	11	NOUN	NOUN	en	en	false	within
train-s1076	11	12	NOUN	ADP	en	hi	true	within
train-s1076	12	13	ADP	PRON	hi	hi	false	boundary
train-s1076	13	14	PRON	PART	hi	hi	false	within
train-s1076	14	15	PART	NOUN	hi	hi	false	boundary
train-s1076	15	16	NOUN	PART	hi	hi	false	within
train-s1076	16	17	PART	VERB	hi	hi	false	within
train-s1077	2	3	PRON	PART	hi	hi	false	within
train-s1077	3	4	PART	DET	hi	hi	false	boundary
train-s1077	4	5	DET	NOUN	hi	hi	false	within
train-s1077	5	6	NOUN	ADP	hi	hi	false	within
train-s1077	6	7	ADP	ADJ	hi	hi	false	boundary
train-s1077	7	8	ADJ	AUX	hi	hi	false	within
train-s1077	8	9	AUX	AUX	hi	hi	false	within
train-s1077	9	11	AUX	SCONJ	hi	en	true	boundary
train-s1077	11	12	SCONJ	VERB	en	en	false	within
train-s1077	12	13	VERB	VERB	en	en	false	within
train-s1077	13	14	VERB	PRON	en	en	false	within
train-s1077	14	15	PRON	ADJ	en	en	false	within
train-s1078	1	2	ADV	PRON	en	en	false	within
train-s1078	2	3	PRON	VERB	en	en	false	within
train-s1078	3	4	VERB	PRON	en	en	false	boundary
train-s1078	4	6	PRON	VERB	en	en	false	within
train-s1078	6	7	VERB	NOUN	en	hi	true	boundary
train-s1078	7	8	NOUN	VERB	hi	hi	false	within
train-s1078	8	9	VERB	AUX	hi	hi	false	within
train-s1078	9	10	AUX	AUX	hi	hi	false	within
train-s1079	1	2	ADV	NOUN	en	en	false	within
train-s1079	2	3	NOUN	NOUN	en	en	false	within
train-s1079	3	4	NOUN	ADP	en	hi	true	within
train-s1079	4	5	ADP	AUX	hi	hi	false	within
train-s1080	1	2	CCONJ	PRON	en	en	false	within
train-s1080	2	3	PRON	PRON	en	hi	true	within
train-s1080	3	4	PRON	NOUN	hi	hi	false	within
train-s1080	4	5	NOUN	VERB	hi	hi	false	within
train-s1080	5	6	VERB	AUX	hi	hi	false	within
train-s1080	6	7	AUX	SCONJ	hi	hi	false	boundary
train-s1080	7	8	SCONJ	NOUN	hi	hi	false	within
train-s1080	8	9	NOUN	PART	hi	hi	false	within
train-s1080	9	10	PART	NOUN	hi	en	true	boundary
train-s1080	10	11	NOUN	AUX	en	hi	true	within
train-s1081	1	2	NOUN	CCONJ	en	en	false	boundary
train-s1081	2	3	CCONJ	NOUN	en	en	false	within
train-s1081	3	4	NOUN	ADP	en	hi	true	within
train-s1081	4	5	ADP	NOUN	hi	hi	false	boundary
train-s1081	5	6	NOUN	VERB	hi	hi	false	within
train-s1081	6	7	VERB	AUX	hi	hi	false	within
train-s1081	7	8	AUX	VERB	hi	hi	false	boundary
train-s1081	8	9	VERB	AUX	hi	hi	false	within
train-s1082	3	4	AUX	VERB	en	en	false	within
train-s1082	4	5	VERB	ADJ	en	en	false	within
train-s1082	5	6	ADJ	ADP	en	en	false	boundary
train-s1082	6	7	ADP	PRON	en	en	false	within
train-s1082	7	8	PRON	NOUN	en	en	false	within
train-s1082	8	9	NOUN	NOUN	en	en	false	within
train-s1082	9	10	NOUN	SCONJ	en	hi	true	boundary
train-s1082	10	11	SCONJ	ADV	hi	hi	false	within
train-s1082	11	12	ADV	NOUN	hi	hi	false	within
train-s1082	12	13	NOUN	ADV	hi	hi	false	within
train-s1082	13	14	ADV	PRON	hi	hi	false	boundary
train-s1082	14	15	PRON	NOUN	hi	hi	false	within
train-s1082	15	16	NOUN	ADP	hi	hi	false	within
train-s1082	16	17	ADP	VERB	hi	hi	false	boundary
train-s1082	17	18	VERB	AUX	hi	hi	false	within
train-s1083	1	2	INTJ	VERB	en	en	false	within
train-s1083	2	3	VERB	PRON	en	en	false	boundary
train-s1083	3	4	PRON	NOUN	en	en	false	within
train-s1083	4	6	NOUN	ADV	en	hi	true	boundary
train-s1083	6	7	ADV	ADJ	hi	hi	false	within
train-s1083	7	8	ADJ	AUX	hi	hi	false	within
train-s1083	8	9	AUX	AUX	hi	hi	false	within
train-s1084	1	2	PRON	AUX	en	en	false	within
train-s1084	2	3	AUX	VERB	en	en	false	within
train-s1084	3	4	VERB	ADP	en	en	false	boundary
train-s1084	4	5	ADP	DET	en	en	false	within
train-s1084	5	6	DET	ADJ	en	en	false	within
train-s1084	6	8	ADJ	NOUN	en	hi	true	within
train-s1084	8	9	NOUN	ADP	hi	hi	false	within
train-s1085	1	3	SCONJ	PART	hi	hi	false	boundary
train-s1085	3	4	PART	NOUN	hi	en	true	boundary
train-s1085	4	5	NOUN	NOUN	en	en	false	within
train-s1085	5	6	NOUN	ADP	en	hi	true	within
train-s1085	6	7	ADP	NOUN	hi	en	true	boundary
train-s1085	7	8	NOUN	VERB	en	hi	true	within
train-s1085	8	9	VERB	SCONJ	hi	hi	false	within
train-s1085	9	10	SCONJ	ADV	hi	hi	false	within
train-s1085	10	11	ADV	VERB	hi	hi	false	within
train-s1086	1	2	ADJ	NOUN	en	en	false	within
train-s1086	2	3	NOUN	NOUN	en	en	false	within
train-s1086	3	5	NOUN	CCONJ	en	hi	true	boundary
train-s1086	5	6	CCONJ	ADV	hi	hi	false	within
train-s1086	6	7	ADV	ADP	hi	hi	false	within
train-s1086	7	8	ADP	NOUN	hi	hi	false	boundary
train-s1087	2	3	ADV	VERB	en	en	false	within
train-s1087	3	5	VERB	INTJ	en	hi	true	boundary
train-s1087	5	6	INTJ	VERB	hi	hi	false	within
train-s1087	6	8	VERB	SCONJ	hi	en	true	boundary
train-s1087	8	9	SCONJ	ADP	en	en	false	within
train-s1087	9	11	ADP	INTJ	en	hi	true	boundary
train-s1087	11	12	INTJ	VERB	hi	hi	false	within
train-s1087	12	15	VERB	PRON	hi	en	true	boundary
train-s1087	15	16	PRON	AUX	en	en	false	within
train-s1087	16	17	AUX	VERB	en	en	false	within
train-s1087	17	18	VERB	PRON	en	en	false	within
train-s1087	18	19	PRON	ADV	en	en	false	within
train-s1088	2	4	CCONJ	ADP	hi	hi	false	boundary
train-s1088	4	5	ADP	NOUN	hi	hi	false	boundary
train-s1088	5	6	NOUN	ADV	hi	en	true	within
train-s1088	6	7	ADV	ADJ	en	en	false	within
train-s1088	7	8	ADJ	NOUN	en	en	false	within
train-s1088	8	9	NOUN	ADP	en	hi	true	within
train-s1088	9	10	ADP	AUX	hi	hi	false	within
train-s1089	1	2	NOUN	CCONJ	en	hi	true	within
train-s1089	2	3	CCONJ	NOUN	hi	en	true	within
train-s1089	3	4	NOUN	ADP	en	hi	true	within
train-s1089	4	5	ADP	NOUN	hi	en	true	boundary
train-s1089	5	6	NOUN	VERB	en	hi	true	within
train-s1089	6	7	VERB	AUX	hi	hi	false	within
train-s1089	7	8	AUX	VERB	hi	hi	false	boundary
train-s1089	8	9	VERB	NOUN	hi	en	true	within
train-s1089	9	10	NOUN	AUX	en	hi	true	within
train-s1090	1	2	PRON	VERB	en	en	false	within
train-s1090	2	3	VERB	NUM	en	en	false	boundary
train-s1090	3	4	NUM	NOUN	en	en	false	within
train-s1090	4	6	NOUN	NOUN	en	en	false	boundary
train-s1090	6	7	NOUN	ADP	en	hi	true	within
train-s1090	7	8	ADP	NOUN	hi	hi	false	boundary
train-s1090	8	9	NOUN	VERB	hi	hi	false	within
train-s1090	9	10	VERB	AUX	hi	hi	false	within
train-s1090	10	11	AUX	CCONJ	hi	hi	false	boundary
train-s1090	11	12	CCONJ	PRON	hi	hi	false	within
train-s1090	12	13	PRON	NOUN	hi	hi	false	within
train-s1090	13	14	NOUN	ADJ	hi	hi	false	within
train-s1090	14	15	ADJ	PART	hi	hi	false	within
train-s1090	15	16	PART	AUX	hi	hi	false	within
train-s1091	1	2	PRON	AUX	en	en	false	within
train-s1091	2	3	AUX	ADV	en	en	false	within
train-s1091	3	4	ADV	ADP	en	en	false	within
train-s1091	4	5	ADP	NOUN	en	hi	true	within
train-s1091	5	6	NOUN	NOUN	hi	hi	false	within
train-s1091	6	7	NOUN	CCONJ	hi	en	true	boundary
train-s1091	7	9	CCONJ	ADV	en	en	false	boundary
train-s1092	1	2	SCONJ	PRON	en	en	false	within
train-s1092	2	3	PRON	VERB	en	en	false	within
train-s1092	3	4	VERB	PRON	en	en	false	boundary
train-s1092	4	5	PRON	VERB	en	en	false	within
train-s1092	5	6	VERB	PRON	en	en	false	within
train-s1092	6	8	PRON	PRON	en	hi	true	boundary
train-s1092	8	9	PRON	NOUN	hi	hi	false	within
train-s1092	9	10	NOUN	PRON	hi	hi	false	boundary
train-s1092	10	11	PRON	NOUN	hi	en	true	within
train-s1092	11	12	NOUN	PART	en	hi	true	within
train-s1092	12	13	PART	VERB	hi	hi	false	within
train-s1092	13	14	VERB	AUX	hi	hi	false	within
train-s1093	1	2	CCONJ	SCONJ	en	en	false	boundary
train-s1093	2	3	SCONJ	VERB	en	en	false	within
train-s1093	3	5	VERB	PRON	en	en	false	within
train-s1093	5	6	PRON	AUX	en	en	false	within
train-s1093	6	7	AUX	AUX	en	en	false	within
train-s1093	7	8	AUX	VERB	en	en	false	within
train-s1093	8	9	VERB	PRON	en	hi	true	boundary
train-s1093	9	10	PRON	VERB	hi	hi	false	within
train-s1093	10	11	VERB	PRON	hi	hi	false	within
train-s1093	11	12	PRON	AUX	hi	hi	false	within
train-s1094	1	2	ADP	DET	en	en	false	within
train-s1094	2	3	DET	ADJ	en	en	false	within
train-s1094	3	4	ADJ	NOUN	en	en	false	within
train-s1094	4	7	NOUN	ADP	en	hi	true	boundary
train-s1094	7	8	ADP	PROPN	hi	en	true	boundary
train-s1094	8	9	PROPN	NOUN	en	en	false	within
train-s1094	9	10	NOUN	PART	en	hi	true	within
train-s1094	10	11	PART	ADJ	hi	hi	false	boundary
train-s1094	11	12	ADJ	VERB	hi	hi	false	within
train-s1094	12	13	VERB	AUX	hi	hi	false	within
train-s1095	1	2	DET	NOUN	hi	en	true	within
train-s1095	2	3	NOUN	PART	en	hi	true	within
train-s1095	3	4	PART	PRON	hi	hi	false	boundary
train-s1095	4	5	PRON	PRON	hi	hi	false	boundary
train-s1095	5	6	PRON	NOUN	hi	en	true	within
train-s1095	6	7	NOUN	ADP	en	hi	true	within
train-s1095	7	8	ADP	NOUN	hi	hi	false	boundary
train-s1095	8	9	NOUN	PRON	hi	hi	false	within
train-s1095	9	10	PRON	PRON	hi	hi	false	within
train-s1095	10	11	PRON	ADP	hi	hi	false	within
train-s1095	11	12	ADP	NOUN	hi	en	true	boundary
train-s1095	12	13	NOUN	PART	en	hi	true	within
train-s1095	13	14	PART	VERB	hi	hi	false	within
train-s1096	2	3	NOUN	NOUN	en	en	false	within
train-s1096	3	4	NOUN	VERB	en	hi	true	within
train-s1096	4	5	VERB	AUX	hi	hi	false	within
train-s1096	5	6	AUX	NOUN	hi	en	true	boundary
train-s1096	6	7	NOUN	PART	en	hi	true	within
train-s1096	7	8	PART	VERB	hi	hi	false	within
train-s1096	8	9	VERB	VERB	hi	en	true	within
train-s1096	9	10	VERB	VERB	en	en	false	within
train-s1096	10	11	VERB	PRON	en	en	false	within
train-s1096	11	12	PRON	ADV	en	en	false	within
train-s1097	1	2	NOUN	ADP	hi	hi	false	within
train-s1097	2	3	ADP	AUX	hi	en	true	boundary
train-s1097	3	4	AUX	AUX	en	en	false	within
train-s1097	4	5	AUX	NOUN	en	en	false	within
train-s1097	5	6	NOUN	NOUN	en	en	false	within
train-s1097	6	7	NOUN	ADP	en	en	false	boundary
train-s1097	7	9	ADP	PROPN	en	en	false	within
train-s1098	2	3	AUX	VERB	en	en	false	within
train-s1098	3	4	VERB	DET	en	en	false	boundary
train-s1098	4	5	DET	ADJ	en	en	false	within
train-s1098	5	7	ADJ	NOUN	en	en	false	boundary
train-s1098	7	8	NOUN	ADP	en	hi	true	within
train-s1098	8	9	ADP	NOUN	hi	hi	false	boundary
train-s1098	9	10	NOUN	PART	hi	hi	false	within
train-s1098	10	11	PART	NOUN	hi	hi	false	within
train-s1098	11	12	NOUN	VERB	hi	hi	false	within
train-s1098	12	13	VERB	SCONJ	hi	en	true	boundary
train-s1098	13	14	SCONJ	PRON	en	hi	true	within
train-s1098	14	15	PRON	PART	hi	hi	false	within
train-s1098	15	16	PART	NOUN	hi	hi	false	boundary
train-s1098	16	17	NOUN	ADP	hi	hi	false	within
train-s1098	17	18	ADP	AUX	hi	hi	false	within
train-s1098	18	20	AUX	NOUN	hi	en	true	boundary
train-s1099	1	2	VERB	AUX	hi	hi	false	within
train-s1099	2	3	AUX	ADV	hi	hi	false	boundary
train-s1099	3	4	ADV	ADP	hi	hi	false	within
train-s1099	4	5	ADP	NOUN	hi	en	true	boundary
train-s1099	5	6	NOUN	NOUN	en	en	false	within
train-s1099	6	7	NOUN	VERB	en	hi	true	within
train-s1099	7	8	VERB	AUX	hi	hi	false	within
train-s1099	8	9	AUX	AUX	hi	hi	false	within
train-s1100	1	2	NUM	ADJ	hi	en	true	boundary
train-s1100	2	3	ADJ	NOUN	en	en	false	within
train-s1100	3	4	NOUN	ADJ	en	en	false	within
train-s1100	4	5	ADJ	NOUN	en	en	false	within
train-s1100	5	6	NOUN	VERB	en	hi	true	within
train-s1100	6	7	VERB	NOUN	hi	hi	false	within
train-s1101	4	5	ADV	VERB	en	en	false	within
train-s1101	5	7	VERB	VERB	en	hi	true	within
train-s1101	7	8	VERB	AUX	hi	hi	false	within
train-s1101	8	10	AUX	ADP	hi	en	true	boundary
train-s1101	10	11	ADP	DET	en	en	false	within
train-s1101	11	12	DET	NOUN	en	en	false	within
train-s1101	12	13	NOUN	CCONJ	en	en	false	boundary
train-s1101	13	14	CCONJ	NOUN	en	en	false	within
train-s1101	14	15	NOUN	PRON	en	en	false	within
train-s1101	15	16	PRON	AUX	en	en	false	within
train-s1101	16	17	AUX	VERB	en	en	false	within
train-s1101	17	18	VERB	ADP	en	en	false	boundary
train-s1101	18	21	ADP	ADP	en	hi	true	boundary
train-s1101	21	22	ADP	NOUN	hi	hi	false	boundary
train-s1102	2	4	DET	ADV	hi	en	true	boundary
train-s1102	4	6	ADV	NOUN	en	en	false	within
train-s1102	6	7	NOUN	DET	en	hi	true	boundary
train-s1102	7	8	DET	NOUN	hi	hi	false	within
train-s1102	8	9	NOUN	ADP	hi	hi	false	within
train-s1102	9	10	ADP	NOUN	hi	hi	false	boundary
train-s1102	10	11	NOUN	ADP	hi	hi	false	within
train-s1102	11	12	ADP	VERB	hi	hi	false	boundary
train-s1102	12	13	VERB	AUX	hi	hi	false	within
train-s1103	1	2	PART	PRON	hi	hi	false	within
train-s1103	2	3	PRON	VERB	hi	hi	false	within
train-s1103	3	4	VERB	PART	hi	hi	false	within
train-s1103	4	5	PART	PRON	hi	en	true	within
train-s1103	5	6	PRON	AUX	en	en	false	within
train-s1103	6	7	AUX	ADV	en	en	false	within
train-s1103	7	8	ADV	VERB	en	en	false	within
train-s1103	8	9	VERB	PRON	en	en	false	boundary
train-s1103	9	10	PRON	ADJ	en	en	false	within
train-s1103	10	11	ADJ	NOUN	en	en	false	within
train-s1103	11	12	NOUN	PRON	en	hi	true	boundary
train-s1103	12	13	PRON	ADP	hi	hi	false	within
train-s1103	13	14	ADP	PART	hi	hi	false	within
train-s1103	14	15	PART	NOUN	hi	en	true	boundary
train-s1103	15	16	NOUN	NOUN	en	en	false	within
train-s1103	16	17	NOUN	VERB	en	hi	true	within
train-s1103	17	18	VERB	PRON	hi	hi	false	within
train-s1103	18	19	PRON	PART	hi	hi	false	within
train-s1103	19	20	PART	PRON	hi	hi	false	boundary
train-s1103	20	21	PRON	PRON	hi	hi	false	within
train-s1103	21	22	PRON	ADP	hi	hi	false	within
train-s1103	22	23	ADP	AUX	hi	hi	false	within
train-s1104	2	3	NOUN	ADP	en	en	false	boundary
train-s1104	3	4	ADP	ADJ	en	en	false	within
train-s1104	4	5	ADJ	NOUN	en	en	false	within
train-s1104	5	6	NOUN	ADP	en	en	false	boundary
train-s1104	6	7	ADP	NOUN	en	hi	true	within
train-s1104	7	8	NOUN	VERB	hi	en	true	boundary
train-s1104	8	9	VERB	VERB	en	en	false	within
train-s1104	9	10	VERB	VERB	en	hi	true	within
train-s1104	10	11	VERB	PRON	hi	hi	false	within
train-s1104	11	12	PRON	PRON	hi	hi	false	within
train-s1105	1	2	NOUN	ADP	en	en	false	boundary
train-s1105	2	3	ADP	DET	en	en	false	within
train-s1105	3	4	DET	NOUN	en	en	false	within
train-s1105	4	7	NOUN	ADP	en	hi	true	boundary
train-s1105	7	8	ADP	NOUN	hi	hi	false	boundary
train-s1106	1	4	DET	ADP	hi	hi	false	within
train-s1106	4	5	ADP	NOUN	hi	en	true	boundary
train-s1106	5	6	NOUN	CCONJ	en	en	false	boundary
train-s1106	6	7	CCONJ	NOUN	en	en	false	within
train-s1106	7	8	NOUN	PRON	en	hi	true	boundary
train-s1106	8	9	PRON	VERB	hi	hi	false	within
train-s1106	9	10	VERB	AUX	hi	hi	false	within
train-s1107	1	2	PRON	PART	hi	hi	false	within
train-s1107	2	3	PART	PRON	hi	hi	false	within
train-s1107	3	4	PRON	AUX	hi	hi	false	within
train-s1107	4	5	AUX	PRON	hi	hi	false	boundary
train-s1107	5	6	PRON	ADJ	hi	en	true	boundary
train-s1107	6	7	ADJ	NOUN	en	en	false	within
train-s1107	7	8	NOUN	ADP	en	hi	true	within
train-s1107	8	10	ADP	ADV	hi	en	true	boundary
train-s1107	10	11	ADV	VERB	en	en	false	within
train-s1107	11	12	VERB	DET	en	en	false	boundary
train-s1107	12	13	DET	NOUN	en	en	false	within
train-s1107	13	14	NOUN	ADP	en	en	false	boundary
train-s1107	14	15	ADP	DET	en	en	false	within
train-s1107	15	16	DET	NOUN	en	en	false	within
train-s1107	16	17	NOUN	CCONJ	en	en	false	boundary
train-s1107	17	18	CCONJ	VERB	en	en	false	within
train-s1107	18	19	VERB	ADV	en	en	false	within
train-s1108	2	3	DET	ADJ	hi	hi	false	boundary
train-s1108	3	4	ADJ	ADJ	hi	hi	false	within
train-s1108	4	5	ADJ	NOUN	hi	hi	false	within
train-s1108	5	6	NOUN	PRON	hi	hi	false	within
train-s1108	6	7	PRON	VERB	hi	hi	false	within
train-s1108	7	8	VERB	AUX	hi	en	true	boundary
train-s1108	8	9	AUX	ADJ	en	en	false	boundary
train-s1108	9	11	ADJ	NOUN	en	en	false	boundary
train-s1108	11	12	NOUN	ADV	en	en	false	boundary
train-s1108	12	13	ADV	ADJ	en	en	false	within
train-s1108	13	14	ADJ	ADP	en	en	false	boundary
train-s1108	14	15	ADP	ADJ	en	en	false	within
train-s1108	15	16	ADJ	NOUN	en	hi	true	within
train-s1108	16	17	NOUN	NOUN	hi	en	true	within
train-s1109	1	2	NOUN	ADJ	en	en	false	boundary
train-s1109	2	4	ADJ	NOUN	en	en	false	within
train-s1109	4	5	NOUN	ADP	en	hi	true	within
train-s1109	5	8	ADP	ADP	hi	hi	false	boundary
train-s1109	8	9	ADP	AUX	hi	hi	false	within
train-s1110	1	2	PRON	ADV	hi	hi	false	within
train-s1110	2	3	ADV	DET	hi	hi	false	boundary
train-s1110	3	5	DET	ADP	hi	hi	false	within
train-s1110	5	6	ADP	NOUN	hi	en	true	boundary
train-s1110	6	7	NOUN	NOUN	en	en	false	within
train-s1110	7	9	NOUN	ADV	en	hi	true	within
train-s1110	9	10	ADV	AUX	hi	hi	false	within
train-s1110	10	11	AUX	AUX	hi	hi	false	within
train-s1111	1	2	ADV	NUM	hi	hi	false	boundary
train-s1111	2	3	NUM	NOUN	hi	hi	false	within
train-s1111	3	4	NOUN	NOUN	hi	hi	false	within
train-s1111	4	5	NOUN	VERB	hi	hi	false	within
train-s1111	5	6	VERB	ADV	hi	hi	false	within
train-s1111	6	7	ADV	NUM	hi	en	true	boundary
train-s1111	7	8	NUM	NOUN	en	en	false	within
train-s1111	8	9	NOUN	DET	en	hi	true	within
train-s1111	9	10	DET	ADJ	hi	hi	false	within
train-s1112	1	2	PRON	DET	hi	hi	false	boundary
train-s1112	2	3	DET	NOUN	hi	en	true	within
train-s1112	3	4	NOUN	ADP	en	hi	true	within
train-s1112	4	5	ADP	PART	hi	hi	false	within
train-s1112	5	6	PART	NOUN	hi	en	true	boundary
train-s1112	6	7	NOUN	VERB	en	hi	true	within
train-s1112	7	8	VERB	AUX	hi	hi	false	within
train-s1112	8	9	AUX	AUX	hi	hi	false	within
train-s1113	1	2	DET	NOUN	hi	hi	false	within
train-s1113	2	3	NOUN	ADP	hi	hi	false	within
train-s1113	3	5	ADP	VERB	hi	hi	false	boundary
train-s1113	5	6	VERB	NOUN	hi	hi	false	within
train-s1113	6	7	NOUN	PRON	hi	hi	false	boundary
train-s1113	7	8	PRON	PART	hi	hi	false	within
train-s1113	8	9	PART	NOUN	hi	en	true	boundary
train-s1113	9	10	NOUN	SCONJ	en	en	false	boundary
train-s1113	10	11	SCONJ	VERB	en	en	false	within
train-s1113	11	12	VERB	ADP	en	hi	true	within
train-s1114	1	2	VERB	ADV	en	hi	true	boundary
train-s1114	2	3	ADV	ADJ	hi	hi	false	within
train-s1114	3	4	ADJ	NOUN	hi	en	true	within
train-s1114	4	5	NOUN	CCONJ	en	en	false	boundary
train-s1114	5	6	CCONJ	VERB	en	en	false	within
train-s1114	6	7	VERB	ADJ	en	en	false	within
train-s1114	7	8	ADJ	ADV	en	en	false	within
train-s1115	1	2	PRON	DET	hi	hi	false	boundary
train-s1115	2	3	DET	ADJ	hi	en	true	within
train-s1115	3	4	ADJ	NOUN	en	hi	true	within
train-s1115	4	5	NOUN	AUX	hi	hi	false	within
train-s1115	5	6	AUX	AUX	hi	hi	false	within
train-s1115	6	7	AUX	NOUN	hi	en	true	boundary
train-s1115	7	8	NOUN	ADP	en	hi	true	within
train-s1115	8	9	ADP	NOUN	hi	en	true	boundary
train-s1115	9	10	NOUN	ADV	en	hi	true	boundary
train-s1115	10	11	ADV	ADV	hi	hi	false	within
train-s1115	11	12	ADV	PART	hi	hi	false	within
train-s1115	12	13	PART	VERB	hi	hi	false	boundary
train-s1115	13	14	VERB	AUX	hi	hi	false	within
train-s1116	1	2	CCONJ	NOUN	hi	hi	false	within
train-s1116	2	3	NOUN	ADP	hi	hi	false	within
train-s1116	3	6	ADP	ADP	hi	hi	false	boundary
train-s1116	6	7	ADP	NOUN	hi	en	true	boundary
train-s1116	7	8	NOUN	PART	en	hi	true	within
train-s1116	8	9	PART	VERB	hi	hi	false	within
train-s1116	9	10	VERB	AUX	hi	hi	false	within
train-s1116	10	11	AUX	ADV	hi	en	true	within
train-s1117	1	2	NOUN	ADP	en	hi	true	within
train-s1117	2	3	ADP	NOUN	hi	hi	false	boundary
train-s1117	3	4	NOUN	DET	hi	hi	false	within
train-s1117	4	5	DET	ADJ	hi	en	true	within
train-s1117	5	6	ADJ	AUX	en	hi	true	within
train-s1118	2	4	ADJ	CCONJ	en	en	false	boundary
train-s1118	4	5	CCONJ	NOUN	en	en	false	within
train-s1118	5	6	NOUN	PRON	en	hi	true	boundary
train-s1118	6	7	PRON	PRON	hi	hi	false	within
train-s1118	7	8	PRON	ADP	hi	hi	false	within
train-s1118	8	9	ADP	DET	hi	hi	false	boundary
train-s1118	9	10	DET	NOUN	hi	en	true	within
train-s1118	10	11	NOUN	ADP	en	hi	true	within
train-s1118	11	12	ADP	ADJ	hi	hi	false	boundary
train-s1118	12	13	ADJ	NOUN	hi	en	true	within
train-s1118	13	14	NOUN	ADP	en	hi	true	within
train-s1118	14	15	ADP	NOUN	hi	hi	false	boundary
train-s1118	15	16	NOUN	VERB	hi	hi	false	within
train-s1119	1	2	VERB	DET	en	en	false	boundary
train-s1119	2	3	DET	NOUN	en	en	false	within
train-s1119	3	4	NOUN	ADV	en	hi	true	boundary
train-s1119	4	5	ADV	PRON	hi	hi	false	within
train-s1119	5	6	PRON	NUM	hi	hi	false	boundary
train-s1119	6	7	NUM	NOUN	hi	hi	false	within
train-s1119	7	8	NOUN	ADP	hi	hi	false	within
train-s1119	8	9	ADP	DET	hi	hi	false	boundary
train-s1119	9	11	DET	NOUN	hi	en	true	within
train-s1119	11	12	NOUN	VERB	en	hi	true	within
train-s1119	12	13	VERB	AUX	hi	hi	false	within
train-s1119	13	14	AUX	CCONJ	hi	hi	false	boundary
train-s1119	14	15	CCONJ	ADV	hi	hi	false	within
train-s1119	15	17	ADV	NOUN	hi	en	true	boundary
train-s1119	17	18	NOUN	ADP	en	hi	true	within
train-s1119	18	19	ADP	NOUN	hi	en	true	boundary
train-s1119	19	20	NOUN	PART	en	hi	true	within
train-s1119	20	21	PART	VERB	hi	hi	false	boundary
train-s1119	21	22	VERB	AUX	hi	hi	false	within
train-s1120	2	3	AUX	PART	en	en	false	within
train-s1120	3	4	PART	PRON	en	en	false	within
train-s1120	4	5	PRON	NOUN	en	en	false	within
train-s1120	5	6	NOUN	ADP	en	en	false	boundary
train-s1120	6	7	ADP	PRON	en	en	false	within
train-s1120	7	9	PRON	NOUN	en	en	false	boundary
train-s1120	9	10	NOUN	VERB	en	hi	true	within
train-s1120	10	11	VERB	AUX	hi	hi	false	within
train-s1120	11	12	AUX	AUX	hi	hi	false	within
train-s1120	12	14	AUX	ADV	hi	en	true	within
train-s1121	2	3	NOUN	VERB	en	hi	true	within
train-s1121	3	4	VERB	AUX	hi	hi	false	within
train-s1121	4	5	AUX	AUX	hi	hi	false	within
train-s1121	5	7	AUX	AUX	hi	en	true	boundary
train-s1121	7	8	AUX	DET	en	en	false	within
train-s1121	8	10	DET	NOUN	en	hi	true	within
train-s1121	10	11	NOUN	VERB	hi	hi	false	within
train-s1121	11	12	VERB	AUX	hi	hi	false	within
train-s1121	12	13	AUX	AUX	hi	hi	false	within
train-s1121	13	15	AUX	ADP	hi	en	true	boundary
train-s1121	15	16	ADP	NOUN	en	en	false	within
train-s1122	1	2	PRON	AUX	en	en	false	within
train-s1122	2	3	AUX	VERB	en	en	false	within
train-s1122	3	4	VERB	ADV	en	hi	true	boundary
train-s1122	4	5	ADV	DET	hi	hi	false	within
train-s1122	5	6	DET	NOUN	hi	hi	false	within
train-s1123	1	2	DET	ADJ	hi	hi	false	within
train-s1123	2	3	ADJ	NOUN	hi	hi	false	within
train-s1123	3	4	NOUN	NOUN	hi	en	true	within
train-s1123	4	5	NOUN	VERB	en	hi	true	within
train-s1123	5	6	VERB	ADV	hi	hi	false	boundary
train-s1123	6	7	ADV	NOUN	hi	en	true	boundary
train-s1123	7	8	NOUN	NOUN	en	en	false	within
train-s1123	8	9	NOUN	VERB	en	hi	true	within
train-s1123	9	10	VERB	AUX	hi	hi	false	within
train-s1123	10	11	AUX	AUX	hi	hi	false	within
train-s1124	1	2	ADV	NOUN	en	hi	true	within
train-s1124	2	3	NOUN	VERB	hi	hi	false	within
train-s1124	3	4	VERB	PRON	hi	en	true	boundary
train-s1124	4	5	PRON	NOUN	en	en	false	within
train-s1124	5	6	NOUN	AUX	en	en	false	within
train-s1124	6	7	AUX	AUX	en	en	false	within
train-s1124	7	8	AUX	ADJ	en	en	false	within
train-s1125	1	2	DET	NOUN	hi	en	true	within
train-s1125	2	3	NOUN	NOUN	en	en	false	within
train-s1125	3	4	NOUN	ADP	en	hi	true	within
train-s1125	4	5	ADP	PART	hi	hi	false	within
train-s1125	5	6	PART	NOUN	hi	en	true	boundary
train-s1125	6	7	NOUN	VERB	en	hi	true	within
train-s1125	7	8	VERB	AUX	hi	hi	false	within
train-s1126	1	2	DET	NOUN	en	en	false	within
train-s1126	2	3	NOUN	VERB	en	en	false	within
train-s1126	3	4	VERB	ADP	en	en	false	boundary
train-s1126	4	5	ADP	DET	en	en	false	within
train-s1126	5	7	DET	NOUN	en	hi	true	boundary
train-s1126	7	8	NOUN	NOUN	hi	hi	false	within
train-s1126	8	9	NOUN	ADP	hi	hi	false	within
train-s1126	9	10	ADP	NOUN	hi	hi	false	boundary
train-s1126	10	11	NOUN	VERB	hi	hi	false	within
train-s1126	11	12	VERB	AUX	hi	hi	false	within
train-s1126	12	13	AUX	AUX	hi	hi	false	within
train-s1126	13	15	AUX	ADV	hi	hi	false	boundary
train-s1126	15	16	ADV	PART	hi	hi	false	within
train-s1126	16	17	PART	NOUN	hi	hi	false	boundary
train-s1126	17	18	NOUN	VERB	hi	hi	false	within
train-s1126	18	19	VERB	AUX	hi	hi	false	within
train-s1126	19	21	AUX	NOUN	hi	en	true	boundary
train-s1127	1	2	ADV	VERB	hi	hi	false	within
train-s1127	2	3	VERB	PRON	hi	en	true	boundary
train-s1127	3	4	PRON	AUX	en	en	false	within
train-s1127	4	5	AUX	DET	en	en	false	within
train-s1127	5	6	DET	NOUN	en	en	false	within
train-s1127	6	7	NOUN	ADP	en	en	false	boundary
train-s1127	7	8	ADP	NOUN	en	en	false	within
train-s1128	1	2	PRON	VERB	en	en	false	within
train-s1128	2	3	VERB	PRON	en	hi	true	boundary
train-s1128	3	4	PRON	NOUN	hi	hi	false	within
train-s1128	4	5	NOUN	ADP	hi	hi	false	within
train-s1128	5	6	ADP	ADJ	hi	hi	false	boundary
train-s1128	6	7	ADJ	NOUN	hi	hi	false	within
train-s1128	7	8	NOUN	ADJ	hi	hi	false	within
train-s1128	8	9	ADJ	PART	hi	hi	false	within
train-s1128	9	10	PART	VERB	hi	hi	false	within
train-s1128	10	11	VERB	CCONJ	hi	en	true	boundary
train-s1128	11	12	CCONJ	DET	en	hi	true	boundary
train-s1128	12	13	DET	NOUN	hi	hi	false	within
train-s1128	13	15	NOUN	AUX	hi	hi	false	within
train-s1128	15	16	AUX	PRON	hi	hi	false	boundary
train-s1128	16	17	PRON	ADV	hi	hi	false	within
train-s1128	17	18	ADV	VERB	hi	hi	false	within
train-s1128	18	19	VERB	PRON	hi	hi	false	within
train-s1128	19	20	PRON	ADP	hi	hi	false	within
train-s1129	2	3	DET	NOUN	en	en	false	within
train-s1129	3	4	NOUN	ADV	en	en	false	within
train-s1129	4	5	ADV	VERB	en	en	false	within
train-s1129	5	6	VERB	SCONJ	en	en	false	boundary
train-s1129	6	7	SCONJ	VERB	en	en	false	within
train-s1129	7	9	VERB	VERB	en	hi	true	boundary
train-s1129	9	10	VERB	AUX	hi	hi	false	within
train-s1129	10	11	AUX	DET	hi	hi	false	boundary
train-s1129	11	12	DET	NOUN	hi	hi	false	within
train-s1129	12	13	NOUN	ADP	hi	hi	false	within
train-s1129	13	15	ADP	AUX	hi	en	true	boundary
train-s1129	15	16	AUX	ADJ	en	en	false	within
train-s1129	16	17	ADJ	PART	en	en	false	boundary
train-s1129	17	18	PART	VERB	en	en	false	within
train-s1129	18	19	VERB	NOUN	en	en	false	boundary
train-s1129	19	20	NOUN	PART	en	en	false	within
train-s1129	20	21	PART	NOUN	en	en	false	boundary
train-s1130	1	2	PRON	VERB	en	en	false	within
train-s1130	2	3	VERB	PRON	en	en	false	boundary
train-s1130	3	4	PRON	AUX	en	en	false	within
train-s1130	4	5	AUX	ADP	en	en	false	within
train-s1130	5	6	ADP	NOUN	en	hi	true	within
train-s1130	6	7	NOUN	ADP	hi	hi	false	within
train-s1130	7	8	ADP	NOUN	hi	hi	false	boundary
train-s1130	8	9	NOUN	ADV	hi	en	true	boundary
train-s1130	9	10	ADV	PRON	en	en	false	within
train-s1130	10	11	PRON	AUX	en	en	false	within
train-s1130	11	12	AUX	PART	en	en	false	within
train-s1130	12	13	PART	VERB	en	en	false	within
train-s1130	13	14	VERB	PRON	en	en	false	boundary
train-s1130	14	15	PRON	NOUN	en	en	false	within
train-s1131	1	2	SCONJ	PRON	en	en	false	boundary
train-s1131	2	3	PRON	NOUN	en	en	false	within
train-s1131	3	4	NOUN	AUX	en	en	false	within
train-s1131	4	5	AUX	VERB	en	en	false	within
train-s1131	5	6	VERB	NOUN	en	en	false	within
train-s1131	6	7	NOUN	PRON	en	en	false	boundary
train-s1131	7	8	PRON	AUX	en	en	false	within
train-s1131	8	9	AUX	AUX	en	en	false	within
train-s1131	9	10	AUX	NOUN	en	hi	true	boundary
train-s1131	10	11	NOUN	ADP	hi	hi	false	within
train-s1131	11	12	ADP	NOUN	hi	hi	false	boundary
train-s1131	12	13	NOUN	ADP	hi	hi	false	within
train-s1131	13	14	ADP	NOUN	hi	en	true	boundary
train-s1131	14	15	NOUN	ADP	en	en	false	boundary
train-s1131	15	16	ADP	NOUN	en	en	false	within
train-s1132	2	3	VERB	PRON	en	en	false	boundary
train-s1132	3	4	PRON	NOUN	en	en	false	within
train-s1132	4	5	NOUN	ADP	en	en	false	boundary
train-s1132	5	6	ADP	NUM	en	en	false	within
train-s1132	6	7	NUM	NOUN	en	en	false	within
train-s1132	7	9	NOUN	NOUN	en	en	false	boundary
train-s1132	9	11	NOUN	PRON	en	en	false	within
train-s1132	11	12	PRON	VERB	en	en	false	within
train-s1132	12	14	VERB	NOUN	en	hi	true	boundary
train-s1132	14	15	NOUN	NOUN	hi	en	true	within
train-s1132	15	16	NOUN	ADP	en	hi	true	within
train-s1132	16	17	ADP	NOUN	hi	hi	false	boundary
train-s1132	17	18	NOUN	VERB	hi	hi	false	within
train-s1132	18	20	VERB	PRON	hi	en	true	within
train-s1132	20	21	PRON	VERB	en	en	false	within
train-s1132	21	22	VERB	ADP	en	en	false	boundary
train-s1132	22	23	ADP	PRON	en	en	false	within
train-s1132	23	24	PRON	NOUN	en	en	false	within
train-s1133	2	4	AUX	PART	en	en	false	boundary
train-s1133	4	5	PART	NOUN	en	hi	true	boundary
train-s1133	5	6	NOUN	VERB	hi	hi	false	within
train-s1133	6	8	VERB	NOUN	hi	en	true	boundary
train-s1133	8	9	NOUN	NOUN	en	en	false	within
train-s1133	9	10	NOUN	VERB	en	hi	true	within
train-s1133	10	11	VERB	NOUN	hi	hi	false	within
train-s1134	1	2	NOUN	ADP	hi	hi	false	within
train-s1134	2	3	ADP	NOUN	hi	hi	false	boundary
train-s1134	3	4	NOUN	VERB	hi	en	true	within
train-s1134	4	5	VERB	PRON	en	en	false	within
train-s1134	5	6	PRON	NOUN	en	en	false	within
train-s1135	1	2	DET	NOUN	en	en	false	within
train-s1135	2	3	NOUN	VERB	en	en	false	within
train-s1135	3	4	VERB	SCONJ	en	en	false	boundary
train-s1135	4	6	SCONJ	PRON	en	hi	true	within
train-s1135	6	7	PRON	ADJ	hi	hi	false	boundary
train-s1135	7	8	ADJ	NOUN	hi	en	true	within
train-s1135	8	9	NOUN	VERB	en	hi	true	within
train-s1136	2	3	PRON	AUX	en	en	false	within
train-s1136	3	4	AUX	DET	en	en	false	boundary
train-s1136	4	5	DET	NOUN	en	en	false	within
train-s1136	5	6	NOUN	NOUN	en	en	false	within
train-s1136	6	7	NOUN	VERB	en	en	false	within
train-s1136	7	8	VERB	SCONJ	en	en	false	boundary
train-s1136	8	9	SCONJ	VERB	en	en	false	within
train-s1136	9	10	VERB	ADP	en	en	false	boundary
train-s1136	10	11	ADP	NOUN	en	en	false	within
train-s1136	11	12	NOUN	NOUN	en	en	false	within
train-s1136	12	15	NOUN	INTJ	en	hi	true	boundary
train-s1136	15	16	INTJ	PRON	hi	hi	false	within
train-s1136	16	17	PRON	VERB	hi	hi	false	within
train-s1136	17	19	VERB	NOUN	hi	hi	false	within
train-s1137	1	2	NOUN	ADP	en	hi	true	within
train-s1137	2	4	ADP	ADP	hi	hi	false	boundary
train-s1137	4	5	ADP	NOUN	hi	en	true	boundary
train-s1137	5	6	NOUN	NOUN	en	en	false	within
train-s1137	6	7	NOUN	NOUN	en	hi	true	within
train-s1137	7	8	NOUN	AUX	hi	hi	false	within
train-s1138	2	3	NOUN	AUX	hi	hi	false	within
train-s1138	3	4	AUX	CCONJ	hi	hi	false	boundary
train-s1138	4	5	CCONJ	NOUN	hi	hi	false	within
train-s1138	5	6	NOUN	PRON	hi	en	true	boundary
train-s1138	6	7	PRON	VERB	en	en	false	within
train-s1138	7	8	VERB	PART	en	en	false	within
train-s1138	8	9	PART	NOUN	en	en	false	within
train-s1139	1	2	DET	ADJ	hi	en	true	within
train-s1139	2	3	ADJ	NOUN	en	en	false	within
train-s1139	3	4	NOUN	NOUN	en	en	false	within
train-s1139	4	5	NOUN	VERB	en	hi	true	within
train-s1139	5	6	VERB	AUX	hi	hi	false	within
train-s1140	1	2	NOUN	ADP	en	hi	true	within
train-s1140	2	3	ADP	ADP	hi	hi	false	within
train-s1140	3	4	ADP	ADV	hi	hi	false	boundary
train-s1140	4	5	ADV	NOUN	hi	en	true	within
train-s1140	5	6	NOUN	NOUN	en	en	false	within
train-s1140	6	7	NOUN	VERB	en	hi	true	within
train-s1140	7	8	VERB	AUX	hi	hi	false	within
train-s1140	8	9	AUX	AUX	hi	hi	false	within
train-s1141	1	2	SCONJ	VERB	en	en	false	within
train-s1141	2	3	VERB	NOUN	en	hi	true	boundary
train-s1141	3	4	NOUN	ADP	hi	hi	false	within
train-s1141	4	5	ADP	VERB	hi	hi	false	boundary
train-s1141	5	6	VERB	NOUN	hi	en	true	within
train-s1141	6	7	NOUN	PRON	en	en	false	boundary
train-s1141	7	8	PRON	AUX	en	en	false	within
train-s1141	8	9	AUX	VERB	en	en	false	within
train-s1141	9	10	VERB	ADV	en	en	false	within
train-s1142	1	2	NOUN	AUX	en	en	false	within
train-s1142	2	3	AUX	VERB	en	en	false	within
train-s1142	3	4	VERB	NOUN	en	en	false	within
train-s1142	4	5	NOUN	ADP	en	en	false	boundary
train-s1142	5	6	ADP	PRON	en	en	false	within
train-s1142	6	7	PRON	NOUN	en	en	false	within
train-s1142	7	8	NOUN	VERB	en	hi	true	boundary
train-s1142	8	9	VERB	CCONJ	hi	hi	false	boundary
train-s1142	9	10	CCONJ	PART	hi	hi	false	within
train-s1142	10	11	PART	VERB	hi	hi	false	within
train-s1143	1	2	ADJ	NOUN	en	en	false	within
train-s1143	2	3	NOUN	NOUN	en	en	false	boundary
train-s1143	3	4	NOUN	NOUN	en	en	false	within
train-s1143	4	5	NOUN	VERB	en	hi	true	within
train-s1143	5	6	VERB	AUX	hi	hi	false	within
train-s1143	6	7	AUX	AUX	hi	hi	false	within
train-s1143	7	8	AUX	NOUN	hi	en	true	within
train-s1144	1	2	DET	NOUN	hi	hi	false	within
train-s1144	2	4	NOUN	NOUN	hi	hi	false	within
train-s1144	4	6	NOUN	ADP	hi	hi	false	within
train-s1144	6	7	ADP	DET	hi	hi	false	boundary
train-s1144	7	8	DET	NOUN	hi	hi	false	within
train-s1144	8	9	NOUN	ADJ	hi	en	true	within
train-s1144	9	10	ADJ	AUX	en	hi	true	within
train-s1144	10	11	AUX	SCONJ	hi	hi	false	boundary
train-s1144	11	12	SCONJ	PRON	hi	hi	false	within
train-s1144	12	13	PRON	VERB	hi	hi	false	within
train-s1144	13	14	VERB	AUX	hi	hi	false	within
train-s1144	14	15	AUX	AUX	hi	hi	false	within
train-s1144	15	16	AUX	DET	hi	hi	false	boundary
train-s1144	16	17	DET	NOUN	hi	hi	false	within
train-s1144	17	18	NOUN	SCONJ	hi	hi	false	boundary
train-s1144	18	19	SCONJ	PRON	hi	en	true	within
train-s1144	19	20	PRON	AUX	en	en	false	within
train-s1144	20	21	AUX	VERB	en	en	false	within
train-s1145	2	3	AUX	ADJ	en	en	false	within
train-s1145	3	4	ADJ	ADP	en	en	false	boundary
train-s1145	4	6	ADP	SCONJ	en	hi	true	boundary
train-s1145	6	8	SCONJ	ADP	hi	hi	false	boundary
train-s1145	8	9	ADP	NOUN	hi	en	true	boundary
train-s1145	9	10	NOUN	ADP	en	hi	true	within
train-s1145	10	12	ADP	NOUN	hi	en	true	boundary
train-s1145	12	13	NOUN	AUX	en	hi	true	within
train-s1145	13	14	AUX	CCONJ	hi	hi	false	boundary
train-s1145	14	15	CCONJ	PRON	hi	hi	false	within
train-s1145	15	16	PRON	PART	hi	hi	false	within
train-s1145	16	17	PART	ADJ	hi	hi	false	boundary
train-s1145	17	18	ADJ	ADJ	hi	hi	false	within
train-s1146	1	2	NOUN	VERB	en	en	false	within
train-s1146	2	3	VERB	DET	en	en	false	boundary
train-s1146	3	4	DET	ADV	en	en	false	boundary
train-s1146	4	5	ADV	ADJ	en	en	false	within
train-s1146	5	6	ADJ	NOUN	en	en	false	within
train-s1146	6	7	NOUN	ADP	en	en	false	boundary
train-s1146	7	8	ADP	NOUN	en	en	false	within
train-s1146	8	10	NOUN	CCONJ	en	en	false	boundary
train-s1146	10	11	CCONJ	NOUN	en	hi	true	within
train-s1146	11	12	NOUN	PRON	hi	hi	false	within
train-s1146	12	13	PRON	AUX	hi	hi	false	within
train-s1146	13	15	AUX	NOUN	hi	hi	false	boundary
train-s1146	15	16	NOUN	PART	hi	hi	false	within
train-s1146	16	17	PART	ADJ	hi	hi	false	boundary
train-s1146	17	18	ADJ	PART	hi	hi	false	within
train-s1146	18	19	PART	AUX	hi	hi	false	within
train-s1147	1	2	ADJ	NOUN	en	en	false	within
train-s1147	2	3	NOUN	ADP	en	en	false	boundary
train-s1147	3	4	ADP	PROPN	en	en	false	within
train-s1147	4	5	PROPN	AUX	en	en	false	within
train-s1147	5	7	AUX	SCONJ	en	en	false	boundary
train-s1147	7	8	SCONJ	NOUN	en	en	false	within
train-s1147	8	9	NOUN	VERB	en	en	false	within
train-s1147	9	11	VERB	NOUN	en	hi	true	boundary
train-s1147	11	12	NOUN	PRON	hi	hi	false	within
train-s1147	12	13	PRON	NOUN	hi	hi	false	within
train-s1147	13	14	NOUN	VERB	hi	hi	false	within
train-s1147	14	17	VERB	PRON	hi	en	true	boundary
train-s1147	17	18	PRON	ADV	en	en	false	within
train-s1147	18	19	ADV	VERB	en	en	false	within
train-s1147	19	20	VERB	PROPN	en	en	false	within
train-s1148	1	2	NOUN	CCONJ	hi	en	true	boundary
train-s1148	2	3	CCONJ	NOUN	en	hi	true	within
train-s1148	3	4	NOUN	AUX	hi	en	true	boundary
train-s1148	4	5	AUX	DET	en	en	false	within
train-s1148	5	6	DET	NUM	en	en	false	within
train-s1148	6	7	NUM	NOUN	en	en	false	within
train-s1148	7	8	NOUN	PRON	en	hi	true	boundary
train-s1148	8	9	PRON	PRON	hi	hi	false	boundary
train-s1148	9	10	PRON	NOUN	hi	hi	false	within
train-s1148	10	11	NOUN	ADP	hi	hi	false	within
train-s1148	11	12	ADP	NOUN	hi	hi	false	boundary
train-s1148	12	13	NOUN	ADP	hi	hi	false	within
train-s1148	13	14	ADP	PRON	hi	hi	false	boundary
train-s1148	14	15	PRON	NOUN	hi	hi	false	within
train-s1148	15	16	NOUN	ADP	hi	hi	false	within
train-s1148	16	17	ADP	NOUN	hi	hi	false	boundary
train-s1148	17	18	NOUN	VERB	hi	hi	false	within
train-s1148	18	19	VERB	AUX	hi	hi	false	within
train-s1149	1	2	NOUN	ADP	en	en	false	boundary
train-s1149	2	4	ADP	NOUN	en	en	false	boundary
train-s1149	4	5	NOUN	AUX	en	en	false	within
train-s1149	5	6	AUX	VERB	en	en	false	within
train-s1149	6	7	VERB	SCONJ	en	en	false	boundary
train-s1149	7	9	SCONJ	VERB	en	hi	true	within
train-s1149	9	10	VERB	AUX	hi	hi	false	within
train-s1149	10	11	AUX	PRON	hi	hi	false	within
train-s1149	11	13	PRON	CCONJ	hi	en	true	boundary
train-s1149	13	14	CCONJ	PRON	en	en	false	within
train-s1149	14	15	PRON	VERB	en	en	false	within
train-s1149	15	16	VERB	ADV	en	en	false	boundary
train-s1149	16	17	ADV	SCONJ	en	en	false	within
train-s1149	17	19	SCONJ	ADV	en	hi	true	within
train-s1149	19	20	ADV	AUX	hi	hi	false	within
train-s1149	20	21	AUX	PRON	hi	hi	false	within
train-s1150	1	2	VERB	PRON	en	en	false	within
train-s1150	2	3	PRON	DET	en	en	false	boundary
train-s1150	3	4	DET	ADJ	en	hi	true	boundary
train-s1150	4	5	ADJ	ADJ	hi	hi	false	within
train-s1150	5	6	ADJ	NOUN	hi	en	true	within
train-s1151	1	2	PRON	AUX	en	en	false	within
train-s1151	2	3	AUX	PART	en	en	false	within
train-s1151	3	4	PART	VERB	en	en	false	within
train-s1151	4	5	VERB	SCONJ	en	hi	true	boundary
train-s1151	5	6	SCONJ	ADV	hi	hi	false	boundary
train-s1151	6	7	ADV	NOUN	hi	hi	false	within
train-s1151	7	8	NOUN	ADP	hi	hi	false	within
train-s1151	8	9	ADP	NOUN	hi	en	true	boundary
train-s1151	9	10	NOUN	VERB	en	hi	true	within
train-s1151	10	11	VERB	AUX	hi	hi	false	within
train-s1151	11	12	AUX	AUX	hi	hi	false	within
train-s1151	12	13	AUX	ADV	hi	hi	false	boundary
train-s1151	13	14	ADV	PRON	hi	hi	false	within
train-s1151	14	15	PRON	NOUN	hi	en	true	within
train-s1151	15	16	NOUN	ADV	en	hi	true	within
train-s1151	16	17	ADV	VERB	hi	hi	false	within
train-s1151	17	18	VERB	AUX	hi	hi	false	within
train-s1152	1	2	SCONJ	VERB	en	en	false	within
train-s1152	2	4	VERB	ADJ	en	en	false	boundary
train-s1152	4	5	ADJ	NOUN	en	en	false	within
train-s1152	5	6	NOUN	NOUN	en	en	false	within
train-s1152	6	7	NOUN	PRON	en	en	false	boundary
train-s1152	7	8	PRON	VERB	en	en	false	within
train-s1152	8	9	VERB	ADP	en	en	false	boundary
train-s1152	9	11	ADP	PART	en	en	false	boundary
train-s1152	11	12	PART	VERB	en	en	false	within
train-s1152	12	13	VERB	SCONJ	en	hi	true	boundary
train-s1152	13	14	SCONJ	DET	hi	hi	false	boundary
train-s1152	14	15	DET	NOUN	hi	hi	false	within
train-s1152	15	16	NOUN	VERB	hi	hi	false	within
train-s1152	16	17	VERB	AUX	hi	hi	false	within
train-s1153	1	2	DET	ADJ	hi	en	true	within
train-s1153	2	3	ADJ	NOUN	en	en	false	within
train-s1153	3	4	NOUN	ADP	en	hi	true	within
train-s1153	4	5	ADP	ADP	hi	hi	false	within
train-s1153	5	6	ADP	ADJ	hi	en	true	boundary
train-s1153	6	7	ADJ	NOUN	en	en	false	within
train-s1153	7	8	NOUN	ADJ	en	hi	true	boundary
train-s1153	8	9	ADJ	VERB	hi	hi	false	within
train-s1153	9	10	VERB	AUX	hi	hi	false	within
train-s1153	10	11	AUX	NOUN	hi	hi	false	boundary
train-s1153	11	12	NOUN	PART	hi	hi	false	within
train-s1153	12	13	PART	PART	hi	hi	false	boundary
train-s1153	13	14	PART	VERB	hi	hi	false	within
train-s1153	14	15	VERB	AUX	hi	hi	false	within
train-s1154	1	2	ADJ	NOUN	en	en	false	within
train-s1154	2	3	NOUN	ADP	en	hi	true	within
train-s1154	3	4	ADP	PART	hi	hi	false	within
train-s1154	4	5	PART	NOUN	hi	en	true	boundary
train-s1154	5	6	NOUN	VERB	en	hi	true	within
train-s1154	6	7	VERB	AUX	hi	hi	false	within
train-s1154	7	8	AUX	AUX	hi	hi	false	within
train-s1154	8	9	AUX	ADV	hi	hi	false	within
train-s1154	9	10	ADV	ADP	hi	hi	false	within
train-s1155	2	3	NOUN	VERB	hi	hi	false	within
train-s1155	3	5	VERB	NOUN	hi	hi	false	boundary
train-s1155	5	6	NOUN	ADP	hi	hi	false	within
train-s1155	6	7	ADP	NOUN	hi	hi	false	boundary
train-s1155	7	8	NOUN	PART	hi	hi	false	within
train-s1155	8	9	PART	VERB	hi	hi	false	within
train-s1155	9	11	VERB	AUX	hi	en	true	boundary
train-s1155	11	12	AUX	AUX	en	en	false	within
train-s1155	12	13	AUX	AUX	en	en	false	within
train-s1155	13	14	AUX	VERB	en	en	false	within
train-s1155	14	15	VERB	VERB	en	en	false	within
train-s1155	15	17	VERB	NOUN	en	en	false	within
train-s1155	17	18	NOUN	ADP	en	en	false	boundary
train-s1155	18	19	ADP	NOUN	en	en	false	within
train-s1156	1	3	ADJ	PART	en	hi	true	within
train-s1156	3	4	PART	CCONJ	hi	en	true	boundary
train-s1156	4	5	CCONJ	ADJ	en	en	false	within
train-s1156	5	6	ADJ	NOUN	en	en	false	within
train-s1156	6	8	NOUN	PRON	en	hi	true	boundary
train-s1156	8	9	PRON	NOUN	hi	en	true	within
train-s1156	9	10	NOUN	AUX	en	hi	true	within
train-s1156	10	11	AUX	PRON	hi	hi	false	boundary
train-s1156	11	12	PRON	PRON	hi	hi	false	within
train-s1156	12	13	PRON	VERB	hi	hi	false	within
train-s1156	13	14	VERB	AUX	hi	hi	false	within
train-s1157	2	3	ADP	NOUN	hi	hi	false	boundary
train-s1157	3	4	NOUN	AUX	hi	hi	false	within
train-s1157	4	5	AUX	CCONJ	hi	en	true	boundary
train-s1157	5	6	CCONJ	PRON	en	en	false	within
train-s1157	6	7	PRON	AUX	en	en	false	within
train-s1157	7	8	AUX	VERB	en	en	false	within
train-s1157	8	9	VERB	PART	en	en	false	boundary
train-s1157	9	10	PART	VERB	en	en	false	within
train-s1158	1	2	PRON	ADV	hi	en	true	within
train-s1158	2	3	ADV	PRON	en	hi	true	boundary
train-s1158	3	4	PRON	NOUN	hi	en	true	within
train-s1158	4	5	NOUN	NOUN	en	en	false	within
train-s1158	5	6	NOUN	VERB	en	hi	true	within
train-s1158	6	7	VERB	AUX	hi	hi	false	within
train-s1159	1	2	NUM	ADP	en	hi	true	within
train-s1159	2	3	ADP	ADJ	hi	hi	false	boundary
train-s1159	3	4	ADJ	ADJ	hi	en	true	within
train-s1159	4	5	ADJ	NOUN	en	en	false	within
train-s1159	5	6	NOUN	NOUN	en	en	false	within
train-s1159	6	7	NOUN	VERB	en	hi	true	within
train-s1159	7	8	VERB	SCONJ	hi	hi	false	within
train-s1159	8	9	SCONJ	NOUN	hi	en	true	boundary
train-s1159	9	10	NOUN	VERB	en	hi	true	within
train-s1159	10	11	VERB	AUX	hi	hi	false	within
train-s1159	11	12	AUX	AUX	hi	hi	false	within
train-s1160	1	2	PRON	NOUN	hi	hi	false	within
train-s1160	2	3	NOUN	VERB	hi	hi	false	within
train-s1160	3	4	VERB	AUX	hi	hi	false	within
train-s1160	4	5	AUX	AUX	hi	hi	false	within
train-s1160	5	6	AUX	SCONJ	hi	hi	false	boundary
train-s1160	6	7	SCONJ	ADJ	hi	hi	false	boundary
train-s1160	7	8	ADJ	PRON	hi	hi	false	within
train-s1160	8	9	PRON	VERB	hi	hi	false	within
train-s1160	9	10	VERB	AUX	hi	hi	false	within
train-s1160	10	11	AUX	NOUN	hi	hi	false	boundary
train-s1160	11	12	NOUN	VERB	hi	hi	false	within
train-s1160	12	13	VERB	AUX	hi	hi	false	within
train-s1160	13	14	AUX	AUX	hi	hi	false	within
train-s1160	14	15	AUX	CCONJ	hi	en	true	boundary
train-s1160	15	16	CCONJ	DET	en	en	false	boundary
train-s1160	16	17	DET	ADJ	en	en	false	within
train-s1160	17	18	ADJ	NOUN	en	en	false	within
train-s1160	18	19	NOUN	AUX	en	en	false	within
train-s1160	19	20	AUX	ADV	en	en	false	within
train-s1160	20	21	ADV	VERB	en	en	false	within
train-s1160	21	22	VERB	PRON	en	en	false	within
train-s1161	1	2	PRON	ADP	hi	hi	false	within
train-s1161	2	3	ADP	ADP	hi	hi	false	within
train-s1161	3	4	ADP	NOUN	hi	en	true	boundary
train-s1161	4	5	NOUN	CCONJ	en	hi	true	boundary
train-s1161	5	6	CCONJ	NOUN	hi	en	true	within
train-s1161	6	7	NOUN	ADP	en	hi	true	within
train-s1161	7	8	ADP	ADJ	hi	en	true	boundary
train-s1161	8	9	ADJ	NOUN	en	en	false	within
train-s1161	9	10	NOUN	AUX	en	hi	true	within
train-s1162	1	2	NOUN	ADP	hi	hi	false	within
train-s1162	2	3	ADP	NOUN	hi	en	true	boundary
train-s1162	3	4	NOUN	AUX	en	en	false	within
train-s1162	4	5	AUX	DET	en	en	false	within
train-s1162	5	6	DET	ADJ	en	en	false	within
train-s1162	6	7	ADJ	NOUN	en	hi	true	within
train-s1162	7	8	NOUN	ADP	hi	en	true	boundary
train-s1162	8	9	ADP	PRON	en	en	false	within
train-s1162	9	10	PRON	NOUN	en	en	false	within
train-s1162	10	11	NOUN	ADV	en	en	false	boundary
train-s1162	11	12	ADV	ADV	en	en	false	within
train-s1163	2	3	NOUN	AUX	en	en	false	within
train-s1163	3	4	AUX	VERB	en	en	false	within
train-s1163	4	5	VERB	PART	en	en	false	boundary
train-s1163	5	6	PART	VERB	en	en	false	within
train-s1163	6	7	VERB	CCONJ	en	en	false	boundary
train-s1163	7	8	CCONJ	DET	en	hi	true	boundary
train-s1163	8	9	DET	NOUN	hi	hi	false	within
train-s1163	9	10	NOUN	VERB	hi	hi	false	within
train-s1163	10	11	VERB	ADJ	hi	en	true	within
train-s1164	1	2	DET	NOUN	en	hi	true	within
train-s1164	2	3	NOUN	NOUN	hi	en	true	within
train-s1164	3	4	NOUN	ADV	en	en	false	boundary
train-s1164	4	5	ADV	NOUN	en	en	false	within
train-s1164	5	6	NOUN	VERB	en	en	false	within
train-s1164	6	7	VERB	PART	en	en	false	boundary
train-s1164	7	8	PART	VERB	en	en	false	within
train-s1164	8	10	VERB	PRON	en	hi	true	boundary
train-s1164	10	11	PRON	NOUN	hi	hi	false	within
train-s1164	11	12	NOUN	ADP	hi	hi	false	within
train-s1164	12	13	ADP	NOUN	hi	hi	false	boundary
train-s1164	13	14	NOUN	PRON	hi	hi	false	within
train-s1164	14	15	PRON	VERB	hi	hi	false	within
train-s1164	15	16	VERB	AUX	hi	hi	false	within
train-s1164	16	17	AUX	SCONJ	hi	hi	false	boundary
train-s1164	17	18	SCONJ	PRON	hi	hi	false	within
train-s1164	18	19	PRON	NOUN	hi	hi	false	within
train-s1164	19	20	NOUN	VERB	hi	hi	false	within
train-s1164	20	21	VERB	AUX	hi	hi	false	within
train-s1165	1	2	AUX	PRON	en	en	false	within
train-s1165	2	3	PRON	ADJ	en	en	false	within
train-s1165	3	4	ADJ	SCONJ	en	en	false	boundary
train-s1165	4	5	SCONJ	NUM	en	hi	true	boundary
train-s1165	5	6	NUM	VERB	hi	hi	false	boundary
train-s1165	6	8	VERB	ADP	hi	hi	false	within
train-s1165	8	9	ADP	ADP	hi	hi	false	within
train-s1165	9	10	ADP	NOUN	hi	en	true	boundary
train-s1165	10	11	NOUN	ADJ	en	en	false	within
train-s1165	11	12	ADJ	AUX	en	hi	true	within
train-s1166	1	2	VERB	DET	en	en	false	boundary
train-s1166	2	3	DET	NOUN	en	en	false	within
train-s1166	3	4	NOUN	ADV	en	hi	true	boundary
train-s1166	4	5	ADV	NOUN	hi	en	true	boundary
train-s1166	5	6	NOUN	CCONJ	en	hi	true	boundary
train-s1166	6	7	CCONJ	NOUN	hi	en	true	within
train-s1166	7	8	NOUN	ADP	en	hi	true	within
train-s1166	8	9	ADP	NOUN	hi	en	true	boundary
train-s1166	9	10	NOUN	ADP	en	hi	true	within
train-s1166	10	11	ADP	ADP	hi	hi	false	within
train-s1166	11	12	ADP	ADP	hi	hi	false	within
train-s1166	12	13	ADP	PRON	hi	hi	false	boundary
train-s1166	13	14	PRON	PART	hi	hi	false	within
train-s1166	14	15	PART	VERB	hi	hi	false	within
train-s1166	15	16	VERB	AUX	hi	hi	false	within
train-s1167	1	2	ADJ	VERB	en	en	false	within
train-s1167	2	3	VERB	NOUN	en	en	false	within
train-s1167	3	4	NOUN	ADP	en	hi	true	within
train-s1167	4	5	ADP	NOUN	hi	hi	false	boundary
train-s1167	5	6	NOUN	PRON	hi	hi	false	within
train-s1167	6	7	PRON	AUX	hi	hi	false	within
train-s1167	7	8	AUX	SCONJ	hi	hi	false	boundary
train-s1167	8	9	SCONJ	PRON	hi	hi	false	within
train-s1167	9	10	PRON	ADP	hi	hi	false	within
train-s1167	10	11	ADP	PRON	hi	hi	false	boundary
train-s1167	11	12	PRON	VERB	hi	hi	false	within
train-s1167	12	13	VERB	PART	hi	hi	false	within
train-s1168	2	3	ADJ	NOUN	en	en	false	within
train-s1168	3	5	NOUN	NOUN	en	en	false	within
train-s1168	5	6	NOUN	ADV	en	hi	true	within
train-s1168	6	7	ADV	ADJ	hi	hi	false	within
train-s1168	7	8	ADJ	VERB	hi	hi	false	within
train-s1168	8	10	VERB	CCONJ	hi	hi	false	boundary
train-s1168	10	11	CCONJ	PRON	hi	hi	false	within
train-s1168	11	12	PRON	NOUN	hi	hi	false	within
train-s1168	12	13	NOUN	SCONJ	hi	hi	false	within
train-s1169	1	2	PRON	AUX	en	en	false	within
train-s1169	2	3	AUX	VERB	en	en	false	within
train-s1169	3	4	VERB	DET	en	en	false	boundary
train-s1169	4	5	DET	NOUN	en	en	false	within
train-s1169	5	6	NOUN	SCONJ	en	hi	true	boundary
train-s1169	6	7	SCONJ	DET	hi	hi	false	boundary
train-s1169	7	8	DET	NOUN	hi	en	true	within
train-s1169	8	9	NOUN	ADP	en	hi	true	within
train-s1169	9	10	ADP	PART	hi	hi	false	boundary
train-s1169	10	11	PART	VERB	hi	hi	false	within
train-s1169	11	12	VERB	AUX	hi	hi	false	within
train-s1170	1	2	VERB	DET	en	en	false	boundary
train-s1170	2	3	DET	NOUN	en	en	false	within
train-s1170	3	4	NOUN	ADV	en	en	false	within
train-s1170	4	6	ADV	DET	en	hi	true	boundary
train-s1170	6	7	DET	PRON	hi	hi	false	within
train-s1170	7	8	PRON	PART	hi	hi	false	within
train-s1170	8	9	PART	VERB	hi	hi	false	boundary
train-s1170	9	10	VERB	PART	hi	hi	false	within
train-s1170	10	11	PART	AUX	hi	hi	false	within
train-s1171	1	2	NOUN	ADV	en	hi	true	boundary
train-s1171	2	3	ADV	ADJ	hi	en	true	within
train-s1171	3	4	ADJ	PART	en	hi	true	within
train-s1171	4	5	PART	VERB	hi	hi	false	boundary
train-s1171	5	6	VERB	AUX	hi	hi	false	within
train-s1171	6	7	AUX	AUX	hi	hi	false	within
train-s1172	2	3	AUX	ADJ	en	en	false	within
train-s1172	3	6	ADJ	DET	en	en	false	boundary
train-s1172	6	7	DET	NOUN	en	en	false	within
train-s1172	7	9	NOUN	ADV	en	hi	true	boundary
train-s1172	9	10	ADV	ADJ	hi	hi	false	within
train-s1172	10	11	ADJ	VERB	hi	hi	false	within
train-s1172	11	12	VERB	AUX	hi	hi	false	within
train-s1172	12	13	AUX	NOUN	hi	en	true	boundary
train-s1172	13	14	NOUN	ADV	en	hi	true	within
train-s1172	14	15	ADV	ADP	hi	hi	false	within
train-s1172	15	16	ADP	NOUN	hi	hi	false	boundary
train-s1172	16	17	NOUN	VERB	hi	hi	false	within
train-s1172	17	18	VERB	AUX	hi	hi	false	within
train-s1172	18	19	AUX	AUX	hi	hi	false	within
train-s1173	1	2	NOUN	ADP	en	hi	true	within
train-s1173	2	3	ADP	ADJ	hi	hi	false	boundary
train-s1173	3	4	ADJ	ADJ	hi	hi	false	within
train-s1173	4	5	ADJ	NOUN	hi	en	true	within
train-s1174	1	2	PRON	PRON	hi	hi	false	within
train-s1174	2	3	PRON	ADP	hi	hi	false	within
train-s1174	3	4	ADP	NOUN	hi	hi	false	boundary
train-s1174	4	5	NOUN	AUX	hi	hi	false	within
train-s1174	5	6	AUX	AUX	hi	hi	false	within
train-s1174	6	7	AUX	PRON	hi	en	true	boundary
train-s1174	7	8	PRON	PRON	en	en	false	within
train-s1174	8	9	PRON	VERB	en	en	false	within
train-s1174	9	10	VERB	PRON	en	en	false	boundary
train-s1174	10	11	PRON	NOUN	en	en	false	within
train-s1174	11	12	NOUN	ADP	en	en	false	boundary
train-s1174	12	13	ADP	DET	en	en	false	within
train-s1174	13	14	DET	NOUN	en	en	false	within
train-s1174	14	15	NOUN	PRON	en	en	false	boundary
train-s1174	15	16	PRON	AUX	en	en	false	within
train-s1174	16	17	AUX	ADV	en	en	false	within
train-s1174	17	18	ADV	ADP	en	en	false	within
train-s1175	1	2	ADV	AUX	en	en	false	within
train-s1175	2	4	AUX	ADJ	en	en	false	within
train-s1175	4	5	ADJ	PRON	en	hi	true	boundary
train-s1175	5	6	PRON	PART	hi	hi	false	within
train-s1175	6	7	PART	VERB	hi	hi	false	boundary
train-s1176	2	3	AUX	PRON	en	en	false	within
train-s1176	3	4	PRON	SCONJ	en	en	false	boundary
train-s1176	4	5	SCONJ	PRON	en	hi	true	boundary
train-s1176	5	6	PRON	ADP	hi	hi	false	within
train-s1176	6	7	ADP	NOUN	hi	hi	false	boundary
train-s1176	7	8	NOUN	VERB	hi	hi	false	within
train-s1176	8	10	VERB	CCONJ	hi	hi	false	boundary
train-s1176	10	11	CCONJ	PRON	hi	hi	false	within
train-s1176	11	12	PRON	ADP	hi	hi	false	within
train-s1176	12	13	ADP	VERB	hi	hi	false	boundary
train-s1177	2	3	NOUN	AUX	en	en	false	within
train-s1177	3	4	AUX	VERB	en	en	false	within
train-s1177	4	5	VERB	PRON	en	en	false	within
train-s1177	5	7	PRON	NOUN	en	hi	true	within
train-s1177	7	8	NOUN	PART	hi	hi	false	within
train-s1177	8	9	PART	PRON	hi	hi	false	boundary
train-s1177	9	10	PRON	NOUN	hi	hi	false	within
train-s1177	10	11	NOUN	VERB	hi	hi	false	within
train-s1178	1	2	ADV	ADP	hi	hi	false	within
train-s1178	2	3	ADP	NOUN	hi	en	true	boundary
train-s1178	3	4	NOUN	AUX	en	en	false	within
train-s1178	4	5	AUX	VERB	en	en	false	within
train-s1178	5	6	VERB	PART	en	en	false	boundary
train-s1178	6	7	PART	VERB	en	en	false	within
train-s1178	7	8	VERB	ADP	en	en	false	boundary
train-s1178	8	9	ADP	VERB	en	en	false	within
train-s1179	2	3	ADV	DET	en	en	false	boundary
train-s1179	3	4	DET	NOUN	en	en	false	within
train-s1179	4	5	NOUN	ADP	en	en	false	boundary
train-s1179	5	6	ADP	PROPN	en	en	false	within
train-s1179	6	7	PROPN	VERB	en	en	false	boundary
train-s1179	7	8	VERB	ADP	en	en	false	boundary
train-s1179	8	10	ADP	NOUN	en	en	false	within
train-s1179	10	12	NOUN	NOUN	en	en	false	within
train-s1179	12	13	NOUN	ADP	en	en	false	boundary
train-s1179	13	14	ADP	PRON	en	en	false	within
train-s1179	14	15	PRON	NOUN	en	en	false	within
train-s1179	15	17	NOUN	PRON	en	en	false	boundary
train-s1179	17	18	PRON	VERB	en	en	false	within
train-s1179	18	19	VERB	NOUN	en	hi	true	boundary
train-s1179	19	20	NOUN	VERB	hi	hi	false	within
train-s1179	20	21	VERB	AUX	hi	hi	false	within
train-s1179	21	22	AUX	AUX	hi	hi	false	within
train-s1180	1	2	PRON	AUX	en	en	false	within
train-s1180	2	4	AUX	CCONJ	en	en	false	boundary
train-s1180	4	5	CCONJ	NOUN	en	en	false	within
train-s1180	5	6	NOUN	VERB	en	hi	true	within
train-s1180	6	7	VERB	AUX	hi	hi	false	within
train-s1181	1	5	NOUN	ADV	en	hi	true	boundary
train-s1181	5	6	ADV	PRON	hi	hi	false	within
train-s1181	6	7	PRON	VERB	hi	hi	false	within
train-s1181	7	8	VERB	AUX	hi	hi	false	within
train-s1181	8	10	AUX	VERB	hi	en	true	boundary
train-s1181	10	11	VERB	ADJ	en	en	false	boundary
train-s1181	11	12	ADJ	NOUN	en	en	false	within
train-s1181	12	13	NOUN	ADP	en	en	false	boundary
train-s1181	13	14	ADP	PRON	en	en	false	within
train-s1181	14	15	PRON	ADV	en	en	false	within
train-s1182	1	2	DET	NOUN	en	en	false	within
train-s1182	2	3	NOUN	ADP	en	en	false	boundary
train-s1182	3	4	ADP	DET	en	en	false	within
train-s1182	4	5	DET	NOUN	en	en	false	within
train-s1182	5	6	NOUN	VERB	en	en	false	boundary
train-s1182	6	7	VERB	PRON	en	hi	true	boundary
train-s1182	7	8	PRON	ADP	hi	hi	false	within
train-s1182	8	9	ADP	PRON	hi	hi	false	boundary
train-s1182	9	11	PRON	NOUN	hi	hi	false	within
train-s1182	11	12	NOUN	NOUN	hi	hi	false	within
train-s1182	12	13	NOUN	VERB	hi	hi	false	within
train-s1183	1	2	NOUN	NOUN	en	en	false	within
train-s1183	2	3	NOUN	ADV	en	en	false	within
train-s1183	3	4	ADV	VERB	en	en	false	within
train-s1183	4	5	VERB	SCONJ	en	en	false	boundary
train-s1183	5	6	SCONJ	ADV	en	hi	true	boundary
train-s1183	6	7	ADV	ADP	hi	hi	false	within
train-s1183	7	8	ADP	NOUN	hi	hi	false	boundary
train-s1183	8	9	NOUN	ADJ	hi	hi	false	within
train-s1183	9	10	ADJ	VERB	hi	hi	false	within
train-s1183	10	11	VERB	AUX	hi	hi	false	within
train-s1183	11	13	AUX	PART	hi	en	true	within
train-s1184	2	3	ADP	ADJ	hi	en	true	boundary
train-s1184	3	4	ADJ	NOUN	en	en	false	within
train-s1184	4	5	NOUN	PART	en	hi	true	within
train-s1184	5	6	PART	VERB	hi	hi	false	boundary
train-s1184	6	7	VERB	AUX	hi	hi	false	within
train-s1184	7	8	AUX	PRON	hi	hi	false	within
train-s1185	1	2	PRON	DET	en	en	false	boundary
train-s1185	2	3	DET	NOUN	en	en	false	within
train-s1185	3	4	NOUN	AUX	en	en	false	within
train-s1185	4	6	AUX	ADJ	en	hi	true	within
train-s1185	6	7	ADJ	PART	hi	hi	false	within
train-s1185	7	8	PART	NOUN	hi	hi	false	boundary
train-s1185	8	9	NOUN	NOUN	hi	en	true	within
train-s1185	9	11	NOUN	ADP	en	en	false	boundary
train-s1185	11	12	ADP	NOUN	en	en	false	within
train-s1186	1	2	NOUN	NOUN	en	en	false	within
train-s1186	2	3	NOUN	ADP	en	hi	true	within
train-s1186	3	4	ADP	ADP	hi	hi	false	within
train-s1186	4	6	ADP	ADP	hi	hi	false	boundary
train-s1186	6	7	ADP	NOUN	hi	hi	false	boundary
train-s1186	7	8	NOUN	NOUN	hi	en	true	within
train-s1186	8	9	NOUN	AUX	en	hi	true	within
train-s1187	1	2	PRON	AUX	en	en	false	within
train-s1187	2	3	AUX	DET	en	en	false	within
train-s1187	3	5	DET	NOUN	en	en	false	within
train-s1187	5	6	NOUN	PRON	en	hi	true	boundary
train-s1187	6	7	PRON	ADP	hi	hi	false	within
train-s1187	7	8	ADP	NOUN	hi	en	true	boundary
train-s1187	8	9	NOUN	VERB	en	hi	true	within
train-s1187	9	10	VERB	SCONJ	hi	hi	false	within
train-s1187	10	11	SCONJ	ADV	hi	hi	false	within
train-s1187	11	12	ADV	PART	hi	hi	false	within
train-s1187	12	13	PART	PRON	hi	en	true	boundary
train-s1187	13	14	PRON	VERB	en	en	false	within
train-s1187	14	15	VERB	SCONJ	en	en	false	boundary
train-s1187	15	16	SCONJ	INTJ	en	en	false	within
train-s1187	16	17	INTJ	PRON	en	en	false	boundary
train-s1187	17	19	PRON	AUX	en	en	false	boundary
train-s1187	19	20	AUX	ADJ	en	en	false	within
train-s1188	1	2	PRON	DET	hi	hi	false	boundary
train-s1188	2	3	DET	NOUN	hi	hi	false	within
train-s1188	3	4	NOUN	PART	hi	hi	false	within
train-s1188	4	5	PART	VERB	hi	hi	false	within
train-s1188	5	6	VERB	CCONJ	hi	en	true	boundary
train-s1188	6	7	CCONJ	ADV	en	en	false	boundary
train-s1188	7	8	ADV	ADV	en	en	false	within
train-s1188	8	9	ADV	PRON	en	en	false	within
train-s1188	9	10	PRON	AUX	en	en	false	within
train-s1188	10	11	AUX	VERB	en	en	false	within
train-s1188	11	12	VERB	ADJ	en	en	false	boundary
train-s1188	12	13	ADJ	ADP	en	en	false	within
train-s1188	13	14	ADP	PRON	en	en	false	within
train-s1188	14	15	PRON	NOUN	en	en	false	within
train-s1189	1	2	NOUN	NOUN	en	en	false	within
train-s1189	2	3	NOUN	ADP	en	hi	true	within
train-s1189	3	4	ADP	NOUN	hi	en	true	boundary
train-s1189	4	5	NOUN	NOUN	en	hi	true	within
train-s1189	5	6	NOUN	ADP	hi	hi	false	within
train-s1189	6	7	ADP	DET	hi	hi	false	boundary
train-s1189	7	8	DET	NOUN	hi	hi	false	within
train-s1189	8	9	NOUN	VERB	hi	hi	false	within
train-s1189	9	10	VERB	AUX	hi	hi	false	within
train-s1189	10	11	AUX	NOUN	hi	hi	false	within
train-s1190	1	2	ADJ	NOUN	en	en	false	within
train-s1190	2	3	NOUN	VERB	en	en	false	within
train-s1190	3	4	VERB	NOUN	en	en	false	within
train-s1190	4	5	NOUN	ADP	en	en	false	boundary
train-s1190	5	6	ADP	NOUN	en	en	false	within
train-s1190	6	7	NOUN	CCONJ	en	en	false	boundary
train-s1190	7	8	CCONJ	VERB	en	en	false	within
train-s1190	8	9	VERB	PRON	en	en	false	boundary
train-s1190	9	10	PRON	NOUN	en	en	false	within
train-s1190	10	11	NOUN	NOUN	en	hi	true	boundary
train-s1190	11	12	NOUN	PRON	hi	hi	false	within
train-s1190	12	13	PRON	DET	hi	hi	false	boundary
train-s1190	13	14	DET	NOUN	hi	hi	false	within
train-s1190	14	15	NOUN	VERB	hi	hi	false	within
train-s1190	15	16	VERB	AUX	hi	hi	false	within
train-s1191	1	2	PRON	NOUN	hi	en	true	within
train-s1191	2	3	NOUN	VERB	en	hi	true	within
train-s1191	3	4	VERB	SCONJ	hi	hi	false	boundary
train-s1191	4	5	SCONJ	NOUN	hi	en	true	within
train-s1191	5	6	NOUN	PART	en	hi	true	within
train-s1191	6	7	PART	VERB	hi	hi	false	within
train-s1192	1	2	ADV	PART	hi	hi	false	within
train-s1192	2	3	PART	VERB	hi	hi	false	boundary
train-s1192	3	4	VERB	AUX	hi	hi	false	within
train-s1192	4	5	AUX	PRON	hi	en	true	boundary
train-s1192	5	6	PRON	AUX	en	en	false	within
train-s1192	6	7	AUX	PART	en	en	false	within
train-s1192	7	8	PART	AUX	en	en	false	within
train-s1192	8	9	AUX	DET	en	en	false	within
train-s1192	9	10	DET	NOUN	en	en	false	within
train-s1193	2	3	NOUN	ADP	hi	hi	false	within
train-s1193	3	4	ADP	NOUN	hi	en	true	boundary
train-s1193	4	5	NOUN	ADP	en	hi	true	within
train-s1193	5	6	ADP	ADV	hi	hi	false	boundary
train-s1193	6	7	ADV	VERB	hi	hi	false	within
train-s1193	7	8	VERB	AUX	hi	hi	false	within
train-s1193	8	10	AUX	AUX	hi	en	true	boundary
train-s1193	10	11	AUX	PRON	en	en	false	within
train-s1193	11	12	PRON	ADJ	en	en	false	within
train-s1193	12	13	ADJ	NOUN	en	en	false	within
train-s1193	13	14	NOUN	DET	en	en	false	boundary
train-s1193	14	15	DET	NOUN	en	en	false	within
train-s1194	1	2	NOUN	VERB	en	en	false	within
train-s1194	2	3	VERB	ADP	en	en	false	boundary
train-s1194	3	4	ADP	NUM	en	hi	true	boundary
train-s1194	4	5	NUM	ADJ	hi	hi	false	within
train-s1194	5	6	ADJ	NOUN	hi	hi	false	within
train-s1195	1	2	PRON	NOUN	hi	hi	false	within
train-s1195	2	3	NOUN	ADP	hi	hi	false	within
train-s1195	3	4	ADP	ADV	hi	hi	false	boundary
train-s1195	4	5	ADV	ADV	hi	en	true	boundary
train-s1195	5	6	ADV	NOUN	en	en	false	within
train-s1195	6	7	NOUN	ADP	en	hi	true	within
train-s1195	7	8	ADP	NOUN	hi	en	true	boundary
train-s1195	8	9	NOUN	VERB	en	hi	true	within
train-s1195	9	10	VERB	VERB	hi	hi	false	within
train-s1196	2	3	ADJ	NOUN	en	en	false	within
train-s1196	3	5	NOUN	NOUN	en	en	false	boundary
train-s1196	5	6	NOUN	NOUN	en	en	false	within
train-s1196	6	7	NOUN	VERB	en	hi	true	within
train-s1196	7	8	VERB	SCONJ	hi	hi	false	within
train-s1196	8	9	SCONJ	PRON	hi	hi	false	boundary
train-s1196	9	10	PRON	NOUN	hi	en	true	within
train-s1196	10	11	NOUN	VERB	en	hi	true	within
train-s1196	11	12	VERB	AUX	hi	hi	false	within
train-s1197	1	2	DET	NOUN	hi	hi	false	within
train-s1197	2	3	NOUN	DET	hi	hi	false	boundary
train-s1197	3	4	DET	NOUN	hi	hi	false	within
train-s1197	4	5	NOUN	ADJ	hi	hi	false	within
train-s1197	5	6	ADJ	PART	hi	hi	false	within
train-s1197	6	7	PART	PART	hi	hi	false	boundary
train-s1197	7	8	PART	VERB	hi	hi	false	within
train-s1197	8	9	VERB	AUX	hi	hi	false	within
train-s1197	9	10	AUX	PRON	hi	en	true	boundary
train-s1197	10	11	PRON	AUX	en	en	false	within
train-s1197	11	12	AUX	ADV	en	en	false	within
train-s1197	12	13	ADV	VERB	en	en	false	within
train-s1197	13	15	VERB	ADP	en	hi	true	boundary
train-s1197	15	16	ADP	NOUN	hi	en	true	boundary
train-s1197	16	17	NOUN	VERB	en	hi	true	within
train-s1197	17	18	VERB	AUX	hi	hi	false	within
train-s1197	18	19	AUX	AUX	hi	hi	false	within
train-s1198	2	3	PRON	VERB	en	en	false	within
train-s1198	3	5	VERB	ADJ	en	en	false	boundary
train-s1198	5	6	ADJ	NOUN	en	en	false	within
train-s1198	6	9	NOUN	ADP	en	hi	true	boundary
train-s1198	9	10	ADP	NOUN	hi	en	true	boundary
train-s1198	10	11	NOUN	VERB	en	hi	true	within
train-s1199	1	2	NOUN	VERB	en	hi	true	within
train-s1199	2	3	VERB	VERB	hi	hi	false	within
train-s1199	3	4	VERB	AUX	hi	hi	false	within
train-s1199	4	5	AUX	NOUN	hi	en	true	boundary
train-s1199	5	6	NOUN	VERB	en	hi	true	within
train-s1199	6	7	VERB	AUX	hi	hi	false	within
train-s1199	7	8	AUX	AUX	hi	hi	false	within
train-s1199	8	9	AUX	AUX	hi	en	true	boundary
train-s1199	9	10	AUX	PART	en	en	false	within
train-s1199	10	11	PART	ADV	en	en	false	within
train-s1199	11	12	ADV	VERB	en	en	false	within
train-s1199	12	13	VERB	DET	en	en	false	boundary
train-s1199	13	14	DET	NOUN	en	en	false	within
train-s1199	14	15	NOUN	SCONJ	en	en	false	boundary
train-s1199	15	16	SCONJ	PRON	en	en	false	within
train-s1199	16	17	PRON	AUX	en	en	false	within
train-s1199	17	18	AUX	DET	en	en	false	within
train-s1199	18	19	DET	NOUN	en	en	false	within
train-s1199	19	20	NOUN	ADP	en	en	false	boundary
train-s1199	20	21	ADP	NOUN	en	en	false	within
train-s1199	21	22	NOUN	ADV	en	en	false	within
train-s1200	1	2	PRON	VERB	en	en	false	within
train-s1200	2	3	VERB	DET	en	en	false	boundary
train-s1200	3	4	DET	ADJ	en	en	false	within
train-s1200	4	5	ADJ	NOUN	en	en	false	within
train-s1200	5	6	NOUN	ADP	en	en	false	boundary
train-s1200	6	7	ADP	NOUN	en	en	false	within
train-s1200	7	8	NOUN	ADV	en	en	false	within
train-s1200	8	9	ADV	CCONJ	en	hi	true	boundary
train-s1200	9	10	CCONJ	ADV	hi	hi	false	within
train-s1200	10	11	ADV	ADP	hi	hi	false	within
train-s1200	11	12	ADP	NOUN	hi	en	true	boundary
train-s1200	12	13	NOUN	VERB	en	hi	true	within
train-s1200	13	14	VERB	AUX	hi	hi	false	within
train-s1200	14	15	AUX	AUX	hi	hi	false	within
train-s1200	15	16	AUX	AUX	hi	hi	false	within
train-s1201	1	2	PRON	AUX	en	en	false	within
train-s1201	2	4	AUX	CCONJ	en	hi	true	boundary
train-s1201	4	5	CCONJ	NOUN	hi	hi	false	within
train-s1201	5	6	NOUN	ADP	hi	hi	false	within
train-s1201	6	7	ADP	DET	hi	hi	false	boundary
train-s1201	7	9	DET	PRON	hi	hi	false	boundary
train-s1201	9	10	PRON	AUX	hi	hi	false	within
train-s1202	1	2	PRON	AUX	en	en	false	within
train-s1202	2	3	AUX	ADV	en	en	false	within
train-s1202	3	4	ADV	AUX	en	en	false	within
train-s1202	4	5	AUX	NUM	en	en	false	within
train-s1202	5	6	NUM	ADP	en	en	false	boundary
train-s1202	6	7	ADP	DET	en	en	false	within
train-s1202	7	9	DET	PRON	en	hi	true	boundary
train-s1202	9	10	PRON	PART	hi	hi	false	within
train-s1202	10	11	PART	NOUN	hi	hi	false	boundary
train-s1202	11	12	NOUN	ADP	hi	hi	false	within
train-s1202	12	13	ADP	VERB	hi	hi	false	boundary
train-s1202	13	14	VERB	AUX	hi	hi	false	within
train-s1202	14	16	AUX	NOUN	hi	en	true	boundary
train-s1203	2	3	ADP	DET	en	en	false	within
train-s1203	3	4	DET	ADJ	en	en	false	within
train-s1203	4	5	ADJ	NOUN	en	en	false	within
train-s1203	5	7	NOUN	PRON	en	en	false	within
train-s1203	7	8	PRON	AUX	en	en	false	within
train-s1203	8	9	AUX	ADJ	en	en	false	within
train-s1203	9	10	ADJ	NOUN	en	en	false	within
train-s1203	10	11	NOUN	VERB	en	en	false	within
train-s1203	11	12	VERB	ADV	en	hi	true	boundary
train-s1203	12	13	ADV	PRON	hi	hi	false	within
train-s1203	13	14	PRON	PRON	hi	hi	false	within
train-s1203	14	15	PRON	VERB	hi	hi	false	within
train-s1204	1	4	PRON	VERB	en	en	false	within
train-s1204	4	5	VERB	ADP	en	en	false	boundary
train-s1204	5	6	ADP	ADP	en	en	false	within
train-s1204	6	7	ADP	ADP	en	en	false	within
train-s1204	7	8	ADP	NOUN	en	en	false	boundary
train-s1204	8	9	NOUN	CCONJ	en	en	false	boundary
train-s1204	9	10	CCONJ	VERB	en	en	false	within
train-s1204	10	11	VERB	NOUN	en	hi	true	boundary
train-s1204	11	12	NOUN	NOUN	hi	en	true	within
train-s1204	12	13	NOUN	PRON	en	hi	true	within
train-s1204	13	14	PRON	NOUN	hi	hi	false	within
train-s1204	14	15	NOUN	ADP	hi	hi	false	within
train-s1205	2	3	ADP	DET	en	en	false	within
train-s1205	3	4	DET	NOUN	en	en	false	within
train-s1205	4	5	NOUN	PRON	en	en	false	within
train-s1205	5	6	PRON	VERB	en	en	false	within
train-s1205	6	7	VERB	PART	en	en	false	within
train-s1205	7	9	PART	NOUN	en	en	false	boundary
train-s1205	9	10	NOUN	ADV	en	en	false	within
train-s1205	10	11	ADV	VERB	en	en	false	within
train-s1205	11	12	VERB	VERB	en	en	false	within
train-s1205	12	13	VERB	DET	en	en	false	boundary
train-s1205	13	14	DET	NOUN	en	en	false	within
train-s1205	14	16	NOUN	NOUN	en	hi	true	boundary
train-s1205	16	17	NOUN	VERB	hi	hi	false	within
train-s1205	17	18	VERB	AUX	hi	hi	false	within
train-s1205	18	19	AUX	NOUN	hi	hi	false	within
train-s1206	1	2	NOUN	NOUN	hi	en	true	within
train-s1206	2	3	NOUN	VERB	en	hi	true	within
train-s1206	3	4	VERB	NOUN	hi	en	true	within
train-s1206	4	5	NOUN	PRON	en	en	false	boundary
train-s1206	5	6	PRON	VERB	en	en	false	boundary
train-s1206	6	7	VERB	PART	en	en	false	within
train-s1206	7	8	PART	VERB	en	en	false	within
train-s1207	1	2	ADP	DET	en	en	false	within
train-s1207	2	3	DET	NOUN	en	en	false	within
train-s1207	3	4	NOUN	ADP	en	en	false	boundary
train-s1207	4	6	ADP	NOUN	en	hi	true	boundary
train-s1207	6	7	NOUN	ADP	hi	hi	false	within
train-s1207	7	8	ADP	NOUN	hi	hi	false	boundary
train-s1207	8	10	NOUN	AUX	hi	en	true	boundary
train-s1207	10	12	AUX	VERB	en	en	false	within
train-s1207	12	13	VERB	VERB	en	en	false	within
train-s1208	2	3	NOUN	AUX	en	en	false	within
train-s1208	3	4	AUX	VERB	en	en	false	within
train-s1208	4	5	VERB	SCONJ	en	hi	true	boundary
train-s1208	5	6	SCONJ	NOUN	hi	hi	false	within
train-s1208	6	7	NOUN	NOUN	hi	hi	false	within
train-s1208	7	8	NOUN	VERB	hi	hi	false	within
train-s1208	8	9	VERB	AUX	hi	hi	false	within
train-s1208	9	10	AUX	AUX	hi	hi	false	within
train-s1209	1	2	NOUN	NOUN	hi	hi	false	within
train-s1209	2	5	NOUN	ADP	hi	hi	false	boundary
train-s1209	5	6	ADP	NOUN	hi	en	true	boundary
train-s1209	6	7	NOUN	NOUN	en	en	false	within
train-s1209	7	8	NOUN	PRON	en	hi	true	within
train-s1209	8	9	PRON	VERB	hi	hi	false	within
train-s1209	9	10	VERB	AUX	hi	hi	false	within
train-s1209	10	11	AUX	ADJ	hi	en	true	boundary
train-s1209	11	12	ADJ	NOUN	en	en	false	within
train-s1209	12	13	NOUN	ADP	en	hi	true	within
train-s1210	3	4	NOUN	NOUN	en	en	false	within
train-s1210	4	5	NOUN	ADP	en	hi	true	within
train-s1210	5	6	ADP	PRON	hi	hi	false	boundary
train-s1210	6	7	PRON	NOUN	hi	hi	false	within
train-s1210	7	8	NOUN	PART	hi	hi	false	within
train-s1210	8	9	PART	VERB	hi	hi	false	boundary
train-s1210	9	10	VERB	AUX	hi	hi	false	within
train-s1210	10	11	AUX	AUX	hi	hi	false	within
train-s1211	2	3	NOUN	ADV	en	en	false	within
train-s1211	3	4	ADV	VERB	en	en	false	within
train-s1211	4	5	VERB	ADP	en	en	false	boundary
train-s1211	5	6	ADP	NOUN	en	en	false	within
train-s1211	6	7	NOUN	SCONJ	en	en	false	boundary
train-s1211	7	9	SCONJ	ADV	en	hi	true	within
train-s1211	9	10	ADV	ADP	hi	hi	false	within
train-s1211	10	11	ADP	PRON	hi	hi	false	boundary
train-s1211	11	12	PRON	AUX	hi	hi	false	within
train-s1211	12	13	AUX	CCONJ	hi	hi	false	boundary
train-s1211	13	14	CCONJ	PROPN	hi	hi	false	within
train-s1211	14	15	PROPN	ADP	hi	hi	false	within
train-s1211	15	16	ADP	VERB	hi	hi	false	boundary
train-s1212	1	3	NOUN	PRON	en	en	false	within
train-s1212	3	4	PRON	AUX	en	en	false	within
train-s1212	4	5	AUX	ADJ	en	en	false	within
train-s1212	5	6	ADJ	ADP	en	en	false	boundary
train-s1212	6	7	ADP	ADJ	en	hi	true	within
train-s1212	7	8	ADJ	ADJ	hi	hi	false	within
train-s1212	8	9	ADJ	NOUN	hi	hi	false	boundary
train-s1213	3	6	ADP	PART	en	en	false	within
train-s1213	6	7	PART	NOUN	en	en	false	boundary
train-s1213	7	8	NOUN	PRON	en	hi	true	within
train-s1213	8	9	PRON	VERB	hi	hi	false	within
train-s1213	9	10	VERB	AUX	hi	hi	false	within
train-s1214	1	4	ADV	VERB	hi	hi	false	within
train-s1214	4	5	VERB	PART	hi	hi	false	within
train-s1214	5	6	PART	AUX	hi	hi	false	within
train-s1214	6	10	AUX	AUX	hi	en	true	boundary
train-s1214	10	11	AUX	ADV	en	en	false	within
train-s1214	11	12	ADV	ADP	en	en	false	within
train-s1214	12	13	ADP	DET	en	en	false	within
train-s1214	13	14	DET	NOUN	en	en	false	within
train-s1215	2	3	ADV	ADJ	en	en	false	within
train-s1215	3	4	ADJ	ADP	en	en	false	boundary
train-s1215	4	5	ADP	PRON	en	en	false	within
train-s1215	5	6	PRON	AUX	en	en	false	boundary
train-s1215	6	7	AUX	PART	en	en	false	within
train-s1215	7	8	PART	ADJ	en	en	false	within
train-s1215	8	10	ADJ	ADV	en	hi	true	boundary
train-s1215	10	11	ADV	DET	hi	hi	false	within
train-s1215	11	12	DET	NOUN	hi	en	true	within
train-s1215	12	13	NOUN	PRON	en	hi	true	within
train-s1215	13	14	PRON	DET	hi	hi	false	boundary
train-s1215	14	15	DET	NOUN	hi	hi	false	within
train-s1215	15	16	NOUN	VERB	hi	hi	false	within
train-s1215	16	17	VERB	SCONJ	hi	hi	false	within
train-s1215	17	18	SCONJ	VERB	hi	hi	false	boundary
train-s1215	18	19	VERB	AUX	hi	hi	false	within
train-s1215	19	20	AUX	AUX	hi	hi	false	within
train-s1216	2	3	DET	NOUN	en	en	false	within
train-s1216	3	4	NOUN	AUX	en	en	false	within
train-s1216	4	5	AUX	VERB	en	en	false	within
train-s1216	5	6	VERB	PRON	en	en	false	boundary
train-s1216	6	7	PRON	NOUN	en	en	false	within
train-s1216	7	8	NOUN	SCONJ	en	en	false	boundary
train-s1216	8	9	SCONJ	ADV	en	en	false	within
train-s1216	9	10	ADV	VERB	en	en	false	within
train-s1216	10	11	VERB	DET	en	en	false	boundary
train-s1216	11	12	DET	ADJ	en	en	false	within
train-s1216	12	13	ADJ	NOUN	en	en	false	within
train-s1216	13	15	NOUN	NOUN	en	hi	true	boundary
train-s1216	15	16	NOUN	NOUN	hi	hi	false	within
train-s1216	16	17	NOUN	ADV	hi	hi	false	within
train-s1216	17	18	ADV	VERB	hi	hi	false	within
train-s1216	18	19	VERB	AUX	hi	hi	false	within
train-s1216	19	20	AUX	AUX	hi	hi	false	within
train-s1217	2	3	ADV	SCONJ	en	en	false	boundary
train-s1217	3	5	SCONJ	PRON	en	hi	true	within
train-s1217	5	6	PRON	AUX	hi	hi	false	within
train-s1217	6	7	AUX	PART	hi	hi	false	within
train-s1217	7	8	PART	PART	hi	hi	false	within
train-s1217	8	9	PART	VERB	hi	hi	false	within
train-s1217	9	10	VERB	SCONJ	hi	hi	false	within
train-s1217	10	12	SCONJ	SCONJ	hi	en	true	boundary
train-s1217	12	14	SCONJ	NOUN	en	hi	true	within
train-s1217	14	15	NOUN	NOUN	hi	en	true	within
train-s1217	15	16	NOUN	PART	en	hi	true	within
train-s1217	16	17	PART	PART	hi	hi	false	boundary
train-s1217	17	18	PART	VERB	hi	hi	false	within
train-s1217	18	20	VERB	PRON	hi	en	true	boundary
train-s1217	20	21	PRON	VERB	en	en	false	within
train-s1217	21	22	VERB	ADP	en	en	false	within
train-s1218	2	3	NOUN	SCONJ	en	en	false	boundary
train-s1218	3	4	SCONJ	AUX	en	en	false	within
train-s1218	4	5	AUX	ADJ	en	en	false	within
train-s1218	5	6	ADJ	NOUN	en	hi	true	boundary
train-s1218	6	7	NOUN	PART	hi	hi	false	within
train-s1218	7	8	PART	VERB	hi	hi	false	boundary
train-s1218	8	9	VERB	SCONJ	hi	hi	false	within
train-s1218	9	10	SCONJ	ADJ	hi	hi	false	within
train-s1218	10	11	ADJ	VERB	hi	hi	false	within
train-s1218	11	12	VERB	AUX	hi	hi	false	within
train-s1219	1	2	PRON	PRON	en	en	false	within
train-s1219	2	3	PRON	VERB	en	en	false	within
train-s1219	3	4	VERB	DET	en	en	false	boundary
train-s1219	4	5	DET	NUM	en	en	false	within
train-s1219	5	6	NUM	NOUN	en	en	false	within
train-s1219	6	8	NOUN	PRON	en	hi	true	boundary
train-s1219	8	10	PRON	NOUN	hi	en	true	within
train-s1219	10	12	NOUN	VERB	en	hi	true	within
train-s1219	12	13	VERB	AUX	hi	hi	false	within
train-s1219	13	14	AUX	AUX	hi	hi	false	within
train-s1220	1	2	PRON	VERB	en	en	false	within
train-s1220	2	3	VERB	PRON	en	hi	true	boundary
train-s1220	3	4	PRON	ADP	hi	hi	false	within
train-s1220	4	5	ADP	NOUN	hi	hi	false	boundary
train-s1221	1	2	PRON	ADV	hi	hi	false	within
train-s1221	2	3	ADV	PART	hi	hi	false	within
train-s1221	3	4	PART	ADJ	hi	en	true	boundary
train-s1221	4	5	ADJ	AUX	en	hi	true	within
train-s1221	5	6	AUX	PRON	hi	en	true	boundary
train-s1221	6	7	PRON	VERB	en	en	false	within
train-s1222	1	2	AUX	PRON	en	en	false	within
train-s1222	2	3	PRON	ADV	en	en	false	within
train-s1222	3	4	ADV	VERB	en	en	false	within
train-s1222	4	5	VERB	ADV	en	en	false	boundary
train-s1222	5	6	ADV	ADJ	en	en	false	within
train-s1222	6	7	ADJ	SCONJ	en	en	false	boundary
train-s1222	7	8	SCONJ	PRON	en	en	false	boundary
train-s1222	8	9	PRON	NOUN	en	en	false	within
train-s1222	9	10	NOUN	VERB	en	en	false	within
train-s1222	10	12	VERB	NOUN	en	hi	true	boundary
train-s1222	12	13	NOUN	VERB	hi	hi	false	within
train-s1222	13	14	VERB	PRON	hi	hi	false	boundary
train-s1222	14	15	PRON	NOUN	hi	hi	false	within
train-s1222	15	16	NOUN	VERB	hi	hi	false	within
train-s1222	16	17	VERB	AUX	hi	hi	false	within
train-s1222	17	18	AUX	PRON	hi	hi	false	within
train-s1223	2	3	PRON	ADJ	en	en	false	within
train-s1223	3	4	ADJ	NOUN	en	en	false	within
train-s1223	4	5	NOUN	NOUN	en	en	false	within
train-s1223	5	6	NOUN	AUX	en	en	false	within
train-s1223	6	8	AUX	PRON	en	hi	true	within
train-s1223	8	9	PRON	ADJ	hi	hi	false	within
train-s1223	9	11	ADJ	PRON	hi	hi	false	boundary
train-s1223	11	12	PRON	NOUN	hi	hi	false	within
train-s1223	12	13	NOUN	ADJ	hi	hi	false	within
train-s1224	1	2	PRON	NOUN	hi	en	true	within
train-s1224	2	3	NOUN	VERB	en	hi	true	within
train-s1224	3	4	VERB	ADJ	hi	hi	false	boundary
train-s1224	4	5	ADJ	VERB	hi	hi	false	within
train-s1224	5	6	VERB	SCONJ	hi	hi	false	within
train-s1224	6	7	SCONJ	NOUN	hi	en	true	boundary
train-s1224	7	8	NOUN	PART	en	hi	true	within
train-s1224	8	9	PART	PRON	hi	hi	false	within
train-s1225	1	2	ADV	DET	hi	en	true	within
train-s1225	2	3	DET	ADJ	en	en	false	within
train-s1225	3	4	ADJ	NOUN	en	hi	true	within
train-s1225	4	5	NOUN	PRON	hi	hi	false	within
train-s1225	5	6	PRON	ADJ	hi	hi	false	within
train-s1225	6	7	ADJ	PART	hi	hi	false	within
train-s1225	7	8	PART	VERB	hi	hi	false	within
train-s1226	1	2	PRON	VERB	hi	hi	false	within
train-s1226	2	3	VERB	VERB	hi	hi	false	within
train-s1226	3	4	VERB	AUX	hi	hi	false	within
train-s1226	4	5	AUX	CCONJ	hi	hi	false	boundary
train-s1226	5	6	CCONJ	NOUN	hi	hi	false	within
train-s1226	6	7	NOUN	ADP	hi	hi	false	within
train-s1226	7	8	ADP	PROPN	hi	en	true	boundary
train-s1226	8	9	PROPN	CCONJ	en	en	false	boundary
train-s1226	9	10	CCONJ	NOUN	en	en	false	within
train-s1226	10	11	NOUN	ADP	en	hi	true	within
train-s1226	11	12	ADP	VERB	hi	hi	false	boundary
train-s1226	12	13	VERB	AUX	hi	hi	false	within
train-s1227	1	2	VERB	AUX	hi	hi	false	within
train-s1227	2	3	AUX	NOUN	hi	hi	false	boundary
train-s1227	3	5	NOUN	AUX	hi	en	true	within
train-s1227	5	6	AUX	PART	en	en	false	within
train-s1227	6	7	PART	VERB	en	en	false	within
train-s1227	7	8	VERB	ADP	en	en	false	boundary
train-s1228	1	2	ADV	PRON	hi	hi	false	within
train-s1228	2	3	PRON	ADJ	hi	en	true	boundary
train-s1228	3	4	ADJ	NOUN	en	en	false	within
train-s1228	4	5	NOUN	VERB	en	hi	true	within
train-s1228	5	6	VERB	NOUN	hi	en	true	within
train-s1228	6	7	NOUN	ADP	en	hi	true	within
train-s1229	1	2	DET	NOUN	hi	hi	false	within
train-s1229	2	3	NOUN	ADP	hi	hi	false	within
train-s1229	3	4	ADP	ADJ	hi	hi	false	boundary
train-s1229	4	5	ADJ	NOUN	hi	hi	false	within
train-s1229	5	6	NOUN	ADJ	hi	hi	false	within
train-s1229	6	7	ADJ	VERB	hi	hi	false	within
train-s1229	7	8	VERB	AUX	hi	hi	false	within
train-s1229	8	9	AUX	SCONJ	hi	hi	false	boundary
train-s1229	9	10	SCONJ	PRON	hi	en	true	within
train-s1229	10	11	PRON	AUX	en	en	false	within
train-s1229	11	12	AUX	ADJ	en	en	false	within
train-s1230	2	3	ADP	NOUN	hi	en	true	boundary
train-s1230	3	4	NOUN	ADP	en	hi	true	within
train-s1230	4	8	ADP	ADP	hi	hi	false	boundary
train-s1230	8	9	ADP	NOUN	hi	en	true	boundary
train-s1230	9	10	NOUN	VERB	en	hi	true	within
train-s1230	10	11	VERB	AUX	hi	en	true	within
train-s1230	11	12	AUX	NOUN	en	en	false	within
train-s1231	1	2	PRON	AUX	en	en	false	within
train-s1231	2	3	AUX	PRON	en	en	false	within
train-s1231	3	4	PRON	NOUN	en	en	false	within
train-s1231	4	5	NOUN	PART	en	en	false	boundary
train-s1231	5	6	PART	VERB	en	en	false	within
train-s1231	6	8	VERB	CCONJ	en	en	false	boundary
train-s1231	8	9	CCONJ	PART	en	en	false	within
train-s1231	9	10	PART	NOUN	en	hi	true	within
train-s1231	10	11	NOUN	ADP	hi	hi	false	within
train-s1231	11	12	ADP	ADP	hi	hi	false	within
train-s1231	12	13	ADP	NOUN	hi	en	true	boundary
train-s1231	13	14	NOUN	ADP	en	hi	true	within
train-s1231	14	15	ADP	VERB	hi	hi	false	boundary
train-s1231	15	16	VERB	AUX	hi	hi	false	within
train-s1232	1	2	VERB	AUX	hi	hi	false	within
train-s1232	2	3	AUX	DET	hi	hi	false	boundary
train-s1232	3	4	DET	NOUN	hi	en	true	within
train-s1232	4	5	NOUN	ADV	en	en	false	within
train-s1232	5	6	ADV	ADP	en	en	false	within
train-s1232	6	7	ADP	NOUN	en	en	false	within
train-s1232	7	8	NOUN	SCONJ	en	en	false	boundary
train-s1232	8	9	SCONJ	VERB	en	en	false	within
train-s1232	9	10	VERB	DET	en	en	false	boundary
train-s1232	10	11	DET	NOUN	en	en	false	within
train-s1233	1	2	NOUN	AUX	en	en	false	within
train-s1233	2	3	AUX	PART	en	en	false	within
train-s1233	3	4	PART	VERB	en	en	false	within
train-s1233	4	5	VERB	ADV	en	hi	true	boundary
train-s1233	5	6	ADV	NOUN	hi	hi	false	within
train-s1233	6	7	NOUN	VERB	hi	hi	false	within
train-s1233	7	8	VERB	AUX	hi	hi	false	within
train-s1233	8	9	AUX	AUX	hi	hi	false	within
train-s1234	1	2	PRON	VERB	en	en	false	within
train-s1234	2	3	VERB	DET	en	en	false	boundary
train-s1234	3	5	DET	ADP	en	hi	true	within
train-s1234	5	6	ADP	NOUN	hi	hi	false	boundary
train-s1234	6	7	NOUN	ADP	hi	en	true	boundary
train-s1235	2	4	CCONJ	ADP	en	hi	true	boundary
train-s1235	4	5	ADP	NOUN	hi	en	true	boundary
train-s1235	5	6	NOUN	ADV	en	en	false	within
train-s1235	6	7	ADV	VERB	en	en	false	within
train-s1235	7	8	VERB	ADJ	en	en	false	within
train-s1236	2	3	NOUN	VERB	hi	hi	false	within
train-s1236	3	5	VERB	AUX	hi	en	true	within
train-s1236	5	6	AUX	DET	en	en	false	within
train-s1236	6	7	DET	ADV	en	en	false	boundary
train-s1236	7	8	ADV	VERB	en	en	false	within
train-s1236	8	9	VERB	NOUN	en	en	false	within
train-s1236	9	10	NOUN	ADP	en	en	false	boundary
train-s1236	10	12	ADP	NOUN	en	en	false	within
train-s1237	2	3	PRON	NOUN	en	en	false	within
train-s1237	3	4	NOUN	VERB	en	en	false	within
train-s1237	4	5	VERB	PRON	en	en	false	boundary
train-s1237	5	7	PRON	NOUN	en	en	false	within
train-s1237	7	8	NOUN	CCONJ	en	en	false	boundary
train-s1237	8	9	CCONJ	VERB	en	en	false	within
train-s1237	9	11	VERB	DET	en	hi	true	boundary
train-s1237	11	12	DET	PART	hi	hi	false	within
train-s1237	12	13	PART	NOUN	hi	en	true	boundary
train-s1237	13	14	NOUN	ADP	en	hi	true	within
train-s1237	14	15	ADP	AUX	hi	hi	false	within
train-s1237	15	16	AUX	AUX	hi	hi	false	within
train-s1237	16	17	AUX	PRON	hi	hi	false	within
train-s1237	17	19	PRON	INTJ	hi	en	true	boundary
train-s1237	19	20	INTJ	INTJ	en	hi	true	within
train-s1238	2	3	VERB	PROPN	en	en	false	boundary
train-s1238	3	4	PROPN	AUX	en	en	false	within
train-s1238	4	5	AUX	VERB	en	en	false	within
train-s1238	5	6	VERB	DET	en	en	false	boundary
train-s1238	6	7	DET	ADJ	en	en	false	within
train-s1238	7	11	ADJ	ADJ	en	hi	true	boundary
train-s1238	11	12	ADJ	NOUN	hi	en	true	within
train-s1238	12	13	NOUN	VERB	en	hi	true	within
train-s1238	13	14	VERB	AUX	hi	hi	false	within
train-s1238	14	15	AUX	NOUN	hi	en	true	boundary
train-s1238	15	16	NOUN	VERB	en	hi	true	within
train-s1238	16	17	VERB	NOUN	hi	hi	false	within
train-s1239	1	2	PRON	AUX	en	en	false	within
train-s1239	2	3	AUX	VERB	en	en	false	within
train-s1239	3	4	VERB	ADJ	en	en	false	boundary
train-s1239	4	5	ADJ	NOUN	en	en	false	within
train-s1239	5	6	NOUN	CCONJ	en	en	false	boundary
train-s1239	6	7	CCONJ	NOUN	en	en	false	within
train-s1239	7	8	NOUN	VERB	en	en	false	within
train-s1239	8	9	VERB	SCONJ	en	en	false	boundary
train-s1239	9	11	SCONJ	DET	en	hi	true	boundary
train-s1239	11	12	DET	VERB	hi	hi	false	within
train-s1239	12	13	VERB	AUX	hi	hi	false	within
train-s1239	13	14	AUX	NOUN	hi	en	true	boundary
train-s1239	14	15	NOUN	ADV	en	hi	true	within
train-s1239	15	16	ADV	VERB	hi	hi	false	within
train-s1239	16	17	VERB	AUX	hi	hi	false	within
train-s1239	17	18	AUX	AUX	hi	hi	false	within
train-s1240	1	2	PRON	VERB	en	en	false	within
train-s1240	2	3	VERB	NOUN	en	hi	true	boundary
train-s1240	3	5	NOUN	ADP	hi	hi	false	boundary
train-s1240	5	6	ADP	NOUN	hi	hi	false	boundary
train-s1240	6	7	NOUN	VERB	hi	hi	false	within
train-s1241	1	3	NOUN	NOUN	en	en	false	within
train-s1241	3	4	NOUN	CCONJ	en	en	false	boundary
train-s1241	4	5	CCONJ	NOUN	en	en	false	within
train-s1241	5	6	NOUN	PART	en	hi	true	within
train-s1241	6	7	PART	AUX	hi	hi	false	boundary
train-s1241	7	8	AUX	DET	hi	hi	false	boundary
train-s1241	8	9	DET	PRON	hi	hi	false	within
train-s1241	9	10	PRON	ADP	hi	hi	false	within
train-s1241	10	12	ADP	CCONJ	hi	hi	false	boundary
train-s1241	12	13	CCONJ	VERB	hi	hi	false	within
train-s1241	13	14	VERB	PRON	hi	hi	false	within
train-s1241	14	15	PRON	NOUN	hi	hi	false	boundary
train-s1241	15	16	NOUN	ADP	hi	hi	false	within
train-s1241	16	17	ADP	NOUN	hi	hi	false	boundary
train-s1241	17	18	NOUN	PART	hi	hi	false	within
train-s1242	1	2	DET	NOUN	en	en	false	within
train-s1242	2	3	NOUN	ADP	en	en	false	boundary
train-s1242	3	4	ADP	PRON	en	en	false	within
train-s1242	4	5	PRON	NOUN	en	en	false	boundary
train-s1242	5	6	NOUN	AUX	en	en	false	within
train-s1242	6	7	AUX	VERB	en	en	false	within
train-s1242	7	11	VERB	NOUN	en	hi	true	boundary
train-s1242	11	12	NOUN	ADV	hi	hi	false	within
train-s1242	12	13	ADV	NOUN	hi	hi	false	within
train-s1242	13	14	NOUN	VERB	hi	hi	false	within
train-s1242	14	15	VERB	ADV	hi	hi	false	within
train-s1242	15	17	ADV	ADP	hi	hi	false	boundary
train-s1242	17	18	ADP	ADJ	hi	hi	false	boundary
train-s1242	18	19	ADJ	AUX	hi	hi	false	within
train-s1243	1	2	PRON	VERB	en	en	false	within
train-s1243	2	3	VERB	NOUN	en	hi	true	boundary
train-s1243	3	4	NOUN	ADP	hi	hi	false	within
train-s1243	4	5	ADP	NOUN	hi	en	true	boundary
train-s1244	1	2	DET	ADJ	hi	hi	false	within
train-s1244	2	3	ADJ	NOUN	hi	hi	false	within
train-s1244	3	4	NOUN	CCONJ	hi	hi	false	boundary
train-s1244	4	5	CCONJ	DET	hi	hi	false	within
train-s1244	5	6	DET	NOUN	hi	en	true	within
train-s1244	6	7	NOUN	NOUN	en	en	false	within
train-s1245	1	2	PRON	VERB	en	en	false	within
train-s1245	2	4	VERB	NOUN	en	hi	true	boundary
train-s1245	4	5	NOUN	VERB	hi	hi	false	within
train-s1245	5	6	VERB	AUX	hi	hi	false	within
train-s1245	6	7	AUX	AUX	hi	hi	false	within
train-s1245	7	9	AUX	ADP	hi	hi	false	boundary
train-s1246	1	2	ADV	ADJ	hi	hi	false	within
train-s1246	2	3	ADJ	CCONJ	hi	en	true	boundary
train-s1246	3	4	CCONJ	PRON	en	en	false	within
train-s1246	4	5	PRON	ADP	en	en	false	boundary
train-s1246	5	6	ADP	PRON	en	en	false	within
train-s1246	6	7	PRON	PRON	en	en	false	boundary
train-s1246	7	8	PRON	VERB	en	en	false	within
train-s1247	2	3	DET	NOUN	en	en	false	within
train-s1247	3	4	NOUN	VERB	en	en	false	within
train-s1247	4	5	VERB	PRON	en	en	false	boundary
train-s1247	5	6	PRON	NOUN	en	en	false	within
train-s1247	6	7	NOUN	SCONJ	en	en	false	boundary
train-s1247	7	8	SCONJ	PRON	en	en	false	within
train-s1247	8	9	PRON	VERB	en	en	false	within
train-s1247	9	10	VERB	VERB	en	en	false	within
train-s1247	10	11	VERB	PART	en	en	false	boundary
train-s1247	11	12	PART	VERB	en	en	false	within
train-s1247	12	15	VERB	NOUN	en	hi	true	boundary
train-s1247	15	16	NOUN	ADP	hi	hi	false	within
train-s1247	16	17	ADP	NOUN	hi	hi	false	boundary
train-s1248	2	3	NOUN	PART	hi	hi	false	within
train-s1248	3	4	PART	VERB	hi	hi	false	within
train-s1248	4	5	VERB	PART	hi	hi	false	within
train-s1248	5	6	PART	NOUN	hi	hi	false	boundary
train-s1248	6	7	NOUN	ADP	hi	hi	false	within
train-s1248	7	8	ADP	ADV	hi	en	true	boundary
train-s1248	8	9	ADV	DET	en	en	false	boundary
train-s1248	9	10	DET	ADJ	en	en	false	within
train-s1248	10	11	ADJ	NOUN	en	en	false	within
train-s1248	11	12	NOUN	VERB	en	en	false	within
train-s1249	1	2	ADV	PRON	en	en	false	within
train-s1249	2	3	PRON	VERB	en	en	false	within
train-s1249	3	4	VERB	ADP	en	en	false	boundary
train-s1249	4	5	ADP	PRON	en	en	false	within
train-s1249	5	6	PRON	NOUN	en	en	false	within
train-s1249	6	7	NOUN	NOUN	en	en	false	within
train-s1249	7	8	NOUN	CCONJ	en	en	false	boundary
train-s1249	8	9	CCONJ	NOUN	en	en	false	within
train-s1249	9	10	NOUN	VERB	en	en	false	within
train-s1249	10	11	VERB	PRON	en	hi	true	boundary
train-s1249	11	12	PRON	ADP	hi	hi	false	within
train-s1249	12	13	ADP	NOUN	hi	hi	false	boundary
train-s1249	13	14	NOUN	ADP	hi	hi	false	within
train-s1249	14	15	ADP	NOUN	hi	hi	false	boundary
train-s1249	15	16	NOUN	VERB	hi	hi	false	within
train-s1249	16	17	VERB	AUX	hi	hi	false	within
train-s1249	17	18	AUX	AUX	hi	hi	false	within
train-s1250	1	2	PRON	ADJ	hi	en	true	boundary
train-s1250	2	3	ADJ	NOUN	en	en	false	within
train-s1250	3	4	NOUN	PART	en	hi	true	within
train-s1250	4	5	PART	ADJ	hi	en	true	boundary
train-s1250	5	6	ADJ	NOUN	en	en	false	within
train-s1250	6	7	NOUN	VERB	en	hi	true	within
train-s1250	7	8	VERB	AUX	hi	hi	false	within
train-s1251	1	2	PRON	AUX	en	en	false	within
train-s1251	2	5	AUX	NOUN	en	en	false	within
train-s1251	5	6	NOUN	SCONJ	en	en	false	boundary
train-s1251	6	8	SCONJ	VERB	en	en	false	within
train-s1251	8	9	VERB	DET	en	en	false	boundary
train-s1251	9	10	DET	NOUN	en	en	false	within
train-s1251	10	11	NOUN	CCONJ	en	en	false	boundary
train-s1251	11	12	CCONJ	ADV	en	en	false	within
train-s1251	12	13	ADV	NOUN	en	hi	true	within
train-s1251	13	14	NOUN	DET	hi	hi	false	boundary
train-s1251	14	16	DET	ADP	hi	hi	false	within
train-s1251	16	17	ADP	ADV	hi	hi	false	boundary
train-s1251	17	18	ADV	PART	hi	hi	false	within
train-s1251	18	19	PART	VERB	hi	hi	false	boundary
train-s1251	19	20	VERB	AUX	hi	hi	false	within
train-s1251	20	21	AUX	AUX	hi	hi	false	within
train-s1252	1	2	PRON	AUX	en	en	false	within
train-s1252	2	3	AUX	VERB	en	en	false	within
train-s1252	3	4	VERB	PRON	en	en	false	within
train-s1252	4	5	PRON	ADP	en	en	false	boundary
train-s1252	5	6	ADP	ADP	en	en	false	within
train-s1252	6	7	ADP	NOUN	en	hi	true	within
train-s1252	7	8	NOUN	ADP	hi	hi	false	within
train-s1252	8	9	ADP	NOUN	hi	hi	false	boundary
train-s1253	1	4	ADV	NOUN	en	en	false	within
train-s1253	4	5	NOUN	PART	en	hi	true	within
train-s1253	5	6	PART	PRON	hi	hi	false	boundary
train-s1253	6	7	PRON	VERB	hi	hi	false	boundary
train-s1253	7	8	VERB	AUX	hi	hi	false	within
train-s1254	1	2	PRON	AUX	en	en	false	within
train-s1254	2	3	AUX	DET	en	en	false	within
train-s1254	3	4	DET	ADJ	en	en	false	within
train-s1254	4	5	ADJ	NOUN	en	en	false	within
train-s1254	5	6	NOUN	ADP	en	en	false	boundary
train-s1254	6	7	ADP	PRON	en	en	false	within
train-s1254	7	8	PRON	PART	en	en	false	within
train-s1254	8	9	PART	NOUN	en	en	false	boundary
train-s1254	9	10	NOUN	ADV	en	hi	true	boundary
train-s1254	10	11	ADV	NOUN	hi	en	true	within
train-s1254	11	12	NOUN	ADJ	en	hi	true	within
train-s1254	12	13	ADJ	VERB	hi	hi	false	within
train-s1254	13	14	VERB	AUX	hi	hi	false	within
train-s1255	2	3	ADV	PRON	en	en	false	within
train-s1255	3	4	PRON	VERB	en	en	false	within
train-s1255	4	6	VERB	NOUN	en	en	false	boundary
train-s1255	6	7	NOUN	NOUN	en	hi	true	within
train-s1255	7	8	NOUN	PART	hi	hi	false	within
train-s1255	8	9	PART	VERB	hi	hi	false	within
train-s1255	9	11	VERB	PRON	hi	en	true	boundary
train-s1255	11	12	PRON	ADV	en	en	false	within
train-s1255	12	13	ADV	VERB	en	en	false	within
train-s1255	13	14	VERB	DET	en	en	false	boundary
train-s1255	14	15	DET	ADJ	en	en	false	within
train-s1255	15	16	ADJ	NOUN	en	en	false	within
train-s1256	1	2	ADV	ADJ	en	hi	true	within
train-s1256	2	3	ADJ	ADJ	hi	hi	false	within
train-s1256	3	4	ADJ	NOUN	hi	hi	false	within
train-s1256	4	5	NOUN	AUX	hi	en	true	within
train-s1256	5	6	AUX	VERB	en	en	false	within
train-s1256	6	7	VERB	ADP	en	en	false	boundary
train-s1256	7	9	ADP	ADP	en	en	false	boundary
train-s1256	9	11	ADP	NOUN	en	en	false	boundary
train-s1257	1	2	AUX	DET	en	en	false	boundary
train-s1257	2	3	DET	NOUN	en	hi	true	within
train-s1257	3	4	NOUN	NOUN	hi	hi	false	within
train-s1257	4	5	NOUN	VERB	hi	en	true	within
train-s1257	5	7	VERB	PART	en	en	false	boundary
train-s1257	7	9	PART	NOUN	en	en	false	boundary
train-s1258	1	2	PRON	AUX	en	en	false	within
train-s1258	2	3	AUX	AUX	en	en	false	within
train-s1258	3	4	AUX	VERB	en	en	false	within
train-s1258	4	5	VERB	DET	en	en	false	boundary
train-s1258	5	6	DET	VERB	en	hi	true	within
train-s1258	6	7	VERB	ADJ	hi	hi	false	within
train-s1258	7	8	ADJ	NOUN	hi	hi	false	within
train-s1258	8	9	NOUN	DET	hi	en	true	boundary
train-s1258	9	10	DET	NOUN	en	en	false	within
train-s1259	1	2	CCONJ	PRON	hi	hi	false	within
train-s1259	2	3	PRON	VERB	hi	hi	false	within
train-s1259	3	4	VERB	AUX	hi	hi	false	within
train-s1259	4	5	AUX	ADV	hi	hi	false	boundary
train-s1259	5	6	ADV	PART	hi	hi	false	boundary
train-s1259	6	7	PART	PRON	hi	hi	false	within
train-s1259	7	8	PRON	PART	hi	hi	false	within
train-s1259	8	9	PART	ADJ	hi	en	true	boundary
train-s1259	9	10	ADJ	NOUN	en	en	false	within
train-s1259	10	11	NOUN	NOUN	en	en	false	within
train-s1259	11	12	NOUN	PART	en	hi	true	within
train-s1259	12	13	PART	VERB	hi	hi	false	within
train-s1259	13	14	VERB	AUX	hi	hi	false	within
train-s1260	1	2	PRON	AUX	en	en	false	within
train-s1260	2	3	AUX	VERB	en	en	false	within
train-s1260	3	5	VERB	PROPN	en	en	false	boundary
train-s1260	5	6	PROPN	ADP	en	en	false	boundary
train-s1260	6	7	ADP	VERB	en	hi	true	within
train-s1260	7	8	VERB	NOUN	hi	hi	false	within
train-s1261	2	4	CCONJ	AUX	en	en	false	boundary
train-s1261	4	5	AUX	DET	en	en	false	boundary
train-s1261	5	6	DET	NOUN	en	en	false	within
train-s1261	6	7	NOUN	ADP	en	hi	true	within
train-s1261	7	8	ADP	NOUN	hi	hi	false	boundary
train-s1261	8	9	NOUN	ADP	hi	en	true	boundary
train-s1261	9	10	ADP	NOUN	en	en	false	within
train-s1262	1	2	PRON	VERB	en	en	false	within
train-s1262	2	3	VERB	DET	en	en	false	boundary
train-s1262	3	4	DET	PRON	en	en	false	within
train-s1262	4	5	PRON	ADV	en	hi	true	boundary
train-s1262	5	7	ADV	ADP	hi	hi	false	boundary
train-s1262	7	8	ADP	PART	hi	hi	false	boundary
train-s1262	8	9	PART	VERB	hi	hi	false	within
train-s1262	9	10	VERB	AUX	hi	hi	false	within
train-s1262	10	11	AUX	DET	hi	hi	false	boundary
train-s1262	11	12	DET	PRON	hi	hi	false	within
train-s1262	12	13	PRON	ADP	hi	hi	false	within
train-s1262	13	14	ADP	PART	hi	hi	false	within
train-s1263	1	2	AUX	PRON	en	en	false	within
train-s1263	2	3	PRON	DET	en	en	false	boundary
train-s1263	3	4	DET	ADJ	en	en	false	within
train-s1263	4	5	ADJ	PRON	en	hi	true	boundary
train-s1263	5	6	PRON	NOUN	hi	hi	false	boundary
train-s1263	6	7	NOUN	VERB	hi	hi	false	within
train-s1263	7	8	VERB	AUX	hi	hi	false	within
train-s1263	8	9	AUX	NOUN	hi	en	true	boundary
train-s1263	9	10	NOUN	CCONJ	en	en	false	boundary
train-s1263	10	11	CCONJ	NOUN	en	en	false	within
train-s1263	11	12	NOUN	VERB	en	hi	true	boundary
train-s1263	12	13	VERB	PART	hi	hi	false	boundary
train-s1263	13	14	PART	VERB	hi	hi	false	within
train-s1263	14	15	VERB	CCONJ	hi	hi	false	boundary
train-s1263	15	16	CCONJ	NOUN	hi	en	true	within
train-s1263	16	17	NOUN	ADV	en	hi	true	within
train-s1263	17	18	ADV	VERB	hi	hi	false	within
train-s1264	2	3	NOUN	VERB	en	hi	true	within
train-s1264	3	4	VERB	SCONJ	hi	hi	false	within
train-s1264	4	5	SCONJ	PRON	hi	hi	false	within
train-s1264	5	6	PRON	ADJ	hi	hi	false	within
train-s1264	6	7	ADJ	VERB	hi	hi	false	within
train-s1264	7	8	VERB	AUX	hi	hi	false	within
train-s1264	8	10	AUX	AUX	hi	en	true	boundary
train-s1264	10	11	AUX	ADV	en	en	false	within
train-s1264	11	12	ADV	DET	en	en	false	within
train-s1264	12	13	DET	ADJ	en	en	false	within
train-s1264	13	14	ADJ	NOUN	en	en	false	within
train-s1264	14	15	NOUN	ADP	en	en	false	boundary
train-s1264	15	16	ADP	NOUN	en	en	false	within
train-s1264	16	17	NOUN	NOUN	en	en	false	within
train-s1265	3	4	ADV	AUX	en	en	false	within
train-s1265	4	5	AUX	PRON	en	en	false	within
train-s1265	5	6	PRON	VERB	en	en	false	within
train-s1265	6	7	VERB	NOUN	en	en	false	within
train-s1265	7	8	NOUN	ADP	en	en	false	boundary
train-s1265	8	10	ADP	ADJ	en	hi	true	within
train-s1265	10	11	ADJ	NOUN	hi	hi	false	within
train-s1266	1	2	VERB	AUX	hi	hi	false	within
train-s1266	2	3	AUX	AUX	hi	hi	false	within
train-s1266	3	4	AUX	SCONJ	hi	hi	false	boundary
train-s1266	4	5	SCONJ	NOUN	hi	en	true	within
train-s1266	5	6	NOUN	AUX	en	en	false	within
train-s1266	6	7	AUX	VERB	en	en	false	within
train-s1266	7	8	VERB	ADJ	en	en	false	within
train-s1266	8	9	ADJ	PART	en	en	false	within
train-s1267	1	3	ADV	ADP	hi	hi	false	boundary
train-s1267	3	4	ADP	DET	hi	hi	false	boundary
train-s1267	4	5	DET	NOUN	hi	hi	false	within
train-s1267	5	6	NOUN	VERB	hi	hi	false	within
train-s1267	6	7	VERB	AUX	hi	hi	false	within
train-s1267	7	8	AUX	AUX	hi	hi	false	within
train-s1267	8	9	AUX	AUX	hi	hi	false	within
train-s1267	9	12	AUX	VERB	hi	en	true	boundary
train-s1267	12	13	VERB	ADP	en	en	false	boundary
train-s1268	1	2	ADV	ADJ	hi	en	true	within
train-s1268	2	3	ADJ	PART	en	hi	true	within
train-s1268	3	4	PART	PRON	hi	hi	false	boundary
train-s1268	4	5	PRON	NOUN	hi	en	true	within
train-s1268	5	6	NOUN	PART	en	hi	true	within
train-s1268	6	7	PART	PART	hi	hi	false	within
train-s1268	7	8	PART	AUX	hi	hi	false	within
train-s1268	8	9	AUX	NOUN	hi	hi	false	within
train-s1269	3	4	ADJ	AUX	en	hi	true	within
train-s1269	4	5	AUX	PART	hi	hi	false	boundary
train-s1269	5	6	PART	VERB	hi	hi	false	within
train-s1269	6	8	VERB	DET	hi	en	true	boundary
train-s1269	8	9	DET	NOUN	en	en	false	within
train-s1269	9	10	NOUN	AUX	en	en	false	within
train-s1269	10	11	AUX	ADV	en	en	false	within
train-s1269	11	12	ADV	VERB	en	en	false	within
train-s1270	2	3	SCONJ	PRON	en	en	false	within
train-s1270	3	4	PRON	AUX	en	en	false	within
train-s1270	4	5	AUX	PRON	en	en	false	within
train-s1270	5	6	PRON	NOUN	en	en	false	within
train-s1270	6	7	NOUN	VERB	en	en	false	within
train-s1270	7	8	VERB	ADV	en	en	false	boundary
train-s1270	8	9	ADV	PRON	en	en	false	within
train-s1270	9	10	PRON	VERB	en	en	false	within
train-s1270	10	12	VERB	PRON	en	hi	true	boundary
train-s1270	12	13	PRON	NOUN	hi	hi	false	within
train-s1270	13	14	NOUN	ADP	hi	hi	false	within
train-s1270	14	15	ADP	NOUN	hi	hi	false	boundary
train-s1270	15	16	NOUN	VERB	hi	hi	false	within
train-s1271	1	2	PROPN	NOUN	hi	hi	false	within
train-s1271	2	5	NOUN	ADP	hi	hi	false	boundary
train-s1271	5	6	ADP	ADP	hi	hi	false	within
train-s1271	6	7	ADP	NOUN	hi	en	true	boundary
train-s1271	7	8	NOUN	ADJ	en	en	false	within
train-s1271	8	9	ADJ	PRON	en	hi	true	within
train-s1271	9	10	PRON	VERB	hi	hi	false	within
train-s1271	10	11	VERB	AUX	hi	hi	false	within
train-s1272	1	2	NOUN	ADP	en	en	false	boundary
train-s1272	2	3	ADP	NOUN	en	en	false	within
train-s1272	3	4	NOUN	ADP	en	hi	true	within
train-s1272	4	5	ADP	NOUN	hi	hi	false	boundary
train-s1272	5	6	NOUN	ADP	hi	hi	false	within
train-s1272	6	7	ADP	NOUN	hi	hi	false	boundary
train-s1272	7	9	NOUN	ADP	hi	hi	false	boundary
train-s1272	9	10	ADP	PRON	hi	hi	false	boundary
train-s1272	10	11	PRON	PART	hi	hi	false	within
train-s1272	11	12	PART	VERB	hi	hi	false	boundary
train-s1272	12	13	VERB	NOUN	hi	hi	false	within
train-s1272	13	14	NOUN	VERB	hi	hi	false	within
train-s1272	14	15	VERB	AUX	hi	hi	false	within
train-s1272	15	16	AUX	AUX	hi	hi	false	within
train-s1273	1	2	DET	NOUN	en	en	false	within
train-s1273	2	3	NOUN	ADP	en	en	false	boundary
train-s1273	3	6	ADP	NOUN	en	hi	true	boundary
train-s1273	6	7	NOUN	ADP	hi	hi	false	within
train-s1273	7	8	ADP	NOUN	hi	en	true	boundary
train-s1273	8	9	NOUN	ADP	en	hi	true	within
train-s1273	9	10	ADP	NOUN	hi	en	true	boundary
train-s1273	10	11	NOUN	NOUN	en	hi	true	within
train-s1273	11	12	NOUN	PART	hi	hi	false	within
train-s1273	12	13	PART	VERB	hi	hi	false	boundary
train-s1273	13	14	VERB	AUX	hi	hi	false	within
train-s1273	14	15	AUX	AUX	hi	hi	false	within
train-s1274	1	2	PRON	VERB	en	en	false	within
train-s1274	2	3	VERB	SCONJ	en	hi	true	boundary
train-s1274	3	5	SCONJ	ADP	hi	hi	false	boundary
train-s1274	5	7	ADP	ADP	hi	hi	false	boundary
train-s1274	7	8	ADP	ADJ	hi	hi	false	boundary
train-s1274	8	9	ADJ	NOUN	hi	hi	false	within
train-s1274	9	10	NOUN	VERB	hi	hi	false	within
train-s1274	10	11	VERB	AUX	hi	hi	false	within
train-s1274	11	12	AUX	AUX	hi	hi	false	within
train-s1275	1	2	VERB	PRON	en	en	false	boundary
train-s1275	2	3	PRON	NOUN	en	en	false	within
train-s1275	3	4	NOUN	SCONJ	en	hi	true	boundary
train-s1275	4	5	SCONJ	PRON	hi	hi	false	within
train-s1275	5	6	PRON	NOUN	hi	hi	false	within
train-s1275	6	7	NOUN	PART	hi	hi	false	within
train-s1275	7	8	PART	VERB	hi	hi	false	within
train-s1276	1	2	AUX	ADV	en	en	false	within
train-s1276	2	3	ADV	VERB	en	en	false	within
train-s1276	3	4	VERB	VERB	en	en	false	within
train-s1276	4	6	VERB	ADP	en	en	false	boundary
train-s1276	6	7	ADP	ADV	en	en	false	within
train-s1276	7	8	ADV	ADV	en	en	false	within
train-s1276	8	11	ADV	PART	en	hi	true	boundary
train-s1276	11	12	PART	ADV	hi	hi	false	boundary
train-s1276	12	13	ADV	PART	hi	hi	false	within
train-s1276	13	14	PART	ADJ	hi	hi	false	boundary
train-s1276	14	15	ADJ	NOUN	hi	en	true	within
train-s1276	15	16	NOUN	AUX	en	hi	true	within
train-s1277	1	2	ADV	PRON	hi	en	true	within
train-s1277	2	3	PRON	AUX	en	en	false	within
train-s1277	3	4	AUX	VERB	en	en	false	within
train-s1277	4	5	VERB	NOUN	en	hi	true	boundary
train-s1277	5	6	NOUN	ADP	hi	hi	false	within
train-s1277	6	7	ADP	PART	hi	hi	false	within
train-s1277	7	8	PART	NOUN	hi	en	true	boundary
train-s1277	8	9	NOUN	NOUN	en	en	false	within
train-s1277	9	10	NOUN	ADP	en	hi	true	within
train-s1277	10	11	ADP	NOUN	hi	hi	false	boundary
train-s1277	11	12	NOUN	VERB	hi	hi	false	within
train-s1278	3	4	ADP	ADJ	hi	hi	false	boundary
train-s1278	4	5	ADJ	NOUN	hi	hi	false	within
train-s1278	5	6	NOUN	PART	hi	hi	false	within
train-s1278	6	8	PART	ADP	hi	hi	false	boundary
train-s1278	8	9	ADP	AUX	hi	hi	false	within
train-s1278	9	10	AUX	CCONJ	hi	en	true	boundary
train-s1278	10	11	CCONJ	VERB	en	en	false	within
train-s1278	11	12	VERB	PRON	en	en	false	within
train-s1278	12	13	PRON	PRON	en	en	false	within
train-s1278	13	14	PRON	AUX	en	en	false	within
train-s1278	14	15	AUX	VERB	en	en	false	within
train-s1279	1	2	SCONJ	PRON	hi	hi	false	within
train-s1279	2	3	PRON	PRON	hi	hi	false	within
train-s1279	3	4	PRON	ADV	hi	hi	false	within
train-s1279	4	5	ADV	ADV	hi	hi	false	within
train-s1279	5	6	ADV	NOUN	hi	hi	false	boundary
train-s1279	6	7	NOUN	VERB	hi	hi	false	within
train-s1279	7	8	VERB	AUX	hi	hi	false	within
train-s1279	8	9	AUX	AUX	hi	hi	false	within
train-s1279	9	10	AUX	AUX	hi	hi	false	within
train-s1279	10	12	AUX	PRON	hi	en	true	boundary
train-s1279	12	13	PRON	ADV	en	en	false	within
train-s1279	13	14	ADV	VERB	en	en	false	within
train-s1279	14	15	VERB	PRON	en	en	false	boundary
train-s1279	15	16	PRON	AUX	en	en	false	within
train-s1279	16	17	AUX	ADJ	en	en	false	within
train-s1279	17	18	ADJ	ADP	en	en	false	boundary
train-s1279	18	19	ADP	PRON	en	en	false	within
train-s1280	1	2	NUM	NOUN	en	en	false	within
train-s1280	2	3	NOUN	ADP	en	hi	true	within
train-s1280	3	4	ADP	NOUN	hi	hi	false	boundary
train-s1280	4	5	NOUN	ADP	hi	hi	false	within
train-s1280	5	6	ADP	PROPN	hi	hi	false	boundary
train-s1280	6	7	PROPN	NOUN	hi	hi	false	within
train-s1280	7	8	NOUN	VERB	hi	hi	false	within
train-s1281	1	2	CCONJ	NOUN	hi	hi	false	within
train-s1281	2	3	NOUN	VERB	hi	hi	false	within
train-s1281	3	5	VERB	NOUN	hi	en	true	boundary
train-s1281	5	6	NOUN	ADP	en	en	false	boundary
train-s1281	6	7	ADP	PRON	en	en	false	within
train-s1281	7	8	PRON	NOUN	en	hi	true	within
train-s1281	8	9	NOUN	VERB	hi	en	true	boundary
train-s1281	9	10	VERB	SCONJ	en	en	false	boundary
train-s1281	10	11	SCONJ	ADV	en	en	false	within
train-s1281	11	12	ADV	PRON	en	en	false	within
train-s1281	12	13	PRON	VERB	en	en	false	within
train-s1281	13	14	VERB	PRON	en	en	false	boundary
train-s1281	14	15	PRON	NOUN	en	en	false	within
train-s1282	1	2	NOUN	NOUN	en	en	false	within
train-s1282	2	3	NOUN	VERB	en	hi	true	within
train-s1282	3	4	VERB	AUX	hi	hi	false	within
train-s1282	4	5	AUX	CCONJ	hi	hi	false	boundary
train-s1282	5	6	CCONJ	VERB	hi	hi	false	within
train-s1282	6	7	VERB	PART	hi	hi	false	within
train-s1282	7	8	PART	PART	hi	hi	false	within
train-s1282	8	9	PART	AUX	hi	hi	false	within
train-s1283	1	2	DET	NOUN	hi	hi	false	within
train-s1283	2	3	NOUN	NOUN	hi	hi	false	within
train-s1283	3	4	NOUN	ADP	hi	hi	false	within
train-s1283	4	5	ADP	ADJ	hi	hi	false	boundary
train-s1283	5	6	ADJ	VERB	hi	hi	false	within
train-s1283	6	7	VERB	SCONJ	hi	hi	false	within
train-s1283	7	8	SCONJ	SCONJ	hi	hi	false	within
train-s1283	8	10	SCONJ	PRON	hi	en	true	boundary
train-s1283	10	11	PRON	VERB	en	en	false	within
train-s1283	11	14	VERB	VERB	en	hi	true	within
train-s1283	14	15	VERB	AUX	hi	hi	false	within
train-s1284	1	3	NOUN	NOUN	en	en	false	boundary
train-s1284	3	4	NOUN	NOUN	en	en	false	within
train-s1284	4	5	NOUN	NOUN	en	en	false	within
train-s1284	5	6	NOUN	VERB	en	hi	true	within
train-s1284	6	7	VERB	AUX	hi	hi	false	within
train-s1284	7	8	AUX	VERB	hi	hi	false	boundary
train-s1284	8	9	VERB	AUX	hi	hi	false	within
train-s1284	9	10	AUX	AUX	hi	hi	false	within
train-s1285	1	2	PRON	AUX	en	en	false	within
train-s1285	2	3	AUX	VERB	en	en	false	within
train-s1285	3	4	VERB	ADP	en	en	false	boundary
train-s1285	4	6	ADP	NOUN	en	hi	true	boundary
train-s1285	6	7	NOUN	ADJ	hi	en	true	boundary
train-s1285	7	8	ADJ	NOUN	en	en	false	within
train-s1285	8	9	NOUN	VERB	en	hi	true	within
train-s1285	9	10	VERB	AUX	hi	hi	false	within
train-s1285	10	11	AUX	ADV	hi	hi	false	within
train-s1285	11	12	ADV	ADV	hi	hi	false	within
train-s1285	12	13	ADV	PART	hi	hi	false	within
train-s1286	1	2	NOUN	VERB	hi	hi	false	within
train-s1286	2	3	VERB	AUX	hi	hi	false	within
train-s1286	3	4	AUX	VERB	hi	hi	false	within
train-s1286	4	5	VERB	AUX	hi	hi	false	within
train-s1286	5	6	AUX	PRON	hi	en	true	boundary
train-s1286	6	7	PRON	NOUN	en	en	false	within
train-s1286	7	8	NOUN	AUX	en	en	false	within
train-s1286	8	9	AUX	VERB	en	en	false	within
train-s1286	9	10	VERB	ADP	en	en	false	boundary
train-s1286	10	11	ADP	NOUN	en	en	false	within
train-s1287	2	4	DET	NOUN	en	en	false	within
train-s1287	4	5	NOUN	ADJ	en	en	false	within
train-s1287	5	6	ADJ	NOUN	en	en	false	within
train-s1287	6	7	NOUN	AUX	en	en	false	within
train-s1287	7	8	AUX	VERB	en	en	false	within
train-s1287	8	9	VERB	PRON	en	en	false	within
train-s1287	9	11	PRON	NOUN	en	hi	true	boundary
train-s1287	11	12	NOUN	ADP	hi	hi	false	within
train-s1287	12	13	ADP	NOUN	hi	hi	false	boundary
train-s1287	13	14	NOUN	PART	hi	hi	false	within
train-s1287	14	15	PART	VERB	hi	hi	false	within
train-s1287	15	17	VERB	NOUN	hi	hi	false	within
train-s1287	17	18	NOUN	VERB	hi	hi	false	within
train-s1287	18	19	VERB	AUX	hi	hi	false	within
train-s1287	19	20	AUX	AUX	hi	hi	false	within
train-s1288	1	2	PART	VERB	en	en	false	within
train-s1288	2	3	VERB	VERB	en	en	false	within
train-s1288	3	4	VERB	PRON	en	en	false	within
train-s1288	4	5	PRON	NOUN	en	en	false	within
train-s1288	5	6	NOUN	SCONJ	en	en	false	boundary
train-s1288	6	7	SCONJ	PRON	en	en	false	within
train-s1288	7	8	PRON	VERB	en	en	false	within
train-s1288	8	9	VERB	PART	en	en	false	boundary
train-s1288	9	10	PART	VERB	en	en	false	within
train-s1288	10	11	VERB	NOUN	en	hi	true	within
train-s1288	11	12	NOUN	NOUN	hi	hi	false	within
train-s1288	12	13	NOUN	ADP	hi	hi	false	within
train-s1289	1	2	NOUN	PRON	en	en	false	within
train-s1289	2	3	PRON	AUX	en	en	false	within
train-s1289	3	4	AUX	DET	en	en	false	within
train-s1289	4	5	DET	NOUN	en	en	false	within
train-s1289	5	6	NOUN	SCONJ	en	en	false	boundary
train-s1289	6	7	SCONJ	VERB	en	hi	true	within
train-s1289	7	8	VERB	PRON	hi	hi	false	within
train-s1289	8	9	PRON	NOUN	hi	hi	false	boundary
train-s1289	9	10	NOUN	NOUN	hi	hi	false	within
train-s1289	10	11	NOUN	ADP	hi	hi	false	within
train-s1290	2	3	DET	NOUN	en	en	false	within
train-s1290	3	4	NOUN	PRON	en	en	false	within
train-s1290	4	5	PRON	VERB	en	en	false	within
train-s1290	5	6	VERB	SCONJ	en	hi	true	boundary
train-s1290	6	7	SCONJ	NOUN	hi	en	true	within
train-s1290	7	8	NOUN	NUM	en	hi	true	within
train-s1290	8	9	NUM	AUX	hi	hi	false	within
train-s1290	9	10	AUX	CCONJ	hi	hi	false	boundary
train-s1290	10	11	CCONJ	NUM	hi	hi	false	within
train-s1290	11	12	NUM	PART	hi	hi	false	within
train-s1290	12	13	PART	VERB	hi	hi	false	boundary
train-s1291	1	2	PRON	VERB	en	en	false	within
train-s1291	2	3	VERB	PRON	en	en	false	boundary
train-s1291	3	4	PRON	NOUN	en	en	false	within
train-s1291	4	5	NOUN	AUX	en	en	false	within
train-s1291	5	6	AUX	DET	en	en	false	boundary
train-s1291	6	7	DET	NOUN	en	hi	true	within
train-s1291	7	8	NOUN	VERB	hi	hi	false	within
train-s1291	8	9	VERB	AUX	hi	hi	false	within
train-s1291	9	10	AUX	NOUN	hi	en	true	boundary
train-s1292	1	2	ADJ	NOUN	en	en	false	within
train-s1292	2	3	NOUN	ADP	en	hi	true	within
train-s1292	3	5	ADP	VERB	hi	hi	false	boundary
train-s1292	5	6	VERB	AUX	hi	hi	false	within
train-s1293	1	2	VERB	NOUN	en	en	false	within
train-s1293	2	3	NOUN	ADP	en	en	false	boundary
train-s1293	3	4	ADP	NOUN	en	en	false	within
train-s1293	4	5	NOUN	ADP	en	en	false	boundary
train-s1293	5	6	ADP	NOUN	en	hi	true	within
train-s1293	6	7	NOUN	ADP	hi	hi	false	within
train-s1293	7	8	ADP	NOUN	hi	hi	false	boundary
train-s1294	1	3	ADV	AUX	en	en	false	within
train-s1294	3	4	AUX	VERB	en	en	false	within
train-s1294	4	5	VERB	SCONJ	en	en	false	boundary
train-s1294	5	6	SCONJ	PRON	en	en	false	within
train-s1294	6	7	PRON	VERB	en	en	false	within
train-s1294	7	8	VERB	ADV	en	hi	true	boundary
train-s1294	8	9	ADV	ADJ	hi	hi	false	within
train-s1294	9	10	ADJ	VERB	hi	hi	false	within
train-s1294	10	11	VERB	AUX	hi	hi	false	within
train-s1294	11	13	AUX	ADP	hi	hi	false	boundary
train-s1295	1	2	PRON	AUX	en	en	false	within
train-s1295	2	3	AUX	VERB	en	en	false	within
train-s1295	3	4	VERB	VERB	en	en	false	within
train-s1295	4	5	VERB	AUX	en	en	false	within
train-s1295	5	7	AUX	DET	en	hi	true	boundary
train-s1295	7	8	DET	NOUN	hi	en	true	within
train-s1295	8	9	NOUN	ADJ	en	hi	true	within
train-s1295	9	10	ADJ	PART	hi	hi	false	boundary
train-s1295	10	11	PART	PART	hi	hi	false	within
train-s1295	11	12	PART	VERB	hi	hi	false	within
train-s1296	1	2	NOUN	CCONJ	hi	hi	false	boundary
train-s1296	2	3	CCONJ	NOUN	hi	hi	false	within
train-s1296	3	4	NOUN	ADV	hi	en	true	boundary
train-s1296	4	5	ADV	ADJ	en	en	false	within
train-s1296	5	6	ADJ	ADP	en	en	false	boundary
train-s1296	6	7	ADP	DET	en	en	false	within
train-s1296	7	8	DET	PRON	en	en	false	within
train-s1297	1	2	ADV	AUX	en	en	false	within
train-s1297	2	3	AUX	VERB	en	en	false	within
train-s1297	3	4	VERB	DET	en	en	false	boundary
train-s1297	4	5	DET	NOUN	en	en	false	within
train-s1297	5	6	NOUN	SCONJ	en	hi	true	boundary
train-s1297	6	7	SCONJ	ADV	hi	hi	false	within
train-s1297	7	8	ADV	NOUN	hi	hi	false	within
train-s1297	8	9	NOUN	PART	hi	hi	false	within
train-s1297	9	10	PART	VERB	hi	hi	false	within
train-s1298	2	3	ADJ	ADP	en	en	false	within
train-s1298	3	4	ADP	PRON	en	en	false	boundary
train-s1298	4	5	PRON	NOUN	en	en	false	within
train-s1298	5	6	NOUN	AUX	en	en	false	within
train-s1298	6	7	AUX	VERB	en	en	false	within
train-s1298	7	8	VERB	SCONJ	en	en	false	boundary
train-s1298	8	11	SCONJ	NOUN	en	hi	true	within
train-s1298	11	12	NOUN	PRON	hi	hi	false	boundary
train-s1298	12	13	PRON	PRON	hi	hi	false	within
train-s1298	13	14	PRON	NOUN	hi	en	true	boundary
train-s1298	14	15	NOUN	VERB	en	hi	true	within
train-s1298	15	16	VERB	VERB	hi	hi	false	within
train-s1298	16	17	VERB	AUX	hi	hi	false	within
train-s1298	17	18	AUX	AUX	hi	hi	false	within
train-s1299	2	3	DET	NOUN	en	en	false	within
train-s1299	3	4	NOUN	PRON	en	en	false	boundary
train-s1299	4	5	PRON	VERB	en	en	false	within
train-s1299	5	7	VERB	NOUN	en	hi	true	boundary
train-s1299	7	8	NOUN	VERB	hi	hi	false	within
train-s1299	8	10	VERB	NOUN	hi	hi	false	boundary
train-s1299	10	11	NOUN	PART	hi	hi	false	within
train-s1299	11	12	PART	VERB	hi	hi	false	within
train-s1299	12	14	VERB	ADV	hi	en	true	boundary
train-s1299	14	15	ADV	ADV	en	en	false	within
train-s1299	15	16	ADV	VERB	en	en	false	within
train-s1299	16	17	VERB	NOUN	en	en	false	within
train-s1299	17	18	NOUN	PRON	en	en	false	within
train-s1299	18	20	PRON	PRON	en	en	false	within
train-s1300	1	2	NOUN	ADV	hi	hi	false	within
train-s1300	2	3	ADV	PRON	hi	en	true	within
train-s1300	3	4	PRON	VERB	en	en	false	within
train-s1300	4	5	VERB	ADP	en	en	false	boundary
train-s1301	2	3	NOUN	ADP	hi	hi	false	within
train-s1301	3	4	ADP	ADP	hi	hi	false	within
train-s1301	4	5	ADP	VERB	hi	hi	false	boundary
train-s1301	5	6	VERB	PART	hi	hi	false	within
train-s1301	6	7	PART	CCONJ	hi	hi	false	boundary
train-s1301	7	8	CCONJ	ADV	hi	en	true	boundary
train-s1301	8	9	ADV	NOUN	en	en	false	within
train-s1301	9	10	NOUN	PART	en	hi	true	within
train-s1301	10	11	PART	VERB	hi	hi	false	boundary
train-s1301	11	13	VERB	PRON	hi	en	true	boundary
train-s1301	13	15	PRON	VERB	en	en	false	within
train-s1302	2	3	ADP	PROPN	hi	en	true	boundary
train-s1302	3	4	PROPN	NOUN	en	en	false	within
train-s1302	4	5	NOUN	NOUN	en	en	false	within
train-s1302	5	6	NOUN	PART	en	hi	true	within
train-s1302	6	7	PART	VERB	hi	hi	false	within
train-s1302	7	8	VERB	PRON	hi	hi	false	within
train-s1302	8	9	PRON	NOUN	hi	hi	false	within
train-s1302	9	10	NOUN	VERB	hi	hi	false	within
train-s1303	1	2	DET	ADJ	en	en	false	within
train-s1303	2	3	ADJ	NOUN	en	en	false	within
train-s1303	3	4	NOUN	ADP	en	en	false	boundary
train-s1303	4	7	ADP	CCONJ	en	en	false	boundary
train-s1303	7	8	CCONJ	PRON	en	hi	true	boundary
train-s1303	8	9	PRON	NOUN	hi	en	true	within
train-s1303	9	10	NOUN	VERB	en	hi	true	within
train-s1303	10	11	VERB	AUX	hi	hi	false	within
train-s1303	11	12	AUX	AUX	hi	hi	false	within
train-s1303	12	13	AUX	ADP	hi	en	true	boundary
train-s1303	13	14	ADP	ADP	en	en	false	within
train-s1303	14	15	ADP	PRON	en	en	false	within
train-s1303	15	16	PRON	NOUN	en	en	false	within
train-s1304	1	2	NOUN	AUX	en	en	false	within
train-s1304	2	3	AUX	ADJ	en	en	false	within
train-s1304	3	5	ADJ	CCONJ	en	hi	true	boundary
train-s1304	5	6	CCONJ	PRON	hi	hi	false	within
train-s1304	6	7	PRON	ADP	hi	hi	false	within
train-s1304	7	8	ADP	PRON	hi	hi	false	boundary
train-s1304	8	9	PRON	NOUN	hi	hi	false	within
train-s1304	9	10	NOUN	PART	hi	hi	false	within
train-s1304	10	11	PART	VERB	hi	hi	false	within
train-s1305	1	2	NOUN	DET	hi	hi	false	boundary
train-s1305	2	3	DET	PRON	hi	hi	false	within
train-s1305	3	4	PRON	PART	hi	hi	false	within
train-s1305	4	5	PART	ADJ	hi	hi	false	boundary
train-s1305	5	6	ADJ	AUX	hi	hi	false	within
train-s1305	6	7	AUX	CCONJ	hi	en	true	boundary
train-s1305	7	8	CCONJ	PRON	en	en	false	within
train-s1305	8	9	PRON	ADV	en	en	false	within
train-s1305	9	10	ADV	AUX	en	en	false	within
train-s1305	10	13	AUX	VERB	en	en	false	within
train-s1305	13	14	VERB	PART	en	en	false	boundary
train-s1305	14	15	PART	VERB	en	en	false	within
train-s1305	15	16	VERB	VERB	en	en	false	within
train-s1305	16	17	VERB	ADP	en	en	false	boundary
train-s1305	17	18	ADP	DET	en	en	false	within
train-s1305	18	19	DET	NOUN	en	en	false	within
train-s1306	2	3	PRON	NOUN	hi	hi	false	within
train-s1306	3	4	NOUN	ADP	hi	hi	false	within
train-s1306	4	5	ADP	VERB	hi	hi	false	boundary
train-s1306	5	7	VERB	NOUN	hi	en	true	boundary
train-s1306	7	8	NOUN	AUX	en	en	false	within
train-s1306	8	9	AUX	PART	en	en	false	within
train-s1306	9	10	PART	VERB	en	en	false	within
train-s1307	2	3	NOUN	ADP	en	en	false	boundary
train-s1307	3	4	ADP	DET	en	en	false	within
train-s1307	4	5	DET	NOUN	en	en	false	within
train-s1307	5	6	NOUN	SCONJ	en	hi	true	boundary
train-s1307	6	7	SCONJ	NOUN	hi	en	true	within
train-s1307	7	8	NOUN	PART	en	hi	true	within
train-s1307	8	9	PART	AUX	hi	hi	false	within
train-s1308	2	3	NOUN	ADP	en	en	false	boundary
train-s1308	3	4	ADP	NOUN	en	en	false	within
train-s1308	4	5	NOUN	PART	en	en	false	within
train-s1308	5	6	PART	NOUN	en	en	false	boundary
train-s1308	6	8	NOUN	VERB	en	en	false	boundary
train-s1308	8	9	VERB	SCONJ	en	hi	true	within
train-s1308	9	10	SCONJ	VERB	hi	en	true	within
train-s1308	10	11	VERB	SCONJ	en	hi	true	within
train-s1308	11	12	SCONJ	VERB	hi	hi	false	boundary
train-s1308	12	13	VERB	AUX	hi	hi	false	within
train-s1309	2	3	ADV	ADV	en	en	false	boundary
train-s1309	3	4	ADV	DET	en	en	false	within
train-s1309	4	5	DET	NOUN	en	en	false	within
train-s1309	5	6	NOUN	VERB	en	en	false	within
train-s1309	6	7	VERB	DET	en	en	false	boundary
train-s1309	7	8	DET	ADJ	en	en	false	within
train-s1309	8	9	ADJ	NOUN	en	en	false	within
train-s1309	9	10	NOUN	ADP	en	en	false	boundary
train-s1309	10	11	ADP	NOUN	en	en	false	within
train-s1309	11	12	NOUN	PRON	en	en	false	boundary
train-s1309	12	13	PRON	AUX	en	en	false	within
train-s1309	13	16	AUX	NOUN	en	hi	true	within
train-s1309	16	17	NOUN	ADP	hi	hi	false	within
train-s1309	17	18	ADP	VERB	hi	hi	false	boundary
train-s1309	18	19	VERB	PRON	hi	hi	false	within
train-s1310	1	2	NOUN	ADP	hi	hi	false	within
train-s1310	2	3	ADP	NOUN	hi	en	true	boundary
train-s1310	3	4	NOUN	NOUN	en	en	false	within
train-s1310	4	5	NOUN	VERB	en	hi	true	within
train-s1310	5	6	VERB	AUX	hi	hi	false	within
train-s1310	6	7	AUX	VERB	hi	hi	false	boundary
train-s1310	7	8	VERB	AUX	hi	hi	false	within
train-s1311	1	2	NOUN	ADP	en	hi	true	within
train-s1311	2	3	ADP	ADJ	hi	en	true	boundary
train-s1311	3	4	ADJ	NOUN	en	en	false	within
train-s1311	4	5	NOUN	VERB	en	hi	true	within
train-s1311	5	6	VERB	SCONJ	hi	hi	false	within
train-s1311	6	7	SCONJ	SCONJ	hi	hi	false	within
train-s1311	7	8	SCONJ	ADJ	hi	hi	false	boundary
train-s1311	8	9	ADJ	NOUN	hi	hi	false	within
train-s1311	9	10	NOUN	ADP	hi	hi	false	within
train-s1311	10	11	ADP	NOUN	hi	hi	false	boundary
train-s1311	11	12	NOUN	VERB	hi	hi	false	within
train-s1312	1	2	ADV	PRON	en	en	false	within
train-s1312	2	3	PRON	VERB	en	en	false	within
train-s1312	3	4	VERB	ADJ	en	hi	true	boundary
train-s1312	4	6	ADJ	NOUN	hi	hi	false	within
train-s1312	6	7	NOUN	ADP	hi	en	true	boundary
train-s1312	7	8	ADP	DET	en	en	false	within
train-s1312	8	9	DET	ADJ	en	en	false	within
train-s1312	9	10	ADJ	ADJ	en	en	false	within
train-s1312	10	11	ADJ	NOUN	en	en	false	within
train-s1313	1	2	NOUN	ADP	hi	hi	false	within
train-s1313	2	3	ADP	NOUN	hi	en	true	boundary
train-s1313	3	4	NOUN	PRON	en	hi	true	within
train-s1313	4	5	PRON	ADP	hi	hi	false	within
train-s1313	5	6	ADP	NOUN	hi	en	true	boundary
train-s1313	6	7	NOUN	PART	en	en	false	within
train-s1313	7	8	PART	VERB	en	hi	true	boundary
train-s1313	8	9	VERB	AUX	hi	hi	false	within
train-s1313	9	10	AUX	AUX	hi	hi	false	within
train-s1313	10	11	AUX	CCONJ	hi	hi	false	boundary
train-s1313	11	12	CCONJ	ADV	hi	hi	false	within
train-s1313	12	13	ADV	ADJ	hi	en	true	boundary
train-s1313	13	14	ADJ	NOUN	en	en	false	within
train-s1313	14	16	NOUN	PART	en	hi	true	boundary
train-s1313	16	17	PART	ADJ	hi	hi	false	within
train-s1313	17	18	ADJ	NOUN	hi	hi	false	within
train-s1313	18	19	NOUN	AUX	hi	hi	false	within
train-s1314	2	3	NOUN	PRON	en	en	false	boundary
train-s1314	3	4	PRON	NOUN	en	en	false	within
train-s1314	4	5	NOUN	VERB	en	en	false	within
train-s1314	5	6	VERB	PRON	en	en	false	within
train-s1314	6	8	PRON	NOUN	en	en	false	boundary
train-s1314	8	9	NOUN	ADP	en	hi	true	within
train-s1314	9	10	ADP	PART	hi	hi	false	boundary
train-s1314	10	11	PART	NOUN	hi	en	true	within
train-s1314	11	12	NOUN	NOUN	en	en	false	within
train-s1314	12	13	NOUN	ADV	en	hi	true	within
train-s1314	13	14	ADV	VERB	hi	hi	false	within
train-s1314	14	15	VERB	AUX	hi	hi	false	within
train-s1315	2	3	VERB	NOUN	en	en	false	within
train-s1315	3	4	NOUN	PRON	en	hi	true	boundary
train-s1315	4	5	PRON	ADV	hi	hi	false	boundary
train-s1315	5	6	ADV	ADJ	hi	hi	false	within
train-s1315	6	7	ADJ	NOUN	hi	hi	false	within
train-s1315	7	8	NOUN	AUX	hi	hi	false	within
train-s1315	8	9	AUX	PRON	hi	hi	false	boundary
train-s1315	9	10	PRON	PRON	hi	hi	false	within
train-s1315	10	11	PRON	VERB	hi	hi	false	within
train-s1315	11	12	VERB	AUX	hi	hi	false	within
train-s1315	12	13	AUX	AUX	hi	hi	false	within
train-s1316	1	2	NOUN	ADP	hi	hi	false	within
train-s1316	2	3	ADP	PRON	hi	en	true	boundary
train-s1316	3	4	PRON	VERB	en	en	false	within
train-s1316	4	5	VERB	PRON	en	en	false	within
train-s1316	5	6	PRON	PART	en	en	false	within
train-s1316	6	7	PART	VERB	en	hi	true	boundary
train-s1317	2	4	ADP	NOUN	hi	en	true	boundary
train-s1317	4	5	NOUN	CCONJ	en	hi	true	boundary
train-s1317	5	6	CCONJ	NOUN	hi	en	true	within
train-s1317	6	7	NOUN	ADP	en	hi	true	within
train-s1317	7	8	ADP	NOUN	hi	en	true	boundary
train-s1317	8	9	NOUN	PART	en	hi	true	within
train-s1318	1	2	DET	PRON	hi	hi	false	within
train-s1318	2	3	PRON	VERB	hi	hi	false	within
train-s1318	3	4	VERB	AUX	hi	hi	false	within
train-s1318	4	5	AUX	AUX	hi	hi	false	within
train-s1318	5	6	AUX	ADJ	hi	en	true	boundary
train-s1318	6	8	ADJ	NOUN	en	en	false	within
train-s1318	8	9	NOUN	ADP	en	hi	true	within
train-s1319	1	2	PRON	VERB	en	en	false	within
train-s1319	2	3	VERB	ADJ	en	en	false	within
train-s1319	3	4	ADJ	ADP	en	en	false	boundary
train-s1319	4	5	ADP	PROPN	en	en	false	within
train-s1319	5	6	PROPN	ADJ	en	en	false	within
train-s1319	6	7	ADJ	NOUN	en	en	false	within
train-s1319	7	9	NOUN	NOUN	en	hi	true	boundary
train-s1319	9	10	NOUN	ADP	hi	hi	false	within
train-s1319	10	11	ADP	NOUN	hi	en	true	boundary
train-s1319	11	12	NOUN	NOUN	en	en	false	within
train-s1319	12	13	NOUN	ADP	en	hi	true	within
train-s1319	13	14	ADP	NOUN	hi	en	true	boundary
train-s1319	14	15	NOUN	ADP	en	hi	true	within
train-s1319	15	16	ADP	ADJ	hi	hi	false	boundary
train-s1319	16	17	ADJ	VERB	hi	hi	false	within
train-s1319	17	18	VERB	AUX	hi	hi	false	within
train-s1319	18	19	AUX	AUX	hi	hi	false	within
train-s1320	1	2	ADV	VERB	hi	hi	false	within
train-s1320	2	3	VERB	PROPN	hi	hi	false	within
train-s1320	3	4	PROPN	ADP	hi	hi	false	within
train-s1320	4	5	ADP	CCONJ	hi	hi	false	boundary
train-s1320	5	6	CCONJ	PART	hi	hi	false	within
train-s1320	6	7	PART	NOUN	hi	en	true	within
train-s1320	7	8	NOUN	NOUN	en	en	false	within
train-s1320	8	9	NOUN	VERB	en	hi	true	within
train-s1320	9	10	VERB	AUX	hi	hi	false	within
train-s1321	1	2	PRON	AUX	en	en	false	within
train-s1321	2	3	AUX	VERB	en	en	false	within
train-s1321	3	4	VERB	PRON	en	en	false	boundary
train-s1321	4	5	PRON	NOUN	en	en	false	within
train-s1321	5	6	NOUN	SCONJ	en	en	false	boundary
train-s1321	6	7	SCONJ	NOUN	en	hi	true	within
train-s1321	7	8	NOUN	ADP	hi	hi	false	within
train-s1321	8	9	ADP	NOUN	hi	hi	false	boundary
train-s1322	1	2	INTJ	VERB	en	en	false	within
train-s1322	2	3	VERB	PRON	en	en	false	within
train-s1322	3	4	PRON	SCONJ	en	hi	true	boundary
train-s1322	4	5	SCONJ	NOUN	hi	hi	false	within
train-s1322	5	6	NOUN	NOUN	hi	hi	false	within
train-s1322	6	7	NOUN	VERB	hi	hi	false	within
train-s1322	7	8	VERB	AUX	hi	hi	false	within
train-s1322	8	9	AUX	AUX	hi	hi	false	within
train-s1323	1	2	NOUN	DET	en	hi	true	within
train-s1323	2	3	DET	NOUN	hi	hi	false	within
train-s1323	3	4	NOUN	ADP	hi	hi	false	within
train-s1323	4	5	ADP	ADJ	hi	hi	false	boundary
train-s1323	5	7	ADJ	NUM	hi	en	true	boundary
train-s1323	7	8	NUM	ADP	en	en	false	within
train-s1323	8	9	ADP	NOUN	en	en	false	within
train-s1323	9	10	NOUN	AUX	en	en	false	within
train-s1323	10	11	AUX	PART	en	en	false	within
train-s1323	11	12	PART	VERB	en	en	false	within
train-s1323	12	13	VERB	NOUN	en	en	false	within
train-s1323	13	14	NOUN	ADP	en	en	false	boundary
train-s1323	14	15	ADP	DET	en	en	false	within
train-s1323	15	16	DET	NOUN	en	en	false	within
train-s1323	16	18	NOUN	INTJ	en	en	false	boundary
train-s1323	18	19	INTJ	VERB	en	en	false	within
train-s1323	19	20	VERB	PRON	en	en	false	within
train-s1324	1	2	DET	ADJ	hi	en	true	within
train-s1324	2	3	ADJ	NOUN	en	en	false	within
train-s1324	3	4	NOUN	PART	en	hi	true	within
train-s1324	4	5	PART	ADJ	hi	hi	false	boundary
train-s1324	5	6	ADJ	ADJ	hi	hi	false	within
train-s1324	6	7	ADJ	NOUN	hi	hi	false	boundary
train-s1324	7	8	NOUN	ADP	hi	hi	false	within
train-s1324	8	9	ADP	NOUN	hi	hi	false	boundary
train-s1324	9	10	NOUN	ADJ	hi	hi	false	within
train-s1324	10	11	ADJ	VERB	hi	hi	false	within
train-s1324	11	12	VERB	AUX	hi	hi	false	within
train-s1325	1	2	PRON	AUX	en	en	false	within
train-s1325	2	3	AUX	NOUN	en	en	false	within
train-s1325	3	4	NOUN	ADV	en	en	false	boundary
train-s1325	4	5	ADV	ADP	en	en	false	within
train-s1325	5	6	ADP	DET	en	en	false	within
train-s1325	6	7	DET	ADJ	en	en	false	within
train-s1325	7	9	ADJ	NOUN	en	en	false	within
train-s1325	9	10	NOUN	PRON	en	hi	true	boundary
train-s1325	10	11	PRON	ADP	hi	hi	false	within
train-s1325	11	12	ADP	PART	hi	hi	false	within
train-s1325	12	13	PART	ADJ	hi	hi	false	boundary
train-s1325	13	14	ADJ	NOUN	hi	hi	false	within
train-s1325	14	15	NOUN	AUX	hi	hi	false	within
train-s1325	15	16	AUX	ADJ	hi	hi	false	boundary
train-s1325	16	17	ADJ	NOUN	hi	hi	false	within
train-s1326	1	2	PRON	VERB	en	en	false	within
train-s1326	2	3	VERB	DET	en	en	false	boundary
train-s1326	3	4	DET	NOUN	en	en	false	within
train-s1326	4	5	NOUN	PRON	en	hi	true	boundary
train-s1326	5	6	PRON	NOUN	hi	hi	false	within
train-s1326	6	7	NOUN	VERB	hi	hi	false	within
train-s1326	7	8	VERB	SCONJ	hi	hi	false	within
train-s1326	8	9	SCONJ	NOUN	hi	hi	false	within
train-s1326	9	10	NOUN	ADV	hi	hi	false	within
train-s1326	10	11	ADV	ADP	hi	en	true	boundary
train-s1326	11	12	ADP	DET	en	en	false	within
train-s1326	12	14	DET	NOUN	en	en	false	within
train-s1327	1	2	NOUN	VERB	en	en	false	within
train-s1327	2	3	VERB	NOUN	en	en	false	boundary
train-s1327	3	4	NOUN	ADP	en	hi	true	within
train-s1327	4	5	ADP	NOUN	hi	hi	false	boundary
train-s1327	5	6	NOUN	VERB	hi	hi	false	within
train-s1327	6	7	VERB	CCONJ	hi	en	true	boundary
train-s1327	7	8	CCONJ	PRON	en	hi	true	within
train-s1327	8	9	PRON	NOUN	hi	en	true	within
train-s1327	9	10	NOUN	ADP	en	hi	true	within
train-s1327	10	12	ADP	NOUN	hi	en	true	boundary
train-s1327	12	13	NOUN	VERB	en	hi	true	within
train-s1328	2	3	ADV	ADP	en	en	false	boundary
train-s1328	3	5	ADP	PRON	en	en	false	boundary
train-s1328	5	6	PRON	AUX	en	en	false	within
train-s1328	6	8	AUX	NUM	en	en	false	within
train-s1328	8	9	NUM	NOUN	en	en	false	within
train-s1328	9	10	NOUN	NOUN	en	en	false	within
train-s1328	10	12	NOUN	CCONJ	en	en	false	boundary
train-s1328	12	13	CCONJ	ADP	en	en	false	boundary
train-s1328	13	15	ADP	ADV	en	en	false	boundary
train-s1328	15	17	ADV	NUM	en	hi	true	boundary
train-s1328	17	18	NUM	NOUN	hi	hi	false	within
train-s1328	18	19	NOUN	ADP	hi	hi	false	within
train-s1328	19	20	ADP	NOUN	hi	hi	false	boundary
train-s1329	2	3	ADV	PRON	en	en	false	within
train-s1329	3	4	PRON	AUX	en	en	false	within
train-s1329	4	5	AUX	VERB	en	en	false	within
train-s1329	5	6	VERB	DET	en	en	false	boundary
train-s1329	6	8	DET	NOUN	en	hi	true	boundary
train-s1329	8	9	NOUN	NOUN	hi	hi	false	within
train-s1329	9	10	NOUN	ADV	hi	hi	false	within
train-s1329	10	11	ADV	ADJ	hi	hi	false	within
train-s1329	11	12	ADJ	AUX	hi	hi	false	within
train-s1329	12	14	AUX	ADP	hi	hi	false	within
train-s1329	14	15	ADP	NOUN	hi	en	true	boundary
train-s1329	15	16	NOUN	SCONJ	en	en	false	boundary
train-s1329	16	17	SCONJ	PRON	en	en	false	within
train-s1329	17	18	PRON	AUX	en	en	false	within
train-s1329	18	19	AUX	ADJ	en	en	false	within
train-s1330	2	3	NOUN	ADP	hi	hi	false	within
train-s1330	3	4	ADP	VERB	hi	hi	false	boundary
train-s1330	4	5	VERB	AUX	hi	hi	false	within
train-s1330	5	7	AUX	VERB	hi	hi	false	within
train-s1330	7	8	VERB	AUX	hi	hi	false	within
train-s1330	8	9	AUX	PART	hi	hi	false	within
train-s1330	9	10	PART	SCONJ	hi	en	true	boundary
train-s1330	10	11	SCONJ	ADJ	en	en	false	within
train-s1330	11	12	ADJ	NOUN	en	en	false	within
train-s1331	1	2	PRON	AUX	en	en	false	within
train-s1331	2	3	AUX	ADJ	en	en	false	within
train-s1331	3	4	ADJ	PART	en	en	false	boundary
train-s1331	4	5	PART	VERB	en	en	false	within
train-s1331	5	6	VERB	ADP	en	en	false	boundary
train-s1331	6	8	ADP	SCONJ	en	hi	true	boundary
train-s1331	8	9	SCONJ	PRON	hi	hi	false	within
train-s1331	9	10	PRON	NOUN	hi	hi	false	within
train-s1331	10	11	NOUN	ADP	hi	hi	false	within
train-s1331	11	12	ADP	AUX	hi	hi	false	within
train-s1332	1	2	SCONJ	PRON	en	en	false	within
train-s1332	2	3	PRON	VERB	en	en	false	within
train-s1332	3	4	VERB	SCONJ	en	hi	true	boundary
train-s1332	4	5	SCONJ	PRON	hi	hi	false	within
train-s1332	5	6	PRON	NOUN	hi	en	true	within
train-s1332	6	7	NOUN	ADP	en	hi	true	within
train-s1332	7	8	ADP	VERB	hi	hi	false	boundary
train-s1332	8	10	VERB	SCONJ	hi	hi	false	boundary
train-s1332	10	11	SCONJ	ADJ	hi	hi	false	within
train-s1332	11	12	ADJ	NOUN	hi	hi	false	within
train-s1332	12	13	NOUN	AUX	hi	hi	false	within
train-s1332	13	14	AUX	PRON	hi	hi	false	within
train-s1332	14	15	PRON	ADP	hi	hi	false	within
train-s1333	2	3	ADP	ADJ	hi	en	true	boundary
train-s1333	3	4	ADJ	NOUN	en	en	false	within
train-s1333	4	5	NOUN	ADP	en	en	false	boundary
train-s1333	5	6	ADP	ADJ	en	en	false	within
train-s1333	6	7	ADJ	NOUN	en	en	false	within
train-s1334	1	2	PRON	VERB	en	en	false	within
train-s1334	2	3	VERB	ADP	en	en	false	boundary
train-s1334	3	4	ADP	PRON	en	en	false	within
train-s1334	4	5	PRON	ADP	en	en	false	within
train-s1334	5	6	ADP	PRON	en	en	false	within
train-s1334	6	7	PRON	NOUN	en	en	false	within
train-s1334	7	8	NOUN	NOUN	en	hi	true	boundary
train-s1334	8	9	NOUN	ADV	hi	hi	false	within
train-s1334	9	10	ADV	ADJ	hi	hi	false	within
train-s1334	10	11	ADJ	AUX	hi	hi	false	within
train-s1335	1	2	NOUN	NOUN	en	en	false	within
train-s1335	2	3	NOUN	ADP	en	hi	true	within
train-s1335	3	4	ADP	NOUN	hi	en	true	boundary
train-s1335	4	5	NOUN	PART	en	hi	true	within
train-s1335	5	6	PART	ADJ	hi	hi	false	boundary
train-s1335	6	7	ADJ	VERB	hi	hi	false	within
train-s1335	7	8	VERB	AUX	hi	hi	false	within
train-s1335	8	9	AUX	AUX	hi	hi	false	within
train-s1336	1	2	SCONJ	NOUN	en	en	false	within
train-s1336	2	3	NOUN	AUX	en	en	false	within
train-s1336	3	4	AUX	ADJ	en	en	false	within
train-s1336	4	5	ADJ	ADP	en	en	false	boundary
train-s1336	5	6	ADP	PRON	en	en	false	within
train-s1336	6	7	PRON	NOUN	en	en	false	within
train-s1336	7	8	NOUN	SCONJ	en	hi	true	boundary
train-s1336	8	9	SCONJ	NOUN	hi	en	true	within
train-s1336	9	10	NOUN	ADJ	en	hi	true	within
train-s1336	10	11	ADJ	AUX	hi	hi	false	within
train-s1337	1	2	NOUN	ADP	hi	hi	false	within
train-s1337	2	3	ADP	ADV	hi	hi	false	boundary
train-s1337	3	4	ADV	PRON	hi	hi	false	within
train-s1337	4	5	PRON	ADP	hi	hi	false	within
train-s1337	5	7	ADP	PART	hi	en	true	boundary
train-s1337	7	8	PART	NOUN	en	en	false	boundary
train-s1337	8	9	NOUN	ADP	en	hi	true	within
train-s1337	9	10	ADP	NOUN	hi	en	true	boundary
train-s1337	10	11	NOUN	PART	en	hi	true	within
train-s1337	11	12	PART	VERB	hi	hi	false	within
train-s1338	1	2	ADV	PRON	en	en	false	boundary
train-s1338	2	3	PRON	NOUN	en	en	false	within
train-s1338	3	4	NOUN	VERB	en	en	false	within
train-s1338	4	5	VERB	PRON	en	en	false	boundary
train-s1338	5	6	PRON	NOUN	en	en	false	within
train-s1338	6	7	NOUN	AUX	en	en	false	boundary
train-s1338	7	8	AUX	VERB	en	en	false	within
train-s1338	8	9	VERB	PRON	en	en	false	within
train-s1338	9	10	PRON	ADP	en	en	false	within
train-s1338	10	12	ADP	VERB	en	hi	true	within
train-s1338	12	13	VERB	AUX	hi	hi	false	within
train-s1338	13	15	AUX	CCONJ	hi	hi	false	boundary
train-s1338	15	17	CCONJ	ADP	hi	hi	false	within
train-s1338	17	18	ADP	PRON	hi	hi	false	boundary
train-s1338	18	19	PRON	PART	hi	hi	false	within
train-s1338	19	20	PART	VERB	hi	hi	false	boundary
train-s1338	20	21	VERB	AUX	hi	hi	false	within
train-s1339	3	4	AUX	ADV	en	en	false	within
train-s1339	4	5	ADV	ADJ	en	en	false	within
train-s1339	5	6	ADJ	ADV	en	en	false	boundary
train-s1339	6	7	ADV	PRON	en	en	false	within
train-s1339	7	8	PRON	VERB	en	en	false	within
train-s1339	8	10	VERB	ADV	en	hi	true	boundary
train-s1339	10	11	ADV	PART	hi	hi	false	within
train-s1339	11	12	PART	DET	hi	hi	false	boundary
train-s1339	12	13	DET	NOUN	hi	hi	false	within
train-s1339	13	14	NOUN	ADP	hi	hi	false	within
train-s1339	14	15	ADP	VERB	hi	hi	false	boundary
train-s1339	15	17	VERB	PRON	hi	hi	false	boundary
train-s1339	17	18	PRON	PART	hi	hi	false	within
train-s1339	18	19	PART	NOUN	hi	hi	false	boundary
train-s1340	4	5	ADV	VERB	en	en	false	within
train-s1340	5	6	VERB	PRON	en	en	false	boundary
train-s1340	6	8	PRON	NOUN	en	hi	true	boundary
train-s1340	8	9	NOUN	ADJ	hi	hi	false	within
train-s1340	9	10	ADJ	VERB	hi	hi	false	within
train-s1340	10	11	VERB	AUX	hi	hi	false	within
train-s1340	11	13	AUX	NOUN	hi	en	true	boundary
train-s1340	13	14	NOUN	SCONJ	en	en	false	boundary
train-s1340	14	15	SCONJ	PRON	en	en	false	within
train-s1340	15	16	PRON	AUX	en	en	false	within
train-s1340	16	17	AUX	VERB	en	en	false	within
train-s1340	17	18	VERB	ADP	en	en	false	boundary
train-s1341	1	2	NOUN	ADJ	en	en	false	within
train-s1341	2	3	ADJ	VERB	en	hi	true	within
train-s1341	3	4	VERB	SCONJ	hi	hi	false	within
train-s1341	4	5	SCONJ	ADJ	hi	hi	false	boundary
train-s1341	5	6	ADJ	VERB	hi	hi	false	within
train-s1341	6	7	VERB	ADJ	hi	hi	false	boundary
train-s1341	7	8	ADJ	NOUN	hi	en	true	within
train-s1341	8	9	NOUN	ADJ	en	hi	true	within
train-s1341	9	10	ADJ	VERB	hi	hi	false	within
train-s1341	10	11	VERB	AUX	hi	hi	false	within
train-s1342	1	2	ADJ	NOUN	en	en	false	within
train-s1342	2	3	NOUN	ADP	en	hi	true	within
train-s1342	3	4	ADP	NOUN	hi	en	true	boundary
train-s1342	4	5	NOUN	NOUN	en	en	false	within
train-s1342	5	6	NOUN	VERB	en	hi	true	within
train-s1342	6	7	VERB	AUX	hi	hi	false	within
train-s1342	7	8	AUX	AUX	hi	hi	false	within
train-s1342	8	9	AUX	PRON	hi	hi	false	within
train-s1342	9	10	PRON	ADV	hi	hi	false	within
train-s1342	10	11	ADV	ADP	hi	hi	false	within
train-s1343	1	3	ADP	ADV	en	hi	true	boundary
train-s1343	3	4	ADV	ADJ	hi	hi	false	within
train-s1343	4	5	ADJ	NOUN	hi	en	true	within
train-s1343	5	6	NOUN	NOUN	en	en	false	within
train-s1343	6	7	NOUN	VERB	en	hi	true	within
train-s1343	7	8	VERB	AUX	hi	hi	false	within
train-s1343	8	9	AUX	SCONJ	hi	hi	false	boundary
train-s1343	9	10	SCONJ	PRON	hi	en	true	within
train-s1343	10	11	PRON	AUX	en	en	false	within
train-s1343	11	12	AUX	PART	en	en	false	within
train-s1343	12	13	PART	ADV	en	en	false	within
train-s1343	13	14	ADV	VERB	en	en	false	within
train-s1343	14	15	VERB	ADP	en	en	false	within
train-s1343	15	16	ADP	ADP	en	en	false	boundary
train-s1343	16	17	ADP	PRON	en	en	false	within
train-s1343	17	18	PRON	CCONJ	en	en	false	boundary
train-s1343	18	19	CCONJ	VERB	en	en	false	within
train-s1343	19	20	VERB	VERB	en	hi	true	within
train-s1344	1	2	CCONJ	PRON	en	en	false	within
train-s1344	2	3	PRON	AUX	en	en	false	within
train-s1344	3	4	AUX	DET	en	en	false	within
train-s1344	4	5	DET	ADJ	en	en	false	within
train-s1344	5	6	ADJ	NOUN	en	en	false	within
train-s1344	6	7	NOUN	PART	en	en	false	boundary
train-s1344	7	8	PART	VERB	en	en	false	within
train-s1344	8	10	VERB	NOUN	en	hi	true	boundary
train-s1344	10	11	NOUN	DET	hi	hi	false	within
train-s1344	11	12	DET	NOUN	hi	hi	false	within
train-s1344	12	13	NOUN	PART	hi	hi	false	within
train-s1344	13	14	PART	AUX	hi	hi	false	within
train-s1344	14	16	AUX	PRON	hi	hi	false	boundary
train-s1344	16	17	PRON	ADV	hi	hi	false	within
train-s1344	17	18	ADV	VERB	hi	hi	false	within
train-s1345	1	2	ADJ	NOUN	en	en	false	within
train-s1345	2	3	NOUN	NOUN	en	en	false	within
train-s1345	3	4	NOUN	ADP	en	hi	true	within
train-s1345	4	5	ADP	PRON	hi	hi	false	boundary
train-s1345	5	6	PRON	ADJ	hi	en	true	within
train-s1345	6	7	ADJ	NOUN	en	en	false	within
train-s1345	7	8	NOUN	ADP	en	hi	true	within
train-s1345	8	9	ADP	PART	hi	hi	false	within
train-s1345	9	10	PART	ADV	hi	hi	false	within
train-s1345	10	11	ADV	AUX	hi	hi	false	within
train-s1346	1	2	DET	NOUN	hi	hi	false	within
train-s1346	2	4	NOUN	ADV	hi	hi	false	boundary
train-s1346	4	5	ADV	ADP	hi	hi	false	within
train-s1346	5	6	ADP	ADV	hi	hi	false	boundary
train-s1346	6	7	ADV	DET	hi	hi	false	within
train-s1346	7	8	DET	ADJ	hi	en	true	within
train-s1346	8	9	ADJ	NOUN	en	en	false	within
train-s1346	9	10	NOUN	CCONJ	en	en	false	boundary
train-s1346	10	11	CCONJ	ADV	en	hi	true	within
train-s1346	11	12	ADV	PRON	hi	hi	false	boundary
train-s1346	12	13	PRON	ADJ	hi	hi	false	within
train-s1346	13	14	ADJ	NOUN	hi	en	true	within
train-s1347	1	2	PRON	ADV	en	en	false	within
train-s1347	2	3	ADV	VERB	en	en	false	within
train-s1347	3	4	VERB	ADP	en	en	false	boundary
train-s1347	4	5	ADP	PRON	en	en	false	within
train-s1347	5	6	PRON	NOUN	en	en	false	boundary
train-s1347	6	8	NOUN	NOUN	en	en	false	boundary
train-s1347	8	9	NOUN	CCONJ	en	hi	true	boundary
train-s1347	9	10	CCONJ	NOUN	hi	en	true	within
train-s1347	10	11	NOUN	ADP	en	hi	true	within
train-s1347	11	12	ADP	NOUN	hi	en	true	boundary
train-s1347	12	13	NOUN	VERB	en	hi	true	within
train-s1348	2	3	NOUN	VERB	en	en	false	within
train-s1348	3	4	VERB	ADP	en	en	false	boundary
train-s1348	4	5	ADP	NOUN	en	en	false	within
train-s1348	5	7	NOUN	NOUN	en	en	false	boundary
train-s1348	7	8	NOUN	AUX	en	en	false	within
train-s1348	8	10	AUX	SCONJ	en	en	false	boundary
train-s1348	10	12	SCONJ	ADJ	en	hi	true	within
train-s1348	12	13	ADJ	PART	hi	hi	false	within
train-s1348	13	14	PART	ADV	hi	hi	false	boundary
train-s1348	14	15	ADV	VERB	hi	hi	false	within
train-s1348	15	17	VERB	PRON	hi	hi	false	boundary
train-s1348	17	18	PRON	PART	hi	hi	false	within
train-s1348	18	19	PART	VERB	hi	hi	false	boundary
train-s1348	19	20	VERB	AUX	hi	hi	false	within
train-s1349	1	3	NOUN	VERB	hi	hi	false	within
train-s1349	3	4	VERB	AUX	hi	hi	false	within
train-s1349	4	5	AUX	SCONJ	hi	hi	false	boundary
train-s1349	5	6	SCONJ	ADV	hi	en	true	within
train-s1349	6	7	ADV	CCONJ	en	hi	true	boundary
train-s1349	7	8	CCONJ	ADV	hi	en	true	within
train-s1349	8	9	ADV	ADV	en	en	false	within
train-s1350	2	3	NOUN	NOUN	en	en	false	within
train-s1350	3	4	NOUN	NOUN	en	en	false	within
train-s1350	4	5	NOUN	ADP	en	en	false	boundary
train-s1350	5	6	ADP	PRON	en	en	false	within
train-s1350	6	7	PRON	AUX	en	en	false	boundary
train-s1350	7	8	AUX	PART	en	en	false	within
train-s1350	8	9	PART	VERB	en	en	false	within
train-s1350	9	10	VERB	ADV	en	en	false	within
train-s1350	10	11	ADV	SCONJ	en	hi	true	boundary
train-s1350	11	12	SCONJ	VERB	hi	hi	false	within
train-s1350	12	13	VERB	CCONJ	hi	hi	false	boundary
train-s1350	13	14	CCONJ	PART	hi	hi	false	within
train-s1350	14	15	PART	VERB	hi	hi	false	within
train-s1351	2	3	SCONJ	VERB	en	en	false	within
train-s1351	3	6	VERB	AUX	en	en	false	within
train-s1351	6	7	AUX	VERB	en	en	false	within
train-s1351	7	8	VERB	ADP	en	en	false	within
train-s1351	8	9	ADP	ADP	en	en	false	boundary
train-s1351	9	10	ADP	PRON	en	en	false	within
train-s1351	10	11	PRON	NOUN	en	en	false	within
train-s1351	11	12	NOUN	ADP	en	en	false	within
train-s1351	12	15	ADP	ADP	en	hi	true	boundary
train-s1351	15	16	ADP	NOUN	hi	hi	false	boundary
train-s1351	16	17	NOUN	ADJ	hi	hi	false	within
train-s1351	17	18	ADJ	NOUN	hi	hi	false	within
train-s1351	18	19	NOUN	ADP	hi	hi	false	within
train-s1351	19	20	ADP	ADP	hi	hi	false	within
train-s1352	1	2	PART	ADJ	en	en	false	within
train-s1352	2	3	ADJ	SCONJ	en	en	false	boundary
train-s1352	3	4	SCONJ	PRON	en	en	false	within
train-s1352	4	5	PRON	AUX	en	en	false	within
train-s1352	5	8	AUX	CCONJ	en	en	false	boundary
train-s1352	8	10	CCONJ	NOUN	en	hi	true	within
train-s1352	10	11	NOUN	ADP	hi	hi	false	within
train-s1352	11	13	ADP	ADJ	hi	hi	false	boundary
train-s1352	13	15	ADJ	NOUN	hi	en	true	within
train-s1352	15	16	NOUN	ADP	en	hi	true	within
train-s1352	16	17	ADP	NOUN	hi	en	true	boundary
train-s1353	1	2	DET	PRON	hi	hi	false	within
train-s1353	2	3	PRON	PART	hi	hi	false	within
train-s1353	3	4	PART	ADJ	hi	hi	false	boundary
train-s1353	4	5	ADJ	AUX	hi	hi	false	within
train-s1353	5	6	AUX	CCONJ	hi	en	true	boundary
train-s1353	6	7	CCONJ	PRON	en	en	false	within
train-s1353	7	8	PRON	AUX	en	en	false	within
train-s1353	8	10	AUX	VERB	en	en	false	within
train-s1353	10	11	VERB	SCONJ	en	en	false	within
train-s1354	2	3	NOUN	AUX	en	en	false	within
train-s1354	3	4	AUX	ADV	en	en	false	within
train-s1354	4	5	ADV	ADP	en	en	false	within
train-s1354	5	6	ADP	PROPN	en	en	false	within
train-s1354	6	7	PROPN	DET	en	hi	true	boundary
train-s1354	7	8	DET	PRON	hi	hi	false	within
train-s1354	8	9	PRON	ADP	hi	hi	false	within
train-s1354	9	10	ADP	VERB	hi	hi	false	boundary
train-s1354	10	11	VERB	PART	hi	hi	false	within
train-s1354	11	12	PART	AUX	hi	hi	false	within
train-s1355	2	3	AUX	DET	en	en	false	within
train-s1355	3	4	DET	ADJ	en	en	false	within
train-s1355	4	5	ADJ	NOUN	en	en	false	within
train-s1355	5	6	NOUN	ADP	en	en	false	boundary
train-s1355	6	7	ADP	ADJ	en	hi	true	within
train-s1355	7	8	ADJ	NOUN	hi	hi	false	within
train-s1356	1	2	PRON	NOUN	en	en	false	within
train-s1356	2	3	NOUN	AUX	en	en	false	within
train-s1356	3	4	AUX	ADJ	en	en	false	within
train-s1356	4	5	ADJ	SCONJ	en	en	false	boundary
train-s1356	5	6	SCONJ	PRON	en	en	false	within
train-s1356	6	7	PRON	AUX	en	en	false	within
train-s1356	7	8	AUX	PART	en	en	false	within
train-s1356	8	9	PART	VERB	en	en	false	within
train-s1356	9	11	VERB	NOUN	en	hi	true	boundary
train-s1356	11	12	NOUN	VERB	hi	hi	false	within
train-s1356	12	13	VERB	SCONJ	hi	hi	false	within
train-s1356	13	14	SCONJ	SCONJ	hi	hi	false	within
train-s1356	14	15	SCONJ	NOUN	hi	en	true	boundary
train-s1356	15	16	NOUN	ADJ	en	hi	true	within
train-s1356	16	17	ADJ	VERB	hi	hi	false	within
train-s1356	17	18	VERB	AUX	hi	hi	false	within
train-s1356	18	20	AUX	NOUN	hi	en	true	boundary
train-s1357	2	3	AUX	ADV	en	en	false	within
train-s1357	3	4	ADV	ADV	en	en	false	within
train-s1357	4	5	ADV	VERB	en	en	false	boundary
train-s1357	5	7	VERB	ADP	en	hi	true	boundary
train-s1357	7	8	ADP	NOUN	hi	hi	false	boundary
train-s1357	8	10	NOUN	CCONJ	hi	en	true	boundary
train-s1357	10	12	CCONJ	ADP	en	hi	true	boundary
train-s1357	12	13	ADP	NOUN	hi	hi	false	boundary
train-s1358	1	2	NOUN	PRON	hi	hi	false	within
train-s1358	2	3	PRON	NOUN	hi	en	true	within
train-s1358	3	4	NOUN	PART	en	hi	true	within
train-s1358	4	5	PART	NOUN	hi	en	true	within
train-s1358	5	6	NOUN	VERB	en	hi	true	within
train-s1358	6	7	VERB	SCONJ	hi	hi	false	boundary
train-s1358	7	8	SCONJ	PRON	hi	hi	false	within
train-s1358	8	9	PRON	ADJ	hi	en	true	boundary
train-s1358	9	10	ADJ	NOUN	en	en	false	within
train-s1358	10	11	NOUN	NOUN	en	en	false	within
train-s1358	11	12	NOUN	NOUN	en	en	false	within
train-s1358	12	13	NOUN	ADP	en	hi	true	within
train-s1358	13	14	ADP	PART	hi	hi	false	boundary
train-s1358	14	15	PART	VERB	hi	hi	false	within
train-s1358	15	16	VERB	AUX	hi	hi	false	within
train-s1359	1	2	PRON	DET	hi	hi	false	boundary
train-s1359	2	3	DET	NOUN	hi	hi	false	within
train-s1359	3	4	NOUN	ADP	hi	hi	false	within
train-s1359	4	5	ADP	PRON	hi	hi	false	boundary
train-s1359	5	6	PRON	NOUN	hi	en	true	within
train-s1359	6	7	NOUN	ADP	en	hi	true	within
train-s1359	7	8	ADP	NOUN	hi	en	true	boundary
train-s1359	8	9	NOUN	NOUN	en	en	false	within
train-s1359	9	10	NOUN	PART	en	hi	true	within
train-s1359	10	11	PART	VERB	hi	hi	false	boundary
train-s1359	11	12	VERB	AUX	hi	hi	false	within
train-s1359	12	13	AUX	CCONJ	hi	en	true	boundary
train-s1359	13	14	CCONJ	CCONJ	en	en	false	within
train-s1359	14	15	CCONJ	CCONJ	en	en	false	within
train-s1359	15	16	CCONJ	PRON	en	en	false	boundary
train-s1359	16	17	PRON	AUX	en	en	false	within
train-s1359	17	18	AUX	VERB	en	en	false	within
train-s1359	18	19	VERB	PRON	en	en	false	within
train-s1360	1	2	PRON	VERB	hi	hi	false	within
train-s1360	2	3	VERB	AUX	hi	hi	false	within
train-s1360	3	4	AUX	ADJ	hi	en	true	boundary
train-s1360	4	5	ADJ	NOUN	en	en	false	within
train-s1360	5	6	NOUN	NOUN	en	en	false	within
train-s1360	6	7	NOUN	NOUN	en	en	false	within
train-s1360	7	8	NOUN	ADP	en	hi	true	within
train-s1360	8	9	ADP	VERB	hi	hi	false	boundary
train-s1360	9	10	VERB	AUX	hi	hi	false	within
train-s1361	1	2	VERB	AUX	hi	hi	false	within
train-s1361	2	3	AUX	NOUN	hi	en	true	boundary
train-s1361	3	4	NOUN	ADP	en	hi	true	within
train-s1361	4	5	ADP	PART	hi	hi	false	within
train-s1361	5	6	PART	NOUN	hi	en	true	boundary
train-s1361	6	7	NOUN	VERB	en	hi	true	within
train-s1361	7	8	VERB	AUX	hi	hi	false	within
train-s1361	8	9	AUX	AUX	hi	hi	false	within
train-s1362	2	4	NOUN	AUX	en	en	false	within
train-s1362	4	5	AUX	VERB	en	en	false	within
train-s1362	5	6	VERB	SCONJ	en	en	false	boundary
train-s1362	6	8	SCONJ	NOUN	en	hi	true	within
train-s1362	8	9	NOUN	PRON	hi	hi	false	within
train-s1362	9	10	PRON	PART	hi	hi	false	within
train-s1362	10	11	PART	PRON	hi	hi	false	boundary
train-s1362	11	12	PRON	NOUN	hi	en	true	within
train-s1362	12	13	NOUN	VERB	en	hi	true	within
train-s1362	13	14	VERB	AUX	hi	hi	false	within
train-s1362	14	15	AUX	VERB	hi	hi	false	boundary
train-s1363	2	3	VERB	ADP	en	en	false	boundary
train-s1363	3	4	ADP	NOUN	en	en	false	within
train-s1363	4	5	NOUN	ADJ	en	hi	true	boundary
train-s1363	5	6	ADJ	NOUN	hi	hi	false	within
train-s1363	6	7	NOUN	ADJ	hi	hi	false	boundary
train-s1363	7	8	ADJ	NOUN	hi	en	true	within
train-s1363	8	9	NOUN	VERB	en	hi	true	within
train-s1363	9	10	VERB	AUX	hi	hi	false	within
train-s1364	1	4	ADJ	NOUN	en	en	false	boundary
train-s1364	4	5	NOUN	PART	en	hi	true	within
train-s1364	5	6	PART	SCONJ	hi	hi	false	boundary
train-s1364	6	7	SCONJ	DET	hi	hi	false	boundary
train-s1364	7	8	DET	ADJ	hi	hi	false	within
train-s1364	8	9	ADJ	PART	hi	hi	false	within
train-s1364	9	10	PART	NOUN	hi	en	true	boundary
train-s1364	10	11	NOUN	PART	en	hi	true	within
train-s1364	11	12	PART	VERB	hi	hi	false	boundary
train-s1364	12	13	VERB	AUX	hi	hi	false	within
train-s1365	1	2	VERB	PRON	en	en	false	boundary
train-s1365	2	3	PRON	PART	en	en	false	within
train-s1365	3	4	PART	VERB	en	en	false	within
train-s1365	4	5	VERB	PROPN	en	hi	true	boundary
train-s1365	5	7	PROPN	NOUN	hi	hi	false	boundary
train-s1365	7	8	NOUN	ADP	hi	hi	false	within
train-s1365	8	9	ADP	NOUN	hi	hi	false	boundary
train-s1365	9	10	NOUN	ADJ	hi	hi	false	within
train-s1365	10	11	ADJ	VERB	hi	hi	false	within
train-s1366	3	4	AUX	VERB	en	en	false	within
train-s1366	4	5	VERB	ADP	en	en	false	boundary
train-s1366	5	6	ADP	NOUN	en	en	false	within
train-s1366	6	7	NOUN	ADP	en	en	false	boundary
train-s1366	7	10	ADP	NOUN	en	hi	true	within
train-s1366	10	11	NOUN	ADP	hi	hi	false	within
train-s1366	11	12	ADP	NOUN	hi	hi	false	boundary
train-s1366	12	14	NOUN	ADP	hi	en	true	boundary
train-s1366	14	15	ADP	NOUN	en	en	false	within
train-s1366	15	16	NOUN	NOUN	en	en	false	within
train-s1367	1	2	NOUN	PART	hi	hi	false	within
train-s1367	2	3	PART	PRON	hi	hi	false	boundary
train-s1367	3	4	PRON	NOUN	hi	hi	false	within
train-s1367	4	5	NOUN	VERB	hi	hi	false	within
train-s1367	5	6	VERB	AUX	hi	hi	false	within
train-s1367	6	7	AUX	DET	hi	hi	false	boundary
train-s1367	7	8	DET	ADJ	hi	en	true	within
train-s1367	8	9	ADJ	NOUN	en	en	false	within
train-s1367	9	10	NOUN	ADP	en	hi	true	within
train-s1368	1	2	NOUN	ADP	en	hi	true	within
train-s1368	2	3	ADP	NOUN	hi	en	true	boundary
train-s1368	3	4	NOUN	VERB	en	hi	true	within
train-s1368	4	5	VERB	AUX	hi	hi	false	within
train-s1368	5	6	AUX	AUX	hi	hi	false	within
train-s1368	6	8	AUX	PRON	hi	en	true	boundary
train-s1368	8	9	PRON	AUX	en	en	false	within
train-s1368	9	10	AUX	VERB	en	en	false	within
train-s1368	10	11	VERB	ADP	en	en	false	within
train-s1368	11	12	ADP	ADP	en	en	false	boundary
train-s1368	12	13	ADP	PRON	en	en	false	within
train-s1368	13	14	PRON	NOUN	en	en	false	within
train-s1369	1	2	PRON	VERB	hi	hi	false	within
train-s1369	2	3	VERB	DET	hi	hi	false	boundary
train-s1369	3	4	DET	NOUN	hi	en	true	within
train-s1369	4	5	NOUN	NUM	en	en	false	within
train-s1369	5	6	NUM	ADJ	en	en	false	within
train-s1369	6	7	ADJ	AUX	en	hi	true	within
train-s1370	1	2	NOUN	VERB	hi	en	true	boundary
train-s1370	2	3	VERB	ADV	en	hi	true	boundary
train-s1370	3	4	ADV	ADJ	hi	en	true	within
train-s1370	4	5	ADJ	VERB	en	hi	true	within
train-s1370	5	6	VERB	AUX	hi	hi	false	within
train-s1370	6	7	AUX	AUX	hi	hi	false	within
train-s1371	1	2	PART	NOUN	en	en	false	within
train-s1371	2	3	NOUN	PRON	en	en	false	within
train-s1371	3	4	PRON	VERB	en	en	false	within
train-s1371	4	6	VERB	NOUN	en	en	false	boundary
train-s1371	6	7	NOUN	ADP	en	hi	true	within
train-s1371	7	8	ADP	NOUN	hi	hi	false	boundary
train-s1371	8	9	NOUN	VERB	hi	hi	false	within
train-s1371	9	10	VERB	AUX	hi	hi	false	within
train-s1371	10	11	AUX	NOUN	hi	hi	false	within
train-s1372	1	2	NOUN	ADJ	hi	hi	false	boundary
train-s1372	2	3	ADJ	VERB	hi	hi	false	within
train-s1372	3	4	VERB	AUX	hi	hi	false	within
train-s1372	4	5	AUX	PRON	hi	hi	false	boundary
train-s1372	5	6	PRON	VERB	hi	hi	false	within
train-s1372	6	7	VERB	AUX	hi	hi	false	within
train-s1372	7	8	AUX	AUX	hi	en	true	boundary
train-s1372	8	9	AUX	DET	en	en	false	within
train-s1372	9	10	DET	ADV	en	en	false	boundary
train-s1372	10	11	ADV	ADJ	en	en	false	within
train-s1372	11	12	ADJ	NOUN	en	en	false	within
train-s1372	12	13	NOUN	PRON	en	en	false	boundary
train-s1372	13	14	PRON	VERB	en	en	false	within
train-s1373	1	2	PRON	AUX	en	en	false	within
train-s1373	2	3	AUX	ADJ	en	en	false	within
train-s1373	3	4	ADJ	ADP	en	en	false	boundary
train-s1373	4	5	ADP	ADJ	en	hi	true	within
train-s1373	5	6	ADJ	NOUN	hi	hi	false	within
train-s1374	3	4	AUX	PART	en	en	false	within
train-s1374	4	5	PART	VERB	en	en	false	within
train-s1374	5	6	VERB	NOUN	en	hi	true	boundary
train-s1374	6	7	NOUN	NOUN	hi	hi	false	within
train-s1374	7	8	NOUN	SCONJ	hi	en	true	boundary
train-s1374	8	9	SCONJ	ADJ	en	hi	true	within
train-s1374	9	10	ADJ	NOUN	hi	hi	false	within
train-s1374	10	11	NOUN	ADJ	hi	hi	false	boundary
train-s1374	11	12	ADJ	NOUN	hi	hi	false	within
train-s1375	2	3	ADP	ADP	hi	hi	false	within
train-s1375	3	5	ADP	NOUN	hi	hi	false	boundary
train-s1375	5	6	NOUN	NOUN	hi	en	true	within
train-s1375	6	7	NOUN	ADP	en	hi	true	within
train-s1375	7	8	ADP	ADP	hi	hi	false	within
train-s1375	8	9	ADP	NOUN	hi	en	true	boundary
train-s1375	9	10	NOUN	NOUN	en	en	false	within
train-s1375	10	11	NOUN	VERB	en	hi	true	within
train-s1375	11	12	VERB	AUX	hi	hi	false	within
train-s1376	2	3	PRON	ADP	hi	hi	false	within
train-s1376	3	4	ADP	DET	hi	hi	false	boundary
train-s1376	4	5	DET	PART	hi	hi	false	within
train-s1376	5	6	PART	NOUN	hi	hi	false	boundary
train-s1376	6	7	NOUN	VERB	hi	hi	false	within
train-s1376	7	8	VERB	AUX	hi	hi	false	within
train-s1376	8	10	AUX	DET	hi	hi	false	boundary
train-s1376	10	11	DET	NOUN	hi	hi	false	within
train-s1376	11	12	NOUN	PRON	hi	hi	false	within
train-s1376	12	13	PRON	ADJ	hi	en	true	boundary
train-s1376	13	14	ADJ	NOUN	en	en	false	within
train-s1376	14	15	NOUN	VERB	en	hi	true	within
train-s1376	15	16	VERB	AUX	hi	hi	false	within
train-s1376	16	17	AUX	PRON	hi	en	true	boundary
train-s1376	17	18	PRON	AUX	en	en	false	within
train-s1376	18	19	AUX	VERB	en	en	false	within
train-s1376	19	20	VERB	PRON	en	en	false	within
train-s1377	1	2	ADJ	NOUN	en	en	false	within
train-s1377	2	3	NOUN	AUX	en	en	false	within
train-s1377	3	4	AUX	DET	en	en	false	within
train-s1377	4	5	DET	DET	en	en	false	within
train-s1377	5	6	DET	NOUN	en	en	false	within
train-s1377	6	7	NOUN	ADP	en	en	false	boundary
train-s1377	7	8	ADP	NOUN	en	en	false	within
train-s1377	8	10	NOUN	NOUN	en	hi	true	boundary
train-s1377	10	11	NOUN	DET	hi	hi	false	boundary
train-s1377	11	12	DET	NOUN	hi	hi	false	within
train-s1377	12	13	NOUN	VERB	hi	hi	false	boundary
train-s1377	13	14	VERB	AUX	hi	hi	false	within
train-s1377	14	16	AUX	NOUN	hi	en	true	boundary
train-s1377	16	17	NOUN	PRON	en	hi	true	boundary
train-s1377	17	18	PRON	NOUN	hi	hi	false	within
train-s1377	18	19	NOUN	ADP	hi	hi	false	within
train-s1377	19	20	ADP	VERB	hi	hi	false	boundary
train-s1377	20	21	VERB	AUX	hi	hi	false	within
train-s1378	2	4	VERB	VERB	en	en	false	within
train-s1378	4	5	VERB	INTJ	en	hi	true	within
train-s1378	5	6	INTJ	CCONJ	hi	en	true	boundary
train-s1378	6	7	CCONJ	NOUN	en	hi	true	within
train-s1378	7	8	NOUN	PART	hi	hi	false	within
train-s1378	8	9	PART	PART	hi	hi	false	boundary
train-s1378	9	10	PART	VERB	hi	hi	false	within
train-s1379	2	3	DET	NOUN	hi	hi	false	within
train-s1379	3	4	NOUN	VERB	hi	hi	false	within
train-s1379	4	5	VERB	AUX	hi	hi	false	within
train-s1379	5	6	AUX	AUX	hi	hi	false	within
train-s1379	6	7	AUX	SCONJ	hi	hi	false	boundary
train-s1379	7	8	SCONJ	INTJ	hi	hi	false	boundary
train-s1379	8	9	INTJ	DET	hi	hi	false	boundary
train-s1379	9	10	DET	PART	hi	hi	false	within
train-s1379	10	11	PART	NOUN	hi	hi	false	boundary
train-s1379	11	12	NOUN	VERB	hi	hi	false	within
train-s1379	12	13	VERB	AUX	hi	hi	false	within
train-s1379	13	14	AUX	PRON	hi	en	true	boundary
train-s1379	14	15	PRON	AUX	en	en	false	within
train-s1379	15	16	AUX	VERB	en	en	false	within
train-s1379	16	19	VERB	ADP	en	en	false	boundary
train-s1379	19	20	ADP	DET	en	en	false	within
train-s1379	20	21	DET	NOUN	en	en	false	within
train-s1380	1	2	PRON	VERB	en	en	false	within
train-s1380	2	3	VERB	DET	en	en	false	boundary
train-s1380	3	4	DET	NOUN	en	en	false	within
train-s1380	4	6	NOUN	ADV	en	hi	true	boundary
train-s1380	6	7	ADV	ADV	hi	hi	false	within
train-s1380	7	8	ADV	ADJ	hi	hi	false	within
train-s1380	8	9	ADJ	VERB	hi	hi	false	within
train-s1380	9	10	VERB	DET	hi	hi	false	boundary
train-s1380	10	11	DET	NOUN	hi	en	true	within
train-s1381	1	2	PART	NOUN	en	hi	true	boundary
train-s1381	2	3	NOUN	ADP	hi	hi	false	within
train-s1381	3	4	ADP	NOUN	hi	en	true	boundary
train-s1381	4	5	NOUN	VERB	en	en	false	within
train-s1381	5	6	VERB	ADP	en	en	false	boundary
train-s1381	6	7	ADP	DET	en	en	false	within
train-s1381	7	8	DET	NOUN	en	en	false	within
train-s1381	8	9	NOUN	NOUN	en	en	false	within
train-s1382	1	2	PRON	AUX	en	en	false	within
train-s1382	2	3	AUX	VERB	en	en	false	within
train-s1382	3	4	VERB	DET	en	en	false	boundary
train-s1382	4	5	DET	NOUN	en	en	false	within
train-s1382	5	6	NOUN	SCONJ	en	en	false	boundary
train-s1382	6	7	SCONJ	PRON	en	hi	true	within
train-s1382	7	8	PRON	NOUN	hi	hi	false	within
train-s1382	8	9	NOUN	ADP	hi	hi	false	within
train-s1382	9	10	ADP	ADP	hi	hi	false	within
train-s1382	10	11	ADP	AUX	hi	hi	false	within
train-s1383	1	2	VERB	ADP	en	en	false	boundary
train-s1383	2	3	ADP	DET	en	en	false	within
train-s1383	3	5	DET	NOUN	en	en	false	within
train-s1383	5	6	NOUN	PRON	en	hi	true	boundary
train-s1383	6	7	PRON	NOUN	hi	hi	false	within
train-s1383	7	9	NOUN	NOUN	hi	hi	false	within
train-s1383	9	10	NOUN	NOUN	hi	en	true	boundary
train-s1383	10	11	NOUN	VERB	en	hi	true	within
train-s1383	11	12	VERB	SCONJ	hi	hi	false	within
train-s1383	12	13	SCONJ	SCONJ	hi	hi	false	within
train-s1383	13	14	SCONJ	VERB	hi	hi	false	boundary
train-s1383	14	15	VERB	CCONJ	hi	hi	false	boundary
train-s1383	15	16	CCONJ	VERB	hi	hi	false	within
train-s1383	16	17	VERB	PRON	hi	hi	false	within
train-s1383	17	18	PRON	NOUN	hi	hi	false	boundary
train-s1383	18	19	NOUN	PART	hi	hi	false	within
train-s1383	19	20	PART	ADP	hi	hi	false	within
train-s1383	20	21	ADP	NOUN	hi	hi	false	boundary
train-s1384	2	3	ADP	ADJ	hi	hi	false	boundary
train-s1384	3	4	ADJ	NOUN	hi	en	true	within
train-s1384	4	5	NOUN	PART	en	hi	true	within
train-s1384	5	6	PART	VERB	hi	hi	false	within
train-s1384	6	7	VERB	PRON	hi	en	true	within
train-s1384	7	8	PRON	AUX	en	en	false	within
train-s1384	8	9	AUX	VERB	en	en	false	within
train-s1384	9	10	VERB	PRON	en	en	false	within
train-s1385	1	2	PRON	VERB	en	en	false	within
train-s1385	2	5	VERB	VERB	en	hi	true	within
train-s1385	5	6	VERB	ADV	hi	hi	false	within
train-s1385	6	7	ADV	AUX	hi	hi	false	within
train-s1385	7	8	AUX	AUX	hi	hi	false	within
train-s1386	1	2	VERB	NOUN	en	en	false	within
train-s1386	2	3	NOUN	ADP	en	en	false	boundary
train-s1386	3	4	ADP	NOUN	en	en	false	within
train-s1386	4	5	NOUN	ADP	en	en	false	boundary
train-s1386	5	6	ADP	NOUN	en	en	false	within
train-s1386	6	7	NOUN	SCONJ	en	en	false	boundary
train-s1386	7	8	SCONJ	NOUN	en	en	false	within
train-s1386	8	9	NOUN	ADP	en	hi	true	within
train-s1386	9	10	ADP	ADV	hi	hi	false	boundary
train-s1386	10	11	ADV	ADJ	hi	en	true	within
train-s1386	11	12	ADJ	VERB	en	hi	true	within
train-s1386	12	13	VERB	AUX	hi	hi	false	within
train-s1387	2	3	PRON	AUX	en	en	false	within
train-s1387	3	4	AUX	VERB	en	en	false	within
train-s1387	4	5	VERB	DET	en	en	false	boundary
train-s1387	5	6	DET	NOUN	en	en	false	within
train-s1387	6	7	NOUN	SCONJ	en	hi	true	boundary
train-s1387	7	9	SCONJ	ADP	hi	hi	false	boundary
train-s1387	9	11	ADP	ADP	hi	hi	false	boundary
train-s1387	11	12	ADP	NOUN	hi	hi	false	boundary
train-s1387	12	13	NOUN	ADP	hi	hi	false	within
train-s1387	13	14	ADP	NOUN	hi	hi	false	boundary
train-s1387	14	15	NOUN	VERB	hi	hi	false	within
train-s1387	15	16	VERB	AUX	hi	hi	false	within
train-s1387	16	17	AUX	AUX	hi	hi	false	within
train-s1387	17	18	AUX	ADJ	hi	hi	false	boundary
train-s1387	18	19	ADJ	NOUN	hi	hi	false	within
train-s1387	19	20	NOUN	VERB	hi	hi	false	within
train-s1388	1	2	VERB	NOUN	en	hi	true	boundary
train-s1388	2	3	NOUN	ADP	hi	hi	false	within
train-s1388	3	4	ADP	NOUN	hi	hi	false	boundary
train-s1388	4	5	NOUN	SCONJ	hi	en	true	boundary
train-s1388	5	6	SCONJ	PRON	en	en	false	within
train-s1388	6	7	PRON	AUX	en	en	false	within
train-s1388	7	8	AUX	ADJ	en	en	false	within
train-s1389	1	2	NOUN	NOUN	en	en	false	within
train-s1389	2	3	NOUN	NOUN	en	en	false	within
train-s1389	3	4	NOUN	AUX	en	en	false	within
train-s1389	4	5	AUX	ADJ	en	en	false	within
train-s1389	5	6	ADJ	SCONJ	en	en	false	boundary
train-s1389	6	7	SCONJ	NOUN	en	en	false	within
train-s1389	7	8	NOUN	ADP	en	hi	true	within
train-s1389	8	9	ADP	ADV	hi	hi	false	boundary
train-s1389	9	10	ADV	PART	hi	hi	false	within
train-s1389	10	11	PART	NOUN	hi	hi	false	boundary
train-s1389	11	12	NOUN	ADP	hi	hi	false	within
train-s1389	12	13	ADP	NOUN	hi	en	true	boundary
train-s1389	13	14	NOUN	ADV	en	hi	true	within
train-s1389	14	15	ADV	AUX	hi	hi	false	within
train-s1389	15	16	AUX	PART	hi	hi	false	within
train-s1390	1	2	PRON	AUX	en	en	false	within
train-s1390	2	3	AUX	NUM	en	en	false	within
train-s1390	3	4	NUM	ADP	en	en	false	boundary
train-s1390	4	5	ADP	DET	en	en	false	within
train-s1390	5	7	DET	NOUN	en	en	false	within
train-s1390	7	8	NOUN	ADP	en	en	false	boundary
train-s1390	8	9	ADP	DET	en	en	false	within
train-s1390	9	10	DET	NOUN	en	en	false	within
train-s1390	10	11	NOUN	PRON	en	en	false	boundary
train-s1390	11	12	PRON	VERB	en	en	false	within
train-s1390	12	13	VERB	NOUN	en	hi	true	boundary
train-s1390	13	14	NOUN	ADP	hi	hi	false	within
train-s1390	14	15	ADP	NOUN	hi	hi	false	boundary
train-s1391	1	2	NOUN	ADV	hi	hi	false	within
train-s1391	2	3	ADV	VERB	hi	hi	false	within
train-s1391	3	4	VERB	AUX	hi	hi	false	within
train-s1391	4	5	AUX	ADV	hi	hi	false	boundary
train-s1391	5	6	ADV	DET	hi	hi	false	boundary
train-s1391	6	7	DET	PRON	hi	hi	false	within
train-s1391	7	8	PRON	VERB	hi	hi	false	within
train-s1391	8	9	VERB	SCONJ	hi	hi	false	within
train-s1391	9	10	SCONJ	SCONJ	hi	hi	false	within
train-s1391	10	11	SCONJ	PART	hi	hi	false	within
train-s1391	11	12	PART	PRON	hi	en	true	boundary
train-s1391	12	13	PRON	AUX	en	en	false	within
train-s1391	13	14	AUX	PART	en	en	false	within
train-s1391	14	15	PART	VERB	en	en	false	within
train-s1391	15	16	VERB	PRON	en	en	false	boundary
train-s1391	16	17	PRON	PRON	en	en	false	within
train-s1391	17	18	PRON	VERB	en	en	false	within
train-s1392	1	2	ADJ	PROPN	en	en	false	within
train-s1392	2	3	PROPN	NOUN	en	en	false	within
train-s1392	3	4	NOUN	VERB	en	en	false	within
train-s1392	4	5	VERB	ADP	en	en	false	boundary
train-s1392	5	6	ADP	DET	en	en	false	within
train-s1392	6	7	DET	NOUN	en	en	false	within
train-s1392	7	8	NOUN	ADP	en	en	false	boundary
train-s1392	8	10	ADP	ADJ	en	hi	true	boundary
train-s1392	10	11	ADJ	NOUN	hi	hi	false	within
train-s1392	11	12	NOUN	PART	hi	hi	false	within
train-s1392	12	14	PART	ADP	hi	hi	false	boundary
train-s1392	14	15	ADP	AUX	hi	hi	false	within
train-s1393	1	2	VERB	ADJ	en	en	false	within
train-s1393	2	3	ADJ	NOUN	en	en	false	within
train-s1393	3	4	NOUN	ADP	en	hi	true	within
train-s1393	4	5	ADP	NOUN	hi	en	true	boundary
train-s1393	5	6	NOUN	PART	en	hi	true	within
train-s1393	6	7	PART	VERB	hi	hi	false	boundary
train-s1393	7	8	VERB	AUX	hi	hi	false	within
train-s1393	8	10	AUX	PART	hi	hi	false	boundary
train-s1394	1	3	ADV	AUX	en	en	false	within
train-s1394	3	4	AUX	VERB	en	en	false	within
train-s1394	4	6	VERB	NOUN	en	en	false	within
train-s1394	6	7	NOUN	VERB	en	en	false	within
train-s1394	7	9	VERB	NOUN	en	hi	true	boundary
train-s1394	9	10	NOUN	NOUN	hi	hi	false	within
train-s1394	10	12	NOUN	ADJ	hi	hi	false	boundary
train-s1394	12	13	ADJ	NOUN	hi	hi	false	within
train-s1394	13	14	NOUN	ADP	hi	hi	false	within
train-s1394	14	15	ADP	ADP	hi	hi	false	within
train-s1394	15	16	ADP	VERB	hi	hi	false	boundary
train-s1394	16	18	VERB	X	hi	hi	false	boundary
train-s1394	18	19	X	NOUN	hi	hi	false	within
train-s1395	1	2	ADV	AUX	en	en	false	within
train-s1395	2	3	AUX	PRON	en	en	false	within
train-s1395	3	4	PRON	PART	en	en	false	within
train-s1395	4	5	PART	VERB	en	en	false	within
train-s1395	5	7	VERB	ADP	en	hi	true	boundary
train-s1395	7	8	ADP	ADV	hi	en	true	boundary
train-s1395	8	9	ADV	ADJ	en	hi	true	within
train-s1395	9	10	ADJ	NOUN	hi	hi	false	within
train-s1396	1	2	ADJ	ADJ	hi	en	true	within
train-s1396	2	3	ADJ	NOUN	en	en	false	within
train-s1396	3	4	NOUN	AUX	en	hi	true	within
train-s1396	4	5	AUX	NOUN	hi	hi	false	within
train-s1397	1	2	ADP	DET	en	en	false	within
train-s1397	2	3	DET	ADJ	en	en	false	within
train-s1397	3	4	ADJ	NOUN	en	en	false	within
train-s1397	4	8	NOUN	ADP	en	hi	true	boundary
train-s1397	8	9	ADP	NOUN	hi	hi	false	boundary
train-s1397	9	10	NOUN	ADP	hi	hi	false	within
train-s1397	10	11	ADP	ADJ	hi	hi	false	boundary
train-s1397	11	12	ADJ	NOUN	hi	hi	false	within
train-s1397	12	13	NOUN	VERB	hi	hi	false	within
train-s1397	13	14	VERB	AUX	hi	hi	false	within
train-s1397	14	15	AUX	PRON	hi	hi	false	within
train-s1398	1	2	NOUN	NOUN	hi	en	true	boundary
train-s1398	2	3	NOUN	NOUN	en	en	false	within
train-s1398	3	4	NOUN	NOUN	en	en	false	within
train-s1398	4	5	NOUN	ADP	en	hi	true	within
train-s1398	5	6	ADP	NOUN	hi	en	true	boundary
train-s1398	6	7	NOUN	AUX	en	hi	true	within
train-s1399	2	3	AUX	ADV	en	en	false	within
train-s1399	3	4	ADV	ADJ	en	en	false	within
train-s1399	4	5	ADJ	ADP	en	en	false	boundary
train-s1399	5	7	ADP	ADV	en	en	false	boundary
train-s1399	7	8	ADV	ADJ	en	en	false	boundary
train-s1399	8	9	ADJ	NOUN	en	en	false	within
train-s1399	9	11	NOUN	NOUN	en	en	false	within
train-s1399	11	13	NOUN	NOUN	en	hi	true	within
train-s1399	13	15	NOUN	NOUN	hi	hi	false	within
train-s1399	15	16	NOUN	CCONJ	hi	hi	false	boundary
train-s1399	16	17	CCONJ	PART	hi	hi	false	within
train-s1399	17	18	PART	VERB	hi	hi	false	within
train-s1399	18	19	VERB	PRON	hi	hi	false	within
train-s1399	19	20	PRON	PRON	hi	hi	false	within
train-s1400	1	2	VERB	AUX	hi	hi	false	within
train-s1400	2	3	AUX	AUX	hi	hi	false	within
train-s1400	3	4	AUX	ADV	hi	hi	false	within
train-s1400	4	5	ADV	NOUN	hi	en	true	boundary
train-s1400	5	6	NOUN	ADP	en	hi	true	within
train-s1400	6	7	ADP	NOUN	hi	hi	false	boundary
train-s1400	7	8	NOUN	NOUN	hi	en	true	within
train-s1400	8	9	NOUN	VERB	en	hi	true	within
train-s1400	9	10	VERB	ADV	hi	hi	false	within
train-s1401	1	2	AUX	PRON	en	en	false	within
train-s1401	2	3	PRON	DET	en	en	false	boundary
train-s1401	3	4	DET	ADJ	en	en	false	within
train-s1401	4	6	ADJ	ADP	en	hi	true	within
train-s1401	6	7	ADP	PRON	hi	en	true	boundary
train-s1401	7	8	PRON	AUX	en	en	false	within
train-s1401	8	9	AUX	PART	en	en	false	within
train-s1401	9	10	PART	AUX	en	en	false	within
train-s1401	10	11	AUX	ADP	en	en	false	within
train-s1401	11	12	ADP	NOUN	en	hi	true	within
train-s1401	12	13	NOUN	ADP	hi	hi	false	within
train-s1402	1	2	PRON	AUX	en	en	false	within
train-s1402	2	3	AUX	ADP	en	en	false	within
train-s1402	3	4	ADP	DET	en	en	false	within
train-s1402	4	5	DET	NOUN	en	en	false	within
train-s1402	5	6	NOUN	ADP	en	en	false	boundary
train-s1402	6	7	ADP	PRON	en	en	false	within
train-s1402	7	8	PRON	NOUN	en	en	false	within
train-s1402	8	9	NOUN	ADV	en	en	false	boundary
train-s1402	9	10	ADV	NOUN	en	en	false	boundary
train-s1402	10	12	NOUN	NOUN	en	en	false	within
train-s1402	12	13	NOUN	CCONJ	en	en	false	boundary
train-s1402	13	14	CCONJ	NOUN	en	en	false	within
train-s1402	14	15	NOUN	ADV	en	hi	true	boundary
train-s1402	15	16	ADV	ADV	hi	hi	false	within
train-s1402	16	17	ADV	VERB	hi	hi	false	within
train-s1402	17	18	VERB	SCONJ	hi	hi	false	within
train-s1402	18	19	SCONJ	PART	hi	hi	false	within
train-s1402	19	20	PART	PRON	hi	hi	false	boundary
train-s1402	20	21	PRON	PART	hi	hi	false	within
train-s1402	21	22	PART	VERB	hi	hi	false	within
train-s1403	1	2	PRON	VERB	en	en	false	within
train-s1403	2	3	VERB	PRON	en	en	false	boundary
train-s1403	3	4	PRON	AUX	en	en	false	within
train-s1403	4	5	AUX	PRON	en	en	false	within
train-s1403	5	6	PRON	NOUN	en	en	false	within
train-s1403	6	8	NOUN	CCONJ	en	en	false	boundary
train-s1403	8	9	CCONJ	ADV	en	en	false	within
train-s1403	9	10	ADV	PRON	en	en	false	within
train-s1403	10	11	PRON	VERB	en	en	false	within
train-s1403	11	12	VERB	SCONJ	en	hi	true	boundary
train-s1403	12	13	SCONJ	ADV	hi	hi	false	within
train-s1403	13	14	ADV	NOUN	hi	hi	false	within
train-s1403	14	15	NOUN	ADP	hi	hi	false	within
train-s1403	15	16	ADP	PRON	hi	hi	false	boundary
train-s1403	16	17	PRON	ADP	hi	hi	false	within
train-s1403	17	18	ADP	ADJ	hi	hi	false	boundary
train-s1403	18	19	ADJ	DET	hi	hi	false	within
train-s1403	19	20	DET	NOUN	hi	hi	false	within
train-s1403	20	21	NOUN	PART	hi	hi	false	within
train-s1403	21	22	PART	AUX	hi	hi	false	within
train-s1404	1	2	PROPN	ADP	en	hi	true	within
train-s1404	2	3	ADP	NOUN	hi	hi	false	boundary
train-s1404	3	4	NOUN	VERB	hi	hi	false	within
train-s1404	4	5	VERB	AUX	hi	hi	false	within
train-s1404	5	6	AUX	NUM	hi	en	true	boundary
train-s1404	6	7	NUM	ADP	en	hi	true	within
train-s1404	7	8	ADP	PART	hi	hi	false	within
train-s1404	8	9	PART	NOUN	hi	en	true	boundary
train-s1404	9	10	NOUN	NOUN	en	en	false	within
train-s1404	10	11	NOUN	VERB	en	hi	true	within
train-s1404	11	12	VERB	AUX	hi	hi	false	within
train-s1404	12	13	AUX	AUX	hi	hi	false	within
train-s1405	2	3	DET	PRON	en	en	false	within
train-s1405	3	5	PRON	NOUN	en	hi	true	boundary
train-s1405	5	6	NOUN	DET	hi	hi	false	within
train-s1405	6	7	DET	ADJ	hi	hi	false	within
train-s1405	7	8	ADJ	AUX	hi	hi	false	within
train-s1405	8	9	AUX	AUX	hi	hi	false	within
train-s1405	9	11	AUX	PRON	hi	hi	false	boundary
train-s1405	11	12	PRON	DET	hi	hi	false	within
train-s1405	12	13	DET	PART	hi	hi	false	within
train-s1405	13	14	PART	ADV	hi	hi	false	boundary
train-s1405	14	15	ADV	AUX	hi	hi	false	within
train-s1405	15	16	AUX	AUX	hi	hi	false	within
train-s1405	16	18	AUX	AUX	hi	en	true	boundary
train-s1405	18	19	AUX	NOUN	en	en	false	within
train-s1406	1	2	NUM	ADP	en	hi	true	within
train-s1406	2	3	ADP	NOUN	hi	en	true	boundary
train-s1406	3	4	NOUN	AUX	en	hi	true	within
train-s1406	4	5	AUX	CCONJ	hi	en	true	boundary
train-s1406	5	6	CCONJ	ADV	en	en	false	within
train-s1406	6	7	ADV	ADP	en	en	false	within
train-s1406	7	9	ADP	NUM	en	en	false	within
train-s1406	9	10	NUM	NOUN	en	en	false	within
train-s1407	1	2	INTJ	NUM	hi	en	true	boundary
train-s1407	2	3	NUM	ADV	en	hi	true	within
train-s1407	3	4	ADV	VERB	hi	hi	false	within
train-s1407	4	5	VERB	AUX	hi	hi	false	within
train-s1407	5	6	AUX	ADV	hi	en	true	within
train-s1407	6	7	ADV	AUX	en	en	false	boundary
train-s1407	7	8	AUX	PART	en	en	false	within
train-s1407	8	9	PART	ADV	en	en	false	within
train-s1407	9	10	ADV	VERB	en	en	false	within
train-s1408	1	2	NOUN	AUX	hi	en	true	within
train-s1408	2	3	AUX	ADJ	en	en	false	within
train-s1408	3	4	ADJ	CCONJ	en	en	false	boundary
train-s1408	4	7	CCONJ	AUX	en	en	false	within
train-s1408	7	8	AUX	VERB	en	en	false	within
train-s1408	8	9	VERB	ADP	en	en	false	within
train-s1408	9	10	ADP	SCONJ	en	en	false	boundary
train-s1408	10	12	SCONJ	NOUN	en	hi	true	within
train-s1408	12	13	NOUN	ADV	hi	hi	false	within
train-s1408	13	14	ADV	PART	hi	hi	false	within
train-s1408	14	15	PART	VERB	hi	hi	false	within
train-s1408	15	16	VERB	AUX	hi	hi	false	within
train-s1408	16	17	AUX	PART	hi	hi	false	within
train-s1408	17	19	PART	SYM	hi	hi	false	boundary
train-s1409	1	2	PRON	AUX	en	en	false	within
train-s1409	2	3	AUX	VERB	en	en	false	within
train-s1409	3	4	VERB	PART	en	en	false	boundary
train-s1409	4	5	PART	VERB	en	en	false	within
train-s1409	5	6	VERB	CCONJ	en	en	false	boundary
train-s1409	6	7	CCONJ	NOUN	en	hi	true	within
train-s1409	7	8	NOUN	ADP	hi	hi	false	within
train-s1409	8	9	ADP	NOUN	hi	hi	false	boundary
train-s1410	2	3	SCONJ	PRON	hi	hi	false	within
train-s1410	3	4	PRON	VERB	hi	hi	false	boundary
train-s1410	4	5	VERB	AUX	hi	hi	false	within
train-s1410	5	8	AUX	AUX	hi	en	true	boundary
train-s1410	8	9	AUX	PRON	en	en	false	within
train-s1410	9	10	PRON	PRON	en	en	false	boundary
train-s1410	10	11	PRON	ADV	en	en	false	within
train-s1410	11	12	ADV	VERB	en	en	false	within
train-s1410	12	13	VERB	ADP	en	en	false	boundary
train-s1410	13	14	ADP	DET	en	en	false	within
train-s1410	14	15	DET	NOUN	en	en	false	within
train-s1411	1	2	DET	NOUN	en	en	false	within
train-s1411	2	3	NOUN	ADV	en	en	false	within
train-s1411	3	4	ADV	VERB	en	en	false	within
train-s1411	4	6	VERB	PRON	en	hi	true	boundary
train-s1411	6	8	PRON	NOUN	hi	hi	false	within
train-s1411	8	9	NOUN	ADP	hi	hi	false	within
train-s1411	9	10	ADP	ADP	hi	hi	false	within
train-s1411	10	11	ADP	AUX	hi	hi	false	within
train-s1412	1	2	ADV	PRON	en	en	false	within
train-s1412	2	3	PRON	AUX	en	en	false	within
train-s1412	3	4	AUX	ADJ	en	en	false	within
train-s1412	4	5	ADJ	ADV	en	en	false	within
train-s1412	5	6	ADV	DET	en	en	false	boundary
train-s1412	6	7	DET	ADJ	en	hi	true	within
train-s1412	7	8	ADJ	NOUN	hi	hi	false	within
train-s1412	8	9	NOUN	VERB	hi	en	true	within
train-s1412	9	10	VERB	ADJ	en	en	false	within
train-s1413	1	2	PRON	NOUN	hi	hi	false	within
train-s1413	2	3	NOUN	ADP	hi	hi	false	within
train-s1413	3	4	ADP	NOUN	hi	hi	false	boundary
train-s1413	4	5	NOUN	ADJ	hi	en	true	boundary
train-s1413	5	6	ADJ	NOUN	en	en	false	within
train-s1413	6	7	NOUN	VERB	en	hi	true	within
train-s1413	7	8	VERB	AUX	hi	hi	false	within
train-s1414	1	2	DET	NOUN	en	hi	true	within
train-s1414	2	3	NOUN	ADP	hi	hi	false	within
train-s1414	3	4	ADP	NOUN	hi	hi	false	boundary
train-s1414	4	5	NOUN	ADV	hi	en	true	within
train-s1414	5	6	ADV	VERB	en	en	false	within
train-s1414	6	7	VERB	PRON	en	en	false	within
train-s1415	4	5	AUX	AUX	en	hi	true	within
train-s1415	5	6	AUX	VERB	hi	en	true	within
train-s1415	6	7	VERB	PRON	en	hi	true	boundary
train-s1415	7	8	PRON	PART	hi	hi	false	within
train-s1415	8	9	PART	VERB	hi	hi	false	boundary
train-s1415	9	11	VERB	ADP	hi	hi	false	boundary
train-s1416	2	3	ADP	NOUN	en	en	false	within
train-s1416	3	5	NOUN	DET	en	en	false	within
train-s1416	5	6	DET	ADJ	en	en	false	within
train-s1416	6	7	ADJ	NOUN	en	en	false	within
train-s1416	7	8	NOUN	ADP	en	en	false	boundary
train-s1416	8	9	ADP	DET	en	en	false	within
train-s1416	9	10	DET	NOUN	en	en	false	within
train-s1416	10	13	NOUN	DET	en	hi	true	boundary
train-s1416	13	14	DET	NOUN	hi	hi	false	boundary
train-s1416	14	15	NOUN	ADP	hi	hi	false	within
train-s1416	15	16	ADP	NOUN	hi	hi	false	boundary
train-s1416	16	17	NOUN	ADV	hi	hi	false	within
train-s1416	17	18	ADV	ADP	hi	hi	false	within
train-s1416	18	19	ADP	VERB	hi	hi	false	boundary
train-s1416	19	20	VERB	AUX	hi	hi	false	within
train-s1416	20	21	AUX	AUX	hi	hi	false	within
train-s1417	1	2	NOUN	ADP	hi	hi	false	within
train-s1417	2	3	ADP	NOUN	hi	en	true	boundary
train-s1417	3	4	NOUN	ADP	en	hi	true	within
train-s1417	4	5	ADP	ADV	hi	en	true	boundary
train-s1417	5	6	ADV	VERB	en	hi	true	within
train-s1417	6	7	VERB	AUX	hi	hi	false	within
train-s1418	1	2	NOUN	ADJ	en	hi	true	within
train-s1418	2	3	ADJ	VERB	hi	hi	false	within
train-s1418	3	4	VERB	PART	hi	hi	false	within
train-s1418	4	5	PART	NOUN	hi	en	true	boundary
train-s1418	5	6	NOUN	ADP	en	hi	true	within
train-s1418	6	7	ADP	NOUN	hi	en	true	boundary
train-s1418	7	8	NOUN	NOUN	en	hi	true	within
train-s1418	8	9	NOUN	VERB	hi	hi	false	within
train-s1418	9	10	VERB	AUX	hi	hi	false	within
train-s1418	10	11	AUX	AUX	hi	hi	false	within
train-s1419	1	3	DET	NOUN	hi	hi	false	boundary
train-s1419	3	4	NOUN	NOUN	hi	hi	false	within
train-s1419	4	5	NOUN	NOUN	hi	en	true	boundary
train-s1419	5	6	NOUN	ADP	en	hi	true	within
train-s1419	6	7	ADP	VERB	hi	hi	false	boundary
train-s1419	7	8	VERB	SCONJ	hi	hi	false	within
train-s1419	8	9	SCONJ	SCONJ	hi	hi	false	within
train-s1419	9	10	SCONJ	NUM	hi	hi	false	boundary
train-s1419	10	11	NUM	ADJ	hi	en	true	within
train-s1419	11	12	ADJ	NOUN	en	en	false	within
train-s1419	12	13	NOUN	VERB	en	en	false	within
train-s1419	13	14	VERB	AUX	en	hi	true	within
train-s1419	14	15	AUX	AUX	hi	hi	false	within
train-s1419	15	16	AUX	AUX	hi	hi	false	within
train-s1420	1	2	NOUN	PRON	en	en	false	boundary
train-s1420	2	3	PRON	NOUN	en	hi	true	within
train-s1420	3	4	NOUN	NOUN	hi	hi	false	within
train-s1420	4	5	NOUN	VERB	hi	en	true	within
train-s1420	5	6	VERB	NOUN	en	en	false	within
train-s1420	6	8	NOUN	NOUN	en	en	false	boundary
train-s1420	8	9	NOUN	VERB	en	hi	true	within
train-s1420	9	10	VERB	AUX	hi	hi	false	within
train-s1420	10	11	AUX	NOUN	hi	hi	false	boundary
train-s1420	11	12	NOUN	NOUN	hi	hi	false	boundary
train-s1420	12	13	NOUN	PART	hi	hi	false	within
train-s1420	13	14	PART	ADJ	hi	hi	false	within
train-s1420	14	15	ADJ	VERB	hi	hi	false	within
train-s1421	1	2	ADV	DET	en	hi	true	boundary
train-s1421	2	3	DET	NOUN	hi	en	true	within
train-s1421	3	4	NOUN	ADP	en	hi	true	within
train-s1421	4	5	ADP	PRON	hi	hi	false	boundary
train-s1421	5	6	PRON	NOUN	hi	en	true	within
train-s1421	6	7	NOUN	VERB	en	hi	true	within
train-s1421	7	8	VERB	ADP	hi	en	true	boundary
train-s1421	8	10	ADP	NOUN	en	en	false	within
train-s1421	10	11	NOUN	PRON	en	en	false	boundary
train-s1421	11	12	PRON	AUX	en	en	false	within
train-s1421	12	13	AUX	ADV	en	en	false	within
train-s1421	13	14	ADV	ADJ	en	en	false	within
train-s1422	1	2	ADV	ADP	en	en	false	within
train-s1422	2	3	ADP	DET	en	en	false	within
train-s1422	3	4	DET	NOUN	en	en	false	within
train-s1422	4	5	NOUN	ADP	en	en	false	boundary
train-s1422	5	6	ADP	PRON	en	en	false	within
train-s1422	6	7	PRON	NOUN	en	en	false	within
train-s1422	7	8	NOUN	NOUN	en	en	false	boundary
train-s1422	8	9	NOUN	CCONJ	en	hi	true	boundary
train-s1422	9	10	CCONJ	PRON	hi	hi	false	within
train-s1422	10	11	PRON	NOUN	hi	hi	false	within
train-s1422	11	12	NOUN	ADP	hi	hi	false	within
train-s1422	12	13	ADP	NOUN	hi	hi	false	boundary
train-s1422	13	14	NOUN	ADJ	hi	en	true	within
train-s1422	14	15	ADJ	AUX	en	hi	true	within
train-s1423	1	2	NOUN	NOUN	en	en	false	within
train-s1423	2	3	NOUN	ADP	en	hi	true	within
train-s1423	3	4	ADP	NOUN	hi	en	true	boundary
train-s1423	4	5	NOUN	ADP	en	hi	true	within
train-s1423	5	6	ADP	NOUN	hi	hi	false	boundary
train-s1423	6	7	NOUN	VERB	hi	hi	false	within
train-s1423	7	8	VERB	AUX	hi	hi	false	within
train-s1423	8	9	AUX	AUX	hi	hi	false	within
train-s1424	2	3	NOUN	NOUN	hi	en	true	within
train-s1424	3	4	NOUN	NOUN	en	en	false	within
train-s1424	4	5	NOUN	VERB	en	hi	true	within
train-s1424	5	6	VERB	AUX	hi	hi	false	within
train-s1424	6	7	AUX	AUX	hi	hi	false	within
train-s1424	7	8	AUX	AUX	hi	hi	false	within
train-s1424	8	9	AUX	PRON	hi	hi	false	boundary
train-s1424	9	10	PRON	ADV	hi	hi	false	within
train-s1424	10	11	ADV	PART	hi	hi	false	within
train-s1424	11	12	PART	NOUN	hi	en	true	boundary
train-s1424	12	13	NOUN	ADP	en	hi	true	within
train-s1424	13	14	ADP	NOUN	hi	en	true	boundary
train-s1424	14	15	NOUN	PART	en	hi	true	within
train-s1424	15	16	PART	NOUN	hi	en	true	boundary
train-s1424	16	17	NOUN	PART	en	hi	true	within
train-s1424	17	18	PART	VERB	hi	hi	false	within
train-s1424	18	19	VERB	AUX	hi	hi	false	within
train-s1425	1	2	NOUN	VERB	en	en	false	within
train-s1425	2	3	VERB	ADP	en	en	false	boundary
train-s1425	3	4	ADP	ADJ	en	hi	true	within
train-s1425	4	5	ADJ	NOUN	hi	hi	false	within
train-s1425	5	7	NOUN	ADJ	hi	hi	false	boundary
train-s1425	7	8	ADJ	NOUN	hi	hi	false	within
train-s1425	8	10	NOUN	ADJ	hi	hi	false	boundary
train-s1425	10	11	ADJ	NOUN	hi	hi	false	within
train-s1425	11	13	NOUN	ADJ	hi	en	true	boundary
train-s1425	13	14	ADJ	NOUN	en	hi	true	within
train-s1425	14	15	NOUN	CCONJ	hi	en	true	boundary
train-s1425	15	16	CCONJ	ADJ	en	en	false	within
train-s1425	16	17	ADJ	NOUN	en	hi	true	within
train-s1425	17	18	NOUN	ADP	hi	en	true	boundary
train-s1425	18	19	ADP	DET	en	en	false	within
train-s1425	19	20	DET	NOUN	en	en	false	within
train-s1425	20	21	NOUN	ADP	en	en	false	boundary
train-s1425	21	22	ADP	NOUN	en	en	false	within
train-s1426	2	3	DET	NOUN	en	en	false	within
train-s1426	3	4	NOUN	ADV	en	en	false	within
train-s1426	4	5	ADV	PRON	en	en	false	boundary
train-s1426	5	6	PRON	NOUN	en	en	false	within
train-s1426	6	7	NOUN	VERB	en	en	false	within
train-s1426	7	9	VERB	NOUN	en	hi	true	boundary
train-s1426	9	11	NOUN	NOUN	hi	en	true	boundary
train-s1426	11	12	NOUN	ADP	en	hi	true	within
train-s1426	12	13	ADP	NOUN	hi	hi	false	boundary
train-s1426	13	14	NOUN	VERB	hi	hi	false	within
train-s1426	14	17	VERB	CCONJ	hi	en	true	boundary
train-s1426	17	18	CCONJ	PRON	en	en	false	within
train-s1426	18	19	PRON	VERB	en	en	false	within
train-s1426	19	20	VERB	ADJ	en	en	false	within
train-s1427	1	2	NOUN	VERB	hi	hi	false	within
train-s1427	2	3	VERB	SCONJ	hi	hi	false	within
train-s1427	3	4	SCONJ	NOUN	hi	hi	false	boundary
train-s1427	4	5	NOUN	PART	hi	hi	false	within
train-s1427	5	6	PART	CCONJ	hi	hi	false	boundary
train-s1427	6	7	CCONJ	NOUN	hi	hi	false	within
train-s1427	7	8	NOUN	ADP	hi	hi	false	within
train-s1427	8	9	ADP	NUM	hi	en	true	boundary
train-s1427	9	10	NUM	ADP	en	en	false	boundary
train-s1427	10	11	ADP	NOUN	en	en	false	within
train-s1427	11	12	NOUN	ADP	en	hi	true	within
train-s1427	12	13	ADP	NOUN	hi	en	true	boundary
train-s1427	13	14	NOUN	NOUN	en	hi	true	within
train-s1427	14	15	NOUN	VERB	hi	hi	false	within
train-s1427	15	16	VERB	AUX	hi	hi	false	within
train-s1427	16	17	AUX	AUX	hi	hi	false	within
train-s1428	1	2	PRON	AUX	en	en	false	within
train-s1428	2	3	AUX	ADJ	en	en	false	within
train-s1428	3	4	ADJ	PRON	en	en	false	boundary
train-s1428	4	5	PRON	AUX	en	en	false	within
train-s1428	5	6	AUX	ADJ	en	en	false	within
train-s1428	6	7	ADJ	VERB	en	hi	true	boundary
train-s1428	7	8	VERB	VERB	hi	hi	false	within
train-s1428	8	9	VERB	AUX	hi	hi	false	within
train-s1428	9	10	AUX	NOUN	hi	hi	false	boundary
train-s1428	10	11	NOUN	ADP	hi	hi	false	within
train-s1428	11	12	ADP	ADV	hi	hi	false	boundary
train-s1428	12	13	ADV	NOUN	hi	hi	false	within
train-s1428	13	14	NOUN	VERB	hi	hi	false	within
train-s1428	14	15	VERB	AUX	hi	hi	false	within
train-s1428	15	16	AUX	AUX	hi	hi	false	within
train-s1429	1	2	NUM	NOUN	hi	hi	false	within
train-s1429	2	3	NOUN	PART	hi	hi	false	within
train-s1429	3	4	PART	VERB	hi	hi	false	within
train-s1429	4	5	VERB	SCONJ	hi	hi	false	within
train-s1429	5	6	SCONJ	SCONJ	hi	hi	false	within
train-s1429	6	7	SCONJ	SCONJ	hi	hi	false	within
train-s1429	7	8	SCONJ	PRON	hi	en	true	boundary
train-s1429	8	9	PRON	AUX	en	en	false	within
train-s1429	9	10	AUX	VERB	en	en	false	within
train-s1429	10	11	VERB	VERB	en	en	false	within
train-s1429	11	12	VERB	ADP	en	en	false	boundary
train-s1429	12	13	ADP	PRON	en	en	false	within
train-s1429	13	14	PRON	NOUN	en	hi	true	within
train-s1429	14	15	NOUN	CCONJ	hi	en	true	boundary
train-s1429	15	16	CCONJ	PRON	en	en	false	within
train-s1429	16	17	PRON	AUX	en	en	false	within
train-s1429	17	18	AUX	ADJ	en	en	false	within
train-s1430	2	3	PRON	AUX	en	en	false	within
train-s1430	3	4	AUX	ADV	en	en	false	within
train-s1430	4	5	ADV	NOUN	en	en	false	within
train-s1430	5	6	NOUN	ADP	en	en	false	within
train-s1430	6	7	ADP	NOUN	en	en	false	boundary
train-s1430	7	8	NOUN	VERB	en	en	false	within
train-s1430	8	9	VERB	ADP	en	en	false	boundary
train-s1430	9	10	ADP	ADV	en	en	false	within
train-s1430	10	11	ADV	PRON	en	en	false	within
train-s1430	11	12	PRON	VERB	en	en	false	within
train-s1430	12	14	VERB	PRON	en	hi	true	boundary
train-s1430	14	15	PRON	PART	hi	hi	false	within
train-s1430	15	16	PART	VERB	hi	hi	false	within
train-s1430	16	17	VERB	VERB	hi	hi	false	within
train-s1430	17	18	VERB	SCONJ	hi	hi	false	within
train-s1431	1	2	VERB	AUX	hi	hi	false	within
train-s1431	2	3	AUX	SCONJ	hi	hi	false	boundary
train-s1431	3	4	SCONJ	DET	hi	en	true	boundary
train-s1431	4	5	DET	NOUN	en	en	false	within
train-s1431	5	6	NOUN	NOUN	en	en	false	within
train-s1431	6	7	NOUN	ADP	en	en	false	boundary
train-s1431	7	9	ADP	CCONJ	en	en	false	within
train-s1431	9	10	CCONJ	PRON	en	en	false	within
train-s1431	10	11	PRON	AUX	en	en	false	boundary
train-s1431	11	12	AUX	PART	en	en	false	within
train-s1431	12	13	PART	DET	en	en	false	within
train-s1431	13	14	DET	ADJ	en	en	false	within
train-s1432	6	9	CCONJ	DET	en	hi	true	boundary
train-s1432	9	11	DET	ADP	hi	hi	false	within
train-s1432	11	12	ADP	VERB	hi	hi	false	boundary
train-s1432	12	13	VERB	AUX	hi	hi	false	within
train-s1432	13	14	AUX	PRON	hi	en	true	boundary
train-s1432	14	15	PRON	AUX	en	en	false	within
train-s1432	15	16	AUX	VERB	en	en	false	within
train-s1432	16	17	VERB	SCONJ	en	hi	true	boundary
train-s1432	17	20	SCONJ	ADP	hi	hi	false	boundary
train-s1432	20	22	ADP	ADP	hi	hi	false	boundary
train-s1432	22	23	ADP	NOUN	hi	hi	false	boundary
train-s1432	23	24	NOUN	VERB	hi	hi	false	within
train-s1433	1	2	PRON	VERB	en	en	false	within
train-s1433	2	3	VERB	DET	en	en	false	boundary
train-s1433	3	4	DET	NOUN	en	hi	true	within
train-s1433	4	5	NOUN	PRON	hi	hi	false	boundary
train-s1433	5	6	PRON	ADJ	hi	hi	false	within
train-s1433	6	7	ADJ	PART	hi	hi	false	within
train-s1433	7	8	PART	VERB	hi	hi	false	within
train-s1433	8	9	VERB	CCONJ	hi	hi	false	boundary
train-s1433	9	10	CCONJ	VERB	hi	hi	false	within
train-s1433	10	11	VERB	AUX	hi	hi	false	within
train-s1434	1	2	NOUN	NOUN	hi	en	true	within
train-s1434	2	3	NOUN	AUX	en	hi	true	within
train-s1434	3	4	AUX	CCONJ	hi	en	true	boundary
train-s1434	4	5	CCONJ	PRON	en	en	false	within
train-s1434	5	6	PRON	AUX	en	en	false	within
train-s1434	6	7	AUX	PART	en	en	false	boundary
train-s1434	7	8	PART	ADV	en	en	false	within
train-s1434	8	9	ADV	VERB	en	en	false	within
train-s1435	1	2	AUX	PART	en	en	false	within
train-s1435	2	3	PART	VERB	en	en	false	within
train-s1435	3	4	VERB	PRON	en	en	false	within
train-s1435	4	5	PRON	SCONJ	en	hi	true	boundary
train-s1435	5	6	SCONJ	NOUN	hi	hi	false	within
train-s1435	6	7	NOUN	PROPN	hi	hi	false	within
train-s1435	7	8	PROPN	ADJ	hi	hi	false	within
train-s1435	8	9	ADJ	VERB	hi	hi	false	within
train-s1435	9	10	VERB	AUX	hi	hi	false	within
train-s1435	10	13	AUX	NOUN	hi	en	true	boundary
train-s1436	3	4	ADP	NOUN	hi	en	true	boundary
train-s1436	4	5	NOUN	ADV	en	hi	true	within
train-s1436	5	6	ADV	ADJ	hi	en	true	within
train-s1436	6	7	ADJ	PRON	en	hi	true	within
train-s1436	7	8	PRON	AUX	hi	hi	false	within
train-s1436	8	9	AUX	NOUN	hi	hi	false	within
train-s1437	1	2	PRON	VERB	en	en	false	within
train-s1437	2	3	VERB	ADJ	en	en	false	within
train-s1437	3	4	ADJ	ADP	en	en	false	boundary
train-s1437	4	5	ADP	PRON	en	en	false	within
train-s1437	5	7	PRON	NOUN	en	en	false	within
train-s1437	7	8	NOUN	CCONJ	en	en	false	boundary
train-s1437	8	9	CCONJ	PRON	en	hi	true	boundary
train-s1437	9	10	PRON	ADP	hi	hi	false	within
train-s1437	10	11	ADP	PART	hi	hi	false	within
train-s1437	11	12	PART	ADJ	hi	hi	false	boundary
train-s1437	12	13	ADJ	VERB	hi	hi	false	within
train-s1437	13	14	VERB	AUX	hi	hi	false	within
train-s1438	1	2	PRON	AUX	en	en	false	within
train-s1438	2	3	AUX	VERB	en	en	false	within
train-s1438	3	4	VERB	PART	en	en	false	boundary
train-s1438	4	5	PART	VERB	en	en	false	within
train-s1438	5	6	VERB	ADJ	en	en	false	within
train-s1438	6	7	ADJ	CCONJ	en	en	false	boundary
train-s1438	7	9	CCONJ	DET	en	hi	true	boundary
train-s1438	9	10	DET	NOUN	hi	hi	false	within
train-s1438	10	11	NOUN	ADP	hi	hi	false	within
train-s1438	11	12	ADP	ADJ	hi	hi	false	boundary
train-s1438	12	13	ADJ	PART	hi	hi	false	within
train-s1438	13	14	PART	VERB	hi	hi	false	within
train-s1438	14	15	VERB	AUX	hi	hi	false	within
train-s1439	2	3	NOUN	PRON	en	en	false	within
train-s1439	3	4	PRON	VERB	en	en	false	within
train-s1439	4	5	VERB	PRON	en	en	false	within
train-s1439	5	6	PRON	ADP	en	en	false	boundary
train-s1439	6	7	ADP	NOUN	en	en	false	within
train-s1439	7	9	NOUN	NOUN	en	hi	true	boundary
train-s1439	9	10	NOUN	NOUN	hi	en	true	within
train-s1439	10	11	NOUN	PRON	en	hi	true	within
train-s1439	11	12	PRON	AUX	hi	hi	false	within
train-s1439	12	15	AUX	PRON	hi	en	true	boundary
train-s1439	15	16	PRON	VERB	en	en	false	within
train-s1439	16	18	VERB	ADV	en	hi	true	boundary
train-s1439	18	19	ADV	PART	hi	hi	false	within
train-s1439	19	20	PART	ADJ	hi	hi	false	boundary
train-s1439	20	21	ADJ	AUX	hi	hi	false	within
train-s1440	1	2	ADV	PRON	en	en	false	within
train-s1440	2	3	PRON	VERB	en	en	false	within
train-s1440	3	5	VERB	PRON	en	hi	true	boundary
train-s1440	5	6	PRON	NOUN	hi	hi	false	within
train-s1440	6	7	NOUN	NOUN	hi	hi	false	within
train-s1440	7	8	NOUN	VERB	hi	hi	false	within
train-s1440	8	9	VERB	AUX	hi	hi	false	within
train-s1440	9	11	AUX	AUX	hi	en	true	boundary
train-s1440	11	12	AUX	PRON	en	en	false	within
train-s1440	12	13	PRON	VERB	en	en	false	within
train-s1440	13	15	VERB	ADV	en	hi	true	boundary
train-s1440	15	16	ADV	ADJ	hi	hi	false	within
train-s1440	16	17	ADJ	NOUN	hi	hi	false	within
train-s1440	17	18	NOUN	AUX	hi	hi	false	within
train-s1441	1	2	PRON	PRON	en	en	false	within
train-s1441	2	3	PRON	VERB	en	en	false	within
train-s1441	3	4	VERB	PRON	en	hi	true	boundary
train-s1441	4	5	PRON	NOUN	hi	en	true	boundary
train-s1441	5	6	NOUN	NOUN	en	en	false	within
train-s1441	6	7	NOUN	VERB	en	hi	true	within
train-s1441	7	8	VERB	AUX	hi	hi	false	within
train-s1442	1	2	NOUN	SCONJ	hi	en	true	boundary
train-s1442	2	3	SCONJ	PRON	en	en	false	boundary
train-s1442	3	4	PRON	AUX	en	en	false	boundary
train-s1442	4	5	AUX	VERB	en	en	false	within
train-s1442	5	6	VERB	PART	en	en	false	boundary
train-s1442	6	7	PART	AUX	en	en	false	within
train-s1442	7	8	AUX	VERB	en	en	false	within
train-s1442	8	10	VERB	NOUN	en	en	false	within
train-s1442	10	11	NOUN	SCONJ	en	en	false	boundary
train-s1442	11	13	SCONJ	ADJ	en	en	false	boundary
train-s1442	13	14	ADJ	VERB	en	hi	true	within
train-s1442	14	15	VERB	SCONJ	hi	hi	false	within
train-s1442	15	16	SCONJ	DET	hi	hi	false	boundary
train-s1442	16	17	DET	NOUN	hi	en	true	within
train-s1442	17	18	NOUN	AUX	en	hi	true	within
train-s1443	1	2	PRON	AUX	en	en	false	within
train-s1443	2	3	AUX	AUX	en	en	false	within
train-s1443	3	4	AUX	DET	en	en	false	within
train-s1443	4	5	DET	NOUN	en	en	false	within
train-s1443	5	6	NOUN	SCONJ	en	en	false	boundary
train-s1443	6	7	SCONJ	PRON	en	hi	true	boundary
train-s1443	7	8	PRON	PRON	hi	hi	false	within
train-s1443	8	9	PRON	NOUN	hi	en	true	within
train-s1443	9	10	NOUN	VERB	en	hi	true	within
train-s1443	10	11	VERB	PRON	hi	hi	false	within
train-s1443	11	12	PRON	NOUN	hi	en	true	within
train-s1443	12	13	NOUN	ADP	en	hi	true	within
train-s1443	13	14	ADP	PART	hi	hi	false	within
train-s1443	14	15	PART	NOUN	hi	en	true	boundary
train-s1443	15	16	NOUN	NOUN	en	en	false	within
train-s1443	16	17	NOUN	VERB	en	hi	true	within
train-s1443	17	18	VERB	AUX	hi	hi	false	within
train-s1444	1	2	NOUN	AUX	en	en	false	within
train-s1444	2	3	AUX	NOUN	en	en	false	boundary
train-s1444	3	4	NOUN	ADP	en	hi	true	within
train-s1444	4	5	ADP	VERB	hi	hi	false	boundary
train-s1444	5	6	VERB	CCONJ	hi	en	true	boundary
train-s1444	6	7	CCONJ	VERB	en	en	false	within
train-s1444	7	8	VERB	DET	en	en	false	boundary
train-s1444	8	9	DET	ADJ	en	en	false	within
train-s1444	9	11	ADJ	NOUN	en	en	false	boundary
train-s1445	1	2	DET	AUX	en	en	false	within
train-s1445	2	3	AUX	PRON	en	en	false	within
train-s1445	3	4	PRON	NOUN	en	hi	true	boundary
train-s1445	4	5	NOUN	ADP	hi	hi	false	within
train-s1445	5	6	ADP	NOUN	hi	hi	false	boundary
train-s1446	1	2	DET	NOUN	en	en	false	within
train-s1446	2	3	NOUN	NOUN	en	en	false	within
train-s1446	3	5	NOUN	NOUN	en	hi	true	boundary
train-s1446	5	6	NOUN	VERB	hi	hi	false	within
train-s1446	6	7	VERB	AUX	hi	hi	false	within
train-s1446	7	8	AUX	AUX	hi	hi	false	within
train-s1446	8	10	AUX	AUX	hi	en	true	boundary
train-s1446	10	11	AUX	VERB	en	en	false	within
train-s1446	11	12	VERB	ADP	en	en	false	boundary
train-s1446	12	13	ADP	DET	en	en	false	within
train-s1446	13	14	DET	ADJ	en	en	false	within
train-s1446	14	15	ADJ	NOUN	en	en	false	within
train-s1446	15	16	NOUN	ADP	en	en	false	boundary
train-s1446	16	17	ADP	NOUN	en	en	false	within
train-s1446	17	18	NOUN	NOUN	en	en	false	boundary
train-s1447	2	3	AUX	SCONJ	en	en	false	within
train-s1447	3	4	SCONJ	INTJ	en	hi	true	within
train-s1447	4	5	INTJ	NOUN	hi	hi	false	within
train-s1447	5	6	NOUN	ADV	hi	hi	false	within
train-s1447	6	7	ADV	NOUN	hi	en	true	boundary
train-s1447	7	8	NOUN	PART	en	hi	true	within
train-s1447	8	9	PART	PRON	hi	hi	false	boundary
train-s1447	9	10	PRON	PART	hi	hi	false	within
train-s1447	10	11	PART	VERB	hi	hi	false	boundary
train-s1447	11	12	VERB	VERB	hi	hi	false	within
train-s1448	2	3	ADP	NOUN	hi	hi	false	boundary
train-s1448	3	4	NOUN	AUX	hi	en	true	within
train-s1448	4	5	AUX	ADV	en	en	false	within
train-s1448	5	6	ADV	ADJ	en	en	false	within
train-s1448	6	7	ADJ	CCONJ	en	en	false	boundary
train-s1448	7	8	CCONJ	ADV	en	en	false	within
train-s1448	8	9	ADV	ADV	en	en	false	within
train-s1448	9	10	ADV	ADJ	en	en	false	within
